cls,delta,node,phase_deg,n_lunations_with_opp,n_lunations,first_after_ref_days,opportunity_hours
A_turkiye_evening_public,0.6,0.0,0.0,9,24,93.66666666666667,55
A_turkiye_evening_public,0.6,0.0,45.0,9,24,93.66666666666667,59
A_turkiye_evening_public,0.6,0.0,90.0,8,24,93.66666666666667,56
A_turkiye_evening_public,0.6,0.0,135.0,8,24,93.625,56
A_turkiye_evening_public,0.6,0.0,180.0,10,24,93.625,60
A_turkiye_evening_public,0.6,0.0,225.0,10,24,93.70833333333333,58
A_turkiye_evening_public,0.6,0.0,270.0,10,24,93.70833333333333,55
A_turkiye_evening_public,0.6,0.0,315.0,10,24,93.66666666666667,50
A_turkiye_evening_public,0.6,5.0,0.0,8,24,121.625,50
A_turkiye_evening_public,0.6,5.0,45.0,8,24,121.66666666666667,53
A_turkiye_evening_public,0.6,5.0,90.0,7,24,121.625,50
A_turkiye_evening_public,0.6,5.0,135.0,7,24,122.66666666666667,48
A_turkiye_evening_public,0.6,5.0,180.0,9,24,122.66666666666667,56
A_turkiye_evening_public,0.6,5.0,225.0,9,24,122.66666666666667,55
A_turkiye_evening_public,0.6,5.0,270.0,9,24,122.66666666666667,52
A_turkiye_evening_public,0.6,5.0,315.0,9,24,121.66666666666667,43
A_turkiye_evening_public,0.6,10.0,0.0,7,24,121.625,53
A_turkiye_evening_public,0.6,10.0,45.0,7,24,121.625,53
A_turkiye_evening_public,0.6,10.0,90.0,6,24,121.625,51
A_turkiye_evening_public,0.6,10.0,135.0,7,24,122.66666666666667,49
A_turkiye_evening_public,0.6,10.0,180.0,8,24,122.66666666666667,55
A_turkiye_evening_public,0.6,10.0,225.0,8,24,122.66666666666667,54
A_turkiye_evening_public,0.6,10.0,270.0,8,24,122.66666666666667,52
A_turkiye_evening_public,0.6,10.0,315.0,8,24,122.625,47
A_turkiye_evening_public,0.6,15.0,0.0,7,24,121.625,55
A_turkiye_evening_public,0.6,15.0,45.0,7,24,121.625,54
A_turkiye_evening_public,0.6,15.0,90.0,6,24,121.625,53
A_turkiye_evening_public,0.6,15.0,135.0,7,24,122.66666666666667,53
A_turkiye_evening_public,0.6,15.0,180.0,8,24,122.66666666666667,57
A_turkiye_evening_public,0.6,15.0,225.0,8,24,122.66666666666667,55
A_turkiye_evening_public,0.6,15.0,270.0,8,24,122.66666666666667,53
A_turkiye_evening_public,0.6,15.0,315.0,8,24,121.66666666666667,50
A_turkiye_evening_public,0.6,20.0,0.0,8,24,121.625,53
A_turkiye_evening_public,0.6,20.0,45.0,8,24,121.625,51
A_turkiye_evening_public,0.6,20.0,90.0,7,24,121.625,49
A_turkiye_evening_public,0.6,20.0,135.0,8,24,122.66666666666667,49
A_turkiye_evening_public,0.6,20.0,180.0,9,24,122.66666666666667,55
A_turkiye_evening_public,0.6,20.0,225.0,8,24,122.66666666666667,52
A_turkiye_evening_public,0.6,20.0,270.0,8,24,122.66666666666667,51
A_turkiye_evening_public,0.6,20.0,315.0,8,24,121.66666666666667,48
A_turkiye_evening_public,0.6,25.0,0.0,6,24,121.625,48
A_turkiye_evening_public,0.6,25.0,45.0,6,24,121.625,49
A_turkiye_evening_public,0.6,25.0,90.0,6,24,121.625,50
A_turkiye_evening_public,0.6,25.0,135.0,7,24,122.66666666666667,48
A_turkiye_evening_public,0.6,25.0,180.0,8,24,122.66666666666667,49
A_turkiye_evening_public,0.6,25.0,225.0,7,24,122.66666666666667,49
A_turkiye_evening_public,0.6,25.0,270.0,7,24,122.66666666666667,50
A_turkiye_evening_public,0.6,25.0,315.0,7,24,121.66666666666667,46
A_turkiye_evening_public,0.6,30.0,0.0,6,24,123.70833333333333,44
A_turkiye_evening_public,0.6,30.0,45.0,6,24,122.70833333333333,49
A_turkiye_evening_public,0.6,30.0,90.0,6,24,122.70833333333333,50
A_turkiye_evening_public,0.6,30.0,135.0,6,24,122.66666666666667,44
A_turkiye_evening_public,0.6,30.0,180.0,7,24,123.66666666666667,45
A_turkiye_evening_public,0.6,30.0,225.0,8,24,6.708333333333333,46
A_turkiye_evening_public,0.6,30.0,270.0,8,24,6.708333333333333,48
A_turkiye_evening_public,0.6,30.0,315.0,8,24,6.708333333333333,43
A_turkiye_evening_public,0.6,35.0,0.0,6,24,151.66666666666666,41
A_turkiye_evening_public,0.6,35.0,45.0,5,24,151.66666666666666,40
A_turkiye_evening_public,0.6,35.0,90.0,5,24,151.66666666666666,40
A_turkiye_evening_public,0.6,35.0,135.0,5,24,152.70833333333334,41
A_turkiye_evening_public,0.6,35.0,180.0,6,24,152.70833333333334,42
A_turkiye_evening_public,0.6,35.0,225.0,7,24,6.708333333333333,38
A_turkiye_evening_public,0.6,35.0,270.0,7,24,6.708333333333333,41
A_turkiye_evening_public,0.6,35.0,315.0,8,24,6.708333333333333,41
A_turkiye_evening_public,0.6,40.0,0.0,6,24,151.66666666666666,42
A_turkiye_evening_public,0.6,40.0,45.0,5,24,151.66666666666666,39
A_turkiye_evening_public,0.6,40.0,90.0,5,24,151.66666666666666,42
A_turkiye_evening_public,0.6,40.0,135.0,5,24,152.70833333333334,42
A_turkiye_evening_public,0.6,40.0,180.0,5,24,152.70833333333334,42
A_turkiye_evening_public,0.6,40.0,225.0,7,24,6.708333333333333,40
A_turkiye_evening_public,0.6,40.0,270.0,7,24,6.708333333333333,44
A_turkiye_evening_public,0.6,40.0,315.0,7,24,6.708333333333333,42
A_turkiye_evening_public,0.6,45.0,0.0,6,24,151.66666666666666,44
A_turkiye_evening_public,0.6,45.0,45.0,5,24,151.66666666666666,43
A_turkiye_evening_public,0.6,45.0,90.0,5,24,151.66666666666666,43
A_turkiye_evening_public,0.6,45.0,135.0,5,24,152.70833333333334,42
A_turkiye_evening_public,0.6,45.0,180.0,5,24,152.70833333333334,44
A_turkiye_evening_public,0.6,45.0,225.0,7,24,6.708333333333333,43
A_turkiye_evening_public,0.6,45.0,270.0,7,24,6.708333333333333,46
A_turkiye_evening_public,0.6,45.0,315.0,7,24,6.708333333333333,42
A_turkiye_evening_public,0.6,50.0,0.0,6,24,151.66666666666666,43
A_turkiye_evening_public,0.6,50.0,45.0,5,24,151.66666666666666,36
A_turkiye_evening_public,0.6,50.0,90.0,5,24,151.66666666666666,36
A_turkiye_evening_public,0.6,50.0,135.0,5,24,152.70833333333334,37
A_turkiye_evening_public,0.6,50.0,180.0,5,24,152.70833333333334,38
A_turkiye_evening_public,0.6,50.0,225.0,7,24,6.708333333333333,39
A_turkiye_evening_public,0.6,50.0,270.0,8,24,6.708333333333333,44
A_turkiye_evening_public,0.6,50.0,315.0,7,24,6.708333333333333,42
A_turkiye_evening_public,0.6,55.0,0.0,7,24,151.66666666666666,38
A_turkiye_evening_public,0.6,55.0,45.0,6,24,151.66666666666666,34
A_turkiye_evening_public,0.6,55.0,90.0,7,24,35.708333333333336,36
A_turkiye_evening_public,0.6,55.0,135.0,6,24,35.666666666666664,35
A_turkiye_evening_public,0.6,55.0,180.0,6,24,35.666666666666664,34
A_turkiye_evening_public,0.6,55.0,225.0,7,24,6.708333333333333,34
A_turkiye_evening_public,0.6,55.0,270.0,7,24,6.708333333333333,36
A_turkiye_evening_public,0.6,55.0,315.0,8,24,6.708333333333333,38
A_turkiye_evening_public,0.6,60.0,0.0,7,24,152.75,38
A_turkiye_evening_public,0.6,60.0,45.0,7,24,152.70833333333334,37
A_turkiye_evening_public,0.6,60.0,90.0,8,24,35.708333333333336,39
A_turkiye_evening_public,0.6,60.0,135.0,8,24,35.666666666666664,42
A_turkiye_evening_public,0.6,60.0,180.0,8,24,35.666666666666664,39
A_turkiye_evening_public,0.6,60.0,225.0,9,24,6.708333333333333,36
A_turkiye_evening_public,0.6,60.0,270.0,9,24,6.708333333333333,37
A_turkiye_evening_public,0.6,60.0,315.0,8,24,6.708333333333333,37
A_turkiye_evening_public,0.6,65.0,0.0,6,24,181.66666666666666,30
A_turkiye_evening_public,0.6,65.0,45.0,6,24,181.66666666666666,29
A_turkiye_evening_public,0.6,65.0,90.0,7,24,35.708333333333336,30
A_turkiye_evening_public,0.6,65.0,135.0,7,24,35.666666666666664,32
A_turkiye_evening_public,0.6,65.0,180.0,7,24,35.666666666666664,31
A_turkiye_evening_public,0.6,65.0,225.0,9,24,6.708333333333333,29
A_turkiye_evening_public,0.6,65.0,270.0,8,24,6.708333333333333,30
A_turkiye_evening_public,0.6,65.0,315.0,7,24,6.708333333333333,31
A_turkiye_evening_public,0.6,70.0,0.0,7,24,181.66666666666666,35
A_turkiye_evening_public,0.6,70.0,45.0,6,24,181.66666666666666,33
A_turkiye_evening_public,0.6,70.0,90.0,7,24,35.708333333333336,36
A_turkiye_evening_public,0.6,70.0,135.0,8,24,35.666666666666664,38
A_turkiye_evening_public,0.6,70.0,180.0,9,24,35.666666666666664,39
A_turkiye_evening_public,0.6,70.0,225.0,11,24,6.708333333333333,36
A_turkiye_evening_public,0.6,70.0,270.0,10,24,6.708333333333333,34
A_turkiye_evening_public,0.6,70.0,315.0,8,24,6.708333333333333,35
A_turkiye_evening_public,0.6,75.0,0.0,8,24,64.66666666666667,38
A_turkiye_evening_public,0.6,75.0,45.0,7,24,64.66666666666667,36
A_turkiye_evening_public,0.6,75.0,90.0,8,24,35.708333333333336,38
A_turkiye_evening_public,0.6,75.0,135.0,9,24,35.666666666666664,41
A_turkiye_evening_public,0.6,75.0,180.0,9,24,35.666666666666664,43
A_turkiye_evening_public,0.6,75.0,225.0,11,24,6.708333333333333,39
A_turkiye_evening_public,0.6,75.0,270.0,10,24,6.708333333333333,35
A_turkiye_evening_public,0.6,75.0,315.0,9,24,6.708333333333333,37
A_turkiye_evening_public,0.6,80.0,0.0,9,24,64.66666666666667,37
A_turkiye_evening_public,0.6,80.0,45.0,8,24,64.66666666666667,34
A_turkiye_evening_public,0.6,80.0,90.0,9,24,35.708333333333336,36
A_turkiye_evening_public,0.6,80.0,135.0,9,24,35.666666666666664,41
A_turkiye_evening_public,0.6,80.0,180.0,9,24,35.666666666666664,41
A_turkiye_evening_public,0.6,80.0,225.0,11,24,6.708333333333333,37
A_turkiye_evening_public,0.6,80.0,270.0,11,24,6.708333333333333,38
A_turkiye_evening_public,0.6,80.0,315.0,10,24,6.708333333333333,40
A_turkiye_evening_public,0.6,85.0,0.0,9,24,64.66666666666667,34
A_turkiye_evening_public,0.6,85.0,45.0,8,24,64.66666666666667,34
A_turkiye_evening_public,0.6,85.0,90.0,9,24,35.708333333333336,37
A_turkiye_evening_public,0.6,85.0,135.0,9,24,35.666666666666664,39
A_turkiye_evening_public,0.6,85.0,180.0,8,24,35.666666666666664,38
A_turkiye_evening_public,0.6,85.0,225.0,10,24,6.708333333333333,37
A_turkiye_evening_public,0.6,85.0,270.0,10,24,6.708333333333333,35
A_turkiye_evening_public,0.6,85.0,315.0,9,24,6.708333333333333,36
A_turkiye_evening_public,0.6,90.0,0.0,12,24,64.66666666666667,40
A_turkiye_evening_public,0.6,90.0,45.0,11,24,64.66666666666667,41
A_turkiye_evening_public,0.6,90.0,90.0,10,24,35.708333333333336,39
A_turkiye_evening_public,0.6,90.0,135.0,10,24,35.666666666666664,42
A_turkiye_evening_public,0.6,90.0,180.0,9,24,35.666666666666664,39
A_turkiye_evening_public,0.6,90.0,225.0,10,24,6.708333333333333,38
A_turkiye_evening_public,0.6,90.0,270.0,11,24,6.708333333333333,37
A_turkiye_evening_public,0.6,90.0,315.0,10,24,6.708333333333333,40
A_turkiye_evening_public,0.6,95.0,0.0,11,24,64.66666666666667,41
A_turkiye_evening_public,0.6,95.0,45.0,10,24,64.66666666666667,44
A_turkiye_evening_public,0.6,95.0,90.0,10,24,35.708333333333336,42
A_turkiye_evening_public,0.6,95.0,135.0,9,24,35.666666666666664,41
A_turkiye_evening_public,0.6,95.0,180.0,9,24,35.666666666666664,39
A_turkiye_evening_public,0.6,95.0,225.0,9,24,35.666666666666664,37
A_turkiye_evening_public,0.6,95.0,270.0,10,24,35.666666666666664,37
A_turkiye_evening_public,0.6,95.0,315.0,9,24,64.66666666666667,38
A_turkiye_evening_public,0.6,100.0,0.0,11,24,64.66666666666667,41
A_turkiye_evening_public,0.6,100.0,45.0,10,24,64.66666666666667,44
A_turkiye_evening_public,0.6,100.0,90.0,10,24,35.708333333333336,42
A_turkiye_evening_public,0.6,100.0,135.0,9,24,35.666666666666664,38
A_turkiye_evening_public,0.6,100.0,180.0,9,24,35.666666666666664,39
A_turkiye_evening_public,0.6,100.0,225.0,9,24,35.666666666666664,37
A_turkiye_evening_public,0.6,100.0,270.0,10,24,35.666666666666664,37
A_turkiye_evening_public,0.6,100.0,315.0,9,24,64.66666666666667,38
A_turkiye_evening_public,0.6,105.0,0.0,11,24,64.66666666666667,46
A_turkiye_evening_public,0.6,105.0,45.0,10,24,64.66666666666667,49
A_turkiye_evening_public,0.6,105.0,90.0,11,24,35.708333333333336,46
A_turkiye_evening_public,0.6,105.0,135.0,12,24,35.666666666666664,46
A_turkiye_evening_public,0.6,105.0,180.0,12,24,35.666666666666664,45
A_turkiye_evening_public,0.6,105.0,225.0,13,24,35.666666666666664,47
A_turkiye_evening_public,0.6,105.0,270.0,13,24,35.666666666666664,46
A_turkiye_evening_public,0.6,105.0,315.0,11,24,64.66666666666667,43
A_turkiye_evening_public,0.6,110.0,0.0,11,24,64.66666666666667,48
A_turkiye_evening_public,0.6,110.0,45.0,10,24,64.66666666666667,53
A_turkiye_evening_public,0.6,110.0,90.0,11,24,35.708333333333336,51
A_turkiye_evening_public,0.6,110.0,135.0,12,24,35.666666666666664,51
A_turkiye_evening_public,0.6,110.0,180.0,12,24,35.666666666666664,48
A_turkiye_evening_public,0.6,110.0,225.0,13,24,35.666666666666664,51
A_turkiye_evening_public,0.6,110.0,270.0,13,24,35.666666666666664,52
A_turkiye_evening_public,0.6,110.0,315.0,11,24,64.66666666666667,49
A_turkiye_evening_public,0.6,115.0,0.0,10,24,64.66666666666667,52
A_turkiye_evening_public,0.6,115.0,45.0,10,24,64.66666666666667,55
A_turkiye_evening_public,0.6,115.0,90.0,11,24,35.708333333333336,52
A_turkiye_evening_public,0.6,115.0,135.0,12,24,35.666666666666664,52
A_turkiye_evening_public,0.6,115.0,180.0,12,24,35.666666666666664,53
A_turkiye_evening_public,0.6,115.0,225.0,12,24,35.666666666666664,55
A_turkiye_evening_public,0.6,115.0,270.0,12,24,35.666666666666664,53
A_turkiye_evening_public,0.6,115.0,315.0,10,24,64.66666666666667,49
A_turkiye_evening_public,0.6,120.0,0.0,11,24,64.66666666666667,54
A_turkiye_evening_public,0.6,120.0,45.0,11,24,64.66666666666667,56
A_turkiye_evening_public,0.6,120.0,90.0,12,24,35.708333333333336,55
A_turkiye_evening_public,0.6,120.0,135.0,12,24,35.666666666666664,55
A_turkiye_evening_public,0.6,120.0,180.0,12,24,35.666666666666664,56
A_turkiye_evening_public,0.6,120.0,225.0,12,24,35.666666666666664,56
A_turkiye_evening_public,0.6,120.0,270.0,12,24,35.666666666666664,53
A_turkiye_evening_public,0.6,120.0,315.0,11,24,64.66666666666667,54
A_turkiye_evening_public,0.6,125.0,0.0,11,24,64.66666666666667,53
A_turkiye_evening_public,0.6,125.0,45.0,11,24,64.66666666666667,52
A_turkiye_evening_public,0.6,125.0,90.0,11,24,64.66666666666667,51
A_turkiye_evening_public,0.6,125.0,135.0,11,24,64.625,52
A_turkiye_evening_public,0.6,125.0,180.0,11,24,63.666666666666664,53
A_turkiye_evening_public,0.6,125.0,225.0,12,24,63.625,56
A_turkiye_evening_public,0.6,125.0,270.0,11,24,63.625,52
A_turkiye_evening_public,0.6,125.0,315.0,11,24,64.66666666666667,52
A_turkiye_evening_public,0.6,130.0,0.0,11,24,64.66666666666667,56
A_turkiye_evening_public,0.6,130.0,45.0,11,24,64.66666666666667,56
A_turkiye_evening_public,0.6,130.0,90.0,11,24,64.66666666666667,57
A_turkiye_evening_public,0.6,130.0,135.0,11,24,64.625,55
A_turkiye_evening_public,0.6,130.0,180.0,11,24,63.666666666666664,55
A_turkiye_evening_public,0.6,130.0,225.0,12,24,63.625,57
A_turkiye_evening_public,0.6,130.0,270.0,11,24,63.625,56
A_turkiye_evening_public,0.6,130.0,315.0,11,24,64.66666666666667,56
A_turkiye_evening_public,0.6,135.0,0.0,11,24,64.66666666666667,57
A_turkiye_evening_public,0.6,135.0,45.0,11,24,64.66666666666667,58
A_turkiye_evening_public,0.6,135.0,90.0,11,24,64.66666666666667,58
A_turkiye_evening_public,0.6,135.0,135.0,11,24,64.625,57
A_turkiye_evening_public,0.6,135.0,180.0,11,24,63.666666666666664,58
A_turkiye_evening_public,0.6,135.0,225.0,12,24,63.625,59
A_turkiye_evening_public,0.6,135.0,270.0,11,24,63.625,57
A_turkiye_evening_public,0.6,135.0,315.0,11,24,64.66666666666667,55
A_turkiye_evening_public,0.6,140.0,0.0,13,24,64.66666666666667,63
A_turkiye_evening_public,0.6,140.0,45.0,14,24,64.66666666666667,63
A_turkiye_evening_public,0.6,140.0,90.0,14,24,64.66666666666667,63
A_turkiye_evening_public,0.6,140.0,135.0,14,24,64.625,64
A_turkiye_evening_public,0.6,140.0,180.0,13,24,63.666666666666664,60
A_turkiye_evening_public,0.6,140.0,225.0,13,24,63.625,62
A_turkiye_evening_public,0.6,140.0,270.0,12,24,63.625,60
A_turkiye_evening_public,0.6,140.0,315.0,12,24,64.66666666666667,62
A_turkiye_evening_public,0.6,145.0,0.0,12,24,64.66666666666667,70
A_turkiye_evening_public,0.6,145.0,45.0,13,24,64.66666666666667,68
A_turkiye_evening_public,0.6,145.0,90.0,13,24,64.66666666666667,64
A_turkiye_evening_public,0.6,145.0,135.0,13,24,64.625,63
A_turkiye_evening_public,0.6,145.0,180.0,12,24,63.666666666666664,63
A_turkiye_evening_public,0.6,145.0,225.0,12,24,63.625,62
A_turkiye_evening_public,0.6,145.0,270.0,11,24,63.625,61
A_turkiye_evening_public,0.6,145.0,315.0,11,24,64.66666666666667,67
A_turkiye_evening_public,0.6,150.0,0.0,12,24,64.66666666666667,68
A_turkiye_evening_public,0.6,150.0,45.0,13,24,64.66666666666667,64
A_turkiye_evening_public,0.6,150.0,90.0,13,24,64.66666666666667,61
A_turkiye_evening_public,0.6,150.0,135.0,13,24,64.66666666666667,60
A_turkiye_evening_public,0.6,150.0,180.0,12,24,64.625,61
A_turkiye_evening_public,0.6,150.0,225.0,12,24,63.666666666666664,59
A_turkiye_evening_public,0.6,150.0,270.0,11,24,63.625,59
A_turkiye_evening_public,0.6,150.0,315.0,11,24,64.66666666666667,63
A_turkiye_evening_public,0.6,155.0,0.0,11,24,92.66666666666667,63
A_turkiye_evening_public,0.6,155.0,45.0,11,24,92.625,61
A_turkiye_evening_public,0.6,155.0,90.0,11,24,92.625,56
A_turkiye_evening_public,0.6,155.0,135.0,11,24,92.625,59
A_turkiye_evening_public,0.6,155.0,180.0,10,24,93.66666666666667,59
A_turkiye_evening_public,0.6,155.0,225.0,10,24,93.66666666666667,56
A_turkiye_evening_public,0.6,155.0,270.0,9,24,93.66666666666667,52
A_turkiye_evening_public,0.6,155.0,315.0,10,24,93.625,58
A_turkiye_evening_public,0.6,160.0,0.0,12,24,92.66666666666667,61
A_turkiye_evening_public,0.6,160.0,45.0,12,24,92.625,63
A_turkiye_evening_public,0.6,160.0,90.0,12,24,92.625,58
A_turkiye_evening_public,0.6,160.0,135.0,11,24,92.625,56
A_turkiye_evening_public,0.6,160.0,180.0,11,24,93.66666666666667,57
A_turkiye_evening_public,0.6,160.0,225.0,11,24,93.66666666666667,59
A_turkiye_evening_public,0.6,160.0,270.0,10,24,93.66666666666667,56
A_turkiye_evening_public,0.6,160.0,315.0,11,24,93.625,58
A_turkiye_evening_public,0.6,165.0,0.0,11,24,92.66666666666667,65
A_turkiye_evening_public,0.6,165.0,45.0,11,24,92.625,64
A_turkiye_evening_public,0.6,165.0,90.0,11,24,92.625,58
A_turkiye_evening_public,0.6,165.0,135.0,10,24,92.625,55
A_turkiye_evening_public,0.6,165.0,180.0,10,24,93.66666666666667,60
A_turkiye_evening_public,0.6,165.0,225.0,10,24,93.66666666666667,58
A_turkiye_evening_public,0.6,165.0,270.0,9,24,93.66666666666667,53
A_turkiye_evening_public,0.6,165.0,315.0,10,24,93.625,57
A_turkiye_evening_public,0.6,170.0,0.0,11,24,92.66666666666667,64
A_turkiye_evening_public,0.6,170.0,45.0,11,24,92.625,61
A_turkiye_evening_public,0.6,170.0,90.0,11,24,92.625,55
A_turkiye_evening_public,0.6,170.0,135.0,10,24,92.625,53
A_turkiye_evening_public,0.6,170.0,180.0,10,24,93.66666666666667,57
A_turkiye_evening_public,0.6,170.0,225.0,10,24,93.66666666666667,58
A_turkiye_evening_public,0.6,170.0,270.0,9,24,93.66666666666667,53
A_turkiye_evening_public,0.6,170.0,315.0,10,24,93.625,59
A_turkiye_evening_public,0.6,175.0,0.0,11,24,92.66666666666667,63
A_turkiye_evening_public,0.6,175.0,45.0,11,24,92.625,61
A_turkiye_evening_public,0.6,175.0,90.0,11,24,92.625,54
A_turkiye_evening_public,0.6,175.0,135.0,11,24,92.625,49
A_turkiye_evening_public,0.6,175.0,180.0,10,24,93.66666666666667,56
A_turkiye_evening_public,0.6,175.0,225.0,10,24,93.66666666666667,57
A_turkiye_evening_public,0.6,175.0,270.0,9,24,93.66666666666667,54
A_turkiye_evening_public,0.6,175.0,315.0,9,24,93.625,55
A_turkiye_evening_public,2.5,0.0,0.0,10,24,93.66666666666667,60
A_turkiye_evening_public,2.5,0.0,45.0,10,24,93.66666666666667,65
A_turkiye_evening_public,2.5,0.0,90.0,9,24,93.66666666666667,59
A_turkiye_evening_public,2.5,0.0,135.0,9,24,93.625,61
A_turkiye_evening_public,2.5,0.0,180.0,11,24,92.66666666666667,68
A_turkiye_evening_public,2.5,0.0,225.0,11,24,92.625,66
A_turkiye_evening_public,2.5,0.0,270.0,11,24,92.625,58
A_turkiye_evening_public,2.5,0.0,315.0,11,24,93.66666666666667,53
A_turkiye_evening_public,2.5,5.0,0.0,8,24,121.625,54
A_turkiye_evening_public,2.5,5.0,45.0,9,24,95.79166666666667,58
A_turkiye_evening_public,2.5,5.0,90.0,8,24,95.79166666666667,53
A_turkiye_evening_public,2.5,5.0,135.0,8,24,95.75,53
A_turkiye_evening_public,2.5,5.0,180.0,10,24,95.66666666666667,61
A_turkiye_evening_public,2.5,5.0,225.0,10,24,95.66666666666667,59
A_turkiye_evening_public,2.5,5.0,270.0,10,24,95.66666666666667,56
A_turkiye_evening_public,2.5,5.0,315.0,10,24,95.625,50
A_turkiye_evening_public,2.5,10.0,0.0,8,24,121.625,59
A_turkiye_evening_public,2.5,10.0,45.0,8,24,121.625,59
A_turkiye_evening_public,2.5,10.0,90.0,7,24,121.625,55
A_turkiye_evening_public,2.5,10.0,135.0,8,24,122.66666666666667,57
A_turkiye_evening_public,2.5,10.0,180.0,9,24,122.66666666666667,59
A_turkiye_evening_public,2.5,10.0,225.0,9,24,122.66666666666667,56
A_turkiye_evening_public,2.5,10.0,270.0,9,24,122.66666666666667,54
A_turkiye_evening_public,2.5,10.0,315.0,9,24,121.66666666666667,53
A_turkiye_evening_public,2.5,15.0,0.0,8,24,121.625,58
A_turkiye_evening_public,2.5,15.0,45.0,8,24,121.625,56
A_turkiye_evening_public,2.5,15.0,90.0,7,24,121.625,54
A_turkiye_evening_public,2.5,15.0,135.0,8,24,122.66666666666667,55
A_turkiye_evening_public,2.5,15.0,180.0,9,24,122.66666666666667,58
A_turkiye_evening_public,2.5,15.0,225.0,8,24,122.66666666666667,55
A_turkiye_evening_public,2.5,15.0,270.0,8,24,122.66666666666667,54
A_turkiye_evening_public,2.5,15.0,315.0,8,24,121.66666666666667,52
A_turkiye_evening_public,2.5,20.0,0.0,8,24,121.625,61
A_turkiye_evening_public,2.5,20.0,45.0,8,24,121.625,61
A_turkiye_evening_public,2.5,20.0,90.0,7,24,121.625,59
A_turkiye_evening_public,2.5,20.0,135.0,8,24,122.66666666666667,57
A_turkiye_evening_public,2.5,20.0,180.0,9,24,122.66666666666667,60
A_turkiye_evening_public,2.5,20.0,225.0,8,24,122.66666666666667,61
A_turkiye_evening_public,2.5,20.0,270.0,8,24,122.66666666666667,61
A_turkiye_evening_public,2.5,20.0,315.0,8,24,121.66666666666667,56
A_turkiye_evening_public,2.5,25.0,0.0,7,24,121.625,49
A_turkiye_evening_public,2.5,25.0,45.0,7,24,121.625,51
A_turkiye_evening_public,2.5,25.0,90.0,6,24,121.625,51
A_turkiye_evening_public,2.5,25.0,135.0,7,24,122.66666666666667,48
A_turkiye_evening_public,2.5,25.0,180.0,8,24,122.66666666666667,49
A_turkiye_evening_public,2.5,25.0,225.0,7,24,122.66666666666667,50
A_turkiye_evening_public,2.5,25.0,270.0,7,24,122.66666666666667,50
A_turkiye_evening_public,2.5,25.0,315.0,7,24,121.66666666666667,46
A_turkiye_evening_public,2.5,30.0,0.0,6,24,121.625,49
A_turkiye_evening_public,2.5,30.0,45.0,6,24,121.625,51
A_turkiye_evening_public,2.5,30.0,90.0,6,24,121.625,52
A_turkiye_evening_public,2.5,30.0,135.0,6,24,122.66666666666667,48
A_turkiye_evening_public,2.5,30.0,180.0,7,24,122.66666666666667,48
A_turkiye_evening_public,2.5,30.0,225.0,8,24,6.708333333333333,50
A_turkiye_evening_public,2.5,30.0,270.0,8,24,6.708333333333333,52
A_turkiye_evening_public,2.5,30.0,315.0,8,24,6.708333333333333,47
A_turkiye_evening_public,2.5,35.0,0.0,7,24,125.66666666666667,44
A_turkiye_evening_public,2.5,35.0,45.0,6,24,125.625,43
A_turkiye_evening_public,2.5,35.0,90.0,6,24,125.79166666666667,43
A_turkiye_evening_public,2.5,35.0,135.0,6,24,125.70833333333333,44
A_turkiye_evening_public,2.5,35.0,180.0,7,24,125.70833333333333,45
A_turkiye_evening_public,2.5,35.0,225.0,9,24,6.708333333333333,45
A_turkiye_evening_public,2.5,35.0,270.0,9,24,6.708333333333333,47
A_turkiye_evening_public,2.5,35.0,315.0,9,24,6.708333333333333,44
A_turkiye_evening_public,2.5,40.0,0.0,6,24,151.66666666666666,43
A_turkiye_evening_public,2.5,40.0,45.0,5,24,151.66666666666666,40
A_turkiye_evening_public,2.5,40.0,90.0,5,24,151.66666666666666,42
A_turkiye_evening_public,2.5,40.0,135.0,5,24,152.70833333333334,42
A_turkiye_evening_public,2.5,40.0,180.0,5,24,152.70833333333334,42
A_turkiye_evening_public,2.5,40.0,225.0,7,24,6.708333333333333,41
A_turkiye_evening_public,2.5,40.0,270.0,7,24,6.708333333333333,44
A_turkiye_evening_public,2.5,40.0,315.0,7,24,6.708333333333333,43
A_turkiye_evening_public,2.5,45.0,0.0,6,24,151.66666666666666,45
A_turkiye_evening_public,2.5,45.0,45.0,5,24,151.66666666666666,43
A_turkiye_evening_public,2.5,45.0,90.0,5,24,151.66666666666666,43
A_turkiye_evening_public,2.5,45.0,135.0,5,24,152.70833333333334,43
A_turkiye_evening_public,2.5,45.0,180.0,5,24,152.70833333333334,44
A_turkiye_evening_public,2.5,45.0,225.0,7,24,6.708333333333333,44
A_turkiye_evening_public,2.5,45.0,270.0,7,24,6.708333333333333,46
A_turkiye_evening_public,2.5,45.0,315.0,7,24,6.708333333333333,44
A_turkiye_evening_public,2.5,50.0,0.0,7,24,151.66666666666666,46
A_turkiye_evening_public,2.5,50.0,45.0,6,24,151.66666666666666,44
A_turkiye_evening_public,2.5,50.0,90.0,7,24,35.708333333333336,45
A_turkiye_evening_public,2.5,50.0,135.0,7,24,35.666666666666664,46
A_turkiye_evening_public,2.5,50.0,180.0,7,24,35.666666666666664,47
A_turkiye_evening_public,2.5,50.0,225.0,8,24,6.708333333333333,44
A_turkiye_evening_public,2.5,50.0,270.0,8,24,6.708333333333333,46
A_turkiye_evening_public,2.5,50.0,315.0,8,24,6.708333333333333,45
A_turkiye_evening_public,2.5,55.0,0.0,7,24,151.66666666666666,40
A_turkiye_evening_public,2.5,55.0,45.0,7,24,151.66666666666666,38
A_turkiye_evening_public,2.5,55.0,90.0,8,24,35.708333333333336,40
A_turkiye_evening_public,2.5,55.0,135.0,8,24,35.666666666666664,42
A_turkiye_evening_public,2.5,55.0,180.0,7,24,35.666666666666664,40
A_turkiye_evening_public,2.5,55.0,225.0,8,24,6.708333333333333,37
A_turkiye_evening_public,2.5,55.0,270.0,8,24,6.708333333333333,39
A_turkiye_evening_public,2.5,55.0,315.0,8,24,6.708333333333333,41
A_turkiye_evening_public,2.5,60.0,0.0,7,24,151.66666666666666,41
A_turkiye_evening_public,2.5,60.0,45.0,7,24,151.66666666666666,38
A_turkiye_evening_public,2.5,60.0,90.0,8,24,35.708333333333336,40
A_turkiye_evening_public,2.5,60.0,135.0,8,24,35.666666666666664,42
A_turkiye_evening_public,2.5,60.0,180.0,8,24,35.666666666666664,42
A_turkiye_evening_public,2.5,60.0,225.0,9,24,6.708333333333333,39
A_turkiye_evening_public,2.5,60.0,270.0,9,24,6.708333333333333,41
A_turkiye_evening_public,2.5,60.0,315.0,8,24,6.708333333333333,42
A_turkiye_evening_public,2.5,65.0,0.0,7,24,155.66666666666666,35
A_turkiye_evening_public,2.5,65.0,45.0,7,24,155.66666666666666,32
A_turkiye_evening_public,2.5,65.0,90.0,8,24,35.708333333333336,34
A_turkiye_evening_public,2.5,65.0,135.0,9,24,35.666666666666664,37
A_turkiye_evening_public,2.5,65.0,180.0,9,24,35.666666666666664,38
A_turkiye_evening_public,2.5,65.0,225.0,12,24,6.708333333333333,34
A_turkiye_evening_public,2.5,65.0,270.0,11,24,6.708333333333333,33
A_turkiye_evening_public,2.5,65.0,315.0,8,24,6.708333333333333,35
A_turkiye_evening_public,2.5,70.0,0.0,8,24,64.66666666666667,39
A_turkiye_evening_public,2.5,70.0,45.0,7,24,64.66666666666667,37
A_turkiye_evening_public,2.5,70.0,90.0,8,24,35.708333333333336,38
A_turkiye_evening_public,2.5,70.0,135.0,9,24,35.666666666666664,42
A_turkiye_evening_public,2.5,70.0,180.0,9,24,35.666666666666664,43
A_turkiye_evening_public,2.5,70.0,225.0,11,24,6.708333333333333,39
A_turkiye_evening_public,2.5,70.0,270.0,10,24,6.708333333333333,35
A_turkiye_evening_public,2.5,70.0,315.0,9,24,6.708333333333333,38
A_turkiye_evening_public,2.5,75.0,0.0,8,24,64.66666666666667,39
A_turkiye_evening_public,2.5,75.0,45.0,7,24,64.66666666666667,37
A_turkiye_evening_public,2.5,75.0,90.0,8,24,35.708333333333336,38
A_turkiye_evening_public,2.5,75.0,135.0,9,24,35.666666666666664,42
A_turkiye_evening_public,2.5,75.0,180.0,9,24,35.666666666666664,45
A_turkiye_evening_public,2.5,75.0,225.0,11,24,6.708333333333333,39
A_turkiye_evening_public,2.5,75.0,270.0,10,24,6.708333333333333,35
A_turkiye_evening_public,2.5,75.0,315.0,9,24,6.708333333333333,38
A_turkiye_evening_public,2.5,80.0,0.0,10,24,64.66666666666667,44
A_turkiye_evening_public,2.5,80.0,45.0,9,24,64.66666666666667,42
A_turkiye_evening_public,2.5,80.0,90.0,10,24,35.708333333333336,46
A_turkiye_evening_public,2.5,80.0,135.0,10,24,35.666666666666664,49
A_turkiye_evening_public,2.5,80.0,180.0,9,24,35.666666666666664,49
A_turkiye_evening_public,2.5,80.0,225.0,11,24,6.708333333333333,46
A_turkiye_evening_public,2.5,80.0,270.0,11,24,6.708333333333333,45
A_turkiye_evening_public,2.5,80.0,315.0,10,24,6.708333333333333,45
A_turkiye_evening_public,2.5,85.0,0.0,10,24,64.66666666666667,38
A_turkiye_evening_public,2.5,85.0,45.0,9,24,64.66666666666667,39
A_turkiye_evening_public,2.5,85.0,90.0,10,24,35.708333333333336,41
A_turkiye_evening_public,2.5,85.0,135.0,10,24,35.666666666666664,43
A_turkiye_evening_public,2.5,85.0,180.0,9,24,35.666666666666664,42
A_turkiye_evening_public,2.5,85.0,225.0,10,24,6.708333333333333,40
A_turkiye_evening_public,2.5,85.0,270.0,10,24,6.708333333333333,38
A_turkiye_evening_public,2.5,85.0,315.0,9,24,6.708333333333333,39
A_turkiye_evening_public,2.5,90.0,0.0,12,24,64.66666666666667,46
A_turkiye_evening_public,2.5,90.0,45.0,11,24,64.66666666666667,47
A_turkiye_evening_public,2.5,90.0,90.0,11,24,35.708333333333336,46
A_turkiye_evening_public,2.5,90.0,135.0,10,24,35.666666666666664,45
A_turkiye_evening_public,2.5,90.0,180.0,9,24,35.666666666666664,46
A_turkiye_evening_public,2.5,90.0,225.0,10,24,6.708333333333333,45
A_turkiye_evening_public,2.5,90.0,270.0,11,24,6.708333333333333,43
A_turkiye_evening_public,2.5,90.0,315.0,10,24,6.708333333333333,44
A_turkiye_evening_public,2.5,95.0,0.0,12,24,64.66666666666667,44
A_turkiye_evening_public,2.5,95.0,45.0,11,24,64.66666666666667,46
A_turkiye_evening_public,2.5,95.0,90.0,11,24,35.708333333333336,43
A_turkiye_evening_public,2.5,95.0,135.0,10,24,35.666666666666664,43
A_turkiye_evening_public,2.5,95.0,180.0,10,24,35.666666666666664,44
A_turkiye_evening_public,2.5,95.0,225.0,10,24,35.666666666666664,40
A_turkiye_evening_public,2.5,95.0,270.0,11,24,6.708333333333333,39
A_turkiye_evening_public,2.5,95.0,315.0,10,24,6.708333333333333,39
A_turkiye_evening_public,2.5,100.0,0.0,11,24,64.66666666666667,44
A_turkiye_evening_public,2.5,100.0,45.0,10,24,64.66666666666667,48
A_turkiye_evening_public,2.5,100.0,90.0,11,24,35.708333333333336,45
A_turkiye_evening_public,2.5,100.0,135.0,10,24,35.666666666666664,43
A_turkiye_evening_public,2.5,100.0,180.0,10,24,35.666666666666664,43
A_turkiye_evening_public,2.5,100.0,225.0,11,24,35.666666666666664,42
A_turkiye_evening_public,2.5,100.0,270.0,11,24,35.666666666666664,42
A_turkiye_evening_public,2.5,100.0,315.0,10,24,64.66666666666667,41
A_turkiye_evening_public,2.5,105.0,0.0,11,24,64.66666666666667,48
A_turkiye_evening_public,2.5,105.0,45.0,10,24,64.66666666666667,51
A_turkiye_evening_public,2.5,105.0,90.0,11,24,35.708333333333336,51
A_turkiye_evening_public,2.5,105.0,135.0,12,24,35.666666666666664,50
A_turkiye_evening_public,2.5,105.0,180.0,12,24,35.666666666666664,49
A_turkiye_evening_public,2.5,105.0,225.0,13,24,35.666666666666664,50
A_turkiye_evening_public,2.5,105.0,270.0,13,24,35.666666666666664,50
A_turkiye_evening_public,2.5,105.0,315.0,11,24,64.66666666666667,48
A_turkiye_evening_public,2.5,110.0,0.0,11,24,64.66666666666667,49
A_turkiye_evening_public,2.5,110.0,45.0,10,24,64.66666666666667,53
A_turkiye_evening_public,2.5,110.0,90.0,11,24,35.708333333333336,51
A_turkiye_evening_public,2.5,110.0,135.0,12,24,35.666666666666664,51
A_turkiye_evening_public,2.5,110.0,180.0,12,24,35.666666666666664,50
A_turkiye_evening_public,2.5,110.0,225.0,13,24,35.666666666666664,52
A_turkiye_evening_public,2.5,110.0,270.0,13,24,35.666666666666664,53
A_turkiye_evening_public,2.5,110.0,315.0,11,24,64.66666666666667,49
A_turkiye_evening_public,2.5,115.0,0.0,11,24,64.66666666666667,56
A_turkiye_evening_public,2.5,115.0,45.0,11,24,64.66666666666667,58
A_turkiye_evening_public,2.5,115.0,90.0,12,24,35.708333333333336,56
A_turkiye_evening_public,2.5,115.0,135.0,12,24,35.666666666666664,58
A_turkiye_evening_public,2.5,115.0,180.0,12,24,35.666666666666664,60
A_turkiye_evening_public,2.5,115.0,225.0,12,24,35.666666666666664,59
A_turkiye_evening_public,2.5,115.0,270.0,12,24,35.666666666666664,56
A_turkiye_evening_public,2.5,115.0,315.0,11,24,64.66666666666667,56
A_turkiye_evening_public,2.5,120.0,0.0,11,24,64.66666666666667,60
A_turkiye_evening_public,2.5,120.0,45.0,12,24,64.66666666666667,61
A_turkiye_evening_public,2.5,120.0,90.0,13,24,35.708333333333336,59
A_turkiye_evening_public,2.5,120.0,135.0,12,24,35.666666666666664,62
A_turkiye_evening_public,2.5,120.0,180.0,12,24,35.666666666666664,64
A_turkiye_evening_public,2.5,120.0,225.0,12,24,35.666666666666664,62
A_turkiye_evening_public,2.5,120.0,270.0,12,24,35.666666666666664,58
A_turkiye_evening_public,2.5,120.0,315.0,11,24,64.66666666666667,60
A_turkiye_evening_public,2.5,125.0,0.0,12,24,64.66666666666667,55
A_turkiye_evening_public,2.5,125.0,45.0,12,24,64.66666666666667,54
A_turkiye_evening_public,2.5,125.0,90.0,12,24,64.66666666666667,55
A_turkiye_evening_public,2.5,125.0,135.0,12,24,64.625,56
A_turkiye_evening_public,2.5,125.0,180.0,13,24,35.708333333333336,59
A_turkiye_evening_public,2.5,125.0,225.0,13,24,63.625,59
A_turkiye_evening_public,2.5,125.0,270.0,12,24,63.625,55
A_turkiye_evening_public,2.5,125.0,315.0,12,24,64.66666666666667,56
A_turkiye_evening_public,2.5,130.0,0.0,11,24,64.66666666666667,57
A_turkiye_evening_public,2.5,130.0,45.0,11,24,64.66666666666667,58
A_turkiye_evening_public,2.5,130.0,90.0,11,24,64.66666666666667,59
A_turkiye_evening_public,2.5,130.0,135.0,11,24,64.625,58
A_turkiye_evening_public,2.5,130.0,180.0,11,24,63.666666666666664,58
A_turkiye_evening_public,2.5,130.0,225.0,12,24,63.625,60
A_turkiye_evening_public,2.5,130.0,270.0,11,24,63.625,58
A_turkiye_evening_public,2.5,130.0,315.0,11,24,64.66666666666667,58
A_turkiye_evening_public,2.5,135.0,0.0,12,24,64.66666666666667,61
A_turkiye_evening_public,2.5,135.0,45.0,12,24,64.66666666666667,61
A_turkiye_evening_public,2.5,135.0,90.0,12,24,64.66666666666667,61
A_turkiye_evening_public,2.5,135.0,135.0,12,24,64.625,61
A_turkiye_evening_public,2.5,135.0,180.0,12,24,63.666666666666664,60
A_turkiye_evening_public,2.5,135.0,225.0,12,24,63.625,61
A_turkiye_evening_public,2.5,135.0,270.0,11,24,63.625,59
A_turkiye_evening_public,2.5,135.0,315.0,12,24,64.66666666666667,61
A_turkiye_evening_public,2.5,140.0,0.0,13,24,64.66666666666667,69
A_turkiye_evening_public,2.5,140.0,45.0,14,24,64.66666666666667,69
A_turkiye_evening_public,2.5,140.0,90.0,14,24,64.66666666666667,67
A_turkiye_evening_public,2.5,140.0,135.0,14,24,64.625,66
A_turkiye_evening_public,2.5,140.0,180.0,13,24,63.666666666666664,65
A_turkiye_evening_public,2.5,140.0,225.0,13,24,63.625,67
A_turkiye_evening_public,2.5,140.0,270.0,12,24,63.625,63
A_turkiye_evening_public,2.5,140.0,315.0,12,24,64.66666666666667,66
A_turkiye_evening_public,2.5,145.0,0.0,12,24,64.66666666666667,71
A_turkiye_evening_public,2.5,145.0,45.0,13,24,64.66666666666667,68
A_turkiye_evening_public,2.5,145.0,90.0,13,24,64.66666666666667,65
A_turkiye_evening_public,2.5,145.0,135.0,13,24,64.625,67
A_turkiye_evening_public,2.5,145.0,180.0,12,24,63.666666666666664,65
A_turkiye_evening_public,2.5,145.0,225.0,12,24,63.625,64
A_turkiye_evening_public,2.5,145.0,270.0,11,24,63.625,62
A_turkiye_evening_public,2.5,145.0,315.0,11,24,64.66666666666667,68
A_turkiye_evening_public,2.5,150.0,0.0,13,24,64.66666666666667,72
A_turkiye_evening_public,2.5,150.0,45.0,13,24,64.66666666666667,74
A_turkiye_evening_public,2.5,150.0,90.0,13,24,64.66666666666667,70
A_turkiye_evening_public,2.5,150.0,135.0,13,24,64.625,69
A_turkiye_evening_public,2.5,150.0,180.0,12,24,63.666666666666664,69
A_turkiye_evening_public,2.5,150.0,225.0,12,24,63.625,69
A_turkiye_evening_public,2.5,150.0,270.0,11,24,63.625,65
A_turkiye_evening_public,2.5,150.0,315.0,12,24,64.66666666666667,69
A_turkiye_evening_public,2.5,155.0,0.0,12,24,65.75,66
A_turkiye_evening_public,2.5,155.0,45.0,12,24,65.75,67
A_turkiye_evening_public,2.5,155.0,90.0,12,24,65.75,62
A_turkiye_evening_public,2.5,155.0,135.0,12,24,65.625,63
A_turkiye_evening_public,2.5,155.0,180.0,11,24,65.70833333333333,62
A_turkiye_evening_public,2.5,155.0,225.0,10,24,93.66666666666667,60
A_turkiye_evening_public,2.5,155.0,270.0,9,24,93.66666666666667,58
A_turkiye_evening_public,2.5,155.0,315.0,10,24,93.625,61
A_turkiye_evening_public,2.5,160.0,0.0,12,24,92.66666666666667,66
A_turkiye_evening_public,2.5,160.0,45.0,12,24,92.625,66
A_turkiye_evening_public,2.5,160.0,90.0,12,24,92.625,62
A_turkiye_evening_public,2.5,160.0,135.0,11,24,92.625,62
A_turkiye_evening_public,2.5,160.0,180.0,11,24,93.66666666666667,63
A_turkiye_evening_public,2.5,160.0,225.0,11,24,93.66666666666667,62
A_turkiye_evening_public,2.5,160.0,270.0,10,24,93.66666666666667,61
A_turkiye_evening_public,2.5,160.0,315.0,11,24,93.625,62
A_turkiye_evening_public,2.5,165.0,0.0,11,24,92.66666666666667,68
A_turkiye_evening_public,2.5,165.0,45.0,11,24,92.625,65
A_turkiye_evening_public,2.5,165.0,90.0,11,24,92.625,59
A_turkiye_evening_public,2.5,165.0,135.0,10,24,92.625,58
A_turkiye_evening_public,2.5,165.0,180.0,10,24,93.66666666666667,62
A_turkiye_evening_public,2.5,165.0,225.0,10,24,93.66666666666667,61
A_turkiye_evening_public,2.5,165.0,270.0,9,24,93.66666666666667,58
A_turkiye_evening_public,2.5,165.0,315.0,10,24,93.625,62
A_turkiye_evening_public,2.5,170.0,0.0,11,24,92.66666666666667,70
A_turkiye_evening_public,2.5,170.0,45.0,11,24,92.625,66
A_turkiye_evening_public,2.5,170.0,90.0,11,24,92.625,61
A_turkiye_evening_public,2.5,170.0,135.0,11,24,92.625,57
A_turkiye_evening_public,2.5,170.0,180.0,10,24,93.66666666666667,62
A_turkiye_evening_public,2.5,170.0,225.0,10,24,93.66666666666667,62
A_turkiye_evening_public,2.5,170.0,270.0,9,24,93.66666666666667,61
A_turkiye_evening_public,2.5,170.0,315.0,10,24,93.625,64
A_turkiye_evening_public,2.5,175.0,0.0,11,24,92.66666666666667,66
A_turkiye_evening_public,2.5,175.0,45.0,11,24,92.625,64
A_turkiye_evening_public,2.5,175.0,90.0,11,24,92.625,57
A_turkiye_evening_public,2.5,175.0,135.0,11,24,92.625,53
A_turkiye_evening_public,2.5,175.0,180.0,10,24,93.66666666666667,58
A_turkiye_evening_public,2.5,175.0,225.0,10,24,93.66666666666667,60
A_turkiye_evening_public,2.5,175.0,270.0,9,24,93.66666666666667,57
A_turkiye_evening_public,2.5,175.0,315.0,9,24,93.625,60
B_global_science,0.6,0.0,0.0,23,24,3.9583333333333335,799
B_global_science,0.6,0.0,45.0,23,24,3.9583333333333335,800
B_global_science,0.6,0.0,90.0,23,24,2.9583333333333335,820
B_global_science,0.6,0.0,135.0,23,24,2.9583333333333335,807
B_global_science,0.6,0.0,180.0,23,24,2.9583333333333335,795
B_global_science,0.6,0.0,225.0,23,24,2.9583333333333335,812
B_global_science,0.6,0.0,270.0,23,24,4.0,812
B_global_science,0.6,0.0,315.0,23,24,4.0,802
B_global_science,0.6,5.0,0.0,21,24,3.9583333333333335,749
B_global_science,0.6,5.0,45.0,22,24,3.9583333333333335,758
B_global_science,0.6,5.0,90.0,22,24,2.9583333333333335,766
B_global_science,0.6,5.0,135.0,21,24,2.9583333333333335,751
B_global_science,0.6,5.0,180.0,22,24,2.9583333333333335,741
B_global_science,0.6,5.0,225.0,22,24,2.9583333333333335,758
B_global_science,0.6,5.0,270.0,21,24,4.0,746
B_global_science,0.6,5.0,315.0,22,24,4.0,731
B_global_science,0.6,10.0,0.0,22,24,3.9583333333333335,748
B_global_science,0.6,10.0,45.0,22,24,3.9583333333333335,740
B_global_science,0.6,10.0,90.0,22,24,2.9583333333333335,736
B_global_science,0.6,10.0,135.0,22,24,2.9583333333333335,738
B_global_science,0.6,10.0,180.0,22,24,2.9583333333333335,743
B_global_science,0.6,10.0,225.0,22,24,2.9583333333333335,746
B_global_science,0.6,10.0,270.0,22,24,4.0,720
B_global_science,0.6,10.0,315.0,22,24,4.0,723
B_global_science,0.6,15.0,0.0,21,24,3.9583333333333335,775
B_global_science,0.6,15.0,45.0,21,24,3.9583333333333335,751
B_global_science,0.6,15.0,90.0,21,24,2.9583333333333335,762
B_global_science,0.6,15.0,135.0,21,24,2.9583333333333335,776
B_global_science,0.6,15.0,180.0,21,24,2.9583333333333335,765
B_global_science,0.6,15.0,225.0,21,24,2.9583333333333335,766
B_global_science,0.6,15.0,270.0,21,24,4.0,751
B_global_science,0.6,15.0,315.0,21,24,4.0,772
B_global_science,0.6,20.0,0.0,23,24,3.9583333333333335,813
B_global_science,0.6,20.0,45.0,23,24,3.9583333333333335,789
B_global_science,0.6,20.0,90.0,23,24,2.9583333333333335,806
B_global_science,0.6,20.0,135.0,23,24,2.9583333333333335,816
B_global_science,0.6,20.0,180.0,23,24,2.9583333333333335,796
B_global_science,0.6,20.0,225.0,23,24,2.9583333333333335,799
B_global_science,0.6,20.0,270.0,23,24,4.0,800
B_global_science,0.6,20.0,315.0,23,24,4.0,818
B_global_science,0.6,25.0,0.0,22,24,3.9583333333333335,801
B_global_science,0.6,25.0,45.0,22,24,3.9583333333333335,807
B_global_science,0.6,25.0,90.0,22,24,2.9583333333333335,819
B_global_science,0.6,25.0,135.0,22,24,2.9583333333333335,808
B_global_science,0.6,25.0,180.0,22,24,2.9583333333333335,798
B_global_science,0.6,25.0,225.0,22,24,2.9583333333333335,804
B_global_science,0.6,25.0,270.0,22,24,4.0,799
B_global_science,0.6,25.0,315.0,22,24,4.0,799
B_global_science,0.6,30.0,0.0,22,24,3.9583333333333335,815
B_global_science,0.6,30.0,45.0,22,24,3.9583333333333335,808
B_global_science,0.6,30.0,90.0,22,24,2.9583333333333335,807
B_global_science,0.6,30.0,135.0,22,24,2.9583333333333335,809
B_global_science,0.6,30.0,180.0,22,24,2.9583333333333335,816
B_global_science,0.6,30.0,225.0,22,24,2.9583333333333335,815
B_global_science,0.6,30.0,270.0,22,24,4.0,795
B_global_science,0.6,30.0,315.0,22,24,4.0,802
B_global_science,0.6,35.0,0.0,21,24,3.9583333333333335,746
B_global_science,0.6,35.0,45.0,22,24,3.9583333333333335,744
B_global_science,0.6,35.0,90.0,21,24,2.9583333333333335,757
B_global_science,0.6,35.0,135.0,21,24,2.9583333333333335,763
B_global_science,0.6,35.0,180.0,21,24,2.9583333333333335,769
B_global_science,0.6,35.0,225.0,21,24,2.9583333333333335,762
B_global_science,0.6,35.0,270.0,22,24,4.0,735
B_global_science,0.6,35.0,315.0,22,24,4.0,746
B_global_science,0.6,40.0,0.0,21,24,3.9583333333333335,730
B_global_science,0.6,40.0,45.0,21,24,3.9583333333333335,719
B_global_science,0.6,40.0,90.0,21,24,2.9583333333333335,729
B_global_science,0.6,40.0,135.0,21,24,2.9583333333333335,742
B_global_science,0.6,40.0,180.0,21,24,2.9583333333333335,747
B_global_science,0.6,40.0,225.0,21,24,2.9583333333333335,732
B_global_science,0.6,40.0,270.0,21,24,4.0,723
B_global_science,0.6,40.0,315.0,21,24,4.0,740
B_global_science,0.6,45.0,0.0,22,24,3.9583333333333335,765
B_global_science,0.6,45.0,45.0,22,24,3.9583333333333335,759
B_global_science,0.6,45.0,90.0,22,24,2.9583333333333335,786
B_global_science,0.6,45.0,135.0,22,24,2.9583333333333335,781
B_global_science,0.6,45.0,180.0,22,24,2.9583333333333335,774
B_global_science,0.6,45.0,225.0,22,24,2.9583333333333335,781
B_global_science,0.6,45.0,270.0,22,24,4.0,774
B_global_science,0.6,45.0,315.0,22,24,4.0,768
B_global_science,0.6,50.0,0.0,23,24,3.9583333333333335,800
B_global_science,0.6,50.0,45.0,23,24,3.9583333333333335,811
B_global_science,0.6,50.0,90.0,23,24,2.9583333333333335,819
B_global_science,0.6,50.0,135.0,23,24,2.9583333333333335,813
B_global_science,0.6,50.0,180.0,23,24,2.9583333333333335,807
B_global_science,0.6,50.0,225.0,23,24,2.9583333333333335,820
B_global_science,0.6,50.0,270.0,23,24,4.0,804
B_global_science,0.6,50.0,315.0,23,24,4.0,800
B_global_science,0.6,55.0,0.0,23,24,3.9583333333333335,804
B_global_science,0.6,55.0,45.0,23,24,3.9583333333333335,800
B_global_science,0.6,55.0,90.0,23,24,2.9583333333333335,798
B_global_science,0.6,55.0,135.0,23,24,2.9583333333333335,798
B_global_science,0.6,55.0,180.0,23,24,2.9583333333333335,802
B_global_science,0.6,55.0,225.0,23,24,2.9583333333333335,798
B_global_science,0.6,55.0,270.0,23,24,4.0,788
B_global_science,0.6,55.0,315.0,23,24,4.0,797
B_global_science,0.6,60.0,0.0,22,24,3.9583333333333335,815
B_global_science,0.6,60.0,45.0,22,24,3.9583333333333335,811
B_global_science,0.6,60.0,90.0,22,24,2.9583333333333335,837
B_global_science,0.6,60.0,135.0,22,24,2.9583333333333335,835
B_global_science,0.6,60.0,180.0,22,24,2.9583333333333335,815
B_global_science,0.6,60.0,225.0,22,24,2.9583333333333335,809
B_global_science,0.6,60.0,270.0,22,24,4.0,806
B_global_science,0.6,60.0,315.0,22,24,4.0,819
B_global_science,0.6,65.0,0.0,22,24,3.9583333333333335,722
B_global_science,0.6,65.0,45.0,21,24,3.9583333333333335,722
B_global_science,0.6,65.0,90.0,22,24,2.9583333333333335,760
B_global_science,0.6,65.0,135.0,21,24,2.9583333333333335,752
B_global_science,0.6,65.0,180.0,21,24,2.9583333333333335,725
B_global_science,0.6,65.0,225.0,21,24,2.9583333333333335,729
B_global_science,0.6,65.0,270.0,21,24,4.0,740
B_global_science,0.6,65.0,315.0,22,24,4.0,747
B_global_science,0.6,70.0,0.0,21,24,3.9583333333333335,728
B_global_science,0.6,70.0,45.0,21,24,3.9583333333333335,740
B_global_science,0.6,70.0,90.0,21,24,2.9583333333333335,762
B_global_science,0.6,70.0,135.0,21,24,2.9583333333333335,747
B_global_science,0.6,70.0,180.0,21,24,2.9583333333333335,725
B_global_science,0.6,70.0,225.0,21,24,2.9583333333333335,739
B_global_science,0.6,70.0,270.0,21,24,4.0,748
B_global_science,0.6,70.0,315.0,21,24,4.0,738
B_global_science,0.6,75.0,0.0,22,24,3.9583333333333335,803
B_global_science,0.6,75.0,45.0,22,24,3.9583333333333335,796
B_global_science,0.6,75.0,90.0,22,24,2.9583333333333335,801
B_global_science,0.6,75.0,135.0,22,24,2.9583333333333335,799
B_global_science,0.6,75.0,180.0,22,24,2.9583333333333335,805
B_global_science,0.6,75.0,225.0,22,24,2.9583333333333335,809
B_global_science,0.6,75.0,270.0,22,24,4.0,795
B_global_science,0.6,75.0,315.0,22,24,4.0,789
B_global_science,0.6,80.0,0.0,22,24,3.9583333333333335,803
B_global_science,0.6,80.0,45.0,22,24,3.9583333333333335,792
B_global_science,0.6,80.0,90.0,22,24,2.9583333333333335,808
B_global_science,0.6,80.0,135.0,22,24,2.9583333333333335,822
B_global_science,0.6,80.0,180.0,23,24,2.9583333333333335,824
B_global_science,0.6,80.0,225.0,23,24,2.9583333333333335,821
B_global_science,0.6,80.0,270.0,22,24,4.0,809
B_global_science,0.6,80.0,315.0,22,24,4.0,806
B_global_science,0.6,85.0,0.0,21,24,3.9583333333333335,791
B_global_science,0.6,85.0,45.0,21,24,3.9583333333333335,791
B_global_science,0.6,85.0,90.0,21,24,2.9583333333333335,814
B_global_science,0.6,85.0,135.0,21,24,2.9583333333333335,822
B_global_science,0.6,85.0,180.0,22,24,2.9583333333333335,799
B_global_science,0.6,85.0,225.0,22,24,2.9583333333333335,808
B_global_science,0.6,85.0,270.0,21,24,4.0,825
B_global_science,0.6,85.0,315.0,21,24,4.0,815
B_global_science,0.6,90.0,0.0,21,24,3.9583333333333335,803
B_global_science,0.6,90.0,45.0,21,24,3.9583333333333335,815
B_global_science,0.6,90.0,90.0,21,24,3.9583333333333335,827
B_global_science,0.6,90.0,135.0,21,24,3.9583333333333335,820
B_global_science,0.6,90.0,180.0,22,24,2.9583333333333335,799
B_global_science,0.6,90.0,225.0,22,24,2.9583333333333335,832
B_global_science,0.6,90.0,270.0,21,24,4.0,835
B_global_science,0.6,90.0,315.0,21,24,4.0,818
B_global_science,0.6,95.0,0.0,20,24,7.916666666666667,749
B_global_science,0.6,95.0,45.0,21,24,7.916666666666667,743
B_global_science,0.6,95.0,90.0,20,24,7.875,745
B_global_science,0.6,95.0,135.0,21,24,7.791666666666667,736
B_global_science,0.6,95.0,180.0,21,24,7.708333333333333,741
B_global_science,0.6,95.0,225.0,20,24,7.458333333333333,759
B_global_science,0.6,95.0,270.0,20,24,7.458333333333333,760
B_global_science,0.6,95.0,315.0,21,24,7.666666666666667,739
B_global_science,0.6,100.0,0.0,19,24,31.958333333333332,753
B_global_science,0.6,100.0,45.0,19,24,31.958333333333332,741
B_global_science,0.6,100.0,90.0,19,24,33.0,726
B_global_science,0.6,100.0,135.0,19,24,33.0,732
B_global_science,0.6,100.0,180.0,19,24,32.958333333333336,740
B_global_science,0.6,100.0,225.0,19,24,32.958333333333336,745
B_global_science,0.6,100.0,270.0,19,24,31.958333333333332,728
B_global_science,0.6,100.0,315.0,19,24,31.958333333333332,730
B_global_science,0.6,105.0,0.0,20,24,31.958333333333332,808
B_global_science,0.6,105.0,45.0,20,24,31.958333333333332,789
B_global_science,0.6,105.0,90.0,20,24,33.0,788
B_global_science,0.6,105.0,135.0,20,24,33.0,809
B_global_science,0.6,105.0,180.0,20,24,32.958333333333336,797
B_global_science,0.6,105.0,225.0,20,24,32.958333333333336,786
B_global_science,0.6,105.0,270.0,20,24,31.958333333333332,782
B_global_science,0.6,105.0,315.0,20,24,31.958333333333332,798
B_global_science,0.6,110.0,0.0,21,24,31.958333333333332,803
B_global_science,0.6,110.0,45.0,21,24,31.958333333333332,798
B_global_science,0.6,110.0,90.0,21,24,33.0,823
B_global_science,0.6,110.0,135.0,21,24,33.0,835
B_global_science,0.6,110.0,180.0,21,24,32.958333333333336,810
B_global_science,0.6,110.0,225.0,21,24,32.958333333333336,810
B_global_science,0.6,110.0,270.0,21,24,31.958333333333332,825
B_global_science,0.6,110.0,315.0,21,24,31.958333333333332,816
B_global_science,0.6,115.0,0.0,21,24,21.041666666666668,849
B_global_science,0.6,115.0,45.0,21,24,21.083333333333332,858
B_global_science,0.6,115.0,90.0,21,24,21.083333333333332,871
B_global_science,0.6,115.0,135.0,21,24,21.083333333333332,861
B_global_science,0.6,115.0,180.0,21,24,21.083333333333332,847
B_global_science,0.6,115.0,225.0,21,24,21.083333333333332,858
B_global_science,0.6,115.0,270.0,21,24,21.041666666666668,860
B_global_science,0.6,115.0,315.0,21,24,21.041666666666668,843
B_global_science,0.6,120.0,0.0,21,24,21.041666666666668,853
B_global_science,0.6,120.0,45.0,21,24,21.125,848
B_global_science,0.6,120.0,90.0,21,24,21.083333333333332,839
B_global_science,0.6,120.0,135.0,21,24,21.083333333333332,853
B_global_science,0.6,120.0,180.0,21,24,21.083333333333332,858
B_global_science,0.6,120.0,225.0,21,24,21.083333333333332,858
B_global_science,0.6,120.0,270.0,21,24,21.041666666666668,839
B_global_science,0.6,120.0,315.0,21,24,21.041666666666668,838
B_global_science,0.6,125.0,0.0,20,24,21.041666666666668,758
B_global_science,0.6,125.0,45.0,20,24,21.125,729
B_global_science,0.6,125.0,90.0,20,24,21.083333333333332,744
B_global_science,0.6,125.0,135.0,20,24,21.083333333333332,780
B_global_science,0.6,125.0,180.0,20,24,21.083333333333332,770
B_global_science,0.6,125.0,225.0,20,24,21.083333333333332,748
B_global_science,0.6,125.0,270.0,20,24,21.041666666666668,748
B_global_science,0.6,125.0,315.0,20,24,21.041666666666668,759
B_global_science,0.6,130.0,0.0,20,24,21.041666666666668,758
B_global_science,0.6,130.0,45.0,20,24,21.083333333333332,745
B_global_science,0.6,130.0,90.0,20,24,21.083333333333332,769
B_global_science,0.6,130.0,135.0,20,24,21.083333333333332,787
B_global_science,0.6,130.0,180.0,20,24,21.083333333333332,766
B_global_science,0.6,130.0,225.0,20,24,21.083333333333332,757
B_global_science,0.6,130.0,270.0,20,24,21.041666666666668,773
B_global_science,0.6,130.0,315.0,20,24,21.041666666666668,790
B_global_science,0.6,135.0,0.0,20,24,21.041666666666668,787
B_global_science,0.6,135.0,45.0,20,24,21.125,789
B_global_science,0.6,135.0,90.0,20,24,21.083333333333332,826
B_global_science,0.6,135.0,135.0,20,24,21.083333333333332,835
B_global_science,0.6,135.0,180.0,20,24,21.083333333333332,796
B_global_science,0.6,135.0,225.0,20,24,21.083333333333332,803
B_global_science,0.6,135.0,270.0,20,24,21.041666666666668,834
B_global_science,0.6,135.0,315.0,20,24,21.041666666666668,824
B_global_science,0.6,140.0,0.0,22,24,21.041666666666668,816
B_global_science,0.6,140.0,45.0,22,24,21.125,828
B_global_science,0.6,140.0,90.0,22,24,21.083333333333332,844
B_global_science,0.6,140.0,135.0,22,24,21.083333333333332,848
B_global_science,0.6,140.0,180.0,22,24,21.083333333333332,826
B_global_science,0.6,140.0,225.0,22,24,21.083333333333332,839
B_global_science,0.6,140.0,270.0,22,24,21.041666666666668,851
B_global_science,0.6,140.0,315.0,22,24,21.041666666666668,837
B_global_science,0.6,145.0,0.0,21,24,21.041666666666668,861
B_global_science,0.6,145.0,45.0,21,24,21.083333333333332,851
B_global_science,0.6,145.0,90.0,22,24,21.083333333333332,857
B_global_science,0.6,145.0,135.0,21,24,21.083333333333332,874
B_global_science,0.6,145.0,180.0,21,24,21.083333333333332,870
B_global_science,0.6,145.0,225.0,21,24,21.083333333333332,861
B_global_science,0.6,145.0,270.0,21,24,21.041666666666668,862
B_global_science,0.6,145.0,315.0,21,24,21.041666666666668,869
B_global_science,0.6,150.0,0.0,21,24,21.041666666666668,840
B_global_science,0.6,150.0,45.0,22,24,21.125,829
B_global_science,0.6,150.0,90.0,22,24,21.083333333333332,841
B_global_science,0.6,150.0,135.0,22,24,21.083333333333332,871
B_global_science,0.6,150.0,180.0,22,24,21.083333333333332,853
B_global_science,0.6,150.0,225.0,21,24,21.083333333333332,838
B_global_science,0.6,150.0,270.0,21,24,21.041666666666668,842
B_global_science,0.6,150.0,315.0,21,24,21.041666666666668,853
B_global_science,0.6,155.0,0.0,21,24,21.041666666666668,744
B_global_science,0.6,155.0,45.0,21,24,21.125,749
B_global_science,0.6,155.0,90.0,22,24,21.083333333333332,771
B_global_science,0.6,155.0,135.0,22,24,21.083333333333332,783
B_global_science,0.6,155.0,180.0,22,24,21.083333333333332,763
B_global_science,0.6,155.0,225.0,21,24,21.083333333333332,762
B_global_science,0.6,155.0,270.0,21,24,21.041666666666668,772
B_global_science,0.6,155.0,315.0,21,24,21.041666666666668,771
B_global_science,0.6,160.0,0.0,22,24,2.9583333333333335,753
B_global_science,0.6,160.0,45.0,22,24,2.9583333333333335,770
B_global_science,0.6,160.0,90.0,22,24,21.25,788
B_global_science,0.6,160.0,135.0,22,24,21.25,764
B_global_science,0.6,160.0,180.0,22,24,21.25,747
B_global_science,0.6,160.0,225.0,22,24,21.208333333333332,767
B_global_science,0.6,160.0,270.0,22,24,2.9583333333333335,782
B_global_science,0.6,160.0,315.0,22,24,2.9583333333333335,768
B_global_science,0.6,165.0,0.0,21,24,2.9583333333333335,771
B_global_science,0.6,165.0,45.0,21,24,2.9583333333333335,790
B_global_science,0.6,165.0,90.0,21,24,21.583333333333332,775
B_global_science,0.6,165.0,135.0,21,24,21.583333333333332,771
B_global_science,0.6,165.0,180.0,21,24,21.583333333333332,772
B_global_science,0.6,165.0,225.0,21,24,21.708333333333332,781
B_global_science,0.6,165.0,270.0,21,24,2.9583333333333335,779
B_global_science,0.6,165.0,315.0,21,24,2.9583333333333335,771
B_global_science,0.6,170.0,0.0,23,24,2.9583333333333335,808
B_global_science,0.6,170.0,45.0,23,24,2.9583333333333335,806
B_global_science,0.6,170.0,90.0,23,24,22.0,788
B_global_science,0.6,170.0,135.0,23,24,22.0,804
B_global_science,0.6,170.0,180.0,23,24,21.958333333333332,812
B_global_science,0.6,170.0,225.0,23,24,21.958333333333332,797
B_global_science,0.6,170.0,270.0,23,24,2.9583333333333335,792
B_global_science,0.6,170.0,315.0,23,24,2.9583333333333335,799
B_global_science,0.6,175.0,0.0,22,24,2.9583333333333335,813
B_global_science,0.6,175.0,45.0,22,24,2.9583333333333335,815
B_global_science,0.6,175.0,90.0,22,24,4.0,812
B_global_science,0.6,175.0,135.0,22,24,4.0,815
B_global_science,0.6,175.0,180.0,22,24,3.9583333333333335,818
B_global_science,0.6,175.0,225.0,22,24,3.9583333333333335,803
B_global_science,0.6,175.0,270.0,22,24,2.9583333333333335,811
B_global_science,0.6,175.0,315.0,22,24,2.9583333333333335,825
B_global_science,2.5,0.0,0.0,23,24,3.9583333333333335,874
B_global_science,2.5,0.0,45.0,23,24,3.9583333333333335,880
B_global_science,2.5,0.0,90.0,23,24,2.9583333333333335,903
B_global_science,2.5,0.0,135.0,23,24,2.9583333333333335,895
B_global_science,2.5,0.0,180.0,23,24,2.9583333333333335,872
B_global_science,2.5,0.0,225.0,23,24,2.9583333333333335,885
B_global_science,2.5,0.0,270.0,23,24,4.0,891
B_global_science,2.5,0.0,315.0,23,24,4.0,887
B_global_science,2.5,5.0,0.0,22,24,3.9583333333333335,819
B_global_science,2.5,5.0,45.0,22,24,3.9583333333333335,826
B_global_science,2.5,5.0,90.0,22,24,2.9583333333333335,831
B_global_science,2.5,5.0,135.0,22,24,2.9583333333333335,813
B_global_science,2.5,5.0,180.0,22,24,2.9583333333333335,811
B_global_science,2.5,5.0,225.0,22,24,2.9583333333333335,825
B_global_science,2.5,5.0,270.0,22,24,4.0,810
B_global_science,2.5,5.0,315.0,22,24,4.0,802
B_global_science,2.5,10.0,0.0,22,24,3.9583333333333335,847
B_global_science,2.5,10.0,45.0,22,24,3.9583333333333335,832
B_global_science,2.5,10.0,90.0,22,24,2.9583333333333335,821
B_global_science,2.5,10.0,135.0,22,24,2.9583333333333335,827
B_global_science,2.5,10.0,180.0,22,24,2.9583333333333335,833
B_global_science,2.5,10.0,225.0,22,24,2.9583333333333335,844
B_global_science,2.5,10.0,270.0,22,24,4.0,812
B_global_science,2.5,10.0,315.0,22,24,4.0,825
B_global_science,2.5,15.0,0.0,22,24,3.9583333333333335,840
B_global_science,2.5,15.0,45.0,22,24,3.9583333333333335,800
B_global_science,2.5,15.0,90.0,22,24,2.9583333333333335,820
B_global_science,2.5,15.0,135.0,22,24,2.9583333333333335,838
B_global_science,2.5,15.0,180.0,22,24,2.9583333333333335,834
B_global_science,2.5,15.0,225.0,22,24,2.9583333333333335,823
B_global_science,2.5,15.0,270.0,22,24,4.0,813
B_global_science,2.5,15.0,315.0,22,24,4.0,835
B_global_science,2.5,20.0,0.0,23,24,3.9583333333333335,896
B_global_science,2.5,20.0,45.0,23,24,3.9583333333333335,877
B_global_science,2.5,20.0,90.0,23,24,2.9583333333333335,897
B_global_science,2.5,20.0,135.0,23,24,2.9583333333333335,898
B_global_science,2.5,20.0,180.0,23,24,2.9583333333333335,883
B_global_science,2.5,20.0,225.0,23,24,2.9583333333333335,882
B_global_science,2.5,20.0,270.0,23,24,4.0,881
B_global_science,2.5,20.0,315.0,23,24,4.0,902
B_global_science,2.5,25.0,0.0,24,24,3.9583333333333335,863
B_global_science,2.5,25.0,45.0,24,24,3.9583333333333335,871
B_global_science,2.5,25.0,90.0,24,24,2.9583333333333335,888
B_global_science,2.5,25.0,135.0,24,24,2.9583333333333335,875
B_global_science,2.5,25.0,180.0,24,24,2.9583333333333335,857
B_global_science,2.5,25.0,225.0,24,24,2.9583333333333335,861
B_global_science,2.5,25.0,270.0,24,24,4.0,848
B_global_science,2.5,25.0,315.0,24,24,4.0,855
B_global_science,2.5,30.0,0.0,23,24,3.9583333333333335,879
B_global_science,2.5,30.0,45.0,23,24,3.9583333333333335,879
B_global_science,2.5,30.0,90.0,23,24,2.9583333333333335,882
B_global_science,2.5,30.0,135.0,23,24,2.9583333333333335,877
B_global_science,2.5,30.0,180.0,23,24,2.9583333333333335,885
B_global_science,2.5,30.0,225.0,23,24,2.9583333333333335,881
B_global_science,2.5,30.0,270.0,23,24,4.0,853
B_global_science,2.5,30.0,315.0,23,24,4.0,860
B_global_science,2.5,35.0,0.0,22,24,3.9583333333333335,825
B_global_science,2.5,35.0,45.0,22,24,3.9583333333333335,806
B_global_science,2.5,35.0,90.0,22,24,2.9583333333333335,813
B_global_science,2.5,35.0,135.0,22,24,2.9583333333333335,833
B_global_science,2.5,35.0,180.0,22,24,2.9583333333333335,849
B_global_science,2.5,35.0,225.0,22,24,2.9583333333333335,823
B_global_science,2.5,35.0,270.0,22,24,4.0,796
B_global_science,2.5,35.0,315.0,22,24,4.0,815
B_global_science,2.5,40.0,0.0,22,24,3.9583333333333335,804
B_global_science,2.5,40.0,45.0,22,24,3.9583333333333335,790
B_global_science,2.5,40.0,90.0,22,24,2.9583333333333335,802
B_global_science,2.5,40.0,135.0,22,24,2.9583333333333335,823
B_global_science,2.5,40.0,180.0,22,24,2.9583333333333335,824
B_global_science,2.5,40.0,225.0,22,24,2.9583333333333335,802
B_global_science,2.5,40.0,270.0,22,24,4.0,793
B_global_science,2.5,40.0,315.0,22,24,4.0,814
B_global_science,2.5,45.0,0.0,22,24,3.9583333333333335,830
B_global_science,2.5,45.0,45.0,22,24,3.9583333333333335,836
B_global_science,2.5,45.0,90.0,22,24,2.9583333333333335,860
B_global_science,2.5,45.0,135.0,22,24,2.9583333333333335,860
B_global_science,2.5,45.0,180.0,22,24,2.9583333333333335,846
B_global_science,2.5,45.0,225.0,22,24,2.9583333333333335,849
B_global_science,2.5,45.0,270.0,22,24,4.0,852
B_global_science,2.5,45.0,315.0,22,24,4.0,844
B_global_science,2.5,50.0,0.0,23,24,3.9583333333333335,888
B_global_science,2.5,50.0,45.0,23,24,3.9583333333333335,891
B_global_science,2.5,50.0,90.0,23,24,2.9583333333333335,901
B_global_science,2.5,50.0,135.0,23,24,2.9583333333333335,896
B_global_science,2.5,50.0,180.0,23,24,2.9583333333333335,896
B_global_science,2.5,50.0,225.0,23,24,2.9583333333333335,898
B_global_science,2.5,50.0,270.0,23,24,4.0,891
B_global_science,2.5,50.0,315.0,23,24,4.0,884
B_global_science,2.5,55.0,0.0,24,24,3.9583333333333335,900
B_global_science,2.5,55.0,45.0,24,24,3.9583333333333335,891
B_global_science,2.5,55.0,90.0,24,24,2.9583333333333335,897
B_global_science,2.5,55.0,135.0,24,24,2.9583333333333335,890
B_global_science,2.5,55.0,180.0,24,24,2.9583333333333335,896
B_global_science,2.5,55.0,225.0,24,24,2.9583333333333335,893
B_global_science,2.5,55.0,270.0,24,24,4.0,880
B_global_science,2.5,55.0,315.0,24,24,4.0,885
B_global_science,2.5,60.0,0.0,22,24,3.9583333333333335,867
B_global_science,2.5,60.0,45.0,22,24,3.9583333333333335,852
B_global_science,2.5,60.0,90.0,22,24,2.9583333333333335,877
B_global_science,2.5,60.0,135.0,22,24,2.9583333333333335,882
B_global_science,2.5,60.0,180.0,22,24,2.9583333333333335,873
B_global_science,2.5,60.0,225.0,22,24,2.9583333333333335,865
B_global_science,2.5,60.0,270.0,22,24,4.0,866
B_global_science,2.5,60.0,315.0,22,24,4.0,877
B_global_science,2.5,65.0,0.0,22,24,3.9583333333333335,811
B_global_science,2.5,65.0,45.0,22,24,3.9583333333333335,805
B_global_science,2.5,65.0,90.0,22,24,2.9583333333333335,841
B_global_science,2.5,65.0,135.0,22,24,2.9583333333333335,835
B_global_science,2.5,65.0,180.0,22,24,2.9583333333333335,808
B_global_science,2.5,65.0,225.0,22,24,2.9583333333333335,807
B_global_science,2.5,65.0,270.0,22,24,4.0,825
B_global_science,2.5,65.0,315.0,22,24,4.0,829
B_global_science,2.5,70.0,0.0,22,24,3.9583333333333335,795
B_global_science,2.5,70.0,45.0,22,24,3.9583333333333335,802
B_global_science,2.5,70.0,90.0,21,24,2.9583333333333335,828
B_global_science,2.5,70.0,135.0,22,24,2.9583333333333335,811
B_global_science,2.5,70.0,180.0,21,24,2.9583333333333335,792
B_global_science,2.5,70.0,225.0,21,24,2.9583333333333335,799
B_global_science,2.5,70.0,270.0,22,24,4.0,805
B_global_science,2.5,70.0,315.0,22,24,4.0,797
B_global_science,2.5,75.0,0.0,22,24,3.9583333333333335,856
B_global_science,2.5,75.0,45.0,22,24,3.9583333333333335,858
B_global_science,2.5,75.0,90.0,22,24,2.9583333333333335,865
B_global_science,2.5,75.0,135.0,22,24,2.9583333333333335,856
B_global_science,2.5,75.0,180.0,22,24,2.9583333333333335,866
B_global_science,2.5,75.0,225.0,22,24,2.9583333333333335,868
B_global_science,2.5,75.0,270.0,22,24,4.0,855
B_global_science,2.5,75.0,315.0,22,24,4.0,849
B_global_science,2.5,80.0,0.0,23,24,3.9583333333333335,900
B_global_science,2.5,80.0,45.0,23,24,3.9583333333333335,894
B_global_science,2.5,80.0,90.0,23,24,2.9583333333333335,898
B_global_science,2.5,80.0,135.0,23,24,2.9583333333333335,908
B_global_science,2.5,80.0,180.0,23,24,2.9583333333333335,908
B_global_science,2.5,80.0,225.0,23,24,2.9583333333333335,900
B_global_science,2.5,80.0,270.0,23,24,4.0,893
B_global_science,2.5,80.0,315.0,23,24,4.0,897
B_global_science,2.5,85.0,0.0,23,24,3.9583333333333335,891
B_global_science,2.5,85.0,45.0,23,24,3.9583333333333335,888
B_global_science,2.5,85.0,90.0,23,24,2.9583333333333335,914
B_global_science,2.5,85.0,135.0,23,24,2.9583333333333335,924
B_global_science,2.5,85.0,180.0,24,24,2.9583333333333335,907
B_global_science,2.5,85.0,225.0,24,24,2.9583333333333335,907
B_global_science,2.5,85.0,270.0,23,24,4.0,920
B_global_science,2.5,85.0,315.0,23,24,4.0,908
B_global_science,2.5,90.0,0.0,21,24,3.9583333333333335,861
B_global_science,2.5,90.0,45.0,21,24,3.9583333333333335,867
B_global_science,2.5,90.0,90.0,21,24,2.9583333333333335,885
B_global_science,2.5,90.0,135.0,21,24,2.9583333333333335,870
B_global_science,2.5,90.0,180.0,22,24,2.9583333333333335,864
B_global_science,2.5,90.0,225.0,22,24,2.9583333333333335,883
B_global_science,2.5,90.0,270.0,21,24,4.0,893
B_global_science,2.5,90.0,315.0,21,24,4.0,874
B_global_science,2.5,95.0,0.0,21,24,5.041666666666667,834
B_global_science,2.5,95.0,45.0,21,24,5.041666666666667,844
B_global_science,2.5,95.0,90.0,21,24,5.041666666666667,840
B_global_science,2.5,95.0,135.0,21,24,5.041666666666667,826
B_global_science,2.5,95.0,180.0,21,24,5.0,838
B_global_science,2.5,95.0,225.0,21,24,5.0,858
B_global_science,2.5,95.0,270.0,21,24,5.0,845
B_global_science,2.5,95.0,315.0,21,24,5.0,827
B_global_science,2.5,100.0,0.0,20,24,31.958333333333332,821
B_global_science,2.5,100.0,45.0,20,24,31.958333333333332,801
B_global_science,2.5,100.0,90.0,20,24,33.0,796
B_global_science,2.5,100.0,135.0,20,24,33.0,807
B_global_science,2.5,100.0,180.0,20,24,32.958333333333336,814
B_global_science,2.5,100.0,225.0,20,24,32.958333333333336,814
B_global_science,2.5,100.0,270.0,20,24,31.958333333333332,797
B_global_science,2.5,100.0,315.0,20,24,31.958333333333332,804
B_global_science,2.5,105.0,0.0,20,24,31.958333333333332,855
B_global_science,2.5,105.0,45.0,20,24,31.958333333333332,837
B_global_science,2.5,105.0,90.0,20,24,33.0,850
B_global_science,2.5,105.0,135.0,20,24,33.0,861
B_global_science,2.5,105.0,180.0,20,24,32.958333333333336,850
B_global_science,2.5,105.0,225.0,20,24,32.958333333333336,840
B_global_science,2.5,105.0,270.0,20,24,31.958333333333332,840
B_global_science,2.5,105.0,315.0,20,24,31.958333333333332,855
B_global_science,2.5,110.0,0.0,22,24,21.125,898
B_global_science,2.5,110.0,45.0,22,24,21.083333333333332,889
B_global_science,2.5,110.0,90.0,22,24,21.083333333333332,917
B_global_science,2.5,110.0,135.0,22,24,21.083333333333332,922
B_global_science,2.5,110.0,180.0,22,24,21.083333333333332,885
B_global_science,2.5,110.0,225.0,22,24,21.083333333333332,892
B_global_science,2.5,110.0,270.0,22,24,21.041666666666668,910
B_global_science,2.5,110.0,315.0,22,24,21.041666666666668,908
B_global_science,2.5,115.0,0.0,22,24,21.041666666666668,921
B_global_science,2.5,115.0,45.0,22,24,21.083333333333332,922
B_global_science,2.5,115.0,90.0,22,24,21.083333333333332,935
B_global_science,2.5,115.0,135.0,22,24,21.083333333333332,932
B_global_science,2.5,115.0,180.0,22,24,21.083333333333332,913
B_global_science,2.5,115.0,225.0,22,24,21.083333333333332,930
B_global_science,2.5,115.0,270.0,22,24,21.041666666666668,929
B_global_science,2.5,115.0,315.0,22,24,21.041666666666668,919
B_global_science,2.5,120.0,0.0,21,24,21.041666666666668,907
B_global_science,2.5,120.0,45.0,21,24,21.083333333333332,901
B_global_science,2.5,120.0,90.0,21,24,21.083333333333332,899
B_global_science,2.5,120.0,135.0,21,24,21.083333333333332,914
B_global_science,2.5,120.0,180.0,21,24,21.083333333333332,913
B_global_science,2.5,120.0,225.0,21,24,21.083333333333332,912
B_global_science,2.5,120.0,270.0,21,24,21.041666666666668,899
B_global_science,2.5,120.0,315.0,21,24,21.041666666666668,897
B_global_science,2.5,125.0,0.0,21,24,21.041666666666668,852
B_global_science,2.5,125.0,45.0,21,24,21.083333333333332,828
B_global_science,2.5,125.0,90.0,21,24,21.083333333333332,839
B_global_science,2.5,125.0,135.0,21,24,21.083333333333332,862
B_global_science,2.5,125.0,180.0,21,24,21.083333333333332,864
B_global_science,2.5,125.0,225.0,21,24,21.083333333333332,848
B_global_science,2.5,125.0,270.0,21,24,21.041666666666668,850
B_global_science,2.5,125.0,315.0,21,24,21.041666666666668,864
B_global_science,2.5,130.0,0.0,20,24,21.041666666666668,829
B_global_science,2.5,130.0,45.0,20,24,21.083333333333332,814
B_global_science,2.5,130.0,90.0,20,24,21.083333333333332,841
B_global_science,2.5,130.0,135.0,20,24,21.083333333333332,870
B_global_science,2.5,130.0,180.0,20,24,21.083333333333332,837
B_global_science,2.5,130.0,225.0,20,24,21.083333333333332,828
B_global_science,2.5,130.0,270.0,20,24,21.041666666666668,849
B_global_science,2.5,130.0,315.0,20,24,21.041666666666668,860
B_global_science,2.5,135.0,0.0,20,24,21.041666666666668,833
B_global_science,2.5,135.0,45.0,20,24,21.083333333333332,835
B_global_science,2.5,135.0,90.0,20,24,21.083333333333332,873
B_global_science,2.5,135.0,135.0,21,24,21.083333333333332,886
B_global_science,2.5,135.0,180.0,21,24,21.083333333333332,846
B_global_science,2.5,135.0,225.0,21,24,21.083333333333332,848
B_global_science,2.5,135.0,270.0,21,24,21.041666666666668,887
B_global_science,2.5,135.0,315.0,21,24,21.041666666666668,873
B_global_science,2.5,140.0,0.0,22,24,21.041666666666668,909
B_global_science,2.5,140.0,45.0,22,24,21.083333333333332,918
B_global_science,2.5,140.0,90.0,22,24,21.083333333333332,931
B_global_science,2.5,140.0,135.0,22,24,21.083333333333332,940
B_global_science,2.5,140.0,180.0,22,24,21.083333333333332,920
B_global_science,2.5,140.0,225.0,22,24,21.083333333333332,930
B_global_science,2.5,140.0,270.0,22,24,21.041666666666668,947
B_global_science,2.5,140.0,315.0,22,24,21.041666666666668,939
B_global_science,2.5,145.0,0.0,22,24,21.041666666666668,907
B_global_science,2.5,145.0,45.0,23,24,21.083333333333332,906
B_global_science,2.5,145.0,90.0,23,24,21.083333333333332,912
B_global_science,2.5,145.0,135.0,23,24,21.083333333333332,936
B_global_science,2.5,145.0,180.0,23,24,21.083333333333332,922
B_global_science,2.5,145.0,225.0,22,24,21.083333333333332,913
B_global_science,2.5,145.0,270.0,22,24,21.041666666666668,915
B_global_science,2.5,145.0,315.0,22,24,21.041666666666668,914
B_global_science,2.5,150.0,0.0,21,24,21.041666666666668,890
B_global_science,2.5,150.0,45.0,23,24,21.083333333333332,887
B_global_science,2.5,150.0,90.0,23,24,21.083333333333332,900
B_global_science,2.5,150.0,135.0,23,24,21.083333333333332,935
B_global_science,2.5,150.0,180.0,23,24,21.083333333333332,917
B_global_science,2.5,150.0,225.0,22,24,21.083333333333332,897
B_global_science,2.5,150.0,270.0,22,24,21.041666666666668,908
B_global_science,2.5,150.0,315.0,21,24,21.041666666666668,909
B_global_science,2.5,155.0,0.0,22,24,21.041666666666668,826
B_global_science,2.5,155.0,45.0,23,24,21.083333333333332,832
B_global_science,2.5,155.0,90.0,23,24,21.083333333333332,845
B_global_science,2.5,155.0,135.0,23,24,21.083333333333332,857
B_global_science,2.5,155.0,180.0,23,24,21.083333333333332,833
B_global_science,2.5,155.0,225.0,22,24,21.083333333333332,833
B_global_science,2.5,155.0,270.0,22,24,21.041666666666668,855
B_global_science,2.5,155.0,315.0,22,24,21.041666666666668,853
B_global_science,2.5,160.0,0.0,22,24,2.9583333333333335,835
B_global_science,2.5,160.0,45.0,22,24,2.9583333333333335,859
B_global_science,2.5,160.0,90.0,22,24,21.083333333333332,863
B_global_science,2.5,160.0,135.0,22,24,21.083333333333332,856
B_global_science,2.5,160.0,180.0,22,24,21.083333333333332,839
B_global_science,2.5,160.0,225.0,22,24,21.083333333333332,846
B_global_science,2.5,160.0,270.0,22,24,2.9583333333333335,865
B_global_science,2.5,160.0,315.0,22,24,2.9583333333333335,845
B_global_science,2.5,165.0,0.0,23,24,2.9583333333333335,816
B_global_science,2.5,165.0,45.0,23,24,2.9583333333333335,839
B_global_science,2.5,165.0,90.0,23,24,21.416666666666668,830
B_global_science,2.5,165.0,135.0,23,24,21.416666666666668,816
B_global_science,2.5,165.0,180.0,23,24,21.416666666666668,819
B_global_science,2.5,165.0,225.0,23,24,21.375,831
B_global_science,2.5,165.0,270.0,23,24,2.9583333333333335,829
B_global_science,2.5,165.0,315.0,23,24,2.9583333333333335,818
B_global_science,2.5,170.0,0.0,23,24,2.9583333333333335,894
B_global_science,2.5,170.0,45.0,23,24,2.9583333333333335,893
B_global_science,2.5,170.0,90.0,23,24,21.75,873
B_global_science,2.5,170.0,135.0,23,24,4.0,886
B_global_science,2.5,170.0,180.0,23,24,3.9583333333333335,900
B_global_science,2.5,170.0,225.0,23,24,3.9583333333333335,889
B_global_science,2.5,170.0,270.0,23,24,2.9583333333333335,883
B_global_science,2.5,170.0,315.0,23,24,2.9583333333333335,889
B_global_science,2.5,175.0,0.0,24,24,2.9583333333333335,866
B_global_science,2.5,175.0,45.0,24,24,2.9583333333333335,865
B_global_science,2.5,175.0,90.0,24,24,4.0,864
B_global_science,2.5,175.0,135.0,24,24,4.0,872
B_global_science,2.5,175.0,180.0,24,24,3.9583333333333335,867
B_global_science,2.5,175.0,225.0,24,24,3.9583333333333335,862
B_global_science,2.5,175.0,270.0,24,24,2.9583333333333335,875
B_global_science,2.5,175.0,315.0,23,24,2.9583333333333335,875
C_any_turkish,0.6,0.0,0.0,21,24,22.958333333333332,220
C_any_turkish,0.6,0.0,45.0,22,24,22.958333333333332,221
C_any_turkish,0.6,0.0,90.0,22,24,22.916666666666668,218
C_any_turkish,0.6,0.0,135.0,22,24,22.916666666666668,221
C_any_turkish,0.6,0.0,180.0,22,24,22.916666666666668,218
C_any_turkish,0.6,0.0,225.0,22,24,22.916666666666668,224
C_any_turkish,0.6,0.0,270.0,22,24,22.916666666666668,211
C_any_turkish,0.6,0.0,315.0,22,24,22.916666666666668,219
C_any_turkish,0.6,5.0,0.0,20,24,23.958333333333332,201
C_any_turkish,0.6,5.0,45.0,21,24,23.958333333333332,206
C_any_turkish,0.6,5.0,90.0,21,24,24.0,198
C_any_turkish,0.6,5.0,135.0,20,24,23.125,197
C_any_turkish,0.6,5.0,180.0,21,24,23.958333333333332,198
C_any_turkish,0.6,5.0,225.0,21,24,23.958333333333332,204
C_any_turkish,0.6,5.0,270.0,20,24,23.958333333333332,192
C_any_turkish,0.6,5.0,315.0,20,24,23.958333333333332,199
C_any_turkish,0.6,10.0,0.0,21,24,23.958333333333332,210
C_any_turkish,0.6,10.0,45.0,21,24,23.958333333333332,207
C_any_turkish,0.6,10.0,90.0,21,24,24.0,196
C_any_turkish,0.6,10.0,135.0,21,24,24.0,196
C_any_turkish,0.6,10.0,180.0,21,24,23.958333333333332,202
C_any_turkish,0.6,10.0,225.0,21,24,23.958333333333332,206
C_any_turkish,0.6,10.0,270.0,21,24,23.958333333333332,191
C_any_turkish,0.6,10.0,315.0,21,24,23.958333333333332,205
C_any_turkish,0.6,15.0,0.0,20,24,23.958333333333332,215
C_any_turkish,0.6,15.0,45.0,20,24,23.958333333333332,212
C_any_turkish,0.6,15.0,90.0,20,24,24.0,201
C_any_turkish,0.6,15.0,135.0,20,24,24.0,208
C_any_turkish,0.6,15.0,180.0,20,24,23.958333333333332,208
C_any_turkish,0.6,15.0,225.0,20,24,23.958333333333332,211
C_any_turkish,0.6,15.0,270.0,20,24,23.958333333333332,197
C_any_turkish,0.6,15.0,315.0,20,24,23.958333333333332,210
C_any_turkish,0.6,20.0,0.0,22,24,25.0,218
C_any_turkish,0.6,20.0,45.0,22,24,25.0,210
C_any_turkish,0.6,20.0,90.0,22,24,25.0,206
C_any_turkish,0.6,20.0,135.0,22,24,25.041666666666668,209
C_any_turkish,0.6,20.0,180.0,22,24,25.041666666666668,210
C_any_turkish,0.6,20.0,225.0,22,24,25.041666666666668,209
C_any_turkish,0.6,20.0,270.0,22,24,25.0,200
C_any_turkish,0.6,20.0,315.0,22,24,25.0,215
C_any_turkish,0.6,25.0,0.0,21,24,25.0,215
C_any_turkish,0.6,25.0,45.0,21,24,25.0,217
C_any_turkish,0.6,25.0,90.0,21,24,25.0,205
C_any_turkish,0.6,25.0,135.0,20,24,25.041666666666668,211
C_any_turkish,0.6,25.0,180.0,20,24,25.041666666666668,212
C_any_turkish,0.6,25.0,225.0,20,24,25.041666666666668,212
C_any_turkish,0.6,25.0,270.0,21,24,25.0,205
C_any_turkish,0.6,25.0,315.0,21,24,25.0,214
C_any_turkish,0.6,30.0,0.0,21,24,25.0,214
C_any_turkish,0.6,30.0,45.0,21,24,25.0,224
C_any_turkish,0.6,30.0,90.0,21,24,25.041666666666668,209
C_any_turkish,0.6,30.0,135.0,20,24,25.041666666666668,207
C_any_turkish,0.6,30.0,180.0,20,24,25.041666666666668,211
C_any_turkish,0.6,30.0,225.0,20,24,6.708333333333333,214
C_any_turkish,0.6,30.0,270.0,21,24,6.708333333333333,204
C_any_turkish,0.6,30.0,315.0,21,24,6.708333333333333,210
C_any_turkish,0.6,35.0,0.0,20,24,26.083333333333332,200
C_any_turkish,0.6,35.0,45.0,20,24,26.041666666666668,208
C_any_turkish,0.6,35.0,90.0,20,24,26.041666666666668,195
C_any_turkish,0.6,35.0,135.0,19,24,26.041666666666668,191
C_any_turkish,0.6,35.0,180.0,19,24,26.125,190
C_any_turkish,0.6,35.0,225.0,19,24,6.708333333333333,199
C_any_turkish,0.6,35.0,270.0,20,24,6.708333333333333,187
C_any_turkish,0.6,35.0,315.0,20,24,6.708333333333333,194
C_any_turkish,0.6,40.0,0.0,20,24,26.083333333333332,188
C_any_turkish,0.6,40.0,45.0,20,24,26.041666666666668,199
C_any_turkish,0.6,40.0,90.0,20,24,26.041666666666668,188
C_any_turkish,0.6,40.0,135.0,19,24,26.041666666666668,183
C_any_turkish,0.6,40.0,180.0,19,24,26.083333333333332,184
C_any_turkish,0.6,40.0,225.0,19,24,6.708333333333333,191
C_any_turkish,0.6,40.0,270.0,20,24,6.708333333333333,185
C_any_turkish,0.6,40.0,315.0,20,24,6.708333333333333,189
C_any_turkish,0.6,45.0,0.0,21,24,7.666666666666667,198
C_any_turkish,0.6,45.0,45.0,21,24,7.75,211
C_any_turkish,0.6,45.0,90.0,21,24,7.708333333333333,203
C_any_turkish,0.6,45.0,135.0,20,24,7.708333333333333,197
C_any_turkish,0.6,45.0,180.0,20,24,7.708333333333333,194
C_any_turkish,0.6,45.0,225.0,20,24,6.708333333333333,199
C_any_turkish,0.6,45.0,270.0,21,24,6.708333333333333,193
C_any_turkish,0.6,45.0,315.0,21,24,6.708333333333333,195
C_any_turkish,0.6,50.0,0.0,22,24,7.666666666666667,206
C_any_turkish,0.6,50.0,45.0,22,24,7.75,219
C_any_turkish,0.6,50.0,90.0,22,24,7.708333333333333,206
C_any_turkish,0.6,50.0,135.0,20,24,7.708333333333333,199
C_any_turkish,0.6,50.0,180.0,20,24,7.708333333333333,196
C_any_turkish,0.6,50.0,225.0,21,24,6.708333333333333,210
C_any_turkish,0.6,50.0,270.0,22,24,6.708333333333333,208
C_any_turkish,0.6,50.0,315.0,22,24,6.708333333333333,204
C_any_turkish,0.6,55.0,0.0,21,24,7.666666666666667,197
C_any_turkish,0.6,55.0,45.0,21,24,7.75,212
C_any_turkish,0.6,55.0,90.0,20,24,7.708333333333333,206
C_any_turkish,0.6,55.0,135.0,20,24,7.708333333333333,193
C_any_turkish,0.6,55.0,180.0,20,24,7.708333333333333,184
C_any_turkish,0.6,55.0,225.0,20,24,6.708333333333333,195
C_any_turkish,0.6,55.0,270.0,21,24,6.708333333333333,201
C_any_turkish,0.6,55.0,315.0,21,24,6.708333333333333,196
C_any_turkish,0.6,60.0,0.0,21,24,7.666666666666667,203
C_any_turkish,0.6,60.0,45.0,21,24,7.75,218
C_any_turkish,0.6,60.0,90.0,21,24,7.708333333333333,213
C_any_turkish,0.6,60.0,135.0,20,24,7.708333333333333,201
C_any_turkish,0.6,60.0,180.0,20,24,7.708333333333333,192
C_any_turkish,0.6,60.0,225.0,20,24,6.708333333333333,197
C_any_turkish,0.6,60.0,270.0,21,24,6.708333333333333,207
C_any_turkish,0.6,60.0,315.0,21,24,6.708333333333333,208
C_any_turkish,0.6,65.0,0.0,20,24,7.666666666666667,181
C_any_turkish,0.6,65.0,45.0,20,24,7.75,192
C_any_turkish,0.6,65.0,90.0,19,24,7.708333333333333,192
C_any_turkish,0.6,65.0,135.0,19,24,7.708333333333333,180
C_any_turkish,0.6,65.0,180.0,19,24,7.708333333333333,168
C_any_turkish,0.6,65.0,225.0,19,24,6.708333333333333,177
C_any_turkish,0.6,65.0,270.0,19,24,6.708333333333333,190
C_any_turkish,0.6,65.0,315.0,20,24,6.708333333333333,191
C_any_turkish,0.6,70.0,0.0,20,24,7.666666666666667,180
C_any_turkish,0.6,70.0,45.0,20,24,7.75,190
C_any_turkish,0.6,70.0,90.0,20,24,7.708333333333333,192
C_any_turkish,0.6,70.0,135.0,20,24,7.708333333333333,183
C_any_turkish,0.6,70.0,180.0,20,24,7.708333333333333,173
C_any_turkish,0.6,70.0,225.0,20,24,6.708333333333333,180
C_any_turkish,0.6,70.0,270.0,20,24,6.708333333333333,191
C_any_turkish,0.6,70.0,315.0,20,24,6.708333333333333,188
C_any_turkish,0.6,75.0,0.0,21,24,7.666666666666667,190
C_any_turkish,0.6,75.0,45.0,21,24,7.75,202
C_any_turkish,0.6,75.0,90.0,21,24,7.708333333333333,206
C_any_turkish,0.6,75.0,135.0,21,24,7.708333333333333,198
C_any_turkish,0.6,75.0,180.0,21,24,7.708333333333333,192
C_any_turkish,0.6,75.0,225.0,21,24,6.708333333333333,196
C_any_turkish,0.6,75.0,270.0,21,24,6.708333333333333,202
C_any_turkish,0.6,75.0,315.0,21,24,6.708333333333333,195
C_any_turkish,0.6,80.0,0.0,22,24,7.666666666666667,195
C_any_turkish,0.6,80.0,45.0,22,24,7.75,202
C_any_turkish,0.6,80.0,90.0,22,24,7.708333333333333,204
C_any_turkish,0.6,80.0,135.0,22,24,7.708333333333333,203
C_any_turkish,0.6,80.0,180.0,22,24,7.708333333333333,198
C_any_turkish,0.6,80.0,225.0,22,24,6.708333333333333,205
C_any_turkish,0.6,80.0,270.0,22,24,6.708333333333333,210
C_any_turkish,0.6,80.0,315.0,22,24,6.708333333333333,201
C_any_turkish,0.6,85.0,0.0,21,24,7.666666666666667,194
C_any_turkish,0.6,85.0,45.0,21,24,7.75,199
C_any_turkish,0.6,85.0,90.0,21,24,7.708333333333333,209
C_any_turkish,0.6,85.0,135.0,21,24,7.708333333333333,211
C_any_turkish,0.6,85.0,180.0,21,24,7.708333333333333,199
C_any_turkish,0.6,85.0,225.0,21,24,6.708333333333333,206
C_any_turkish,0.6,85.0,270.0,21,24,6.708333333333333,217
C_any_turkish,0.6,85.0,315.0,21,24,6.708333333333333,203
C_any_turkish,0.6,90.0,0.0,21,24,7.666666666666667,197
C_any_turkish,0.6,90.0,45.0,21,24,7.75,208
C_any_turkish,0.6,90.0,90.0,21,24,7.708333333333333,215
C_any_turkish,0.6,90.0,135.0,21,24,7.708333333333333,214
C_any_turkish,0.6,90.0,180.0,21,24,7.708333333333333,205
C_any_turkish,0.6,90.0,225.0,21,24,6.708333333333333,211
C_any_turkish,0.6,90.0,270.0,21,24,6.708333333333333,220
C_any_turkish,0.6,90.0,315.0,21,24,6.708333333333333,206
C_any_turkish,0.6,95.0,0.0,20,24,7.666666666666667,185
C_any_turkish,0.6,95.0,45.0,19,24,35.625,189
C_any_turkish,0.6,95.0,90.0,19,24,35.708333333333336,190
C_any_turkish,0.6,95.0,135.0,20,24,35.666666666666664,195
C_any_turkish,0.6,95.0,180.0,20,24,7.708333333333333,197
C_any_turkish,0.6,95.0,225.0,20,24,7.708333333333333,196
C_any_turkish,0.6,95.0,270.0,20,24,7.708333333333333,197
C_any_turkish,0.6,95.0,315.0,20,24,7.666666666666667,188
C_any_turkish,0.6,100.0,0.0,19,24,35.625,188
C_any_turkish,0.6,100.0,45.0,19,24,35.625,191
C_any_turkish,0.6,100.0,90.0,19,24,35.708333333333336,188
C_any_turkish,0.6,100.0,135.0,19,24,35.666666666666664,195
C_any_turkish,0.6,100.0,180.0,19,24,35.666666666666664,196
C_any_turkish,0.6,100.0,225.0,19,24,35.666666666666664,187
C_any_turkish,0.6,100.0,270.0,19,24,35.666666666666664,187
C_any_turkish,0.6,100.0,315.0,19,24,35.666666666666664,183
C_any_turkish,0.6,105.0,0.0,20,24,35.625,203
C_any_turkish,0.6,105.0,45.0,20,24,35.625,209
C_any_turkish,0.6,105.0,90.0,20,24,35.708333333333336,209
C_any_turkish,0.6,105.0,135.0,20,24,35.666666666666664,221
C_any_turkish,0.6,105.0,180.0,20,24,35.666666666666664,213
C_any_turkish,0.6,105.0,225.0,20,24,35.666666666666664,204
C_any_turkish,0.6,105.0,270.0,20,24,35.666666666666664,205
C_any_turkish,0.6,105.0,315.0,20,24,35.666666666666664,200
C_any_turkish,0.6,110.0,0.0,21,24,35.625,212
C_any_turkish,0.6,110.0,45.0,21,24,35.625,212
C_any_turkish,0.6,110.0,90.0,21,24,35.708333333333336,218
C_any_turkish,0.6,110.0,135.0,21,24,35.666666666666664,228
C_any_turkish,0.6,110.0,180.0,21,24,35.666666666666664,219
C_any_turkish,0.6,110.0,225.0,21,24,35.666666666666664,214
C_any_turkish,0.6,110.0,270.0,21,24,35.666666666666664,217
C_any_turkish,0.6,110.0,315.0,21,24,35.666666666666664,216
C_any_turkish,0.6,115.0,0.0,21,24,21.041666666666668,222
C_any_turkish,0.6,115.0,45.0,21,24,21.083333333333332,225
C_any_turkish,0.6,115.0,90.0,21,24,21.083333333333332,222
C_any_turkish,0.6,115.0,135.0,21,24,21.083333333333332,230
C_any_turkish,0.6,115.0,180.0,21,24,21.083333333333332,229
C_any_turkish,0.6,115.0,225.0,21,24,21.083333333333332,222
C_any_turkish,0.6,115.0,270.0,21,24,21.041666666666668,223
C_any_turkish,0.6,115.0,315.0,21,24,21.041666666666668,217
C_any_turkish,0.6,120.0,0.0,21,24,21.041666666666668,224
C_any_turkish,0.6,120.0,45.0,21,24,21.125,221
C_any_turkish,0.6,120.0,90.0,21,24,21.083333333333332,212
C_any_turkish,0.6,120.0,135.0,21,24,21.083333333333332,220
C_any_turkish,0.6,120.0,180.0,21,24,21.083333333333332,230
C_any_turkish,0.6,120.0,225.0,21,24,21.083333333333332,222
C_any_turkish,0.6,120.0,270.0,21,24,21.041666666666668,222
C_any_turkish,0.6,120.0,315.0,21,24,21.041666666666668,220
C_any_turkish,0.6,125.0,0.0,20,24,21.041666666666668,206
C_any_turkish,0.6,125.0,45.0,20,24,21.125,200
C_any_turkish,0.6,125.0,90.0,20,24,21.083333333333332,192
C_any_turkish,0.6,125.0,135.0,19,24,21.083333333333332,205
C_any_turkish,0.6,125.0,180.0,20,24,21.083333333333332,209
C_any_turkish,0.6,125.0,225.0,20,24,21.083333333333332,200
C_any_turkish,0.6,125.0,270.0,19,24,21.041666666666668,199
C_any_turkish,0.6,125.0,315.0,19,24,21.041666666666668,198
C_any_turkish,0.6,130.0,0.0,20,24,21.041666666666668,200
C_any_turkish,0.6,130.0,45.0,20,24,21.083333333333332,199
C_any_turkish,0.6,130.0,90.0,20,24,21.083333333333332,194
C_any_turkish,0.6,130.0,135.0,20,24,21.083333333333332,209
C_any_turkish,0.6,130.0,180.0,20,24,21.083333333333332,207
C_any_turkish,0.6,130.0,225.0,20,24,21.083333333333332,197
C_any_turkish,0.6,130.0,270.0,20,24,21.041666666666668,211
C_any_turkish,0.6,130.0,315.0,20,24,21.041666666666668,206
C_any_turkish,0.6,135.0,0.0,20,24,21.041666666666668,208
C_any_turkish,0.6,135.0,45.0,20,24,21.125,207
C_any_turkish,0.6,135.0,90.0,20,24,21.083333333333332,208
C_any_turkish,0.6,135.0,135.0,20,24,21.083333333333332,213
C_any_turkish,0.6,135.0,180.0,20,24,21.083333333333332,215
C_any_turkish,0.6,135.0,225.0,20,24,21.083333333333332,211
C_any_turkish,0.6,135.0,270.0,20,24,21.041666666666668,221
C_any_turkish,0.6,135.0,315.0,20,24,21.041666666666668,213
C_any_turkish,0.6,140.0,0.0,22,24,21.041666666666668,212
C_any_turkish,0.6,140.0,45.0,21,24,21.125,215
C_any_turkish,0.6,140.0,90.0,22,24,21.083333333333332,210
C_any_turkish,0.6,140.0,135.0,22,24,21.083333333333332,221
C_any_turkish,0.6,140.0,180.0,22,24,21.083333333333332,217
C_any_turkish,0.6,140.0,225.0,22,24,21.083333333333332,220
C_any_turkish,0.6,140.0,270.0,22,24,21.041666666666668,219
C_any_turkish,0.6,140.0,315.0,22,24,21.041666666666668,215
C_any_turkish,0.6,145.0,0.0,21,24,21.041666666666668,232
C_any_turkish,0.6,145.0,45.0,21,24,21.083333333333332,229
C_any_turkish,0.6,145.0,90.0,22,24,21.083333333333332,218
C_any_turkish,0.6,145.0,135.0,22,24,21.083333333333332,228
C_any_turkish,0.6,145.0,180.0,21,24,21.083333333333332,237
C_any_turkish,0.6,145.0,225.0,22,24,21.083333333333332,231
C_any_turkish,0.6,145.0,270.0,21,24,21.041666666666668,232
C_any_turkish,0.6,145.0,315.0,21,24,21.041666666666668,229
C_any_turkish,0.6,150.0,0.0,21,24,21.041666666666668,225
C_any_turkish,0.6,150.0,45.0,22,24,21.125,222
C_any_turkish,0.6,150.0,90.0,22,24,21.083333333333332,213
C_any_turkish,0.6,150.0,135.0,22,24,21.083333333333332,224
C_any_turkish,0.6,150.0,180.0,22,24,21.083333333333332,235
C_any_turkish,0.6,150.0,225.0,22,24,21.083333333333332,228
C_any_turkish,0.6,150.0,270.0,22,24,21.041666666666668,226
C_any_turkish,0.6,150.0,315.0,21,24,21.041666666666668,224
C_any_turkish,0.6,155.0,0.0,20,24,21.041666666666668,200
C_any_turkish,0.6,155.0,45.0,20,24,21.125,204
C_any_turkish,0.6,155.0,90.0,21,24,21.083333333333332,195
C_any_turkish,0.6,155.0,135.0,21,24,21.083333333333332,205
C_any_turkish,0.6,155.0,180.0,21,24,21.083333333333332,212
C_any_turkish,0.6,155.0,225.0,21,24,21.083333333333332,212
C_any_turkish,0.6,155.0,270.0,21,24,21.041666666666668,207
C_any_turkish,0.6,155.0,315.0,20,24,21.041666666666668,204
C_any_turkish,0.6,160.0,0.0,21,24,21.833333333333332,203
C_any_turkish,0.6,160.0,45.0,21,24,21.833333333333332,207
C_any_turkish,0.6,160.0,90.0,21,24,21.916666666666668,199
C_any_turkish,0.6,160.0,135.0,21,24,21.916666666666668,202
C_any_turkish,0.6,160.0,180.0,21,24,21.875,209
C_any_turkish,0.6,160.0,225.0,21,24,21.875,212
C_any_turkish,0.6,160.0,270.0,21,24,21.875,209
C_any_turkish,0.6,160.0,315.0,21,24,21.875,202
C_any_turkish,0.6,165.0,0.0,20,24,21.833333333333332,211
C_any_turkish,0.6,165.0,45.0,20,24,21.833333333333332,220
C_any_turkish,0.6,165.0,90.0,20,24,21.916666666666668,203
C_any_turkish,0.6,165.0,135.0,20,24,21.916666666666668,212
C_any_turkish,0.6,165.0,180.0,20,24,21.875,219
C_any_turkish,0.6,165.0,225.0,20,24,21.875,218
C_any_turkish,0.6,165.0,270.0,20,24,21.875,210
C_any_turkish,0.6,165.0,315.0,20,24,21.875,204
C_any_turkish,0.6,170.0,0.0,22,24,22.0,210
C_any_turkish,0.6,170.0,45.0,22,24,22.0,219
C_any_turkish,0.6,170.0,90.0,22,24,22.0,202
C_any_turkish,0.6,170.0,135.0,22,24,22.0,219
C_any_turkish,0.6,170.0,180.0,22,24,21.958333333333332,225
C_any_turkish,0.6,170.0,225.0,22,24,21.958333333333332,222
C_any_turkish,0.6,170.0,270.0,22,24,21.958333333333332,206
C_any_turkish,0.6,170.0,315.0,22,24,22.041666666666668,208
C_any_turkish,0.6,175.0,0.0,21,24,22.916666666666668,220
C_any_turkish,0.6,175.0,45.0,21,24,22.916666666666668,225
C_any_turkish,0.6,175.0,90.0,21,24,22.916666666666668,212
C_any_turkish,0.6,175.0,135.0,21,24,22.916666666666668,221
C_any_turkish,0.6,175.0,180.0,21,24,22.958333333333332,229
C_any_turkish,0.6,175.0,225.0,21,24,22.958333333333332,221
C_any_turkish,0.6,175.0,270.0,21,24,22.916666666666668,216
C_any_turkish,0.6,175.0,315.0,21,24,22.916666666666668,217
C_any_turkish,2.5,0.0,0.0,22,24,22.958333333333332,240
C_any_turkish,2.5,0.0,45.0,22,24,22.958333333333332,236
C_any_turkish,2.5,0.0,90.0,22,24,22.916666666666668,231
C_any_turkish,2.5,0.0,135.0,22,24,22.916666666666668,235
C_any_turkish,2.5,0.0,180.0,22,24,22.916666666666668,233
C_any_turkish,2.5,0.0,225.0,22,24,22.916666666666668,237
C_any_turkish,2.5,0.0,270.0,22,24,22.916666666666668,226
C_any_turkish,2.5,0.0,315.0,22,24,22.916666666666668,236
C_any_turkish,2.5,5.0,0.0,21,24,22.958333333333332,228
C_any_turkish,2.5,5.0,45.0,21,24,22.958333333333332,227
C_any_turkish,2.5,5.0,90.0,21,24,22.916666666666668,216
C_any_turkish,2.5,5.0,135.0,21,24,22.916666666666668,216
C_any_turkish,2.5,5.0,180.0,21,24,22.916666666666668,218
C_any_turkish,2.5,5.0,225.0,21,24,22.916666666666668,223
C_any_turkish,2.5,5.0,270.0,21,24,22.916666666666668,212
C_any_turkish,2.5,5.0,315.0,21,24,22.916666666666668,224
C_any_turkish,2.5,10.0,0.0,21,24,23.958333333333332,240
C_any_turkish,2.5,10.0,45.0,21,24,23.958333333333332,237
C_any_turkish,2.5,10.0,90.0,21,24,24.0,220
C_any_turkish,2.5,10.0,135.0,21,24,24.0,222
C_any_turkish,2.5,10.0,180.0,21,24,23.958333333333332,227
C_any_turkish,2.5,10.0,225.0,21,24,23.958333333333332,231
C_any_turkish,2.5,10.0,270.0,21,24,23.958333333333332,210
C_any_turkish,2.5,10.0,315.0,21,24,23.958333333333332,229
C_any_turkish,2.5,15.0,0.0,21,24,23.958333333333332,231
C_any_turkish,2.5,15.0,45.0,21,24,23.958333333333332,225
C_any_turkish,2.5,15.0,90.0,21,24,24.0,215
C_any_turkish,2.5,15.0,135.0,21,24,24.0,220
C_any_turkish,2.5,15.0,180.0,21,24,23.958333333333332,221
C_any_turkish,2.5,15.0,225.0,21,24,23.958333333333332,222
C_any_turkish,2.5,15.0,270.0,21,24,23.958333333333332,209
C_any_turkish,2.5,15.0,315.0,21,24,23.958333333333332,225
C_any_turkish,2.5,20.0,0.0,22,24,24.083333333333332,241
C_any_turkish,2.5,20.0,45.0,22,24,24.083333333333332,241
C_any_turkish,2.5,20.0,90.0,22,24,24.083333333333332,232
C_any_turkish,2.5,20.0,135.0,22,24,24.083333333333332,233
C_any_turkish,2.5,20.0,180.0,22,24,24.041666666666668,235
C_any_turkish,2.5,20.0,225.0,22,24,24.041666666666668,237
C_any_turkish,2.5,20.0,270.0,22,24,24.041666666666668,225
C_any_turkish,2.5,20.0,315.0,22,24,24.041666666666668,240
C_any_turkish,2.5,25.0,0.0,23,24,25.0,234
C_any_turkish,2.5,25.0,45.0,23,24,25.0,241
C_any_turkish,2.5,25.0,90.0,23,24,25.0,227
C_any_turkish,2.5,25.0,135.0,22,24,25.041666666666668,223
C_any_turkish,2.5,25.0,180.0,22,24,25.041666666666668,226
C_any_turkish,2.5,25.0,225.0,22,24,25.041666666666668,228
C_any_turkish,2.5,25.0,270.0,23,24,25.0,217
C_any_turkish,2.5,25.0,315.0,23,24,25.0,229
C_any_turkish,2.5,30.0,0.0,22,24,25.0,234
C_any_turkish,2.5,30.0,45.0,22,24,25.0,244
C_any_turkish,2.5,30.0,90.0,22,24,25.0,227
C_any_turkish,2.5,30.0,135.0,21,24,25.041666666666668,223
C_any_turkish,2.5,30.0,180.0,21,24,25.041666666666668,228
C_any_turkish,2.5,30.0,225.0,21,24,6.708333333333333,233
C_any_turkish,2.5,30.0,270.0,22,24,6.708333333333333,219
C_any_turkish,2.5,30.0,315.0,22,24,6.708333333333333,225
C_any_turkish,2.5,35.0,0.0,21,24,26.083333333333332,218
C_any_turkish,2.5,35.0,45.0,21,24,26.041666666666668,227
C_any_turkish,2.5,35.0,90.0,21,24,26.041666666666668,208
C_any_turkish,2.5,35.0,135.0,20,24,26.041666666666668,209
C_any_turkish,2.5,35.0,180.0,20,24,26.083333333333332,215
C_any_turkish,2.5,35.0,225.0,20,24,6.708333333333333,215
C_any_turkish,2.5,35.0,270.0,21,24,6.708333333333333,204
C_any_turkish,2.5,35.0,315.0,21,24,6.708333333333333,211
C_any_turkish,2.5,40.0,0.0,21,24,7.666666666666667,207
C_any_turkish,2.5,40.0,45.0,21,24,7.75,219
C_any_turkish,2.5,40.0,90.0,21,24,7.708333333333333,207
C_any_turkish,2.5,40.0,135.0,20,24,7.708333333333333,205
C_any_turkish,2.5,40.0,180.0,20,24,7.708333333333333,203
C_any_turkish,2.5,40.0,225.0,20,24,6.708333333333333,205
C_any_turkish,2.5,40.0,270.0,21,24,6.708333333333333,200
C_any_turkish,2.5,40.0,315.0,21,24,6.708333333333333,201
C_any_turkish,2.5,45.0,0.0,21,24,7.666666666666667,214
C_any_turkish,2.5,45.0,45.0,21,24,7.75,227
C_any_turkish,2.5,45.0,90.0,21,24,7.708333333333333,221
C_any_turkish,2.5,45.0,135.0,20,24,7.708333333333333,217
C_any_turkish,2.5,45.0,180.0,20,24,7.708333333333333,213
C_any_turkish,2.5,45.0,225.0,20,24,6.708333333333333,218
C_any_turkish,2.5,45.0,270.0,21,24,6.708333333333333,221
C_any_turkish,2.5,45.0,315.0,21,24,6.708333333333333,214
C_any_turkish,2.5,50.0,0.0,22,24,7.666666666666667,225
C_any_turkish,2.5,50.0,45.0,22,24,7.75,241
C_any_turkish,2.5,50.0,90.0,22,24,7.708333333333333,235
C_any_turkish,2.5,50.0,135.0,21,24,7.708333333333333,228
C_any_turkish,2.5,50.0,180.0,21,24,7.708333333333333,223
C_any_turkish,2.5,50.0,225.0,21,24,6.708333333333333,231
C_any_turkish,2.5,50.0,270.0,22,24,6.708333333333333,231
C_any_turkish,2.5,50.0,315.0,22,24,6.708333333333333,224
C_any_turkish,2.5,55.0,0.0,23,24,7.666666666666667,221
C_any_turkish,2.5,55.0,45.0,23,24,7.75,237
C_any_turkish,2.5,55.0,90.0,23,24,7.708333333333333,229
C_any_turkish,2.5,55.0,135.0,22,24,7.708333333333333,217
C_any_turkish,2.5,55.0,180.0,22,24,7.708333333333333,214
C_any_turkish,2.5,55.0,225.0,22,24,6.708333333333333,222
C_any_turkish,2.5,55.0,270.0,23,24,6.708333333333333,224
C_any_turkish,2.5,55.0,315.0,23,24,6.708333333333333,217
C_any_turkish,2.5,60.0,0.0,21,24,7.666666666666667,212
C_any_turkish,2.5,60.0,45.0,21,24,7.75,226
C_any_turkish,2.5,60.0,90.0,21,24,7.708333333333333,227
C_any_turkish,2.5,60.0,135.0,20,24,7.708333333333333,215
C_any_turkish,2.5,60.0,180.0,20,24,7.708333333333333,206
C_any_turkish,2.5,60.0,225.0,20,24,6.708333333333333,212
C_any_turkish,2.5,60.0,270.0,21,24,6.708333333333333,224
C_any_turkish,2.5,60.0,315.0,21,24,6.708333333333333,220
C_any_turkish,2.5,65.0,0.0,21,24,7.666666666666667,202
C_any_turkish,2.5,65.0,45.0,21,24,7.75,211
C_any_turkish,2.5,65.0,90.0,21,24,7.708333333333333,211
C_any_turkish,2.5,65.0,135.0,20,24,7.708333333333333,198
C_any_turkish,2.5,65.0,180.0,20,24,7.708333333333333,190
C_any_turkish,2.5,65.0,225.0,20,24,6.708333333333333,195
C_any_turkish,2.5,65.0,270.0,21,24,6.708333333333333,209
C_any_turkish,2.5,65.0,315.0,21,24,6.708333333333333,205
C_any_turkish,2.5,70.0,0.0,21,24,7.666666666666667,201
C_any_turkish,2.5,70.0,45.0,21,24,7.75,209
C_any_turkish,2.5,70.0,90.0,20,24,7.708333333333333,213
C_any_turkish,2.5,70.0,135.0,21,24,7.708333333333333,202
C_any_turkish,2.5,70.0,180.0,20,24,7.708333333333333,192
C_any_turkish,2.5,70.0,225.0,20,24,6.708333333333333,199
C_any_turkish,2.5,70.0,270.0,21,24,6.708333333333333,210
C_any_turkish,2.5,70.0,315.0,21,24,6.708333333333333,206
C_any_turkish,2.5,75.0,0.0,21,24,7.666666666666667,206
C_any_turkish,2.5,75.0,45.0,21,24,7.75,217
C_any_turkish,2.5,75.0,90.0,21,24,7.708333333333333,217
C_any_turkish,2.5,75.0,135.0,21,24,7.708333333333333,209
C_any_turkish,2.5,75.0,180.0,21,24,7.708333333333333,209
C_any_turkish,2.5,75.0,225.0,21,24,6.708333333333333,217
C_any_turkish,2.5,75.0,270.0,21,24,6.708333333333333,220
C_any_turkish,2.5,75.0,315.0,21,24,6.708333333333333,211
C_any_turkish,2.5,80.0,0.0,22,24,7.666666666666667,214
C_any_turkish,2.5,80.0,45.0,22,24,7.75,226
C_any_turkish,2.5,80.0,90.0,22,24,7.708333333333333,228
C_any_turkish,2.5,80.0,135.0,22,24,7.708333333333333,224
C_any_turkish,2.5,80.0,180.0,22,24,7.708333333333333,220
C_any_turkish,2.5,80.0,225.0,22,24,6.708333333333333,228
C_any_turkish,2.5,80.0,270.0,22,24,6.708333333333333,231
C_any_turkish,2.5,80.0,315.0,22,24,6.708333333333333,219
C_any_turkish,2.5,85.0,0.0,23,24,7.666666666666667,216
C_any_turkish,2.5,85.0,45.0,23,24,7.75,225
C_any_turkish,2.5,85.0,90.0,23,24,7.708333333333333,233
C_any_turkish,2.5,85.0,135.0,23,24,7.708333333333333,236
C_any_turkish,2.5,85.0,180.0,23,24,7.708333333333333,228
C_any_turkish,2.5,85.0,225.0,23,24,6.708333333333333,233
C_any_turkish,2.5,85.0,270.0,23,24,6.708333333333333,241
C_any_turkish,2.5,85.0,315.0,23,24,6.708333333333333,226
C_any_turkish,2.5,90.0,0.0,21,24,7.666666666666667,213
C_any_turkish,2.5,90.0,45.0,21,24,7.75,220
C_any_turkish,2.5,90.0,90.0,21,24,7.708333333333333,227
C_any_turkish,2.5,90.0,135.0,21,24,7.708333333333333,230
C_any_turkish,2.5,90.0,180.0,21,24,7.708333333333333,225
C_any_turkish,2.5,90.0,225.0,21,24,6.708333333333333,229
C_any_turkish,2.5,90.0,270.0,21,24,6.708333333333333,235
C_any_turkish,2.5,90.0,315.0,21,24,6.708333333333333,222
C_any_turkish,2.5,95.0,0.0,21,24,7.666666666666667,206
C_any_turkish,2.5,95.0,45.0,21,24,7.75,211
C_any_turkish,2.5,95.0,90.0,21,24,7.708333333333333,210
C_any_turkish,2.5,95.0,135.0,21,24,7.708333333333333,214
C_any_turkish,2.5,95.0,180.0,21,24,7.708333333333333,217
C_any_turkish,2.5,95.0,225.0,21,24,7.708333333333333,215
C_any_turkish,2.5,95.0,270.0,21,24,6.708333333333333,215
C_any_turkish,2.5,95.0,315.0,21,24,6.708333333333333,202
C_any_turkish,2.5,100.0,0.0,20,24,35.625,202
C_any_turkish,2.5,100.0,45.0,20,24,35.625,205
C_any_turkish,2.5,100.0,90.0,20,24,35.708333333333336,202
C_any_turkish,2.5,100.0,135.0,20,24,35.666666666666664,214
C_any_turkish,2.5,100.0,180.0,20,24,35.666666666666664,213
C_any_turkish,2.5,100.0,225.0,20,24,35.666666666666664,206
C_any_turkish,2.5,100.0,270.0,20,24,35.666666666666664,203
C_any_turkish,2.5,100.0,315.0,20,24,35.666666666666664,198
C_any_turkish,2.5,105.0,0.0,20,24,35.625,220
C_any_turkish,2.5,105.0,45.0,20,24,35.625,222
C_any_turkish,2.5,105.0,90.0,20,24,35.708333333333336,227
C_any_turkish,2.5,105.0,135.0,20,24,35.666666666666664,238
C_any_turkish,2.5,105.0,180.0,20,24,35.666666666666664,234
C_any_turkish,2.5,105.0,225.0,20,24,35.666666666666664,225
C_any_turkish,2.5,105.0,270.0,20,24,35.666666666666664,224
C_any_turkish,2.5,105.0,315.0,20,24,35.666666666666664,218
C_any_turkish,2.5,110.0,0.0,22,24,21.833333333333332,223
C_any_turkish,2.5,110.0,45.0,22,24,21.083333333333332,227
C_any_turkish,2.5,110.0,90.0,22,24,21.083333333333332,233
C_any_turkish,2.5,110.0,135.0,22,24,21.083333333333332,243
C_any_turkish,2.5,110.0,180.0,22,24,21.083333333333332,234
C_any_turkish,2.5,110.0,225.0,22,24,21.083333333333332,229
C_any_turkish,2.5,110.0,270.0,22,24,21.041666666666668,235
C_any_turkish,2.5,110.0,315.0,22,24,21.041666666666668,225
C_any_turkish,2.5,115.0,0.0,22,24,21.041666666666668,242
C_any_turkish,2.5,115.0,45.0,22,24,21.083333333333332,243
C_any_turkish,2.5,115.0,90.0,22,24,21.083333333333332,241
C_any_turkish,2.5,115.0,135.0,22,24,21.083333333333332,251
C_any_turkish,2.5,115.0,180.0,22,24,21.083333333333332,249
C_any_turkish,2.5,115.0,225.0,22,24,21.083333333333332,246
C_any_turkish,2.5,115.0,270.0,22,24,21.041666666666668,246
C_any_turkish,2.5,115.0,315.0,22,24,21.041666666666668,240
C_any_turkish,2.5,120.0,0.0,21,24,21.041666666666668,239
C_any_turkish,2.5,120.0,45.0,21,24,21.083333333333332,238
C_any_turkish,2.5,120.0,90.0,21,24,21.083333333333332,228
C_any_turkish,2.5,120.0,135.0,21,24,21.083333333333332,242
C_any_turkish,2.5,120.0,180.0,21,24,21.083333333333332,248
C_any_turkish,2.5,120.0,225.0,21,24,21.083333333333332,241
C_any_turkish,2.5,120.0,270.0,21,24,21.041666666666668,239
C_any_turkish,2.5,120.0,315.0,21,24,21.041666666666668,233
C_any_turkish,2.5,125.0,0.0,21,24,21.041666666666668,224
C_any_turkish,2.5,125.0,45.0,21,24,21.083333333333332,217
C_any_turkish,2.5,125.0,90.0,21,24,21.083333333333332,211
C_any_turkish,2.5,125.0,135.0,21,24,21.083333333333332,222
C_any_turkish,2.5,125.0,180.0,21,24,21.083333333333332,236
C_any_turkish,2.5,125.0,225.0,21,24,21.083333333333332,224
C_any_turkish,2.5,125.0,270.0,21,24,21.041666666666668,226
C_any_turkish,2.5,125.0,315.0,21,24,21.041666666666668,222
C_any_turkish,2.5,130.0,0.0,20,24,21.041666666666668,216
C_any_turkish,2.5,130.0,45.0,20,24,21.083333333333332,214
C_any_turkish,2.5,130.0,90.0,20,24,21.083333333333332,209
C_any_turkish,2.5,130.0,135.0,20,24,21.083333333333332,227
C_any_turkish,2.5,130.0,180.0,20,24,21.083333333333332,223
C_any_turkish,2.5,130.0,225.0,20,24,21.083333333333332,215
C_any_turkish,2.5,130.0,270.0,20,24,21.041666666666668,227
C_any_turkish,2.5,130.0,315.0,20,24,21.041666666666668,222
C_any_turkish,2.5,135.0,0.0,20,24,21.041666666666668,223
C_any_turkish,2.5,135.0,45.0,20,24,21.083333333333332,223
C_any_turkish,2.5,135.0,90.0,20,24,21.083333333333332,220
C_any_turkish,2.5,135.0,135.0,20,24,21.083333333333332,232
C_any_turkish,2.5,135.0,180.0,20,24,21.083333333333332,229
C_any_turkish,2.5,135.0,225.0,20,24,21.083333333333332,223
C_any_turkish,2.5,135.0,270.0,20,24,21.041666666666668,236
C_any_turkish,2.5,135.0,315.0,20,24,21.041666666666668,231
C_any_turkish,2.5,140.0,0.0,22,24,21.041666666666668,238
C_any_turkish,2.5,140.0,45.0,22,24,21.083333333333332,239
C_any_turkish,2.5,140.0,90.0,22,24,21.083333333333332,230
C_any_turkish,2.5,140.0,135.0,22,24,21.083333333333332,241
C_any_turkish,2.5,140.0,180.0,22,24,21.083333333333332,246
C_any_turkish,2.5,140.0,225.0,22,24,21.083333333333332,240
C_any_turkish,2.5,140.0,270.0,22,24,21.041666666666668,243
C_any_turkish,2.5,140.0,315.0,22,24,21.041666666666668,239
C_any_turkish,2.5,145.0,0.0,22,24,21.041666666666668,240
C_any_turkish,2.5,145.0,45.0,23,24,21.083333333333332,243
C_any_turkish,2.5,145.0,90.0,23,24,21.083333333333332,230
C_any_turkish,2.5,145.0,135.0,23,24,21.083333333333332,241
C_any_turkish,2.5,145.0,180.0,23,24,21.083333333333332,248
C_any_turkish,2.5,145.0,225.0,23,24,21.083333333333332,246
C_any_turkish,2.5,145.0,270.0,23,24,21.041666666666668,242
C_any_turkish,2.5,145.0,315.0,22,24,21.041666666666668,237
C_any_turkish,2.5,150.0,0.0,21,24,21.041666666666668,236
C_any_turkish,2.5,150.0,45.0,22,24,21.083333333333332,243
C_any_turkish,2.5,150.0,90.0,22,24,21.083333333333332,228
C_any_turkish,2.5,150.0,135.0,22,24,21.083333333333332,243
C_any_turkish,2.5,150.0,180.0,22,24,21.083333333333332,251
C_any_turkish,2.5,150.0,225.0,22,24,21.083333333333332,248
C_any_turkish,2.5,150.0,270.0,22,24,21.041666666666668,243
C_any_turkish,2.5,150.0,315.0,21,24,21.041666666666668,238
C_any_turkish,2.5,155.0,0.0,21,24,21.041666666666668,220
C_any_turkish,2.5,155.0,45.0,22,24,21.083333333333332,225
C_any_turkish,2.5,155.0,90.0,22,24,21.083333333333332,218
C_any_turkish,2.5,155.0,135.0,22,24,21.083333333333332,227
C_any_turkish,2.5,155.0,180.0,22,24,21.083333333333332,233
C_any_turkish,2.5,155.0,225.0,22,24,21.083333333333332,231
C_any_turkish,2.5,155.0,270.0,22,24,21.041666666666668,231
C_any_turkish,2.5,155.0,315.0,21,24,21.041666666666668,220
C_any_turkish,2.5,160.0,0.0,21,24,21.041666666666668,224
C_any_turkish,2.5,160.0,45.0,21,24,21.083333333333332,231
C_any_turkish,2.5,160.0,90.0,21,24,21.083333333333332,216
C_any_turkish,2.5,160.0,135.0,21,24,21.083333333333332,228
C_any_turkish,2.5,160.0,180.0,21,24,21.083333333333332,232
C_any_turkish,2.5,160.0,225.0,21,24,21.083333333333332,233
C_any_turkish,2.5,160.0,270.0,21,24,21.041666666666668,230
C_any_turkish,2.5,160.0,315.0,21,24,21.041666666666668,224
C_any_turkish,2.5,165.0,0.0,22,24,21.833333333333332,220
C_any_turkish,2.5,165.0,45.0,22,24,21.833333333333332,232
C_any_turkish,2.5,165.0,90.0,22,24,21.916666666666668,210
C_any_turkish,2.5,165.0,135.0,22,24,21.916666666666668,218
C_any_turkish,2.5,165.0,180.0,21,24,21.875,230
C_any_turkish,2.5,165.0,225.0,22,24,21.875,233
C_any_turkish,2.5,165.0,270.0,22,24,21.875,223
C_any_turkish,2.5,165.0,315.0,22,24,21.875,213
C_any_turkish,2.5,170.0,0.0,22,24,21.833333333333332,242
C_any_turkish,2.5,170.0,45.0,22,24,21.875,248
C_any_turkish,2.5,170.0,90.0,22,24,21.916666666666668,231
C_any_turkish,2.5,170.0,135.0,22,24,21.916666666666668,238
C_any_turkish,2.5,170.0,180.0,22,24,21.875,253
C_any_turkish,2.5,170.0,225.0,22,24,21.875,250
C_any_turkish,2.5,170.0,270.0,22,24,21.875,240
C_any_turkish,2.5,170.0,315.0,22,24,21.875,235
C_any_turkish,2.5,175.0,0.0,23,24,22.916666666666668,232
C_any_turkish,2.5,175.0,45.0,23,24,22.916666666666668,237
C_any_turkish,2.5,175.0,90.0,23,24,22.916666666666668,222
C_any_turkish,2.5,175.0,135.0,23,24,22.916666666666668,235
C_any_turkish,2.5,175.0,180.0,22,24,22.958333333333332,240
C_any_turkish,2.5,175.0,225.0,23,24,22.958333333333332,237
C_any_turkish,2.5,175.0,270.0,22,24,22.916666666666668,232
C_any_turkish,2.5,175.0,315.0,22,24,22.916666666666668,229
P_plume_global,0.6,0.0,0.0,6,24,79.70833333333333,231
P_plume_global,0.6,0.0,45.0,6,24,79.70833333333333,232
P_plume_global,0.6,0.0,90.0,6,24,79.70833333333333,237
P_plume_global,0.6,0.0,135.0,6,24,79.79166666666667,237
P_plume_global,0.6,0.0,180.0,6,24,79.75,228
P_plume_global,0.6,0.0,225.0,6,24,79.75,231
P_plume_global,0.6,0.0,270.0,6,24,79.75,235
P_plume_global,0.6,0.0,315.0,6,24,79.75,235
P_plume_global,0.6,5.0,0.0,4,24,82.08333333333333,129
P_plume_global,0.6,5.0,45.0,4,24,82.08333333333333,129
P_plume_global,0.6,5.0,90.0,4,24,81.41666666666667,127
P_plume_global,0.6,5.0,135.0,4,24,82.45833333333333,125
P_plume_global,0.6,5.0,180.0,4,24,82.45833333333333,128
P_plume_global,0.6,5.0,225.0,4,24,82.125,131
P_plume_global,0.6,5.0,270.0,4,24,82.125,125
P_plume_global,0.6,5.0,315.0,4,24,82.08333333333333,125
P_plume_global,0.6,10.0,0.0,4,24,463.9166666666667,126
P_plume_global,0.6,10.0,45.0,4,24,463.9166666666667,122
P_plume_global,0.6,10.0,90.0,4,24,463.9166666666667,131
P_plume_global,0.6,10.0,135.0,4,24,463.9166666666667,130
P_plume_global,0.6,10.0,180.0,4,24,463.875,130
P_plume_global,0.6,10.0,225.0,4,24,463.875,138
P_plume_global,0.6,10.0,270.0,4,24,463.875,136
P_plume_global,0.6,10.0,315.0,4,24,463.875,121
P_plume_global,0.6,15.0,0.0,4,24,286.5833333333333,148
P_plume_global,0.6,15.0,45.0,4,24,286.625,148
P_plume_global,0.6,15.0,90.0,4,24,286.7083333333333,153
P_plume_global,0.6,15.0,135.0,4,24,286.7083333333333,158
P_plume_global,0.6,15.0,180.0,4,24,286.6666666666667,163
P_plume_global,0.6,15.0,225.0,4,24,286.5833333333333,161
P_plume_global,0.6,15.0,270.0,5,24,286.5833333333333,159
P_plume_global,0.6,15.0,315.0,5,24,286.5833333333333,161
P_plume_global,0.6,20.0,0.0,6,24,109.08333333333333,231
P_plume_global,0.6,20.0,45.0,6,24,109.08333333333333,227
P_plume_global,0.6,20.0,90.0,6,24,109.08333333333333,247
P_plume_global,0.6,20.0,135.0,6,24,109.04166666666667,249
P_plume_global,0.6,20.0,180.0,6,24,109.04166666666667,236
P_plume_global,0.6,20.0,225.0,6,24,109.04166666666667,232
P_plume_global,0.6,20.0,270.0,6,24,109.04166666666667,242
P_plume_global,0.6,20.0,315.0,6,24,109.04166666666667,238
P_plume_global,0.6,25.0,0.0,8,24,109.08333333333333,222
P_plume_global,0.6,25.0,45.0,8,24,109.08333333333333,225
P_plume_global,0.6,25.0,90.0,8,24,109.08333333333333,236
P_plume_global,0.6,25.0,135.0,8,24,109.04166666666667,235
P_plume_global,0.6,25.0,180.0,8,24,109.04166666666667,230
P_plume_global,0.6,25.0,225.0,8,24,109.04166666666667,225
P_plume_global,0.6,25.0,270.0,7,24,109.04166666666667,219
P_plume_global,0.6,25.0,315.0,7,24,109.04166666666667,219
P_plume_global,0.6,30.0,0.0,6,24,109.08333333333333,220
P_plume_global,0.6,30.0,45.0,6,24,109.08333333333333,209
P_plume_global,0.6,30.0,90.0,6,24,109.08333333333333,212
P_plume_global,0.6,30.0,135.0,6,24,109.04166666666667,210
P_plume_global,0.6,30.0,180.0,6,24,109.04166666666667,216
P_plume_global,0.6,30.0,225.0,6,24,109.04166666666667,206
P_plume_global,0.6,30.0,270.0,6,24,109.125,205
P_plume_global,0.6,30.0,315.0,6,24,109.08333333333333,206
P_plume_global,0.6,35.0,0.0,4,24,113.25,114
P_plume_global,0.6,35.0,45.0,4,24,113.25,104
P_plume_global,0.6,35.0,90.0,4,24,113.25,112
P_plume_global,0.6,35.0,135.0,4,24,112.33333333333333,118
P_plume_global,0.6,35.0,180.0,4,24,112.33333333333333,119
P_plume_global,0.6,35.0,225.0,4,24,112.29166666666667,99
P_plume_global,0.6,35.0,270.0,3,24,125.0,112
P_plume_global,0.6,35.0,315.0,4,24,112.625,115
P_plume_global,0.6,40.0,0.0,4,24,493.2083333333333,79
P_plume_global,0.6,40.0,45.0,4,24,493.2083333333333,76
P_plume_global,0.6,40.0,90.0,4,24,493.2916666666667,77
P_plume_global,0.6,40.0,135.0,4,24,493.25,80
P_plume_global,0.6,40.0,180.0,4,24,493.25,79
P_plume_global,0.6,40.0,225.0,4,24,493.25,82
P_plume_global,0.6,40.0,270.0,4,24,493.25,81
P_plume_global,0.6,40.0,315.0,4,24,493.2083333333333,78
P_plume_global,0.6,45.0,0.0,4,24,316.3333333333333,188
P_plume_global,0.6,45.0,45.0,4,24,316.3333333333333,179
P_plume_global,0.6,45.0,90.0,4,24,316.2916666666667,169
P_plume_global,0.6,45.0,135.0,4,24,316.2916666666667,177
P_plume_global,0.6,45.0,180.0,4,24,316.2916666666667,174
P_plume_global,0.6,45.0,225.0,4,24,316.2916666666667,179
P_plume_global,0.6,45.0,270.0,4,24,316.2916666666667,180
P_plume_global,0.6,45.0,315.0,4,24,316.3333333333333,187
P_plume_global,0.6,50.0,0.0,6,24,138.45833333333334,225
P_plume_global,0.6,50.0,45.0,6,24,138.45833333333334,236
P_plume_global,0.6,50.0,90.0,6,24,138.41666666666666,229
P_plume_global,0.6,50.0,135.0,6,24,138.41666666666666,226
P_plume_global,0.6,50.0,180.0,6,24,138.41666666666666,222
P_plume_global,0.6,50.0,225.0,6,24,138.5,231
P_plume_global,0.6,50.0,270.0,6,24,138.45833333333334,226
P_plume_global,0.6,50.0,315.0,6,24,138.45833333333334,227
P_plume_global,0.6,55.0,0.0,7,24,138.45833333333334,221
P_plume_global,0.6,55.0,45.0,7,24,138.45833333333334,230
P_plume_global,0.6,55.0,90.0,7,24,138.41666666666666,229
P_plume_global,0.6,55.0,135.0,7,24,138.45833333333334,231
P_plume_global,0.6,55.0,180.0,7,24,138.41666666666666,227
P_plume_global,0.6,55.0,225.0,7,24,138.5,232
P_plume_global,0.6,55.0,270.0,7,24,138.45833333333334,236
P_plume_global,0.6,55.0,315.0,7,24,138.45833333333334,233
P_plume_global,0.6,60.0,0.0,4,24,138.625,193
P_plume_global,0.6,60.0,45.0,4,24,138.625,185
P_plume_global,0.6,60.0,90.0,5,24,138.5,195
P_plume_global,0.6,60.0,135.0,5,24,138.66666666666666,190
P_plume_global,0.6,60.0,180.0,4,24,138.66666666666666,195
P_plume_global,0.6,60.0,225.0,4,24,138.66666666666666,191
P_plume_global,0.6,60.0,270.0,4,24,138.625,205
P_plume_global,0.6,60.0,315.0,4,24,138.625,191
P_plume_global,0.6,65.0,0.0,3,24,155.54166666666666,92
P_plume_global,0.6,65.0,45.0,3,24,155.54166666666666,89
P_plume_global,0.6,65.0,90.0,3,24,155.5,96
P_plume_global,0.6,65.0,135.0,3,24,155.58333333333334,98
P_plume_global,0.6,65.0,180.0,4,24,143.66666666666666,97
P_plume_global,0.6,65.0,225.0,3,24,155.54166666666666,91
P_plume_global,0.6,65.0,270.0,3,24,155.54166666666666,102
P_plume_global,0.6,65.0,315.0,3,24,155.54166666666666,98
P_plume_global,0.6,70.0,0.0,3,24,358.0,61
P_plume_global,0.6,70.0,45.0,4,24,358.0,63
P_plume_global,0.6,70.0,90.0,4,24,358.0,66
P_plume_global,0.6,70.0,135.0,3,24,357.9583333333333,70
P_plume_global,0.6,70.0,180.0,4,24,357.9583333333333,63
P_plume_global,0.6,70.0,225.0,3,24,357.9583333333333,59
P_plume_global,0.6,70.0,270.0,3,24,359.0,66
P_plume_global,0.6,70.0,315.0,4,24,356.9583333333333,64
P_plume_global,0.6,75.0,0.0,4,24,345.9583333333333,201
P_plume_global,0.6,75.0,45.0,4,24,345.9583333333333,200
P_plume_global,0.6,75.0,90.0,4,24,345.9583333333333,200
P_plume_global,0.6,75.0,135.0,4,24,346.0,207
P_plume_global,0.6,75.0,180.0,4,24,345.9583333333333,198
P_plume_global,0.6,75.0,225.0,4,24,345.9583333333333,202
P_plume_global,0.6,75.0,270.0,4,24,345.9583333333333,195
P_plume_global,0.6,75.0,315.0,4,24,345.9583333333333,203
P_plume_global,0.6,80.0,0.0,7,24,3.9583333333333335,222
P_plume_global,0.6,80.0,45.0,7,24,3.0,227
P_plume_global,0.6,80.0,90.0,7,24,2.9583333333333335,223
P_plume_global,0.6,80.0,135.0,7,24,2.9583333333333335,227
P_plume_global,0.6,80.0,180.0,7,24,4.0,225
P_plume_global,0.6,80.0,225.0,7,24,4.0,227
P_plume_global,0.6,80.0,270.0,7,24,4.0,214
P_plume_global,0.6,80.0,315.0,7,24,4.0,223
P_plume_global,0.6,85.0,0.0,7,24,3.9583333333333335,232
P_plume_global,0.6,85.0,45.0,7,24,3.0,231
P_plume_global,0.6,85.0,90.0,8,24,2.9583333333333335,227
P_plume_global,0.6,85.0,135.0,7,24,2.9583333333333335,220
P_plume_global,0.6,85.0,180.0,7,24,2.9583333333333335,230
P_plume_global,0.6,85.0,225.0,7,24,2.9583333333333335,229
P_plume_global,0.6,85.0,270.0,7,24,2.9583333333333335,224
P_plume_global,0.6,85.0,315.0,7,24,4.0,221
P_plume_global,0.6,90.0,0.0,4,24,3.9583333333333335,191
P_plume_global,0.6,90.0,45.0,4,24,3.0,191
P_plume_global,0.6,90.0,90.0,4,24,2.9583333333333335,197
P_plume_global,0.6,90.0,135.0,4,24,2.9583333333333335,190
P_plume_global,0.6,90.0,180.0,4,24,2.9583333333333335,194
P_plume_global,0.6,90.0,225.0,4,24,2.9583333333333335,182
P_plume_global,0.6,90.0,270.0,4,24,2.9583333333333335,192
P_plume_global,0.6,90.0,315.0,4,24,4.0,185
P_plume_global,0.6,95.0,0.0,3,24,5.0,67
P_plume_global,0.6,95.0,45.0,3,24,5.708333333333333,69
P_plume_global,0.6,95.0,90.0,3,24,5.708333333333333,73
P_plume_global,0.6,95.0,135.0,3,24,5.833333333333333,72
P_plume_global,0.6,95.0,180.0,3,24,5.041666666666667,67
P_plume_global,0.6,95.0,225.0,3,24,5.0,71
P_plume_global,0.6,95.0,270.0,3,24,5.0,70
P_plume_global,0.6,95.0,315.0,3,24,5.0,65
P_plume_global,0.6,100.0,0.0,2,24,375.5416666666667,28
P_plume_global,0.6,100.0,45.0,2,24,375.625,23
P_plume_global,0.6,100.0,90.0,2,24,375.625,28
P_plume_global,0.6,100.0,135.0,2,24,375.5833333333333,31
P_plume_global,0.6,100.0,180.0,2,24,375.5833333333333,25
P_plume_global,0.6,100.0,225.0,2,24,375.5833333333333,24
P_plume_global,0.6,100.0,270.0,2,24,375.5833333333333,29
P_plume_global,0.6,100.0,315.0,2,24,375.5416666666667,27
P_plume_global,0.6,105.0,0.0,2,24,375.5833333333333,89
P_plume_global,0.6,105.0,45.0,2,24,375.5416666666667,87
P_plume_global,0.6,105.0,90.0,2,24,375.625,93
P_plume_global,0.6,105.0,135.0,2,24,375.5833333333333,101
P_plume_global,0.6,105.0,180.0,2,24,375.5833333333333,94
P_plume_global,0.6,105.0,225.0,2,24,375.5833333333333,90
P_plume_global,0.6,105.0,270.0,2,24,375.5833333333333,96
P_plume_global,0.6,105.0,315.0,2,24,375.5416666666667,96
P_plume_global,0.6,110.0,0.0,6,24,21.125,161
P_plume_global,0.6,110.0,45.0,6,24,21.083333333333332,148
P_plume_global,0.6,110.0,90.0,6,24,21.083333333333332,145
P_plume_global,0.6,110.0,135.0,6,24,21.083333333333332,159
P_plume_global,0.6,110.0,180.0,6,24,21.083333333333332,164
P_plume_global,0.6,110.0,225.0,6,24,21.041666666666668,155
P_plume_global,0.6,110.0,270.0,6,24,21.041666666666668,153
P_plume_global,0.6,110.0,315.0,6,24,21.041666666666668,155
P_plume_global,0.6,115.0,0.0,6,24,21.041666666666668,213
P_plume_global,0.6,115.0,45.0,6,24,21.041666666666668,203
P_plume_global,0.6,115.0,90.0,6,24,21.083333333333332,205
P_plume_global,0.6,115.0,135.0,6,24,21.083333333333332,205
P_plume_global,0.6,115.0,180.0,6,24,21.083333333333332,219
P_plume_global,0.6,115.0,225.0,6,24,21.041666666666668,209
P_plume_global,0.6,115.0,270.0,6,24,21.041666666666668,206
P_plume_global,0.6,115.0,315.0,6,24,21.041666666666668,204
P_plume_global,0.6,120.0,0.0,4,24,21.041666666666668,184
P_plume_global,0.6,120.0,45.0,4,24,21.041666666666668,172
P_plume_global,0.6,120.0,90.0,4,24,21.125,179
P_plume_global,0.6,120.0,135.0,4,24,21.125,178
P_plume_global,0.6,120.0,180.0,4,24,21.083333333333332,191
P_plume_global,0.6,120.0,225.0,4,24,21.083333333333332,185
P_plume_global,0.6,120.0,270.0,4,24,21.083333333333332,179
P_plume_global,0.6,120.0,315.0,4,24,21.083333333333332,177
P_plume_global,0.6,125.0,0.0,4,24,22.916666666666668,65
P_plume_global,0.6,125.0,45.0,3,24,22.916666666666668,60
P_plume_global,0.6,125.0,90.0,4,24,21.916666666666668,61
P_plume_global,0.6,125.0,135.0,4,24,21.916666666666668,63
P_plume_global,0.6,125.0,180.0,3,24,21.916666666666668,71
P_plume_global,0.6,125.0,225.0,4,24,21.916666666666668,70
P_plume_global,0.6,125.0,270.0,4,24,22.958333333333332,64
P_plume_global,0.6,125.0,315.0,4,24,22.958333333333332,61
P_plume_global,0.6,130.0,0.0,2,24,405.0833333333333,56
P_plume_global,0.6,130.0,45.0,2,24,405.0833333333333,54
P_plume_global,0.6,130.0,90.0,2,24,405.0416666666667,58
P_plume_global,0.6,130.0,135.0,2,24,405.0416666666667,53
P_plume_global,0.6,130.0,180.0,2,24,405.0416666666667,58
P_plume_global,0.6,130.0,225.0,2,24,405.125,61
P_plume_global,0.6,130.0,270.0,2,24,405.0833333333333,61
P_plume_global,0.6,130.0,315.0,2,24,405.0833333333333,56
P_plume_global,0.6,135.0,0.0,4,24,227.20833333333334,112
P_plume_global,0.6,135.0,45.0,4,24,227.20833333333334,116
P_plume_global,0.6,135.0,90.0,4,24,227.16666666666666,114
P_plume_global,0.6,135.0,135.0,3,24,240.70833333333334,104
P_plume_global,0.6,135.0,180.0,4,24,227.58333333333334,105
P_plume_global,0.6,135.0,225.0,3,24,227.16666666666666,114
P_plume_global,0.6,135.0,270.0,3,24,227.125,117
P_plume_global,0.6,135.0,315.0,3,24,227.20833333333334,110
P_plume_global,0.6,140.0,0.0,6,24,50.375,203
P_plume_global,0.6,140.0,45.0,6,24,50.375,193
P_plume_global,0.6,140.0,90.0,6,24,50.375,201
P_plume_global,0.6,140.0,135.0,6,24,50.375,195
P_plume_global,0.6,140.0,180.0,6,24,50.416666666666664,204
P_plume_global,0.6,140.0,225.0,6,24,50.416666666666664,205
P_plume_global,0.6,140.0,270.0,6,24,50.416666666666664,208
P_plume_global,0.6,140.0,315.0,6,24,50.416666666666664,204
P_plume_global,0.6,145.0,0.0,6,24,50.375,225
P_plume_global,0.6,145.0,45.0,6,24,50.375,222
P_plume_global,0.6,145.0,90.0,6,24,50.375,219
P_plume_global,0.6,145.0,135.0,6,24,50.375,218
P_plume_global,0.6,145.0,180.0,6,24,50.375,228
P_plume_global,0.6,145.0,225.0,6,24,50.416666666666664,212
P_plume_global,0.6,145.0,270.0,6,24,50.416666666666664,230
P_plume_global,0.6,145.0,315.0,6,24,50.416666666666664,224
P_plume_global,0.6,150.0,0.0,6,24,50.416666666666664,190
P_plume_global,0.6,150.0,45.0,6,24,50.416666666666664,198
P_plume_global,0.6,150.0,90.0,6,24,50.416666666666664,199
P_plume_global,0.6,150.0,135.0,6,24,50.375,219
P_plume_global,0.6,150.0,180.0,6,24,50.375,206
P_plume_global,0.6,150.0,225.0,6,24,50.458333333333336,202
P_plume_global,0.6,150.0,270.0,6,24,50.458333333333336,203
P_plume_global,0.6,150.0,315.0,5,24,50.416666666666664,204
P_plume_global,0.6,155.0,0.0,6,24,52.791666666666664,110
P_plume_global,0.6,155.0,45.0,6,24,52.208333333333336,111
P_plume_global,0.6,155.0,90.0,6,24,52.208333333333336,113
P_plume_global,0.6,155.0,135.0,6,24,51.875,115
P_plume_global,0.6,155.0,180.0,6,24,51.833333333333336,112
P_plume_global,0.6,155.0,225.0,6,24,51.5,115
P_plume_global,0.6,155.0,270.0,6,24,51.5,112
P_plume_global,0.6,155.0,315.0,6,24,52.166666666666664,112
P_plume_global,0.6,160.0,0.0,4,24,434.5416666666667,126
P_plume_global,0.6,160.0,45.0,4,24,434.5,138
P_plume_global,0.6,160.0,90.0,4,24,434.5,138
P_plume_global,0.6,160.0,135.0,4,24,434.5,124
P_plume_global,0.6,160.0,180.0,4,24,434.5,134
P_plume_global,0.6,160.0,225.0,4,24,434.625,127
P_plume_global,0.6,160.0,270.0,4,24,434.625,125
P_plume_global,0.6,160.0,315.0,4,24,434.625,117
P_plume_global,0.6,165.0,0.0,6,24,257.0,150
P_plume_global,0.6,165.0,45.0,6,24,256.9583333333333,151
P_plume_global,0.6,165.0,90.0,6,24,256.9583333333333,146
P_plume_global,0.6,165.0,135.0,6,24,256.9583333333333,144
P_plume_global,0.6,165.0,180.0,6,24,257.0,161
P_plume_global,0.6,165.0,225.0,6,24,257.0,155
P_plume_global,0.6,165.0,270.0,6,24,257.0,144
P_plume_global,0.6,165.0,315.0,6,24,257.0,147
P_plume_global,0.6,170.0,0.0,6,24,79.70833333333333,226
P_plume_global,0.6,170.0,45.0,6,24,79.70833333333333,234
P_plume_global,0.6,170.0,90.0,6,24,79.75,222
P_plume_global,0.6,170.0,135.0,6,24,79.75,226
P_plume_global,0.6,170.0,180.0,6,24,79.70833333333333,229
P_plume_global,0.6,170.0,225.0,6,24,79.70833333333333,231
P_plume_global,0.6,170.0,270.0,6,24,79.70833333333333,214
P_plume_global,0.6,170.0,315.0,6,24,79.70833333333333,225
P_plume_global,0.6,175.0,0.0,8,24,79.70833333333333,236
P_plume_global,0.6,175.0,45.0,8,24,79.70833333333333,233
P_plume_global,0.6,175.0,90.0,8,24,79.75,230
P_plume_global,0.6,175.0,135.0,8,24,79.75,239
P_plume_global,0.6,175.0,180.0,8,24,79.70833333333333,238
P_plume_global,0.6,175.0,225.0,8,24,79.70833333333333,237
P_plume_global,0.6,175.0,270.0,8,24,79.70833333333333,229
P_plume_global,0.6,175.0,315.0,7,24,79.70833333333333,232
P_plume_global,2.5,0.0,0.0,8,24,79.70833333333333,309
P_plume_global,2.5,0.0,45.0,8,24,79.70833333333333,310
P_plume_global,2.5,0.0,90.0,8,24,79.70833333333333,309
P_plume_global,2.5,0.0,135.0,8,24,79.70833333333333,309
P_plume_global,2.5,0.0,180.0,8,24,79.70833333333333,309
P_plume_global,2.5,0.0,225.0,8,24,79.70833333333333,311
P_plume_global,2.5,0.0,270.0,8,24,79.75,310
P_plume_global,2.5,0.0,315.0,8,24,79.75,307
P_plume_global,2.5,5.0,0.0,8,24,79.70833333333333,248
P_plume_global,2.5,5.0,45.0,8,24,79.70833333333333,255
P_plume_global,2.5,5.0,90.0,8,24,79.70833333333333,254
P_plume_global,2.5,5.0,135.0,8,24,79.79166666666667,256
P_plume_global,2.5,5.0,180.0,8,24,79.75,253
P_plume_global,2.5,5.0,225.0,8,24,79.91666666666667,255
P_plume_global,2.5,5.0,270.0,8,24,79.91666666666667,243
P_plume_global,2.5,5.0,315.0,8,24,79.75,250
P_plume_global,2.5,10.0,0.0,8,24,83.16666666666667,230
P_plume_global,2.5,10.0,45.0,8,24,83.125,224
P_plume_global,2.5,10.0,90.0,8,24,84.125,223
P_plume_global,2.5,10.0,135.0,7,24,96.16666666666667,230
P_plume_global,2.5,10.0,180.0,6,24,95.83333333333333,226
P_plume_global,2.5,10.0,225.0,8,24,84.08333333333333,236
P_plume_global,2.5,10.0,270.0,7,24,83.16666666666667,229
P_plume_global,2.5,10.0,315.0,8,24,83.16666666666667,232
P_plume_global,2.5,15.0,0.0,8,24,109.125,258
P_plume_global,2.5,15.0,45.0,8,24,109.08333333333333,254
P_plume_global,2.5,15.0,90.0,8,24,109.08333333333333,261
P_plume_global,2.5,15.0,135.0,8,24,109.08333333333333,272
P_plume_global,2.5,15.0,180.0,8,24,109.08333333333333,259
P_plume_global,2.5,15.0,225.0,7,24,109.04166666666667,258
P_plume_global,2.5,15.0,270.0,7,24,109.04166666666667,252
P_plume_global,2.5,15.0,315.0,7,24,109.04166666666667,256
P_plume_global,2.5,20.0,0.0,7,24,109.08333333333333,322
P_plume_global,2.5,20.0,45.0,7,24,109.08333333333333,323
P_plume_global,2.5,20.0,90.0,7,24,109.08333333333333,334
P_plume_global,2.5,20.0,135.0,7,24,109.04166666666667,342
P_plume_global,2.5,20.0,180.0,7,24,109.04166666666667,333
P_plume_global,2.5,20.0,225.0,7,24,109.04166666666667,336
P_plume_global,2.5,20.0,270.0,6,24,109.04166666666667,335
P_plume_global,2.5,20.0,315.0,7,24,109.04166666666667,337
P_plume_global,2.5,25.0,0.0,8,24,109.08333333333333,373
P_plume_global,2.5,25.0,45.0,8,24,109.08333333333333,362
P_plume_global,2.5,25.0,90.0,8,24,109.08333333333333,387
P_plume_global,2.5,25.0,135.0,8,24,109.04166666666667,387
P_plume_global,2.5,25.0,180.0,8,24,109.04166666666667,372
P_plume_global,2.5,25.0,225.0,8,24,109.04166666666667,361
P_plume_global,2.5,25.0,270.0,8,24,109.04166666666667,374
P_plume_global,2.5,25.0,315.0,8,24,109.04166666666667,366
P_plume_global,2.5,30.0,0.0,6,24,109.08333333333333,299
P_plume_global,2.5,30.0,45.0,6,24,109.08333333333333,291
P_plume_global,2.5,30.0,90.0,6,24,109.08333333333333,306
P_plume_global,2.5,30.0,135.0,6,24,109.04166666666667,307
P_plume_global,2.5,30.0,180.0,6,24,109.04166666666667,300
P_plume_global,2.5,30.0,225.0,6,24,109.04166666666667,293
P_plume_global,2.5,30.0,270.0,7,24,109.04166666666667,295
P_plume_global,2.5,30.0,315.0,7,24,109.04166666666667,298
P_plume_global,2.5,35.0,0.0,7,24,109.16666666666667,218
P_plume_global,2.5,35.0,45.0,6,24,109.16666666666667,204
P_plume_global,2.5,35.0,90.0,6,24,109.16666666666667,208
P_plume_global,2.5,35.0,135.0,6,24,109.125,207
P_plume_global,2.5,35.0,180.0,6,24,109.125,219
P_plume_global,2.5,35.0,225.0,7,24,109.125,201
P_plume_global,2.5,35.0,270.0,7,24,109.125,211
P_plume_global,2.5,35.0,315.0,7,24,109.16666666666667,214
P_plume_global,2.5,40.0,0.0,7,24,126.95833333333333,224
P_plume_global,2.5,40.0,45.0,7,24,126.95833333333333,223
P_plume_global,2.5,40.0,90.0,7,24,126.70833333333333,213
P_plume_global,2.5,40.0,135.0,7,24,126.66666666666667,212
P_plume_global,2.5,40.0,180.0,7,24,126.75,213
P_plume_global,2.5,40.0,225.0,7,24,126.75,212
P_plume_global,2.5,40.0,270.0,7,24,126.75,222
P_plume_global,2.5,40.0,315.0,7,24,126.70833333333333,221
P_plume_global,2.5,45.0,0.0,5,24,138.45833333333334,235
P_plume_global,2.5,45.0,45.0,6,24,138.45833333333334,238
P_plume_global,2.5,45.0,90.0,6,24,138.45833333333334,229
P_plume_global,2.5,45.0,135.0,6,24,138.45833333333334,231
P_plume_global,2.5,45.0,180.0,6,24,138.41666666666666,227
P_plume_global,2.5,45.0,225.0,6,24,138.5,236
P_plume_global,2.5,45.0,270.0,6,24,138.5,229
P_plume_global,2.5,45.0,315.0,5,24,138.5,235
P_plume_global,2.5,50.0,0.0,8,24,138.45833333333334,336
P_plume_global,2.5,50.0,45.0,8,24,138.45833333333334,336
P_plume_global,2.5,50.0,90.0,8,24,138.41666666666666,328
P_plume_global,2.5,50.0,135.0,8,24,138.41666666666666,326
P_plume_global,2.5,50.0,180.0,8,24,138.41666666666666,323
P_plume_global,2.5,50.0,225.0,8,24,138.5,333
P_plume_global,2.5,50.0,270.0,8,24,138.45833333333334,331
P_plume_global,2.5,50.0,315.0,8,24,138.45833333333334,333
P_plume_global,2.5,55.0,0.0,8,24,138.45833333333334,369
P_plume_global,2.5,55.0,45.0,8,24,138.45833333333334,371
P_plume_global,2.5,55.0,90.0,8,24,138.41666666666666,371
P_plume_global,2.5,55.0,135.0,8,24,138.41666666666666,358
P_plume_global,2.5,55.0,180.0,8,24,138.41666666666666,364
P_plume_global,2.5,55.0,225.0,8,24,138.5,378
P_plume_global,2.5,55.0,270.0,8,24,138.45833333333334,376
P_plume_global,2.5,55.0,315.0,8,24,138.45833333333334,363
P_plume_global,2.5,60.0,0.0,6,24,138.45833333333334,243
P_plume_global,2.5,60.0,45.0,6,24,138.45833333333334,239
P_plume_global,2.5,60.0,90.0,6,24,138.45833333333334,248
P_plume_global,2.5,60.0,135.0,6,24,138.45833333333334,238
P_plume_global,2.5,60.0,180.0,6,24,138.41666666666666,250
P_plume_global,2.5,60.0,225.0,6,24,138.5,246
P_plume_global,2.5,60.0,270.0,6,24,138.45833333333334,254
P_plume_global,2.5,60.0,315.0,6,24,138.45833333333334,243
P_plume_global,2.5,65.0,0.0,6,24,139.04166666666666,189
P_plume_global,2.5,65.0,45.0,6,24,139.0,188
P_plume_global,2.5,65.0,90.0,6,24,140.08333333333334,204
P_plume_global,2.5,65.0,135.0,6,24,139.75,190
P_plume_global,2.5,65.0,180.0,7,24,139.375,190
P_plume_global,2.5,65.0,225.0,7,24,139.70833333333334,187
P_plume_global,2.5,65.0,270.0,6,24,139.04166666666666,207
P_plume_global,2.5,65.0,315.0,7,24,139.04166666666666,200
P_plume_global,2.5,70.0,0.0,7,24,156.66666666666666,200
P_plume_global,2.5,70.0,45.0,6,24,345.9583333333333,199
P_plume_global,2.5,70.0,90.0,7,24,157.20833333333334,209
P_plume_global,2.5,70.0,135.0,6,24,346.0,211
P_plume_global,2.5,70.0,180.0,6,24,345.9583333333333,207
P_plume_global,2.5,70.0,225.0,7,24,157.04166666666666,204
P_plume_global,2.5,70.0,270.0,7,24,156.95833333333334,202
P_plume_global,2.5,70.0,315.0,7,24,157.0,204
P_plume_global,2.5,75.0,0.0,6,24,168.0,232
P_plume_global,2.5,75.0,45.0,6,24,167.95833333333334,234
P_plume_global,2.5,75.0,90.0,6,24,167.95833333333334,234
P_plume_global,2.5,75.0,135.0,6,24,167.95833333333334,238
P_plume_global,2.5,75.0,180.0,6,24,167.95833333333334,230
P_plume_global,2.5,75.0,225.0,6,24,167.91666666666666,238
P_plume_global,2.5,75.0,270.0,6,24,167.91666666666666,229
P_plume_global,2.5,75.0,315.0,6,24,167.91666666666666,238
P_plume_global,2.5,80.0,0.0,8,24,3.9583333333333335,359
P_plume_global,2.5,80.0,45.0,8,24,3.0,366
P_plume_global,2.5,80.0,90.0,8,24,2.9583333333333335,358
P_plume_global,2.5,80.0,135.0,8,24,2.9583333333333335,356
P_plume_global,2.5,80.0,180.0,8,24,2.9583333333333335,351
P_plume_global,2.5,80.0,225.0,8,24,2.9583333333333335,354
P_plume_global,2.5,80.0,270.0,8,24,2.9583333333333335,356
P_plume_global,2.5,80.0,315.0,8,24,4.0,361
P_plume_global,2.5,85.0,0.0,8,24,3.9583333333333335,352
P_plume_global,2.5,85.0,45.0,8,24,3.0,364
P_plume_global,2.5,85.0,90.0,8,24,2.9583333333333335,363
P_plume_global,2.5,85.0,135.0,8,24,2.9583333333333335,350
P_plume_global,2.5,85.0,180.0,8,24,2.9583333333333335,359
P_plume_global,2.5,85.0,225.0,8,24,2.9583333333333335,361
P_plume_global,2.5,85.0,270.0,8,24,2.9583333333333335,357
P_plume_global,2.5,85.0,315.0,8,24,4.0,350
P_plume_global,2.5,90.0,0.0,6,24,3.9583333333333335,220
P_plume_global,2.5,90.0,45.0,6,24,3.0,220
P_plume_global,2.5,90.0,90.0,6,24,2.9583333333333335,221
P_plume_global,2.5,90.0,135.0,6,24,2.9583333333333335,215
P_plume_global,2.5,90.0,180.0,7,24,2.9583333333333335,225
P_plume_global,2.5,90.0,225.0,7,24,2.9583333333333335,221
P_plume_global,2.5,90.0,270.0,7,24,2.9583333333333335,225
P_plume_global,2.5,90.0,315.0,6,24,4.0,209
P_plume_global,2.5,95.0,0.0,6,24,4.0,167
P_plume_global,2.5,95.0,45.0,6,24,4.0,160
P_plume_global,2.5,95.0,90.0,6,24,3.9583333333333335,169
P_plume_global,2.5,95.0,135.0,6,24,3.9583333333333335,163
P_plume_global,2.5,95.0,180.0,5,24,2.9583333333333335,168
P_plume_global,2.5,95.0,225.0,6,24,2.9583333333333335,165
P_plume_global,2.5,95.0,270.0,6,24,2.9583333333333335,169
P_plume_global,2.5,95.0,315.0,6,24,4.0,157
P_plume_global,2.5,100.0,0.0,5,24,7.125,109
P_plume_global,2.5,100.0,45.0,5,24,6.833333333333333,105
P_plume_global,2.5,100.0,90.0,5,24,7.083333333333333,108
P_plume_global,2.5,100.0,135.0,5,24,6.416666666666667,116
P_plume_global,2.5,100.0,180.0,5,24,6.416666666666667,107
P_plume_global,2.5,100.0,225.0,5,24,6.083333333333333,102
P_plume_global,2.5,100.0,270.0,5,24,6.708333333333333,107
P_plume_global,2.5,100.0,315.0,5,24,7.125,104
P_plume_global,2.5,105.0,0.0,6,24,21.125,126
P_plume_global,2.5,105.0,45.0,6,24,21.083333333333332,122
P_plume_global,2.5,105.0,90.0,5,24,21.083333333333332,124
P_plume_global,2.5,105.0,135.0,5,24,21.166666666666668,133
P_plume_global,2.5,105.0,180.0,6,24,21.166666666666668,131
P_plume_global,2.5,105.0,225.0,6,24,21.125,122
P_plume_global,2.5,105.0,270.0,6,24,21.125,128
P_plume_global,2.5,105.0,315.0,5,24,21.125,128
P_plume_global,2.5,110.0,0.0,6,24,21.041666666666668,260
P_plume_global,2.5,110.0,45.0,6,24,21.083333333333332,257
P_plume_global,2.5,110.0,90.0,6,24,21.083333333333332,257
P_plume_global,2.5,110.0,135.0,6,24,21.083333333333332,268
P_plume_global,2.5,110.0,180.0,6,24,21.083333333333332,279
P_plume_global,2.5,110.0,225.0,6,24,21.041666666666668,259
P_plume_global,2.5,110.0,270.0,6,24,21.041666666666668,254
P_plume_global,2.5,110.0,315.0,6,24,21.041666666666668,256
P_plume_global,2.5,115.0,0.0,6,24,21.041666666666668,292
P_plume_global,2.5,115.0,45.0,6,24,21.041666666666668,281
P_plume_global,2.5,115.0,90.0,6,24,21.083333333333332,278
P_plume_global,2.5,115.0,135.0,6,24,21.083333333333332,287
P_plume_global,2.5,115.0,180.0,6,24,21.083333333333332,306
P_plume_global,2.5,115.0,225.0,6,24,21.041666666666668,285
P_plume_global,2.5,115.0,270.0,6,24,21.041666666666668,280
P_plume_global,2.5,115.0,315.0,6,24,21.041666666666668,284
P_plume_global,2.5,120.0,0.0,6,24,21.041666666666668,226
P_plume_global,2.5,120.0,45.0,6,24,21.041666666666668,213
P_plume_global,2.5,120.0,90.0,6,24,21.083333333333332,211
P_plume_global,2.5,120.0,135.0,6,24,21.083333333333332,218
P_plume_global,2.5,120.0,180.0,6,24,21.083333333333332,235
P_plume_global,2.5,120.0,225.0,6,24,21.041666666666668,219
P_plume_global,2.5,120.0,270.0,6,24,21.041666666666668,213
P_plume_global,2.5,120.0,315.0,6,24,21.041666666666668,216
P_plume_global,2.5,125.0,0.0,6,24,21.041666666666668,189
P_plume_global,2.5,125.0,45.0,6,24,21.041666666666668,182
P_plume_global,2.5,125.0,90.0,6,24,21.125,183
P_plume_global,2.5,125.0,135.0,6,24,21.125,173
P_plume_global,2.5,125.0,180.0,6,24,21.083333333333332,185
P_plume_global,2.5,125.0,225.0,6,24,21.083333333333332,186
P_plume_global,2.5,125.0,270.0,6,24,21.083333333333332,178
P_plume_global,2.5,125.0,315.0,6,24,21.083333333333332,173
P_plume_global,2.5,130.0,0.0,5,24,24.0,119
P_plume_global,2.5,130.0,45.0,5,24,24.0,117
P_plume_global,2.5,130.0,90.0,5,24,24.0,117
P_plume_global,2.5,130.0,135.0,5,24,23.0,116
P_plume_global,2.5,130.0,180.0,5,24,22.958333333333332,120
P_plume_global,2.5,130.0,225.0,5,24,23.958333333333332,124
P_plume_global,2.5,130.0,270.0,5,24,23.958333333333332,128
P_plume_global,2.5,130.0,315.0,5,24,24.0,125
P_plume_global,2.5,135.0,0.0,6,24,50.375,172
P_plume_global,2.5,135.0,45.0,6,24,50.375,168
P_plume_global,2.5,135.0,90.0,6,24,50.375,177
P_plume_global,2.5,135.0,135.0,6,24,50.458333333333336,162
P_plume_global,2.5,135.0,180.0,6,24,50.416666666666664,164
P_plume_global,2.5,135.0,225.0,6,24,50.416666666666664,168
P_plume_global,2.5,135.0,270.0,6,24,50.416666666666664,183
P_plume_global,2.5,135.0,315.0,6,24,50.416666666666664,167
P_plume_global,2.5,140.0,0.0,6,24,50.375,291
P_plume_global,2.5,140.0,45.0,6,24,50.375,289
P_plume_global,2.5,140.0,90.0,6,24,50.375,298
P_plume_global,2.5,140.0,135.0,6,24,50.375,294
P_plume_global,2.5,140.0,180.0,6,24,50.375,298
P_plume_global,2.5,140.0,225.0,6,24,50.416666666666664,298
P_plume_global,2.5,140.0,270.0,6,24,50.416666666666664,307
P_plume_global,2.5,140.0,315.0,6,24,50.416666666666664,299
P_plume_global,2.5,145.0,0.0,7,24,50.375,310
P_plume_global,2.5,145.0,45.0,7,24,50.375,309
P_plume_global,2.5,145.0,90.0,7,24,50.375,317
P_plume_global,2.5,145.0,135.0,7,24,50.375,319
P_plume_global,2.5,145.0,180.0,7,24,50.375,316
P_plume_global,2.5,145.0,225.0,7,24,50.416666666666664,308
P_plume_global,2.5,145.0,270.0,7,24,50.416666666666664,319
P_plume_global,2.5,145.0,315.0,7,24,50.416666666666664,312
P_plume_global,2.5,150.0,0.0,8,24,50.375,264
P_plume_global,2.5,150.0,45.0,8,24,50.375,264
P_plume_global,2.5,150.0,90.0,8,24,50.375,268
P_plume_global,2.5,150.0,135.0,8,24,50.375,275
P_plume_global,2.5,150.0,180.0,7,24,50.375,271
P_plume_global,2.5,150.0,225.0,7,24,50.416666666666664,264
P_plume_global,2.5,150.0,270.0,8,24,50.416666666666664,266
P_plume_global,2.5,150.0,315.0,8,24,50.416666666666664,266
P_plume_global,2.5,155.0,0.0,8,24,50.416666666666664,245
P_plume_global,2.5,155.0,45.0,8,24,50.416666666666664,242
P_plume_global,2.5,155.0,90.0,8,24,50.416666666666664,251
P_plume_global,2.5,155.0,135.0,8,24,50.375,257
P_plume_global,2.5,155.0,180.0,8,24,50.375,248
P_plume_global,2.5,155.0,225.0,8,24,50.458333333333336,243
P_plume_global,2.5,155.0,270.0,8,24,50.458333333333336,247
P_plume_global,2.5,155.0,315.0,8,24,50.416666666666664,249
P_plume_global,2.5,160.0,0.0,7,24,54.166666666666664,188
P_plume_global,2.5,160.0,45.0,7,24,54.166666666666664,196
P_plume_global,2.5,160.0,90.0,7,24,54.166666666666664,192
P_plume_global,2.5,160.0,135.0,7,24,54.166666666666664,189
P_plume_global,2.5,160.0,180.0,7,24,52.916666666666664,197
P_plume_global,2.5,160.0,225.0,7,24,52.916666666666664,201
P_plume_global,2.5,160.0,270.0,7,24,54.208333333333336,190
P_plume_global,2.5,160.0,315.0,7,24,54.208333333333336,192
P_plume_global,2.5,165.0,0.0,8,24,79.75,246
P_plume_global,2.5,165.0,45.0,8,24,79.75,248
P_plume_global,2.5,165.0,90.0,8,24,79.75,252
P_plume_global,2.5,165.0,135.0,8,24,79.75,244
P_plume_global,2.5,165.0,180.0,8,24,79.70833333333333,247
P_plume_global,2.5,165.0,225.0,8,24,79.70833333333333,255
P_plume_global,2.5,165.0,270.0,8,24,79.70833333333333,244
P_plume_global,2.5,165.0,315.0,8,24,79.70833333333333,247
P_plume_global,2.5,170.0,0.0,6,24,79.70833333333333,323
P_plume_global,2.5,170.0,45.0,6,24,79.70833333333333,323
P_plume_global,2.5,170.0,90.0,8,24,79.75,326
P_plume_global,2.5,170.0,135.0,7,24,79.75,327
P_plume_global,2.5,170.0,180.0,7,24,79.70833333333333,327
P_plume_global,2.5,170.0,225.0,7,24,79.70833333333333,331
P_plume_global,2.5,170.0,270.0,8,24,79.70833333333333,318
P_plume_global,2.5,170.0,315.0,7,24,79.70833333333333,318
P_plume_global,2.5,175.0,0.0,8,24,79.70833333333333,353
P_plume_global,2.5,175.0,45.0,8,24,79.70833333333333,350
P_plume_global,2.5,175.0,90.0,8,24,79.75,344
P_plume_global,2.5,175.0,135.0,8,24,79.75,347
P_plume_global,2.5,175.0,180.0,8,24,79.70833333333333,349
P_plume_global,2.5,175.0,225.0,8,24,79.70833333333333,356
P_plume_global,2.5,175.0,270.0,8,24,79.70833333333333,348
P_plume_global,2.5,175.0,315.0,8,24,79.70833333333333,345
