family,phase_deg,jd_utc_overflight,jd_utc_impact,jd_utc_burn,deorbit_dv_m_s,pixel,lat,lon,cross_track_deg,n_sites,n_tr,tug_available,illum,plume
incl88_j2_node0,0.0,2461552.516718874,2461552.515659833,2461552.4833491486,25.0,1746,44.993880150457116,19.5,-0.3751541078090668,11,7,True,0.6490281736652783,True
incl88_j2_node0,0.0,2461552.5340873585,2461552.533028317,2461552.500717633,25.0,9288,-31.388166464348544,22.5,-0.2855646014213562,10,6,True,0.647455093085505,False
incl88_j2_node0,0.0,2461554.563819855,2461554.5627608136,2461554.5304501294,25.0,2621,35.68533471265204,-7.03125,-0.4306720197200775,7,3,True,0.45457577906986146,True
incl88_j2_node0,0.0,2461555.559432014,2461555.5583729725,2461555.5260622883,25.0,8890,-25.944479772370016,-16.875,0.45808058977127075,6,3,True,0.3577708728247677,True
incl88_j2_node0,0.0,2461566.306563768,2461566.3055047267,2461566.2731940425,25.0,7751,-15.713861048008212,19.6875,-0.5636654496192932,7,5,True,0.31769382634349363,False
incl88_j2_node0,0.0,2461567.295576042,2461567.2945170007,2461567.2622063165,25.0,4290,16.957763300004146,7.03125,0.12970101833343506,12,7,True,0.4271181339619361,True
incl88_j2_node0,0.0,2461568.2821126864,2461568.281053645,2461568.248742961,25.0,2366,38.68218745348943,-4.21875,-0.5407460331916809,9,4,True,0.5372874319884919,True
incl88_j2_node0,0.0,2461569.3285918133,2461569.327532772,2461569.2952220878,25.0,9784,-35.68533471265205,-21.09375,-0.48064813017845154,11,7,True,0.6492593748649649,False
incl88_j2_node0,0.0,2461598.286829284,2461598.2857702426,2461598.2534595584,25.0,9264,-30.000000000000014,-43.59375,-0.5146574378013611,7,4,True,0.6075869738973978,False
incl88_j2_node0,0.0,2461645.5671270653,2461645.566068024,2461645.5337573397,25.0,9042,-28.630989836924357,50.625,0.2380504459142685,10,7,True,0.1877395030707217,False
incl88_j2_node0,0.0,2461645.5780626005,2461645.577003559,2461645.544692875,25.0,4050,19.47122063449069,52.03125,0.4786466956138611,9,6,True,0.1867235611049053,False
incl88_j2_node0,0.0,2461672.4891721676,2461672.4881131263,2461672.455802442,25.0,4436,15.713861048008212,56.25,0.41906067728996277,13,7,True,0.43848396264844314,False
incl88_j2_node0,0.0,2461672.565769254,2461672.564710213,2461672.5323995287,25.0,6867,-7.180755781458288,54.84375,0.014244701713323593,14,7,True,0.42984643635000075,False
incl88_j2_node0,0.0,2461673.5459843464,2461673.544925305,2461673.512614621,25.0,7503,-13.248014905676953,42.1875,-0.4921000003814697,12,7,True,0.32096563722689686,False
incl88_j2_node0,0.0,2461674.602144401,2461674.6010853597,2461674.5687746755,25.0,10436,-44.99388015045713,25.5,0.4813688397407532,9,6,True,0.21208572318310645,False
incl88_j2_node0,0.0,2461674.619841841,2461674.6187827997,2461674.5864721155,25.0,2762,32.79716829582364,29.53125,-0.22963663935661316,6,4,True,0.21037966823170923,False
incl88_j2_node0,0.0,2461700.463135117,2461700.462076076,2461700.4297653916,25.0,5072,9.594068226860458,46.40625,0.28885117173194885,14,7,True,0.5878618098210651,False
incl88_j2_node0,0.0,2461700.5391842835,2461700.538125242,2461700.505814558,25.0,7760,-15.713861048008212,45.0,-0.208059161901474,15,7,True,0.5793781923872949,False
incl88_j2_node0,0.0,2461700.617101389,2461700.6160423476,2461700.5837316634,25.0,9423,-32.79716829582364,43.59375,-0.48237061500549316,15,6,True,0.5706549488971641,False
incl88_j2_node0,0.0,2461700.625919103,2461700.624860062,2461700.5925493776,25.0,5456,5.979156796301311,45.0,-0.5785635113716125,12,5,True,0.5696659060754008,False
incl88_j2_node0,0.0,2461701.5216154368,2461701.5205563954,2461701.488245711,25.0,7371,-12.024699180565818,32.34375,-0.3993910253047943,13,7,True,0.4680020116612442,False
incl88_j2_node0,0.0,2461701.609441688,2461701.6083826465,2461701.5760719622,25.0,4555,14.477512185929925,32.34375,-0.5940907001495361,15,6,True,0.45799271627058014,False
incl88_j2_node0,0.0,2461702.508947556,2461702.5078885145,2461702.4755778303,25.0,4679,13.24801490567694,19.6875,0.10464241355657578,9,4,True,0.3567957027600103,False
incl88_j2_node0,0.0,2461702.5850046733,2461702.583945632,2461702.551634948,25.0,7366,-12.024699180565818,18.28125,-0.3936375677585602,12,7,True,0.34843225754357465,False
incl88_j2_node0,0.0,2461703.5637248103,2461703.562665769,2461703.5303550847,25.0,8641,-24.62431835216408,4.21875,0.20294873416423798,9,5,True,0.2456126616471993,False
incl88_j2_node0,0.0,2461704.6319028838,2461704.6308438424,2461704.598533158,25.0,6589,-3.583321698471977,-8.4375,-0.4329151511192322,7,5,True,0.14820042471586614,False
incl88_j2_node0,0.0,2461729.421753267,2461729.4206942255,2461729.3883835413,25.0,4296,16.957763300004146,23.90625,0.2784315347671509,13,5,True,0.6270622729130881,False
incl88_j2_node0,0.0,2461729.4961302793,2461729.495071238,2461729.4627605537,25.0,7752,-15.713861048008212,22.5,-0.46747320890426636,14,7,True,0.6188058579551198,False
incl88_j2_node0,0.0,2461729.5712663685,2461729.570207327,2461729.537896643,25.0,10434,-44.99388015045713,19.5,0.03467418625950813,18,7,True,0.6104322755906485,True
incl88_j2_node0,0.0,2461729.6551767965,2461729.654117755,2461729.621807071,25.0,9670,-35.68533471265205,18.28125,0.5966591835021973,10,4,True,0.6010449291463411,True
incl88_j2_node0,0.0,2461730.4812917197,2461730.4802326784,2461730.447921994,25.0,6083,0.0,9.84375,-0.2752383351325989,13,7,True,0.5073711278042607,False
incl88_j2_node0,0.0,2461730.5692940927,2461730.5682350514,2461730.535924367,25.0,3267,27.27961273597809,9.84375,-0.33799028396606445,14,7,True,0.49734141985109415,False
incl88_j2_node0,0.0,2461730.6437988896,2461730.6427398482,2461730.610429164,25.0,6594,-4.780191847199163,7.03125,0.2165936380624771,12,5,True,0.48885468381972774,False
incl88_j2_node0,0.0,2461731.5387774655,2461731.537718424,2461731.50540774,25.0,8894,-25.944479772370016,-5.625,0.19437341392040253,13,7,True,0.3881667851635676,True
incl88_j2_node0,0.0,2461731.6176818297,2461731.6166227884,2461731.584312104,25.0,10045,-38.68218745348943,-7.03125,-0.05117277801036835,13,7,True,0.3794809287105899,True
incl88_j2_node0,0.0,2461731.635272352,2461731.6342133107,2461731.6019026265,25.0,2366,38.68218745348943,-4.21875,0.13889555633068085,12,6,True,0.37755041514443555,False
incl88_j2_node0,0.0,2461732.6172155915,2461732.61615655,2461732.583845866,25.0,2234,40.228184728061095,-16.875,-0.03957740589976311,12,7,True,0.27414228743114133,False
incl88_j2_node0,0.0,2461743.1999830445,2461743.198924003,2461743.166613319,25.0,5575,4.780191847199163,21.09375,-0.17976456880569458,9,6,True,0.27189807291478807,False
incl88_j2_node0,0.0,2461744.179094507,2461744.1780354655,2461744.1457247813,25.0,4419,15.713861048008212,8.4375,0.4865897297859192,12,7,True,0.3573560009174376,False
incl88_j2_node0,0.0,2461744.256008184,2461744.2549491427,2461744.2226384585,25.0,2370,37.16889965599944,5.625,-0.2596840560436249,9,5,True,0.3643078066719567,False
incl88_j2_node0,0.0,2461744.272912009,2461744.271852968,2461744.2395422836,25.0,9795,-37.168899655999454,8.4375,-0.2825827896595001,9,3,True,0.3658395854250809,True
incl88_j2_node0,0.0,2461745.1727094706,2461745.1716504293,2461745.139339745,25.0,9919,-37.168899655999454,-2.8125,0.23176512122154236,13,7,True,0.4490839005833227,True
incl88_j2_node0,0.0,2461745.2501909393,2461745.249131898,2461745.2168212137,25.0,8126,-18.209956864283015,-5.625,-0.5984360575675964,13,7,True,0.4563769139126347,False
incl88_j2_node0,0.0,2461746.228735059,2461746.2276760177,2461746.1953653335,25.0,6713,-4.780191847199163,-18.28125,0.14368273317813873,13,7,True,0.5493121342142921,False
incl88_j2_node0,0.0,2461746.3069924614,2461746.30593342,2461746.273622736,25.0,5049,10.806922874860334,-19.6875,0.32026898860931396,18,7,True,0.5567685163579285,False
incl88_j2_node0,0.0,2461747.203038752,2461747.2019797107,2461747.1696690265,25.0,3380,27.27961273597809,-32.34375000000006,0.15079282224178314,15,7,True,0.64158185919398,False
incl88_j2_node0,0.0,2461747.2191053047,2461747.2180462633,2461747.185735579,25.0,10417,-43.40685848593699,-30.48387096774195,-0.5123113393783569,14,7,True,0.6430857207822238,True
incl88_j2_node0,0.0,2461771.1699199486,2461771.168860907,2461771.136550223,25.0,3140,28.630989836924343,11.25,0.5667775869369507,6,4,True,0.1291846144172296,False
incl88_j2_node0,0.0,2461773.2122621625,2461773.211203121,2461773.178892437,25.0,2234,40.228184728061095,-16.875,0.0973326787352562,12,7,True,0.2823753060655679,False
incl88_j2_node0,0.0,2461773.2291927226,2461773.228133681,2461773.195822997,25.0,9659,-34.22886632781257,-14.0625,0.04798457399010658,10,7,True,0.2838180057322741,False
incl88_j2_node0,0.0,2461774.206011828,2461774.2049527867,2461774.1726421025,25.0,7606,-13.248014905676953,-28.125,-0.18079166114330292,12,7,True,0.37075201495871213,False
incl88_j2_node0,0.0,2461774.2842574264,2461774.283198385,2461774.250887701,25.0,5941,2.388015463268772,-29.53125,0.0057370406575500965,12,6,True,0.37799491496201054,False
incl88_j2_node0,0.0,2461775.1792915626,2461775.1782325213,2461775.145921837,25.0,3761,23.31795706533424,-42.18750000000006,-0.0251112449914217,13,7,True,0.46308709118162494,False
incl88_j2_node0,0.0,2461775.256515309,2461775.255456268,2461775.2231455836,25.0,1968,43.406858485936986,-45.0,-0.5600380897521973,13,7,True,0.4705872361495189,False
incl88_j2_node0,0.0,2461775.2722876044,2461775.271228563,2461775.238917879,25.0,8881,-25.944479772370016,-42.18750000000006,-0.5963388681411743,14,7,True,0.47212149622866756,False
incl88_j2_node0,0.0,2461776.168648252,2461776.1675892104,2461776.135278526,25.0,7341,-10.806922874860348,-53.43750000000006,0.5263603329658508,12,5,True,0.560264979464907,False
incl88_j2_node0,0.0,2461776.2444107616,2461776.2433517203,2461776.211041036,25.0,4524,15.713861048008212,-56.25,-0.3021775484085083,14,7,True,0.5677623030346947,False
incl88_j2_node0,0.0,2461776.3223283086,2461776.3212692672,2461776.288958583,25.0,2859,32.79716829582364,-57.65625000000006,0.04058733955025673,18,7,True,0.5754735933400024,False
incl88_j2_node0,0.0,2461776.339292212,2461776.3382331706,2461776.3059224864,25.0,10284,-41.81031489577862,-54.84375,-0.03426150977611542,18,7,True,0.5771523995348345,False
incl88_j2_node0,0.0,2461801.202365174,2461801.2013061326,2461801.1689954484,25.0,8759,-24.62431835216408,-23.90625,0.3909493386745453,8,5,True,0.1416296185720583,False
incl88_j2_node0,0.0,2461802.255442556,2461802.2543835146,2461802.2220728304,25.0,4018,20.742379954487134,-39.375,0.5588808059692383,6,4,True,0.21841183399699562,False
incl88_j2_node0,0.0,2461803.243927844,2461803.2428688025,2461803.2105581183,25.0,7213,-9.594068226860458,-52.03125,-0.1116751879453659,12,7,True,0.3019404156949333,False
incl88_j2_node0,0.0,2461849.625220675,2461849.6241616337,2461849.5918509495,25.0,7635,-14.477512185929939,54.84375,-0.3352493643760681,3,1,True,0.3888888534388418,False
incl88_j2_node0,0.0,2461877.598643273,2461877.5975842318,2461877.5652735475,25.0,6736,-5.979156796301311,45.0,-0.10505350679159164,6,3,True,0.5590122612853756,False
incl88_j2_node0,0.0,2461878.5850741495,2461878.584015108,2461878.551704424,25.0,8907,-27.27961273597809,32.34375,-0.5255147218704224,5,2,True,0.46372172583988,False
incl88_j2_node0,0.0,2461906.5637371372,2461906.562678096,2461906.5303674117,25.0,10184,-41.81031489577862,23.90625,-0.012983023189008236,8,4,True,0.631949748127173,True
incl88_j2_node0,0.0,2461921.3098649434,2461921.308805902,2461921.276495218,25.0,10050,-40.22818472806108,5.625,-0.26118355989456177,8,5,True,0.33097706481052447,False
incl88_j2_node0,0.0,2461922.2961702673,2461922.295111226,2461922.2628005417,25.0,8253,-19.47122063449069,-7.03125,0.317320853471756,13,7,True,0.4411979443178734,False
incl88_j2_node0,0.0,2461922.3074285504,2461922.306369509,2461922.274058825,25.0,3134,29.999999999999993,-4.21875,-0.5306135416030884,12,7,True,0.4424854799676058,False
incl88_j2_node0,0.0,2461923.289644131,2461923.2885850896,2461923.2562744054,25.0,2873,32.79716829582364,-18.28125,0.5158801078796387,13,7,True,0.5553394154450259,False
incl88_j2_node0,0.0,2461923.364806917,2461923.3637478757,2461923.3314371915,25.0,5817,3.5833216984719627,-19.6875,-0.23146530985832214,9,4,True,0.5639279743786579,False
incl88_j2_node0,0.0,2461952.3110583154,2461952.309999274,2461952.27768859,25.0,10412,-43.40685848593699,-45.0,0.19946794211864471,8,4,True,0.5357173678055873,False
incl88_j2_node0,0.0,2461953.3027897594,2461953.301730718,2461953.269420034,25.0,6060,1.1937484371410676,-56.25,0.5268089175224304,10,6,True,0.6458184484252116,False
incl88_j2_node0,0.0,2461999.5172186242,2461999.516159583,2461999.4838488987,25.0,6995,-8.385538647081319,53.4375,-0.38503000140190125,8,5,True,0.24851285309791638,False
incl88_j2_node0,0.0,2462000.5737187937,2462000.5726597523,2462000.540349068,25.0,9933,-38.68218745348943,37.96875,-0.23790475726127625,8,6,True,0.15439693415309852,False
incl88_j2_node0,0.0,2462000.591309242,2462000.5902502006,2462000.5579395164,25.0,2254,38.68218745348943,40.78125,0.09963592886924744,7,4,True,0.1529514089938642,False
incl88_j2_node0,0.0,2462026.5060563264,2462026.504997285,2462026.472686601,25.0,9171,-30.000000000000014,54.84375,0.45691978931427,13,7,True,0.504131021534197,False
incl88_j2_node0,0.0,2462026.5142392083,2462026.513180167,2462026.4808694827,25.0,5460,5.979156796301311,56.25,0.4905754029750824,12,7,True,0.5032756369478281,False
incl88_j2_node0,0.0,2462026.6031294693,2462026.602070428,2462026.5697597438,25.0,2388,37.16889965599944,56.25,0.5867877006530762,14,5,True,0.49396889613652034,False
incl88_j2_node0,0.0,2462027.498326625,2462027.497267584,2462027.4649568996,25.0,4303,16.957763300004146,43.59375,0.5534944534301758,13,7,True,0.39937911676730176,False
incl88_j2_node0,0.0,2462027.5738182464,2462027.572759205,2462027.540448521,25.0,7247,-10.806922874860348,42.1875,-0.0906710997223854,13,7,True,0.3913902540074567,False
incl88_j2_node0,0.0,2462028.554578809,2462028.5535197677,2462028.5212090835,25.0,7626,-14.477512185929939,29.53125,-0.5306195020675659,12,7,True,0.2891755084553883,False
incl88_j2_node0,0.0,2462028.5643802728,2462028.5633212314,2462028.531010547,25.0,3147,28.630989836924343,30.9375,-0.2854357361793518,12,7,True,0.28817861463022165,False
incl88_j2_node0,0.0,2462055.4603238953,2462055.459264854,2462055.4269541698,25.0,10187,-41.81031489577862,32.34375,-0.30250823497772217,14,7,True,0.5592558406901308,False
incl88_j2_node0,0.0,2462055.547774279,2462055.5467152377,2462055.5144045535,25.0,7883,-16.957763300004146,32.34375,-0.2576375901699066,15,7,True,0.5499436956151079,False
incl88_j2_node0,0.0,2462055.558764619,2462055.5577055775,2462055.5253948933,25.0,2892,31.38816646434855,33.75,0.15880005061626434,16,7,True,0.5487704038899893,False
incl88_j2_node0,0.0,2462056.534576774,2462056.5335177328,2462056.5012070485,25.0,5447,5.979156796301311,19.6875,0.24107716977596283,12,7,True,0.44273746677767034,False
incl88_j2_node0,0.0,2462056.610014382,2462056.6089553405,2462056.5766446562,25.0,8390,-22.02431283704216,18.28125,-0.4353245496749878,15,6,True,0.43445669792720887,False
incl88_j2_node0,0.0,2462056.620919278,2462056.6198602365,2462056.5875495523,25.0,3399,25.944479772370002,19.6875,-0.0517226904630661,13,5,True,0.43325955095240404,False
incl88_j2_node0,0.0,2462057.589784915,2462057.5887258737,2462057.5564151895,25.0,9153,-30.000000000000014,4.21875,0.22211672365665436,12,7,True,0.32774368960609246,False
incl88_j2_node0,0.0,2462057.5979675353,2462057.596908494,2462057.5645978097,25.0,5442,5.979156796301311,5.625,0.24867670238018036,11,7,True,0.3268676517693556,False
incl88_j2_node0,0.0,2462058.5787452054,2462058.577686164,2462058.54537548,25.0,5949,2.388015463268772,-7.03125,-0.19588106870651245,11,7,True,0.22576427669124383,False
incl88_j2_node0,0.0,2462084.437010037,2462084.4359509954,2462084.403640311,25.0,1744,44.993880150457116,13.5,-0.28972962498664856,15,7,True,0.6067161700273259,True
incl88_j2_node0,0.0,2462084.507486798,2462084.5064277565,2462084.4741170723,25.0,6595,-4.780191847199163,9.84375,-0.08740249276161194,14,7,True,0.5991333610983458,True
incl88_j2_node0,0.0,2462084.5911823334,2462084.590123292,2462084.557812608,25.0,5699,3.5833216984719627,8.4375,0.535023033618927,18,7,True,0.5900825092529859,True
incl88_j2_node0,0.0,2462085.4937340217,2462085.4926749803,2462085.460364296,25.0,4543,15.713861048008212,-2.8125,0.3303607106208801,14,7,True,0.4901160809231527,True
incl88_j2_node0,0.0,2462086.562349623,2462086.5612905817,2462086.5289798975,25.0,2362,38.68218745348943,-15.46875,0.027906564995646477,12,7,True,0.37016226028759835,True
incl88_j2_node0,0.0,2462087.626449562,2462087.625390521,2462087.5930798366,25.0,2101,41.81031489577859,-29.53125,0.18425387144088745,9,6,True,0.2560630932581571,True
incl88_j2_node0,0.0,2462097.2198869507,2462097.2188279093,2462097.186517225,25.0,2375,37.16889965599944,19.6875,-0.42219239473342896,6,3,True,0.28516517230469984,False
incl88_j2_node0,0.0,2462098.2107465067,2462098.2096874653,2462098.177376781,25.0,6467,-3.583321698471977,8.4375,-0.5085877180099487,12,7,True,0.3772264568035486,False
incl88_j2_node0,0.0,2462099.189348451,2462099.1882894095,2462099.1559787253,25.0,5182,9.594068226860458,-4.21875,0.278690904378891,13,7,True,0.4705789848066003,False
incl88_j2_node0,0.0,2462099.2658641497,2462099.2648051083,2462099.232494424,25.0,2877,32.79716829582364,-7.03125,-0.3922666013240814,14,7,True,0.4778928670824971,False
incl88_j2_node0,0.0,2462099.2821186516,2462099.28105961,2462099.248748926,25.0,10046,-38.68218745348943,-4.21875,-0.4950762689113617,13,6,True,0.4794460707703486,False
incl88_j2_node0,0.0,2462100.177831646,2462100.1767726047,2462100.1444619205,25.0,8378,-20.74237995448715,-16.875,-0.48106881976127625,15,7,True,0.5643941717472687,False
incl88_j2_node0,0.0,2462100.2560032336,2462100.2549441922,2462100.222633508,25.0,6713,-4.780191847199163,-18.28125,-0.23637732863426208,13,7,True,0.5717146966150861,False
incl88_j2_node0,0.0,2462100.3337065945,2462100.332647553,2462100.300336869,25.0,4793,13.24801490567694,-19.6875,0.08391305804252625,15,6,True,0.5789710656991358,False
incl88_j2_node0,0.0,2462126.1796934973,2462126.178634456,2462126.1463237717,25.0,3647,24.62431835216408,-1.40625,0.47020456194877625,10,7,True,0.2117219166523309,False
incl88_j2_node0,0.0,2462126.1948031536,2462126.1937441123,2462126.161433428,25.0,10176,-41.81031489577862,1.40625,0.3861585259437561,9,6,True,0.21293447529181536,False
incl88_j2_node0,0.0,2462127.1743391906,2462127.173280149,2462127.140969465,25.0,9531,-32.79716829582364,-12.65625,-0.027735823765397072,11,7,True,0.29552053441036424,False
incl88_j2_node0,0.0,2462127.2533985414,2462127.2523395,2462127.220028816,25.0,8379,-20.74237995448715,-14.0625,0.18246175348758698,9,5,True,0.3024793909741681,False
incl88_j2_node0,0.0,2462128.229457893,2462128.2283988516,2462128.1960881674,25.0,5814,3.5833216984719627,-28.125,0.013367218896746635,12,7,True,0.3909397991134958,False
incl88_j2_node0,0.0,2462129.201627981,2462129.2005689396,2462129.1682582553,25.0,1845,44.993880150457116,-43.5,-0.3147619068622589,14,7,True,0.4819379757178854,False
incl88_j2_node0,0.0,2462129.218380187,2462129.217321146,2462129.1850104616,25.0,9138,-28.630989836924357,-39.375,0.43421274423599243,13,7,True,0.4835167296164639,False
incl88_j2_node0,0.0,2462129.2961172173,2462129.295058176,2462129.2627474917,25.0,7345,-10.806922874860348,-42.18750000000006,-0.4981003999710083,16,7,True,0.4908441159629595,False
incl88_j2_node0,0.0,2462130.1907195672,2462130.189660526,2462130.1573498417,25.0,4908,12.024699180565818,-54.84375,-0.439130574464798,14,7,True,0.574954703072894,False
incl88_j2_node0,0.0,2462130.2687455122,2462130.267686471,2462130.2353757867,25.0,3244,28.630989836924343,-56.25,-0.08117864280939102,15,7,True,0.5822375585544253,False
incl88_j2_node0,0.0,2462130.285495118,2462130.2844360764,2462130.252125392,25.0,10530,-44.99388015045713,-52.5,0.34003785252571106,16,7,True,0.5837991627797131,False
incl88_j2_node0,0.0,2462130.3632623274,2462130.362203286,2462130.329892602,25.0,9004,-27.27961273597809,-54.84375,0.20445503294467926,15,6,True,0.5910406346227064,False
incl88_j2_node0,0.0,2462156.2061664723,2462156.205107431,2462156.1727967467,25.0,6450,-2.388015463268786,-37.96875000000006,-0.24424868822097778,12,7,True,0.2242647759906266,False
incl88_j2_node0,0.0,2462157.1833569175,2462157.182297876,2462157.149987192,25.0,4397,16.957763300004146,-52.03125,-0.5958839058876038,12,7,True,0.3055857290556289,False
incl88_j2_node0,0.0,2462157.261232339,2462157.2601732975,2462157.2278626133,25.0,2733,34.228866327812575,-53.43750000000006,-0.1413671374320984,10,7,True,0.312371938021057,False
incl88_j2_node0,0.0,2462157.2781631043,2462157.277104063,2462157.2447933787,25.0,10158,-40.22818472806108,-50.625,-0.38590797781944275,11,6,True,0.3138525286416334,False
incl88_j2_node10,0.0,2461552.517081628,2461552.5160225867,2461552.4837119025,25.0,1870,43.406858485936986,30.48387096774195,0.24564282596111298,11,7,True,0.6489953341785478,False
incl88_j2_node10,0.0,2461552.530804277,2461552.5297452356,2461552.4974345514,25.0,7883,-16.957763300004146,32.34375,0.04517753794789314,10,6,True,0.647752583741973,False
incl88_j2_node10,0.0,2461553.513842983,2461553.512783942,2461553.4804732576,25.0,8519,-23.31795706533424,19.6875,0.13728998601436615,9,4,True,0.5561364279156974,False
incl88_j2_node10,0.0,2461555.5466988953,2461555.545639854,2461555.5133291697,25.0,3132,29.999999999999993,-9.84375,-0.5424685478210449,7,5,True,0.3589978924845382,False
incl88_j2_node10,0.0,2461555.560346757,2461555.5592877157,2461555.5269770315,25.0,9277,-30.000000000000014,-7.03125,0.17876161634922028,6,3,True,0.3576827432573308,False
incl88_j2_node10,0.0,2461598.286510828,2461598.2854517866,2461598.2531411024,25.0,9396,-31.388166464348544,-33.75000000000006,-0.4217436611652374,7,4,True,0.6075544013018516,False
incl88_j2_node10,0.0,2461598.299242434,2461598.2981833927,2461598.2658727085,25.0,3636,24.62431835216408,-32.34375000000006,0.006994027178734541,9,5,True,0.6088562827773643,False
incl88_j2_node10,0.0,2461673.5387547887,2461673.5376957473,2461673.505385063,25.0,10444,-44.99388015045713,49.5,0.5232696533203125,12,7,True,0.32174945663557075,False
incl88_j2_node10,0.0,2461673.548992544,2461673.5479335026,2461673.5156228184,25.0,6098,0.0,52.03125,0.08323093503713608,12,7,True,0.3206395798565985,False
incl88_j2_node10,0.0,2461674.615669812,2461674.6146107707,2461674.5823000865,25.0,4557,14.477512185929925,37.96875,0.5491052269935608,6,4,True,0.210781480811722,False
incl88_j2_node10,0.0,2461700.457947108,2461700.4568880666,2461700.4245773824,25.0,7508,-13.248014905676953,56.25,-0.292771577835083,14,7,True,0.5884394039145584,False
incl88_j2_node10,0.0,2461700.470461294,2461700.4694022527,2461700.4370915685,25.0,2004,41.81031489577859,57.65625,0.3119145631790161,14,7,True,0.5870459264424471,False
incl88_j2_node10,0.0,2461700.534968642,2461700.5339096007,2461700.5015989165,25.0,9555,-34.22886632781257,53.4375,0.48796501755714417,16,7,True,0.5798492969746708,False
incl88_j2_node10,0.0,2461700.616108615,2461700.6150495736,2461700.5827388894,25.0,9811,-37.168899655999454,53.4375,-0.5096139311790466,15,6,True,0.5707662785338073,False
incl88_j2_node10,0.0,2461700.626191667,2461700.6251326255,2461700.5928219412,25.0,5331,7.180755781458274,54.84375,-0.38220882415771484,12,5,True,0.5696353274843057,False
incl88_j2_node10,0.0,2461701.5257037245,2461701.524644683,2461701.492333999,25.0,5455,5.979156796301311,42.1875,0.3367232382297516,13,7,True,0.46753593051860104,False
incl88_j2_node10,0.0,2461701.6034114654,2461701.602352424,2461701.57004174,25.0,7374,-12.024699180565818,40.78125,0.06960924714803696,16,7,True,0.4586796988301145,False
incl88_j2_node10,0.0,2461701.6152890124,2461701.614229971,2461701.581919287,25.0,2127,40.228184728061095,42.1875,0.5061942934989929,15,6,True,0.4573266127494837,False
incl88_j2_node10,0.0,2461702.514390803,2461702.5133317616,2461702.4810210774,25.0,2379,37.16889965599944,30.9375,-0.11568097770214081,10,5,True,0.3561957737806407,False
incl88_j2_node10,0.0,2461702.595850036,2461702.5947909947,2461702.5624803104,25.0,2506,35.68533471265204,29.53125,0.08346659690141678,12,7,True,0.34724313506878873,False
incl88_j2_node10,0.0,2461703.565181273,2461703.5641222317,2461703.5318115475,25.0,8005,-18.209956864283015,14.0625,0.5891839861869812,10,6,True,0.24546789192128654,False
incl88_j2_node10,0.0,2461704.6242655595,2461704.623206518,2461704.590895834,25.0,9792,-37.168899655999454,0.0,-0.15536552667617798,8,6,True,0.14882669909021348,False
incl88_j2_node10,0.0,2461704.633259941,2461704.6322008995,2461704.5998902153,25.0,5824,2.388015463268772,1.40625,-0.08247799426317215,6,5,True,0.14808921990600782,False
incl88_j2_node10,0.0,2461729.4905536226,2461729.4894945812,2461729.457183897,25.0,10059,-40.22818472806108,30.9375,-0.012989913113415241,14,7,True,0.619426059537812,False
incl88_j2_node10,0.0,2461729.500785609,2461729.4997265674,2461729.467415883,25.0,5579,4.780191847199163,32.34375,0.35608071088790894,14,7,True,0.6182879994151774,False
incl88_j2_node10,0.0,2461729.577361192,2461729.5763021507,2461729.5439914665,25.0,8011,-18.209956864283015,30.9375,-0.09390968829393387,18,7,True,0.6097516735019344,False
incl88_j2_node10,0.0,2461730.4782836745,2461730.477224633,2461730.444913949,25.0,7495,-13.248014905676953,19.6875,-0.5500354170799255,13,7,True,0.5077140162637652,False
incl88_j2_node10,0.0,2461730.4911655923,2461730.490106551,2461730.4577958668,25.0,1867,43.406858485936986,21.774193548387103,-0.27679747343063354,14,7,True,0.506245619525963,False
incl88_j2_node10,0.0,2461730.5559501257,2461730.5548910843,2461730.5225804,25.0,9286,-31.388166464348544,16.875,0.38046202063560486,14,7,True,0.49886195038685854,False
incl88_j2_node10,0.0,2461730.6353804604,2461730.634321419,2461730.602010735,25.0,10181,-41.81031489577862,15.46875,0.15970121324062347,14,6,True,0.4898133141560219,False
incl88_j2_node10,0.0,2461730.647628163,2461730.6465691216,2461730.6142584374,25.0,4806,12.024699180565818,18.28125,-0.46033990383148193,11,5,True,0.4884186578195531,False
incl88_j2_node10,0.0,2461731.5454955604,2461731.544436519,2461731.512125835,25.0,5698,3.5833216984719627,5.625,0.006591293960809708,13,7,True,0.38742562121988033,False
incl88_j2_node10,0.0,2461731.624299284,2461731.6232402427,2461731.5909295585,25.0,7105,-9.594068226860458,4.21875,-0.10660150647163391,14,7,True,0.3787544248934557,False
incl88_j2_node10,0.0,2461731.633617686,2461731.6325586447,2461731.6002479605,25.0,2882,31.38816646434855,5.625,-0.021315788850188255,12,6,True,0.3777318941005567,False
incl88_j2_node10,0.0,2461732.6067132824,2461732.605654241,2461732.573343557,25.0,6845,-5.979156796301311,-8.4375,-0.30284255743026733,12,7,True,0.2751940079706277,False
incl88_j2_node10,0.0,2461771.1696101143,2461771.168551073,2461771.1362403887,25.0,3015,29.999999999999993,21.09375,0.4897352159023285,6,4,True,0.12916498745715033,False
incl88_j2_node10,0.0,2461772.1654761746,2461772.164417133,2461772.132106449,25.0,9411,-32.79716829582364,9.84375,-0.03695235773921013,8,5,True,0.1982813546123769,False
incl88_j2_node10,0.0,2461773.2205948895,2461773.219535848,2461773.187225164,25.0,5822,3.5833216984719627,-5.625,-0.10452321171760559,12,7,True,0.2830850710428175,False
incl88_j2_node10,0.0,2461774.1958649196,2461774.194805878,2461774.162495194,25.0,3001,31.38816646434855,-19.6875,-0.12543804943561554,13,7,True,0.3698154074750309,False
incl88_j2_node10,0.0,2461774.210143303,2461774.2090842617,2461774.1767735775,25.0,9402,-31.388166464348544,-16.875,0.2902155816555023,12,7,True,0.37113351363107583,False
incl88_j2_node10,0.0,2461774.2845291416,2461774.2834701003,2461774.251159416,25.0,6073,1.1937484371410676,-19.6875,-0.18886545300483704,12,6,True,0.3780201264139058,False
incl88_j2_node10,0.0,2461775.17777501,2461775.1767159686,2461775.1444052844,25.0,3124,29.999999999999993,-32.34375000000006,0.09395112097263336,13,7,True,0.46294000508702543,False
incl88_j2_node10,0.0,2461775.1920582624,2461775.190999221,2461775.158688537,25.0,9525,-32.79716829582364,-29.53125,0.49891120195388794,14,7,True,0.4643256317363186,False
incl88_j2_node10,0.0,2461775.2680264725,2461775.266967431,2461775.234656747,25.0,6964,-7.180755781458288,-32.34375000000006,-0.1453934758901596,14,7,True,0.47170692539374126,False
incl88_j2_node10,0.0,2461775.34462388,2461775.3435648386,2461775.3112541544,25.0,4532,15.713861048008212,-33.75000000000006,0.2870067358016968,11,4,True,0.47916814897057,False
incl88_j2_node10,0.0,2461776.1760628955,2461776.175003854,2461776.14269317,25.0,10413,-43.40685848593699,-42.096774193548356,0.3009500205516815,15,7,True,0.5609986468868633,False
incl88_j2_node10,0.0,2461776.250445664,2461776.2493866226,2461776.2170759384,25.0,7344,-10.806922874860348,-45.0,0.04901448264718056,13,7,True,0.568359556282249,False
incl88_j2_node10,0.0,2461776.326500296,2461776.325441255,2461776.2931305706,25.0,4655,14.477512185929925,-46.40625,0.5553100109100342,18,7,True,0.5758864726928075,False
incl88_j2_node10,0.0,2461801.1865375363,2461801.185478495,2461801.1531678108,25.0,1854,44.993880150457116,-16.5,0.45882076025009155,6,4,True,0.14058322126812384,False
incl88_j2_node10,0.0,2461801.2009093855,2461801.199850344,2461801.16753966,25.0,8123,-18.209956864283015,-14.0625,0.4829776883125305,8,6,True,0.14153327954624917,False
incl88_j2_node10,0.0,2461802.2510088882,2461802.249949847,2461802.2176391627,25.0,2229,40.228184728061095,-30.9375,-0.02955200895667076,6,4,True,0.21806052866898104,False
incl88_j2_node10,0.0,2461803.238181521,2461803.23712248,2461803.2048117956,25.0,4529,15.713861048008212,-42.18750000000006,0.5634308457374573,12,7,True,0.30142688628673453,False
incl88_j2_node10,0.0,2461803.251980227,2461803.2509211856,2461803.2186105014,25.0,10534,-44.99388015045713,-40.5,-0.1482858806848526,12,7,True,0.30266058779610483,False
incl88_j2_node10,0.0,2461804.2266331343,2461804.225574093,2461804.1932634087,25.0,7724,-14.477512185929939,-54.84375,-0.12276006489992142,13,7,True,0.39381422436401564,False
incl88_j2_node10,0.0,2461804.302133591,2461804.3010745496,2461804.2687638653,25.0,4780,13.24801490567694,-56.25,0.47888243198394775,14,7,True,0.4011687330485091,False
incl88_j2_node10,0.0,2461831.2072341642,2461831.206175123,2461831.1738644387,25.0,1965,43.406858485936986,-53.709677419354875,0.1305922269821167,9,5,True,0.16062407899291997,False
incl88_j2_node10,0.0,2461831.2209550696,2461831.2198960283,2461831.187585344,25.0,7981,-16.957763300004146,-52.03125,-0.5622299313545227,8,6,True,0.16161311661988942,False
incl88_j2_node10,0.0,2461877.595110922,2461877.5940518808,2461877.5617411966,25.0,5075,9.594068226860458,54.84375,0.276024729013443,8,4,True,0.5593551562404606,False
incl88_j2_node10,0.0,2461878.579154589,2461878.578095548,2461878.5457848636,25.0,6223,-1.1937484371410818,42.1875,0.218942329287529,6,3,True,0.46428799952087374,False
incl88_j2_node10,0.0,2461906.547097318,2461906.5460382765,2461906.5137275923,25.0,2891,31.38816646434855,30.9375,0.0269854087382555,10,6,True,0.6334954052084415,False
incl88_j2_node10,0.0,2461906.561375848,2461906.5603168067,2461906.5280061224,25.0,9292,-31.388166464348544,33.75,0.30992522835731506,8,4,True,0.6321691306623046,False
incl88_j2_node10,0.0,2461907.5361021985,2461907.535043157,2461907.502732473,25.0,6215,-1.1937484371410818,19.6875,0.4742579758167267,9,6,True,0.5404382858956838,False
incl88_j2_node10,0.0,2461910.5623992025,2461910.561340161,2461910.529029477,25.0,6200,0.0,-21.09375,-0.25760483741760254,3,1,True,0.26306778188443364,False
incl88_j2_node10,0.0,2461921.3134131897,2461921.3123541484,2461921.280043464,25.0,8645,-24.62431835216408,15.46875,0.5258314609527588,7,5,True,0.33136083076385886,True
incl88_j2_node10,0.0,2461923.273738861,2461923.2726798197,2461923.2403691355,25.0,9916,-37.168899655999454,-11.25,0.5704578757286072,9,4,True,0.5535196407667534,True
incl88_j2_node10,0.0,2461923.356215521,2461923.35515648,2461923.3228457957,25.0,9660,-34.22886632781257,-11.25,-0.1657385528087616,8,4,True,0.5629472544632158,True
incl88_j2_node10,0.0,2461950.2834218936,2461950.2823628522,2461950.250052168,25.0,2878,32.79716829582364,-4.21875,-0.1663854718208313,3,1,True,0.30657768444919176,False
incl88_j2_node10,0.0,2461952.313806206,2461952.3127471646,2461952.2804364804,25.0,9396,-31.388166464348544,-33.75000000000006,-0.2689612805843353,8,4,True,0.5360298389910912,False
incl88_j2_node10,0.0,2461953.299795549,2461953.2987365075,2461953.2664258233,25.0,7471,-12.024699180565818,-46.40625,0.19549335539340973,10,6,True,0.645496831846963,False
incl88_j2_node10,0.0,2461981.2748700157,2461981.2738109743,2461981.24150029,25.0,7596,-13.248014905676953,-56.25,0.21238625049591064,5,2,True,0.5053908672304303,False
incl88_j2_node10,0.0,2462000.5792333065,2462000.578174265,2462000.545863581,25.0,7633,-14.477512185929939,49.21875,-0.4515068829059601,7,5,True,0.15394327407313987,False
incl88_j2_node10,0.0,2462027.4920287663,2462027.490969725,2462027.4586590407,25.0,7251,-10.806922874860348,53.4375,-0.2694357931613922,13,7,True,0.4000458710293243,False
incl88_j2_node10,0.0,2462027.5032781367,2462027.5022190954,2462027.469908411,25.0,2259,38.68218745348943,54.84375,0.31591394543647766,13,7,True,0.39885492698174324,False
incl88_j2_node10,0.0,2462027.570085433,2462027.5690263915,2462027.5367157073,25.0,8914,-27.27961273597809,52.03125,-0.5614892840385437,13,7,True,0.3917851034874214,False
incl88_j2_node10,0.0,2462028.55227011,2462028.551211069,2462028.5189003847,25.0,8653,-24.62431835216408,37.96875,0.5206738114356995,12,7,True,0.28941042187543636,False
incl88_j2_node10,0.0,2462028.564081037,2462028.5630219956,2462028.5307113114,25.0,3278,27.27961273597809,40.78125,-0.16985902190208435,12,7,True,0.28820903298844575,False
incl88_j2_node10,0.0,2462055.459968836,2462055.4589097947,2462055.4265991105,25.0,10318,-43.40685848593699,42.096774193548384,-0.2493603378534317,14,7,True,0.5592935664087567,False
incl88_j2_node10,0.0,2462055.473984444,2462055.4729254027,2462055.4406147185,25.0,4176,18.209956864283,45.0,-0.505033016204834,14,7,True,0.5578040479286618,False
incl88_j2_node10,0.0,2462055.5508194854,2462055.549760444,2462055.51744976,25.0,6479,-3.583321698471977,42.1875,0.3729591965675354,15,7,True,0.5496186732933149,False
incl88_j2_node10,0.0,2462055.6284285914,2462055.62736955,2462055.595058866,25.0,8398,-22.02431283704216,40.78125,-0.022023703902959824,11,4,True,0.5413185068090007,False
incl88_j2_node10,0.0,2462056.5293772216,2462056.5283181802,2462056.496007496,25.0,7882,-16.957763300004146,29.53125,-0.4379335939884186,13,7,True,0.4433081330965406,False
incl88_j2_node10,0.0,2462056.6075644577,2462056.6065054163,2462056.574194732,25.0,9417,-32.79716829582364,26.71875,0.45755067467689514,14,6,True,0.43472565040214495,False
incl88_j2_node10,0.0,2462056.6200376013,2462056.61897856,2462056.5866678758,25.0,3786,22.02431283704216,29.53125,-0.03335829824209213,13,5,True,0.4333563425908764,False
incl88_j2_node10,0.0,2462057.524694028,2462057.5236349865,2462057.4913243023,25.0,1866,43.406858485936986,18.870967741935488,-0.06439737230539322,12,7,True,0.3347257787572528,False
incl88_j2_node10,0.0,2462057.592767574,2462057.5917085325,2462057.5593978483,25.0,7877,-16.957763300004146,15.46875,-0.43407681584358215,12,7,True,0.327424323866198,False
incl88_j2_node10,0.0,2462058.573777497,2462058.5727184555,2462058.5404077712,25.0,8128,-19.47122063449069,1.40625,0.4967831075191498,11,7,True,0.22625146009143673,False
incl88_j2_node10,0.0,2462058.5863264655,2462058.585267424,2462058.55295674,25.0,2497,35.68533471265204,4.21875,0.01212835032492876,12,7,True,0.22502144133552612,False
incl88_j2_node10,0.0,2462084.4251542063,2462084.424095165,2462084.391784481,25.0,6855,-7.180755781458288,21.09375,-0.35007262229919434,13,5,True,0.6079882045671678,False
incl88_j2_node10,0.0,2462084.5011218595,2462084.500062818,2462084.467752134,25.0,9414,-32.79716829582364,18.28125,0.2182634323835373,14,7,True,0.599819673761754,False
incl88_j2_node10,0.0,2462084.514185034,2462084.513125993,2462084.4808153086,25.0,3527,24.62431835216408,21.09375,-0.1660989224910736,13,7,True,0.5984108046818017,False
incl88_j2_node10,0.0,2462084.5945245507,2462084.5934655094,2462084.561154825,25.0,4167,18.209956864283,19.6875,-0.1296866089105606,18,7,True,0.5897200494072543,False
incl88_j2_node10,0.0,2462085.4799376284,2462085.478878587,2462085.446567903,25.0,10429,-44.99388015045713,4.5,0.1944674253463745,13,7,True,0.49166618748127705,False
incl88_j2_node10,0.0,2462085.562104705,2462085.5610456634,2462085.528734979,25.0,10305,-43.40685848593699,4.354838709677409,-0.39269018173217773,14,7,True,0.48242918224194853,False
incl88_j2_node10,0.0,2462085.5822024527,2462085.5811434113,2462085.548832727,25.0,1742,44.993880150457116,7.5,0.38918736577033997,16,7,True,0.4801681750603466,False
incl88_j2_node10,0.0,2462086.5476606432,2462086.546601602,2462086.5142909177,25.0,8893,-25.944479772370016,-8.4375,0.2549744248390198,13,7,True,0.37179268616039035,False
incl88_j2_node10,0.0,2462086.559468237,2462086.558409196,2462086.5260985116,25.0,3518,25.944479772370002,-5.625,-0.38270100951194763,12,7,True,0.37048201496042926,False
incl88_j2_node10,0.0,2462086.6367183723,2462086.635659331,2462086.603348647,25.0,5565,5.979156796301311,-8.4375,0.47617194056510925,11,6,True,0.3619235403984209,False
incl88_j2_node10,0.0,2462087.6098146173,2462087.608755576,2462087.5764448917,25.0,9400,-31.388166464348544,-22.5,0.013650618493556976,12,7,True,0.2577652869341375,False
incl88_j2_node10,0.0,2462087.6202416955,2462087.619182654,2462087.58687197,25.0,4664,14.477512185929925,-21.09375,0.4771684408187866,11,7,True,0.2566979473839962,False
incl88_j2_node10,0.0,2462099.184076582,2462099.1830175407,2462099.1507068565,25.0,2753,32.79716829582364,4.21875,-0.195071280002594,13,7,True,0.4700749373410613,True
incl88_j2_node10,0.0,2462100.1646786234,2462100.163619582,2462100.131308898,25.0,2493,37.16889965599944,-8.4375,0.26404938101768494,15,7,True,0.5631605043920128,True
incl88_j2_node10,0.0,2462100.2461318183,2462100.245072777,2462100.2127620927,25.0,2364,38.68218745348943,-9.84375,0.07775047421455383,13,7,True,0.5707913755655891,True
incl88_j2_node10,0.0,2462100.329583288,2462100.328524247,2462100.2962135626,25.0,3004,31.38816646434855,-11.25,-0.54853755235672,15,6,True,0.5785865268335658,True
incl88_j2_node10,0.0,2462126.1799999764,2462126.178940935,2462126.146630251,25.0,3651,23.31795706533424,8.4375,0.3218095600605011,10,7,True,0.21174648642529104,False
incl88_j2_node10,0.0,2462126.1944539053,2462126.193394864,2462126.1610841798,25.0,10052,-40.22818472806108,11.25,0.2835402190685272,9,6,True,0.2129064318609786,False
incl88_j2_node10,0.0,2462127.172196071,2462127.17113703,2462127.1388263456,25.0,8639,-23.31795706533424,-2.8125,0.18994678556919098,11,7,True,0.2953324441051406,False
incl88_j2_node10,0.0,2462127.245677348,2462127.244618307,2462127.2123076227,25.0,4798,13.24801490567694,-5.625,-0.0808584913611412,9,6,True,0.3017981336572706,False
incl88_j2_node10,0.0,2462128.2224963848,2462128.2214373434,2462128.189126659,25.0,2745,34.228866327812575,-19.6875,-0.16750603914260864,12,7,True,0.3902955690698612,False
incl88_j2_node10,0.0,2462128.2367939386,2462128.235734897,2462128.203424213,25.0,9146,-28.630989836924357,-16.875,-0.039438001811504364,12,7,True,0.3916188451060856,False
incl88_j2_node10,0.0,2462129.2056686147,2462129.2046095734,2462129.172298889,25.0,3380,27.27961273597809,-32.34375000000006,-0.2201245278120041,14,7,True,0.4823187612960942,False
incl88_j2_node10,0.0,2462129.219990026,2462129.218930985,2462129.1866203006,25.0,9781,-35.68533471265205,-29.53125,-0.07994604855775833,13,7,True,0.48366844999962433,False
incl88_j2_node10,0.0,2462129.2942142147,2462129.2931551733,2462129.260844489,25.0,6452,-2.388015463268786,-32.34375000000006,-0.36533015966415405,16,7,True,0.49066472067643785,False
incl88_j2_node10,0.0,2462130.1875680108,2462130.1865089694,2462130.154198285,25.0,3504,25.944479772370002,-45.0,0.004850558005273342,15,7,True,0.574660266190421,False
incl88_j2_node10,0.0,2462130.2019229536,2462130.2008639122,2462130.168553228,25.0,9905,-37.168899655999454,-42.18750000000006,0.10940734297037125,14,7,True,0.5760012426363754,False
incl88_j2_node10,0.0,2462130.2760810293,2462130.275021988,2462130.2427113038,25.0,6576,-3.583321698471977,-45.0,-0.09049512445926666,16,7,True,0.5829215417910134,False
incl88_j2_node10,0.0,2462130.35206297,2462130.3510039286,2462130.3186932444,25.0,3887,22.02431283704216,-46.40625,0.5410674810409546,16,7,True,0.5899987015732054,False
incl88_j2_node10,0.0,2462130.366210152,2462130.3651511106,2462130.3328404264,25.0,10160,-40.22818472806108,-45.0,-0.537577748298645,15,6,True,0.5913148234732617,False
incl88_j2_node10,0.0,2462156.2059045243,2462156.204845483,2462156.1725347987,25.0,6326,-1.1937484371410818,-28.125,-0.36128464341163635,12,7,True,0.22424404481824814,False
incl88_j2_node10,0.0,2462157.1813258356,2462157.1802667943,2462157.14795611,25.0,3505,25.944479772370002,-42.18750000000006,-0.31499695777893066,10,5,True,0.30540924973373745,False
incl88_j2_node10,0.0,2462157.195680933,2462157.1946218917,2462157.1623112075,25.0,9906,-37.168899655999454,-39.375,-0.19173197448253632,12,7,True,0.3066569741980763,False
incl88_j2_node10,0.0,2462157.2703829454,2462157.269323904,2462157.23701322,25.0,6833,-5.979156796301311,-42.18750000000006,-0.5438769459724426,10,6,True,0.31317192746697187,False
incl88_j2_node10,0.0,2462158.2434826223,2462158.242423581,2462158.2101128967,25.0,2988,31.38816646434855,-56.25,-0.07534149289131165,12,7,True,0.4009462277540995,False
incl88_j2_node10,0.0,2462158.2577612475,2462158.256702206,2462158.224391522,25.0,9389,-31.388166464348544,-53.43750000000006,0.07144883275032043,12,7,True,0.40226813711989234,False
incl88_j2_node10,0.0,2462158.3326887502,2462158.331629709,2462158.2993190247,25.0,6316,-1.1937484371410818,-56.25,-0.37161704897880554,10,4,True,0.4092180754126474,False
incl88_j2_node20,0.0,2461552.51671571,2461552.5156566687,2461552.4833459845,25.0,1753,44.993880150457116,40.5,0.3080410957336426,11,7,True,0.6490284601167154,False
incl88_j2_node20,0.0,2461552.530514946,2461552.529455905,2461552.4971452206,25.0,7759,-15.713861048008212,42.1875,-0.06131754070520401,10,6,True,0.6477788009408453,False
incl88_j2_node20,0.0,2461553.5135423974,2461553.512483356,2461553.480172672,25.0,8394,-22.02431283704216,29.53125,0.0426645427942276,9,4,True,0.5561650934288144,False
incl88_j2_node20,0.0,2461554.5672107833,2461554.566151742,2461554.5338410577,25.0,3909,20.742379954487134,14.0625,-0.042394835501909256,7,3,True,0.454245018664933,False
incl88_j2_node20,0.0,2461555.5576629364,2461555.556603895,2461555.524293211,25.0,8001,-18.209956864283015,2.8125,0.4610734283924103,6,3,True,0.3579413119647919,False
incl88_j2_node20,0.0,2461598.28744027,2461598.286381229,2461598.2540705446,25.0,9015,-27.27961273597809,-23.90625,-0.14626671373844147,8,5,True,0.6076494673286378,False
incl88_j2_node20,0.0,2461598.299538655,2461598.298479614,2461598.2661689296,25.0,3512,25.944479772370002,-22.5,0.19055810570716858,9,5,True,0.6088865654822317,False
incl88_j2_node20,0.0,2461674.6028758483,2461674.601816807,2461674.5695061227,25.0,10192,-41.81031489577862,46.40625,-0.01933722198009491,9,6,True,0.21201511281279492,False
incl88_j2_node20,0.0,2461674.6131952037,2461674.6121361624,2461674.579825478,25.0,5713,3.5833216984719627,47.8125,0.3615357279777527,6,4,True,0.21101985755843852,False
incl88_j2_node20,0.0,2461701.5181509103,2461701.517091869,2461701.4847811847,25.0,8914,-27.27961273597809,52.03125,-0.5957710146903992,13,7,True,0.46839699754637987,False
incl88_j2_node20,0.0,2461701.531485289,2461701.5304262475,2461701.4981155633,25.0,2899,31.38816646434855,53.4375,0.03843579813838005,13,7,True,0.46687682492768157,False
incl88_j2_node20,0.0,2461701.6105756564,2461701.609516615,2461701.577205931,25.0,4050,19.47122063449069,52.03125,-0.11090866476297379,15,6,True,0.4578635337720076,False
incl88_j2_node20,0.0,2461702.5067528095,2461702.505693768,2461702.473383084,25.0,5710,3.5833216984719627,39.375,0.09916165471076965,9,4,True,0.35703765769063023,False
incl88_j2_node20,0.0,2461702.579951658,2461702.5788926166,2461702.5465819323,25.0,9549,-34.22886632781257,36.5625,0.3490507900714874,12,7,True,0.34898662536835,False
incl88_j2_node20,0.0,2461702.5930427792,2461702.591983738,2461702.5596730537,25.0,3662,23.31795706533424,39.375,-0.262861967086792,12,7,True,0.34755084722704416,False
incl88_j2_node20,0.0,2461703.562505203,2461703.5614461615,2461703.5291354773,25.0,9160,-30.000000000000014,23.90625,0.2594301700592041,9,5,True,0.24573398683354286,False
incl88_j2_node20,0.0,2461704.63190403,2461704.630844989,2461704.5985343046,25.0,6468,-3.583321698471977,11.25,-0.12198304384946823,7,5,True,0.14820033073154684,False
incl88_j2_node20,0.0,2461704.6329895156,2461704.631930474,2461704.59961979,25.0,5956,1.1937484371410676,11.25,0.034992314875125885,6,5,True,0.14811135285853883,False
incl88_j2_node20,0.0,2461729.490905779,2461729.4898467376,2461729.4575360534,25.0,9934,-38.68218745348943,40.78125,0.17073972523212433,14,7,True,0.6193869000420289,False
incl88_j2_node20,0.0,2461729.5030005327,2461729.5019414914,2461729.469630807,25.0,4559,14.477512185929925,43.59375,-0.5403451919555664,14,7,True,0.6180415328785415,False
incl88_j2_node20,0.0,2461729.578210021,2461729.5771509795,2461729.5448402953,25.0,7630,-14.477512185929939,40.78125,0.18324661254882812,18,7,True,0.6096568574366027,False
incl88_j2_node20,0.0,2461729.653788823,2461729.652729782,2461729.6204190976,25.0,10189,-41.81031489577862,37.96875,0.5084395408630371,10,4,True,0.6012005130145973,False
incl88_j2_node20,0.0,2461730.4812942976,2461730.4802352563,2461730.447924572,25.0,6090,0.0,29.53125,0.03780897334218025,13,7,True,0.5073708339510207,False
incl88_j2_node20,0.0,2461730.558955349,2461730.5578963077,2461730.5255856235,25.0,8010,-18.209956864283015,28.125,-0.2528510093688965,13,7,True,0.49851949908501475,False
incl88_j2_node20,0.0,2461730.569914983,2461730.5688559418,2461730.5365452575,25.0,3018,29.999999999999993,29.53125,0.057834818959236145,14,7,True,0.4972706720842429,False
incl88_j2_node20,0.0,2461730.650790255,2461730.6497312137,2461730.6174205295,25.0,3402,25.944479772370002,28.125,0.1935768872499466,11,5,True,0.48805862393428223,False
incl88_j2_node20,0.0,2461731.53689957,2461731.5358405286,2461731.5035298443,25.0,9541,-34.22886632781257,14.0625,0.11248869448900223,13,7,True,0.3883739966057909,False
incl88_j2_node20,0.0,2461731.5505870087,2461731.5495279673,2461731.517217283,25.0,3398,25.944479772370002,16.875,-0.38291049003601074,13,7,True,0.3868640936990521,False
incl88_j2_node20,0.0,2461731.6297793463,2461731.628720305,2461731.5964096207,25.0,4549,14.477512185929925,15.46875,-0.5247535109519958,13,6,True,0.3781530311079362,False
incl88_j2_node20,0.0,2461732.600288758,2461732.5992297167,2461732.5669190325,25.0,9536,-34.22886632781257,0.0,0.11621939390897751,13,7,True,0.2758380565022563,False
incl88_j2_node20,0.0,2461732.6139761955,2461732.612917154,2461732.58060647,25.0,3393,25.944479772370002,2.8125,-0.3757980465888977,12,7,True,0.2744665425598857,False
incl88_j2_node20,0.0,2461771.1775217974,2461771.176462756,2461771.144152072,25.0,6603,-4.780191847199163,32.34375,0.5485143065452576,5,3,True,0.12966642166705775,False
incl88_j2_node20,0.0,2461773.2164091985,2461773.215350157,2461773.183039473,25.0,3777,22.02431283704216,4.21875,0.36916208267211914,12,7,True,0.2827284230149466,False
incl88_j2_node20,0.0,2461773.229862519,2461773.2288034777,2461773.1964927935,25.0,9794,-37.168899655999454,5.625,-0.35401272773742676,10,7,True,0.28387511567150514,False
incl88_j2_node20,0.0,2461774.203276703,2461774.202217662,2461774.1699069776,25.0,6333,-1.1937484371410818,-8.4375,-0.0998164638876915,12,7,True,0.3704994754539491,False
incl88_j2_node20,0.0,2461774.279210358,2461774.2781513166,2461774.2458406324,25.0,3644,24.62431835216408,-9.84375,0.4511454403400421,12,6,True,0.37752661610864197,False
incl88_j2_node20,0.0,2461774.292586596,2461774.291527555,2461774.2592168706,25.0,9661,-34.22886632781257,-8.4375,-0.24308475852012634,12,5,True,0.3787680239838696,False
incl88_j2_node20,0.0,2461775.1846005367,2461775.1835414954,2461775.151230811,25.0,6200,0.0,-21.09375,0.2593788802623749,13,7,True,0.4636020651502645,False
incl88_j2_node20,0.0,2461775.2582827667,2461775.2572237253,2461775.224913041,25.0,2615,35.68533471265204,-23.90625,-0.06713569909334183,13,7,True,0.4707591174758036,False
incl88_j2_node20,0.0,2461775.272001136,2461775.2709420947,2461775.2386314105,25.0,8760,-24.62431835216408,-21.09375,0.4178856611251831,14,7,True,0.47209361957961793,False
incl88_j2_node20,0.0,2461775.346562973,2461775.345503932,2461775.3131932477,25.0,5431,7.180755781458274,-23.90625,-0.1482592672109604,10,4,True,0.479357261777257,False
incl88_j2_node20,0.0,2461776.238846521,2461776.2377874795,2461776.2054767953,25.0,2227,40.228184728061095,-36.5625,0.3728026747703552,14,7,True,0.5672116339822597,False
incl88_j2_node20,0.0,2461776.2518438473,2461776.250784806,2461776.2184741218,25.0,7987,-16.957763300004146,-35.15625,-0.3156222403049469,13,7,True,0.5684979301668462,False
incl88_j2_node20,0.0,2461776.327885261,2461776.3268262194,2461776.2945155352,25.0,5299,8.385538647081319,-36.5625,0.20839673280715942,18,7,True,0.5760235347289402,False
incl88_j2_node20,0.0,2461801.1868955023,2461801.185836461,2461801.1535257767,25.0,1981,43.406858485936986,-7.258064516129025,-0.136124849319458,6,4,True,0.14060684370698007,False
incl88_j2_node20,0.0,2461801.200627631,2461801.1995685897,2461801.1672579055,25.0,7998,-16.957763300004146,-4.21875,0.3718266189098358,8,6,True,0.14151463401305,False
incl88_j2_node20,0.0,2461802.2502838597,2461802.2492248183,2461802.216914134,25.0,1976,43.406858485936986,-21.774193548387075,-0.4708375930786133,7,5,True,0.21800313684210584,False
incl88_j2_node20,0.0,2461803.2352387034,2461803.234179662,2461803.201868978,25.0,3252,28.630989836924343,-33.75000000000006,-0.39451631903648376,12,7,True,0.30116401966729606,False
incl88_j2_node20,0.0,2461803.2488913815,2461803.24783234,2461803.215521656,25.0,9397,-31.388166464348544,-30.9375,0.08900479227304459,12,7,True,0.3023842936246418,False
incl88_j2_node20,0.0,2461804.223619292,2461804.2225602507,2461804.1902495665,25.0,6320,-1.1937484371410818,-45.0,0.1697501689195633,13,7,True,0.3935213833967586,False
incl88_j2_node20,0.0,2461804.298004986,2461804.2969459444,2461804.26463526,25.0,2991,31.38816646434855,-47.81250000000006,-0.27991023659706116,15,7,True,0.40076560925509885,False
incl88_j2_node20,0.0,2461804.311657598,2461804.3105985564,2461804.278287872,25.0,9136,-28.630989836924357,-45.0,0.19813692569732666,12,6,True,0.40209906511486443,False
incl88_j2_node20,0.0,2461805.2054857914,2461805.20442675,2461805.172116066,25.0,6443,-2.388015463268786,-57.65625000000006,0.4479300379753113,14,7,True,0.49160158503998663,False
incl88_j2_node20,0.0,2461805.286469341,2461805.2854102994,2461805.253099615,25.0,6059,1.1937484371410676,-59.0625,0.2446814775466919,15,7,True,0.49988278936149233,False
incl88_j2_node20,0.0,2461805.375050567,2461805.3739915257,2461805.3416808415,25.0,9131,-28.630989836924357,-59.0625,0.19206571578979492,11,5,True,0.508964446195621,False
incl88_j2_node20,0.0,2461831.216294023,2461831.215234982,2461831.1829242976,25.0,5809,3.5833216984719627,-42.18750000000006,-0.03237921744585037,10,7,True,0.16127676345450928,False
incl88_j2_node20,0.0,2461832.205216536,2461832.2041574945,2461832.1718468103,25.0,9133,-28.630989836924357,-53.43750000000006,0.4299866259098053,8,4,True,0.2392190471981057,False
incl88_j2_node20,0.0,2461832.279686279,2461832.278627238,2461832.2463165536,25.0,5804,3.5833216984719627,-56.25,-0.03796558082103729,7,5,True,0.2455953560942197,False
incl88_j2_node20,0.0,2461878.574167056,2461878.5731080147,2461878.5407973304,25.0,3922,20.742379954487134,50.625,-0.49098050594329834,5,2,True,0.46476519020734874,False
incl88_j2_node20,0.0,2461878.5873411563,2461878.586282115,2461878.5539714308,25.0,9811,-37.168899655999454,53.4375,-0.047572359442710876,6,3,True,0.4635049005186227,False
incl88_j2_node20,0.0,2461906.555057238,2461906.5539981965,2461906.5216875123,25.0,6479,-3.583321698471977,42.1875,-0.08920139074325562,10,6,True,0.632756131315254,False
incl88_j2_node20,0.0,2461907.5293247104,2461907.528265669,2461907.495954985,25.0,3146,28.630989836924343,28.125,0.07678971439599991,7,4,True,0.5410811197608562,False
incl88_j2_node20,0.0,2461907.5429775794,2461907.541918538,2461907.509607854,25.0,9291,-31.388166464348544,30.9375,0.4226345419883728,9,6,True,0.5397861385019985,False
incl88_j2_node20,0.0,2461910.5712013724,2461910.570142331,2461910.537831647,25.0,10044,-38.68218745348943,-9.84375,-0.5218519568443298,3,1,True,0.26232575565126226,False
incl88_j2_node20,0.0,2461950.2781509506,2461950.277091909,2461950.244781225,25.0,5057,9.594068226860458,4.21875,0.3750494718551636,3,1,True,0.30600919473836363,False
incl88_j2_node20,0.0,2461953.2978250855,2461953.296766044,2461953.26445536,25.0,8371,-20.74237995448715,-36.5625,-0.009276452474296093,11,7,True,0.6452850631034895,False
incl88_j2_node20,0.0,2461953.3116933056,2461953.3106342643,2461953.27832358,25.0,2228,40.228184728061095,-33.75000000000006,-0.13991259038448334,10,6,True,0.6467744843785574,False
incl88_j2_node20,0.0,2461981.2728880974,2461981.271829056,2461981.239518372,25.0,8495,-22.02431283704216,-46.40625,-0.005998294334858656,5,2,True,0.5051693065988905,False
incl88_j2_node20,0.0,2461982.2639160207,2461982.2628569794,2461982.230546295,25.0,4139,19.47122063449069,-57.65625000000006,-0.08206941932439804,6,3,True,0.6135999724331394,False
incl88_j2_node20,0.0,2462000.5833441154,2462000.582285074,2462000.54997439,25.0,5717,3.5833216984719627,59.0625,0.3587092161178589,8,5,True,0.15360538303765295,False
incl88_j2_node20,0.0,2462028.5573424073,2462028.556283366,2462028.5239726817,25.0,6353,-2.388015463268786,49.21875,0.1975795328617096,12,7,True,0.28889434371074146,False
incl88_j2_node20,0.0,2462029.6114055556,2462029.6103465143,2462029.57803583,25.0,10315,-43.40685848593699,33.38709677419354,-0.01354632806032896,6,4,True,0.1868493358540183,False
incl88_j2_node20,0.0,2462055.4684898257,2462055.4674307844,2462055.4351201,25.0,6739,-5.979156796301311,53.4375,0.10987698286771774,14,7,True,0.55838810918449,False
incl88_j2_node20,0.0,2462055.547793113,2462055.546734072,2462055.5144233876,25.0,7890,-16.957763300004146,52.03125,-0.0015592608833685517,15,7,True,0.5499416856563747,False
incl88_j2_node20,0.0,2462055.561161214,2462055.5601021727,2462055.5277914885,25.0,2003,41.81031489577859,54.84375,-0.1291917860507965,16,7,True,0.548514463994856,False
incl88_j2_node20,0.0,2462055.625001765,2462055.6239427235,2462055.5916320393,25.0,9810,-37.168899655999454,50.625,-0.542158305644989,12,4,True,0.5416856687064393,False
incl88_j2_node20,0.0,2462056.541353339,2462056.5402942975,2462056.5079836133,25.0,2510,35.68533471265204,40.78125,0.42568856477737427,12,7,True,0.44199369762478297,False
incl88_j2_node20,0.0,2462056.605165821,2462056.6041067797,2462056.5717960955,25.0,10316,-43.40685848593699,36.29032258064515,0.18032999336719513,13,6,True,0.4349889724435705,False
incl88_j2_node20,0.0,2462056.6186163453,2462056.617557304,2462056.58524662,25.0,4430,15.713861048008212,39.375,-0.1153695210814476,14,5,True,0.43351236970315665,False
incl88_j2_node20,0.0,2462057.523979187,2462057.5229201457,2462057.4906094614,25.0,2122,40.228184728061095,28.125,0.38224539160728455,12,7,True,0.33480258317219863,False
incl88_j2_node20,0.0,2462057.590422878,2462057.5893638367,2462057.5570531525,25.0,8904,-27.27961273597809,23.90625,0.5504405498504639,12,7,True,0.32767536791634505,False
incl88_j2_node20,0.0,2462058.5754930377,2462058.5744339963,2462058.542123312,25.0,7364,-12.024699180565818,12.65625,-0.4257503151893616,11,7,True,0.2260831779221893,False
incl88_j2_node20,0.0,2462058.587369445,2462058.5863104034,2462058.553999719,25.0,2117,40.228184728061095,14.0625,0.3933664560317993,12,7,True,0.22491931517997188,False
incl88_j2_node20,0.0,2462084.425439262,2462084.4243802205,2462084.3920695363,25.0,6731,-5.979156796301311,30.9375,-0.15696407854557037,13,5,True,0.6079576271566399,False
incl88_j2_node20,0.0,2462084.504171881,2462084.5031128395,2462084.4708021553,25.0,8138,-19.47122063449069,29.53125,-0.36330971121788025,14,7,True,0.599490798894611,False
incl88_j2_node20,0.0,2462084.517044745,2462084.5159857036,2462084.4836750193,25.0,2379,37.16889965599944,30.9375,0.5482161045074463,14,7,True,0.5981022062575648,False
incl88_j2_node20,0.0,2462084.5838890513,2462084.58283001,2462084.550519326,25.0,9034,-28.630989836924357,28.125,-0.43160152435302734,18,7,True,0.5908731103377829,False
incl88_j2_node20,0.0,2462085.4833628475,2462085.482303806,2462085.449993122,25.0,9157,-30.000000000000014,15.46875,0.16901211440563202,13,7,True,0.4912813687451414,False
incl88_j2_node20,0.0,2462085.4970114254,2462085.495952384,2462085.4636417,25.0,3014,29.999999999999993,18.28125,-0.03001244179904461,14,7,True,0.4897477829351802,False
incl88_j2_node20,0.0,2462085.57613083,2462085.575071789,2462085.5427611046,25.0,4166,18.209956864283,16.875,-0.2546761631965637,15,7,True,0.4808512986736854,False
incl88_j2_node20,0.0,2462085.644984374,2462085.6439253325,2462085.6116146483,25.0,9924,-38.68218745348943,12.65625,0.2619701027870178,11,5,True,0.47310178094250793,False
incl88_j2_node20,0.0,2462086.5538482456,2462086.5527892043,2462086.52047852,25.0,5953,1.1937484371410676,2.8125,0.1333383023738861,12,7,True,0.3711057688440705,False
incl88_j2_node20,0.0,2462086.63152302,2462086.6304639787,2462086.5981532945,25.0,7872,-16.957763300004146,1.40625,-0.25732219219207764,12,6,True,0.36249818695894725,False
incl88_j2_node20,0.0,2462086.645254707,2462086.6441956656,2462086.6118849814,25.0,1861,43.406858485936986,4.354838709677409,-0.28637611865997314,9,5,True,0.36097963282821366,False
incl88_j2_node20,0.0,2462087.617237991,2462087.61617895,2462087.5838682656,25.0,6076,1.1937484371410676,-11.25,0.14031782746315002,11,7,True,0.25700529307145636,False
incl88_j2_node20,0.0,2462087.625082414,2462087.624023373,2462087.5917126886,25.0,2620,35.68533471265204,-9.84375,0.2517396807670593,10,6,True,0.25620288147300546,False
incl88_j2_node20,0.0,2462126.1888896623,2462126.187830621,2462126.1555199367,25.0,7751,-15.713861048008212,19.6875,0.023571278899908066,9,6,True,0.21245964257786967,False
incl88_j2_node20,0.0,2462127.1655444647,2462127.1644854234,2462127.132174739,25.0,5442,5.979156796301311,5.625,-0.18681614100933075,11,7,True,0.294748759984164,False
incl88_j2_node20,0.0,2462127.240913815,2462127.2398547735,2462127.2075440893,25.0,2625,34.228866327812575,2.8125,-0.5013630390167236,9,6,True,0.3013780255817913,False
incl88_j2_node20,0.0,2462127.2546022297,2462127.2535431883,2462127.221232504,25.0,8770,-25.944479772370016,5.625,-0.4002559781074524,8,4,True,0.30258562898140073,False
incl88_j2_node20,0.0,2462128.227839197,2462128.2267801557,2462128.1944694715,25.0,5053,10.806922874860334,-8.4375,-0.00023313115525525063,12,7,True,0.39078999828004235,False
incl88_j2_node20,0.0,2462128.3036375963,2462128.302578555,2462128.2702678707,25.0,2492,37.16889965599944,-11.25,-0.3491578698158264,12,4,True,0.39781346559740227,False
incl88_j2_node20,0.0,2462129.2118882486,2462129.210829207,2462129.178518523,25.0,6200,0.0,-21.09375,-0.10965950787067413,13,7,True,0.48290490542007697,False
incl88_j2_node20,0.0,2462129.2855701717,2462129.2845111303,2462129.252200446,25.0,2615,35.68533471265204,-23.90625,-0.17591166496276855,16,7,True,0.4898498616886115,False
incl88_j2_node20,0.0,2462129.2986987326,2462129.2976396913,2462129.265329007,25.0,8504,-22.02431283704216,-21.09375,0.058117929846048355,16,7,True,0.4910874743866587,False
incl88_j2_node20,0.0,2462130.1915797773,2462130.190520736,2462130.1582100517,25.0,5300,8.385538647081319,-33.75000000000006,0.5328948497772217,14,7,True,0.5750350649481728,False
incl88_j2_node20,0.0,2462130.2650446906,2462130.263985649,2462130.231674965,25.0,1847,44.993880150457116,-37.5,-0.13423430919647217,15,7,True,0.5818924499341274,False
incl88_j2_node20,0.0,2462130.279428369,2462130.2783693275,2462130.2460586433,25.0,8116,-18.209956864283015,-33.75000000000006,0.5268537998199463,16,7,True,0.5832336238683966,False
incl88_j2_node20,0.0,2462130.3540681116,2462130.3530090703,2462130.320698386,25.0,4787,13.24801490567694,-36.5625,0.08361487835645676,15,6,True,0.590185278999729,False
incl88_j2_node20,0.0,2462130.36696,2462130.3659009584,2462130.333590274,25.0,10416,-43.40685848593699,-33.38709677419354,0.42947202920913696,15,6,True,0.5913845698088571,False
incl88_j2_node20,0.0,2462156.205646992,2462156.204587951,2462156.1722772666,25.0,6201,0.0,-18.28125,-0.47433173656463623,12,7,True,0.2242236631155612,False
incl88_j2_node20,0.0,2462157.179783035,2462157.1787239937,2462157.1464133095,25.0,2868,32.79716829582364,-32.34375000000006,-0.0795704647898674,10,5,True,0.3052752580461063,False
incl88_j2_node20,0.0,2462157.192846368,2462157.1917873267,2462157.1594766425,25.0,8757,-24.62431835216408,-29.53125,0.1927003711462021,11,7,True,0.3064105226920184,False
incl88_j2_node20,0.0,2462157.2663088264,2462157.265249785,2462157.232939101,25.0,4916,12.024699180565818,-32.34375000000006,0.0010931813158094883,10,6,True,0.31281567425997503,False
incl88_j2_node20,0.0,2462157.2789107794,2462157.277851738,2462157.245541054,25.0,10417,-43.40685848593699,-30.48387096774195,-0.5706406831741333,11,6,True,0.31391794416402363,False
incl88_j2_node20,0.0,2462158.250364082,2462158.2493050406,2462158.2169943564,25.0,6064,1.1937484371410676,-45.0,-0.11328733712434769,12,7,True,0.40158321166554783,False
incl88_j2_node20,0.0,2462158.324646557,2462158.323587516,2462158.2912768316,25.0,2735,34.228866327812575,-47.81250000000006,-0.28621047735214233,12,5,True,0.4084710851487192,False
incl88_j2_node20,0.0,2462159.226327117,2462159.2252680757,2462159.1929573915,25.0,3499,25.944479772370002,-59.0625,-0.13339975476264954,14,7,True,0.4934483972603789,False
incl88_j2_node20,0.0,2462159.240014972,2462159.238955931,2462159.2066452466,25.0,9644,-34.22886632781257,-56.25,0.019053583964705467,13,7,True,0.4947525276420764,False
incl88_j2_node20,0.0,2462159.3202343946,2462159.3191753533,2462159.286864669,25.0,9003,-27.27961273597809,-57.65625000000006,0.06712941825389862,18,7,True,0.5024007462091826,False
incl88_j2_node20,0.0,2462185.242488823,2462185.2414297815,2462185.2091190973,25.0,5297,8.385538647081319,-42.18750000000006,-0.1885116547346115,5,4,True,0.16302988584407613,False
incl88_j2_node20,0.0,2462186.227074417,2462186.2260153755,2462186.1937046912,25.0,6700,-4.780191847199163,-54.84375,-0.3941817879676819,12,7,True,0.2368390203006826,False
incl88_j2_node30,0.0,2461552.5167019726,2461552.515642931,2461552.483332247,25.0,1756,44.993880150457116,49.5,-0.4053037762641907,11,7,True,0.6490297037420045,False
incl88_j2_node30,0.0,2461552.5319407815,2461552.53088174,2461552.498571056,25.0,8402,-22.02431283704216,52.03125,-0.39260828495025635,10,6,True,0.6476496013852624,False
incl88_j2_node30,0.0,2461553.5180386393,2461553.516979598,2461553.4846689138,25.0,10190,-41.81031489577862,40.78125,0.3423255681991577,8,4,True,0.5557362307116377,False
incl88_j2_node30,0.0,2461555.551054865,2461555.5499958238,2461555.5176851396,25.0,4932,10.806922874860334,11.25,-0.19839434325695038,7,5,True,0.3585780718734539,False
incl88_j2_node30,0.0,2461582.458025729,2461582.4569666875,2461582.4246560032,25.0,2757,32.79716829582364,15.46875,0.4421023726463318,8,4,True,0.6237022359754885,True
incl88_j2_node30,0.0,2461582.4739266033,2461582.472867562,2461582.4405568778,25.0,9798,-37.168899655999454,16.875,-0.38781002163887024,12,7,True,0.6221963076468682,False
incl88_j2_node30,0.0,2461582.550570307,2461582.5495112655,2461582.5172005813,25.0,7621,-14.477512185929939,15.46875,0.05545585975050926,9,4,True,0.614914163455805,False
incl88_j2_node30,0.0,2461583.527235085,2461583.526176044,2461583.4938653596,25.0,5312,7.180755781458274,1.40625,-0.3718729317188263,10,6,True,0.5192466275858842,True
incl88_j2_node30,0.0,2461584.5039583435,2461584.502899302,2461584.470588618,25.0,3260,28.630989836924343,-11.25,0.5858604311943054,11,7,True,0.42027200581846114,True
incl88_j2_node30,0.0,2461584.5192561154,2461584.518197074,2461584.48588639,25.0,10044,-38.68218745348943,-9.84375,-0.19704152643680573,10,7,True,0.4187130053990047,True
incl88_j2_node30,0.0,2461597.3032544837,2461597.3021954424,2461597.269884758,25.0,10047,-38.68218745348943,-1.40625,-0.16197629272937775,7,3,True,0.5039136759629542,False
incl88_j2_node30,0.0,2461598.2936426895,2461598.292583648,2461598.260272964,25.0,6203,0.0,-12.65625,-0.49704182147979736,9,6,True,0.6082838202905324,False
incl88_j2_node30,0.0,2461627.2580408226,2461627.256981781,2461627.224671097,25.0,2867,32.79716829582364,-35.15625,0.35322004556655884,4,1,True,0.5578707302049775,False
incl88_j2_node30,0.0,2461674.6123809274,2461674.611321886,2461674.579011202,25.0,6100,0.0,57.65625,0.4029954671859741,7,5,True,0.21109829604330044,False
incl88_j2_node30,0.0,2461702.511246836,2461702.5101877945,2461702.4778771102,25.0,3666,23.31795706533424,50.625,-0.4153572618961334,10,5,True,0.35654228698363233,False
incl88_j2_node30,0.0,2461702.585282605,2461702.584223564,2461702.5519128796,25.0,7249,-10.806922874860348,47.8125,0.10199552774429321,12,7,True,0.34840177815791906,False
incl88_j2_node30,0.0,2461703.568787189,2461703.567728148,2461703.5354174636,25.0,6348,-2.388015463268786,35.15625,0.06661269068717957,11,7,True,0.24510947046265355,False
incl88_j2_node30,0.0,2461704.624934705,2461704.6238756636,2461704.5915649794,25.0,9543,-34.22886632781257,19.6875,0.21187005937099457,7,6,True,0.14877175994726927,False
incl88_j2_node30,0.0,2461704.632719553,2461704.6316605117,2461704.5993498275,25.0,6087,0.0,21.09375,0.15224936604499817,6,5,True,0.1481334818567061,False
incl88_j2_node30,0.0,2461729.4986169846,2461729.497557943,2461729.465247259,25.0,6610,-4.780191847199163,52.03125,0.3516453504562378,14,7,True,0.618529237041378,False
incl88_j2_node30,0.0,2461729.5074873795,2461729.506428338,2461729.474117654,25.0,2643,34.228866327812575,53.4375,0.3473949432373047,14,7,True,0.6175422346660631,False
incl88_j2_node30,0.0,2461729.5871028383,2461729.586043797,2461729.5537331128,25.0,3538,24.62431835216408,52.03125,0.28374457359313965,18,7,True,0.6086633757306409,False
incl88_j2_node30,0.0,2461730.4725014353,2461730.471442394,2461730.4391317097,25.0,9933,-38.68218745348943,37.96875,0.034696415066719055,11,5,True,0.5083731408967331,False
incl88_j2_node30,0.0,2461730.5620067585,2461730.560947717,2461730.528637033,25.0,6605,-4.780191847199163,37.96875,0.3577865958213806,14,7,True,0.4981717881407418,False
incl88_j2_node30,0.0,2461730.57189995,2461730.5708409087,2461730.5385302245,25.0,2254,38.68218745348943,40.78125,-0.573968231678009,15,7,True,0.4970445014946038,False
incl88_j2_node30,0.0,2461730.6510955337,2461730.6500364924,2461730.617725808,25.0,3277,27.27961273597809,37.96875,0.3855981230735779,11,5,True,0.4880238650697748,False
incl88_j2_node30,0.0,2461731.54658996,2461731.5455309185,2461731.5132202343,25.0,5193,8.385538647081319,25.3125,0.4793158769607544,13,7,True,0.3873049126387105,False
incl88_j2_node30,0.0,2461731.6243031765,2461731.623244135,2461731.590933451,25.0,7112,-9.594068226860458,23.90625,0.1980331540107727,14,7,True,0.37875399763646894,False
incl88_j2_node30,0.0,2461731.6336216987,2461731.6325626574,2461731.600251973,25.0,2889,31.38816646434855,25.3125,0.2592461109161377,12,6,True,0.3777314540098833,False
incl88_j2_node30,0.0,2461732.6179457433,2461732.616886702,2461732.5845760177,25.0,1864,43.406858485936986,13.064516129032256,0.18013273179531097,12,7,True,0.274069201116892,False
incl88_j2_node30,0.0,2461758.624966882,2461758.623907841,2461758.5915971566,25.0,3914,20.742379954487134,28.125,0.21637821197509766,17,7,True,0.6423669250706446,False
incl88_j2_node30,0.0,2461759.509809419,2461759.5087503777,2461759.4764396935,25.0,10432,-44.99388015045713,13.5,0.1598818451166153,15,7,True,0.543394134251285,True
incl88_j2_node30,0.0,2461759.528493646,2461759.5274346047,2461759.4951239205,25.0,2374,37.16889965599944,16.875,0.27738773822784424,15,7,True,0.5412887382778219,False
incl88_j2_node30,0.0,2461759.60995306,2461759.6088940185,2461759.5765833342,25.0,2501,35.68533471265204,15.46875,0.48119378089904785,17,7,True,0.5321103057036505,False
incl88_j2_node30,0.0,2461760.577839408,2461760.5767803667,2461760.5444696825,25.0,8640,-24.62431835216408,1.40625,-0.5864856839179993,13,7,True,0.4241724015640748,True
incl88_j2_node30,0.0,2461760.6564323204,2461760.655373279,2461760.623062595,25.0,10047,-38.68218745348943,-1.40625,0.30999132990837097,13,6,True,0.41558341734078874,True
incl88_j2_node30,0.0,2461761.644089703,2461761.6430306616,2461761.6107199774,25.0,7483,-12.024699180565818,-12.65625,-0.1509658247232437,11,7,True,0.31169713898676643,True
incl88_j2_node30,0.0,2461762.6314218016,2461762.6303627603,2461762.598052076,25.0,4791,13.24801490567694,-25.3125,0.3968377709388733,7,3,True,0.21826025381408345,True
incl88_j2_node30,0.0,2461771.1714258846,2461771.170366843,2461771.138056159,25.0,3790,22.02431283704216,40.78125,-0.05669576674699783,6,4,True,0.12928001040617354,False
incl88_j2_node30,0.0,2461773.211907877,2461773.2108488358,2461773.1785381516,25.0,1988,41.81031489577859,12.65625,-0.1345166712999344,12,7,True,0.28234513927972504,False
incl88_j2_node30,0.0,2461773.2276192196,2461773.226560178,2461773.194249494,25.0,8901,-27.27961273597809,15.46875,-0.12131237983703613,10,7,True,0.2836838415934675,True
incl88_j2_node30,0.0,2461774.204638672,2461774.2035796307,2461774.1712689465,25.0,6848,-7.180755781458288,1.40625,-0.4568382501602173,12,7,True,0.37062522875238313,False
incl88_j2_node30,0.0,2461774.2823502584,2461774.281291217,2461774.248980533,25.0,4928,10.806922874860334,0.0,-0.1688726246356964,12,6,True,0.37781795587325595,False
incl88_j2_node30,0.0,2461775.1777788578,2461775.1767198164,2461775.144409132,25.0,3131,29.999999999999993,-12.65625,-0.15432414412498474,13,7,True,0.4629403782751831,False
incl88_j2_node30,0.0,2461775.193397821,2461775.1923387796,2461775.1600280954,25.0,10044,-38.68218745348943,-9.84375,-0.0469064824283123,14,7,True,0.4644556159587998,True
incl88_j2_node30,0.0,2461775.272303172,2461775.2712441306,2461775.2389334464,25.0,8892,-25.944479772370016,-11.25,0.21386834979057312,14,7,True,0.4721230111270144,False
incl88_j2_node30,0.0,2461775.3479255605,2461775.346866519,2461775.314555835,25.0,6075,1.1937484371410676,-14.0625,-0.5064522624015808,10,4,True,0.47949015005197093,False
incl88_j2_node30,0.0,2461776.241170758,2461776.2401117166,2461776.2078010323,25.0,3126,29.999999999999993,-26.71875,-0.15987515449523926,14,7,True,0.5674416536595371,False
incl88_j2_node30,0.0,2461776.2567897355,2461776.255730694,2461776.22342001,25.0,10039,-38.68218745348943,-23.90625,-0.05039818584918976,14,7,True,0.5689874108569333,False
incl88_j2_node30,0.0,2461776.3350988193,2461776.334039778,2461776.301729094,25.0,8631,-23.31795706533424,-25.3125,0.31372275948524475,18,7,True,0.5767374125712696,False
incl88_j2_node30,0.0,2461801.1986850174,2461801.197625976,2461801.165315292,25.0,6978,-8.385538647081319,5.625,0.5291442275047302,8,6,True,0.14138607857891133,False
incl88_j2_node30,0.0,2461802.1878697514,2461802.18681071,2461802.154500026,25.0,10301,-41.81031489577862,-7.03125,-0.47745075821876526,9,5,True,0.21308282839034984,False
incl88_j2_node30,0.0,2461803.237620901,2461803.2365618595,2461803.2042511753,25.0,4280,18.209956864283,-22.5,0.36229342222213745,12,7,True,0.30137678554326014,False
incl88_j2_node30,0.0,2461804.214205176,2461804.2131461347,2461804.1808354505,25.0,2227,40.228184728061095,-36.5625,0.253113329410553,13,7,True,0.39260717117808674,False
incl88_j2_node30,0.0,2461804.2304909816,2461804.2294319402,2461804.197121256,25.0,9396,-31.388166464348544,-33.75000000000006,0.21463851630687714,13,7,True,0.39418908535843566,False
incl88_j2_node30,0.0,2461804.307052696,2461804.3059936548,2461804.2736829706,25.0,7091,-8.385538647081319,-36.5625,-0.5547142624855042,14,7,True,0.4016491496665908,False
incl88_j2_node30,0.0,2461805.2016478274,2461805.200588786,2461805.168278102,25.0,4654,14.477512185929925,-49.21875000000006,-0.5089544653892517,13,7,True,0.49120965448041803,False
incl88_j2_node30,0.0,2461805.2796047223,2461805.278545681,2461805.2462349967,25.0,2990,31.38816646434855,-50.625,-0.12819021940231323,14,7,True,0.49918000166332255,False
incl88_j2_node30,0.0,2461805.2958897394,2461805.294830698,2461805.262520014,25.0,10159,-40.22818472806108,-47.81250000000006,-0.17670927941799164,16,7,True,0.5008474869750749,False
incl88_j2_node30,0.0,2461805.372973839,2461805.3719147975,2461805.3396041133,25.0,8238,-19.47122063449069,-49.21875000000006,0.4073673188686371,11,5,True,0.5087512783966984,False
incl88_j2_node30,0.0,2461831.2138242256,2461831.212765184,2461831.1804545,25.0,4660,14.477512185929925,-32.34375000000006,0.19646768271923065,10,7,True,0.16109877772966416,False
incl88_j2_node30,0.0,2461832.2049143165,2461832.203855275,2461832.171544591,25.0,9008,-27.27961273597809,-43.59375,0.3363472521305084,8,4,True,0.2391933033527941,False
incl88_j2_node30,0.0,2461832.281589908,2461832.2805308667,2461832.2482201825,25.0,6703,-4.780191847199163,-46.40625,-0.48279017210006714,7,5,True,0.24575926181004987,False
incl88_j2_node30,0.0,2461833.2645546314,2461833.26349559,2461833.231184906,25.0,7339,-10.806922874860348,-59.0625,-0.3730957806110382,12,7,True,0.33574990410003586,False
incl88_j2_node30,0.0,2461906.5509656924,2461906.549906651,2461906.517595967,25.0,4562,14.477512185929925,52.03125,0.4155380427837372,10,6,True,0.6331361635205753,False
incl88_j2_node30,0.0,2461907.52705136,2461907.5259923185,2461907.4936816343,25.0,2253,38.68218745348943,37.96875,0.3951878845691681,7,4,True,0.5412967352364177,False
incl88_j2_node30,0.0,2461907.5426713326,2461907.5416122912,2461907.509301607,25.0,9166,-30.000000000000014,40.78125,0.32879987359046936,9,6,True,0.5398151877441251,False
incl88_j2_node30,0.0,2461910.571931482,2461910.5708724405,2461910.5385617563,25.0,10176,-41.81031489577862,1.40625,0.2523844540119171,4,2,True,0.2622642480809562,False
incl88_j2_node30,0.0,2461936.502301088,2461936.5012420467,2461936.4689313625,25.0,10182,-41.81031489577862,18.28125,-0.057613782584667206,13,7,True,0.6128797051874986,True
incl88_j2_node30,0.0,2461938.540512446,2461938.5394534045,2461938.5071427203,25.0,7484,-12.024699180565818,-9.84375,0.3056064248085022,9,6,True,0.42009235054405514,True
incl88_j2_node30,0.0,2461950.282807037,2461950.2817479954,2461950.249437311,25.0,3013,29.999999999999993,15.46875,0.02800406888127327,3,1,True,0.30651136466567563,False
incl88_j2_node30,0.0,2461952.319881185,2461952.3188221436,2461952.2865114594,25.0,6715,-4.780191847199163,-12.65625,-0.3105378746986389,7,3,True,0.5367205075811228,False
incl88_j2_node30,0.0,2461953.310674042,2461953.3096150006,2461953.2773043164,25.0,2615,35.68533471265204,-23.90625,-0.22076289355754852,10,6,True,0.6466650664446875,False
incl88_j2_node30,0.0,2461982.2625152734,2461982.261456232,2461982.229145548,25.0,4783,13.24801490567694,-47.81250000000006,-0.16840334236621857,6,3,True,0.6134511648263581,False
incl88_j2_node30,0.0,2462028.555442951,2462028.55438391,2462028.5220732256,25.0,7253,-10.806922874860348,59.0625,0.02243737131357193,12,7,True,0.28908758072960317,False
incl88_j2_node30,0.0,2462030.6076059747,2462030.6065469333,2462030.574236249,25.0,3916,20.742379954487134,33.75,-0.39405199885368347,3,1,True,0.10466771202228545,False
incl88_j2_node30,0.0,2462056.5294025983,2462056.528343557,2462056.4960328727,25.0,7889,-16.957763300004146,49.21875,-0.17502246797084808,13,7,True,0.44330534793079107,False
incl88_j2_node30,0.0,2462056.6069337917,2462056.6058747503,2462056.573564066,25.0,9680,-35.68533471265205,46.40625,0.489888995885849,14,6,True,0.4347948848577021,False
incl88_j2_node30,0.0,2462056.618349604,2462056.6172905625,2462056.5849798783,25.0,4561,14.477512185929925,49.21875,0.003614444052800536,14,5,True,0.4335416527479456,False
incl88_j2_node30,0.0,2462057.5895036105,2462057.588444569,2462057.556133885,25.0,9292,-31.388166464348544,33.75,0.4513314366340637,12,7,True,0.3277738154929424,False
incl88_j2_node30,0.0,2462057.5991110643,2462057.598052023,2462057.5657413388,25.0,4941,10.806922874860334,36.5625,-0.45600560307502747,11,7,True,0.32674526700517403,False
incl88_j2_node30,0.0,2462058.5785093657,2462058.5774503243,2462058.54513964,25.0,5960,1.1937484371410676,22.5,0.23951876163482666,11,7,True,0.22578739026645844,False
incl88_j2_node30,0.0,2462084.4268116346,2462084.425752593,2462084.393441909,25.0,6094,0.0,40.78125,0.23214715719223022,13,5,True,0.6078104150954526,False
incl88_j2_node30,0.0,2462084.5044733393,2462084.503414298,2462084.4711036137,25.0,8014,-18.209956864283015,39.375,-0.18445232510566711,14,7,True,0.5994582935233869,False
incl88_j2_node30,0.0,2462084.582957829,2462084.5818987875,2462084.5495881033,25.0,9421,-32.79716829582364,37.96875,-0.5031839609146118,18,7,True,0.5909740154639673,False
incl88_j2_node30,0.0,2462084.5912314993,2462084.590172458,2462084.5578617738,25.0,5710,3.5833216984719627,39.375,-0.3800426423549652,18,7,True,0.5900771794390135,False
incl88_j2_node30,0.0,2462085.486915926,2462085.4858568846,2462085.4535462004,25.0,7625,-14.477512185929939,26.71875,-0.3411332964897156,13,7,True,0.49088218101204734,False
incl88_j2_node30,0.0,2462085.5758619956,2462085.574802954,2462085.54249227,25.0,4297,16.957763300004146,26.71875,-0.13659802079200745,15,7,True,0.48088154343929307,False
incl88_j2_node30,0.0,2462085.6493741884,2462085.648315147,2462085.616004463,25.0,8136,-19.47122063449069,23.90625,0.07293396443128586,10,4,True,0.47260751869668627,False
incl88_j2_node30,0.0,2462086.549743303,2462086.5486842617,2462086.5163735775,25.0,7876,-16.957763300004146,12.65625,-0.43581637740135193,13,7,True,0.37156143685543497,False
incl88_j2_node30,0.0,2462086.638132626,2462086.637073585,2462086.6047629006,25.0,4804,12.024699180565818,12.65625,-0.33774709701538086,10,5,True,0.3617671272792826,False
incl88_j2_node30,0.0,2462087.607837779,2462087.6067787376,2462087.5744680534,25.0,10175,-40.22818472806108,-2.8125,-0.24067944288253784,12,7,True,0.2579677821954072,False
incl88_j2_node30,0.0,2462087.625792418,2462087.624733377,2462087.5924226926,25.0,2240,38.68218745348943,1.40625,-0.5399035811424255,9,6,True,0.2561302685035843,False
incl88_j2_node30,0.0,2462113.4736725977,2462113.4726135563,2462113.440302872,25.0,2502,35.68533471265204,18.28125,0.45937731862068176,14,7,True,0.642688894350392,True
incl88_j2_node30,0.0,2462113.5572402226,2462113.556181181,2462113.523870497,25.0,1866,43.406858485936986,18.870967741935488,-0.4056832492351532,17,7,True,0.6336184258269126,True
incl88_j2_node30,0.0,2462114.5316917934,2462114.530632752,2462114.498322068,25.0,4801,12.024699180565818,4.21875,-0.5995288491249084,14,7,True,0.5246541753049888,True
incl88_j2_node30,0.0,2462115.5962014156,2462115.5951423743,2462115.56283169,25.0,4412,16.957763300004146,-9.84375,-0.3722262978553772,13,7,True,0.4034332022476647,True
incl88_j2_node30,0.0,2462126.180616781,2462126.1795577398,2462126.1472470555,25.0,3914,20.742379954487134,28.125,-0.0096515454351902,10,7,True,0.2117959343423044,False
incl88_j2_node30,0.0,2462127.159780081,2462127.1587210395,2462127.1264103553,25.0,2885,31.38816646434855,14.0625,-0.4685095250606537,8,5,True,0.294243136591888,False
incl88_j2_node30,0.0,2462127.17504827,2462127.1739892284,2462127.141678544,25.0,9670,-35.68533471265205,18.28125,0.4305828809738159,11,7,True,0.2955827822847157,False
incl88_j2_node30,0.0,2462127.251459468,2462127.250400427,2462127.2180897426,25.0,7365,-12.024699180565818,15.46875,-0.0009297146461904049,9,5,True,0.30230824763834013,False
incl88_j2_node30,0.0,2462128.2292248732,2462128.228165832,2462128.1958551477,25.0,5568,4.780191847199163,1.40625,-0.3913171589374542,12,7,True,0.39091823449763674,False
incl88_j2_node30,0.0,2462128.304335082,2462128.3032760406,2462128.2709653564,25.0,2624,34.228866327812575,0.0,0.5686492919921875,12,4,True,0.39787817012494586,False
incl88_j2_node30,0.0,2462129.213262001,2462129.2122029597,2462129.1798922755,25.0,6844,-5.979156796301311,-11.25,-0.5089036226272583,13,7,True,0.48303437163929036,False
incl88_j2_node30,0.0,2462129.2926158127,2462129.2915567714,2462129.259246087,25.0,5691,4.780191847199163,-12.65625,-0.39719998836517334,16,7,True,0.49051404016629324,False
incl88_j2_node30,0.0,2462130.186360419,2462130.1853013774,2462130.152990693,25.0,2999,31.38816646434855,-25.3125,0.05995038524270058,15,7,True,0.5745474337633405,False
incl88_j2_node30,0.0,2462130.202646001,2462130.2015869594,2462130.169276275,25.0,10168,-40.22818472806108,-22.5,-0.40320318937301636,14,7,True,0.5760687770592953,False
incl88_j2_node30,0.0,2462130.2797308643,2462130.278671823,2462130.2463611388,25.0,8247,-19.47122063449069,-23.90625,0.29261842370033264,16,7,True,0.5832618223173185,False
incl88_j2_node30,0.0,2462130.356007328,2462130.3549482864,2462130.322637602,25.0,5686,4.780191847199163,-26.71875,-0.40312305092811584,15,6,True,0.5903657083525895,False
incl88_j2_node30,0.0,2462156.198205001,2462156.19714596,2462156.1648352756,25.0,2876,32.79716829582364,-9.84375,-0.427397757768631,12,7,True,0.22363495781620896,False
incl88_j2_node30,0.0,2462156.213462514,2462156.2124034725,2462156.1800927883,25.0,9662,-34.22886632781257,-5.625,0.4637763798236847,11,7,True,0.22484246093820398,False
incl88_j2_node30,0.0,2462157.1919825803,2462157.190923539,2462157.158612855,25.0,8377,-20.74237995448715,-19.6875,0.18714430928230286,11,7,True,0.3063354230294647,False
incl88_j2_node30,0.0,2462157.2676982903,2462157.266639249,2462157.2343285647,25.0,5560,5.979156796301311,-22.5,-0.39030325412750244,10,6,True,0.31293717315578956,False
incl88_j2_node30,0.0,2462158.240787227,2462158.239728186,2462158.2074175016,25.0,1971,43.406858485936986,-36.290322580645125,0.5761059522628784,12,7,True,0.4006967961439811,False
incl88_j2_node30,0.0,2462158.2571656546,2462158.256106613,2462158.223795929,25.0,9140,-28.630989836924357,-33.75000000000006,-0.17426560819149017,12,7,True,0.40221298785386084,False
incl88_j2_node30,0.0,2462159.2220177813,2462159.22095874,2462159.188648056,25.0,1843,44.993880150457116,-49.5,0.4843107759952545,14,7,True,0.49303787247417985,False
incl88_j2_node30,0.0,2462159.237852219,2462159.2367931777,2462159.2044824935,25.0,8751,-24.62431835216408,-46.40625,0.3007137179374695,13,7,True,0.4945464446553219,False
incl88_j2_node30,0.0,2462159.314586323,2462159.313527282,2462159.2812165977,25.0,6446,-2.388015463268786,-49.21875000000006,-0.4211729168891907,16,7,True,0.5018619801661839,False
incl88_j2_node30,0.0,2462185.2352652224,2462185.234206181,2462185.201895497,25.0,2228,40.228184728061095,-33.75000000000006,-0.046964794397354126,7,5,True,0.1625284369925655,False
incl88_j2_node30,0.0,2462186.222999619,2462186.2219405775,2462186.1896298933,25.0,4784,13.24801490567694,-45.0,0.18676917254924774,12,7,True,0.23651259444835773,False
incl88_j2_node30,0.0,2462187.2004635865,2462187.199404545,2462187.167093861,25.0,2987,31.38816646434855,-59.0625,-0.001305659650824964,10,5,True,0.3190966282232207,False
incl88_j2_node30,0.0,2462187.2167492597,2462187.2156902184,2462187.183379534,25.0,10156,-40.22818472806108,-56.25,-0.5033460259437561,12,7,True,0.3205395082734193,False
incl88_j2_node30,0.0,2462187.2978646415,2462187.2968056,2462187.264494916,25.0,9900,-37.168899655999454,-56.25,0.5046544671058655,11,6,True,0.3277557609542521,False
incl88_j2_node40,0.0,2461552.5170556945,2461552.515996653,2461552.483685969,25.0,1880,43.406858485936986,59.51612903225805,-0.47641924023628235,11,7,True,0.6489976819037252,False
incl88_j2_node40,0.0,2461554.5634658607,2461554.5624068193,2461554.530096135,25.0,2380,37.16889965599944,33.75,0.22552722692489624,7,3,True,0.4546103083221215,False
incl88_j2_node40,0.0,2461555.554869708,2461555.553810667,2461555.5214999826,25.0,6728,-5.979156796301311,22.5,0.5524649620056152,6,4,True,0.35821045750565705,False
incl88_j2_node40,0.0,2461582.459576307,2461582.4585172655,2461582.4262065813,25.0,3401,25.944479772370002,25.3125,0.08380074799060822,8,4,True,0.6235554793659341,False
incl88_j2_node40,0.0,2461582.4742642064,2461582.473205165,2461582.440894481,25.0,9929,-38.68218745348943,26.71875,-0.5571973919868469,12,7,True,0.6221643097264021,False
incl88_j2_node40,0.0,2461582.5497304974,2461582.548671456,2461582.516360772,25.0,7241,-10.806922874860348,25.3125,0.0174120906740427,9,4,True,0.6149941794450553,False
incl88_j2_node40,0.0,2461583.5247242553,2461583.523665214,2461583.4913545297,25.0,4164,18.209956864283,11.25,-0.17513160407543182,11,7,True,0.5194981205504398,False
incl88_j2_node40,0.0,2461583.5390944066,2461583.5380353653,2461583.505724681,25.0,10432,-44.99388015045713,13.5,-0.1633811742067337,10,6,True,0.51805842862874,False
incl88_j2_node40,0.0,2461584.515176584,2461584.5141175427,2461584.4818068584,25.0,8256,-20.74237995448715,0.0,0.3107661306858063,10,7,True,0.41912874828251634,False
incl88_j2_node40,0.0,2461586.5518726846,2461586.5508136433,2461586.518502959,25.0,4534,15.713861048008212,-28.125,0.35127103328704834,6,4,True,0.21832824279175506,False
incl88_j2_node40,0.0,2461627.2564816643,2461627.255422623,2461627.2231119387,25.0,3511,25.944479772370002,-25.3125,0.2587451636791229,4,1,True,0.5577129301495183,False
incl88_j2_node40,0.0,2461675.6004867805,2461675.599427739,2461675.567117055,25.0,3156,28.630989836924343,56.25,-0.12596556544303894,5,3,True,0.12416044410133614,False
incl88_j2_node40,0.0,2461702.584450058,2461702.583391017,2461702.5510803326,25.0,7636,-14.477512185929939,57.65625,0.12782490253448486,12,7,True,0.34849307940496643,False
incl88_j2_node40,0.0,2461703.5663223807,2461703.5652633393,2461703.532952655,25.0,7504,-13.248014905676953,45.0,-0.14043287932872772,10,6,True,0.24535446791293253,False
incl88_j2_node40,0.0,2461703.576790365,2461703.5757313236,2461703.5434206394,25.0,2768,32.79716829582364,46.40625,0.10760816186666489,11,7,True,0.24431455761159498,False
incl88_j2_node40,0.0,2461704.6340786875,2461704.633019646,2461704.600708962,25.0,5451,5.979156796301311,30.9375,0.5048754215240479,5,4,True,0.14802221574307253,False
incl88_j2_node40,0.0,2461730.4860201366,2461730.4849610953,2461730.452650411,25.0,3922,20.742379954487134,50.625,-0.3021272122859955,13,7,True,0.5068321386456154,False
incl88_j2_node40,0.0,2461730.5535896085,2461730.552530567,2461730.520219883,25.0,10192,-41.81031489577862,46.40625,0.24748802185058594,14,7,True,0.49913094522372314,False
incl88_j2_node40,0.0,2461730.5641924893,2461730.563133448,2461730.5308227637,25.0,5585,4.780191847199163,49.21875,-0.5665957927703857,14,7,True,0.49792272541931104,False
incl88_j2_node40,0.0,2461730.6398903825,2461730.638831341,2461730.606520657,25.0,8400,-22.02431283704216,46.40625,0.202957421541214,13,6,True,0.48929973901149043,False
incl88_j2_node40,0.0,2461731.5384933613,2461731.53743432,2461731.5051236358,25.0,8908,-27.27961273597809,35.15625,-0.5725000500679016,13,7,True,0.3881981338833609,False
incl88_j2_node40,0.0,2461731.5512016057,2461731.5501425643,2461731.51783188,25.0,3149,28.630989836924343,36.5625,0.012187045998871326,13,7,True,0.3867963339861523,False
incl88_j2_node40,0.0,2461731.6297840932,2461731.628725052,2461731.5964143677,25.0,4556,14.477512185929925,35.15625,-0.21635206043720245,13,6,True,0.3781525102080284,False
incl88_j2_node40,0.0,2461732.5982034183,2461732.597144377,2461732.5648336927,25.0,10310,-43.40685848593699,18.870967741935488,0.5247923731803894,13,7,True,0.2760471564443469,False
incl88_j2_node40,0.0,2461732.611658536,2461732.6105994945,2461732.5782888103,25.0,4424,15.713861048008212,22.5,-0.47693076729774475,12,7,True,0.27469857812096465,False
incl88_j2_node40,0.0,2461758.6197187197,2461758.6186596784,2461758.586348994,25.0,6349,-2.388015463268786,37.96875,-0.43527305126190186,17,7,True,0.6429452537295005,False
incl88_j2_node40,0.0,2461759.517591581,2461759.51653254,2461759.4842218556,25.0,7241,-10.806922874860348,25.3125,0.03189130499958992,15,7,True,0.5425172172613567,False
incl88_j2_node40,0.0,2461759.596840553,2461759.5957815116,2461759.5634708274,25.0,8392,-22.02431283704216,23.90625,-0.061516959220170975,16,7,True,0.5335876060153099,False
incl88_j2_node40,0.0,2461759.608355488,2461759.607296447,2461759.5749857626,25.0,3145,28.630989836924343,25.3125,0.3602239191532135,17,7,True,0.5322902896280283,False
incl88_j2_node40,0.0,2461760.578725167,2461760.5776661257,2461760.5453554415,25.0,8260,-20.74237995448715,11.25,-0.31330612301826477,13,7,True,0.4240754096135977,False
incl88_j2_node40,0.0,2461760.6590368864,2461760.657977845,2461760.625667161,25.0,8899,-27.27961273597809,9.84375,-0.2528340220451355,13,6,True,0.4152994170508906,False
incl88_j2_node40,0.0,2461760.667698038,2461760.6666389965,2461760.6343283122,25.0,4932,10.806922874860334,11.25,-0.28371527791023254,11,5,True,0.4143553109550858,False
incl88_j2_node40,0.0,2461761.6512580765,2461761.650199035,2461761.617888351,25.0,4159,19.47122063449069,-1.40625,-0.2674555480480194,9,6,True,0.310976416756503,False
incl88_j2_node40,0.0,2461762.6386498753,2461762.637590834,2461762.6052801497,25.0,1855,44.993880150457116,-13.5,0.10482578724622726,7,4,True,0.2176238771546015,False
incl88_j2_node40,0.0,2461776.322335479,2461776.3212764375,2461776.2889657533,25.0,2873,32.79716829582364,-18.28125,-0.4389073848724365,18,7,True,0.5754743029313972,True
incl88_j2_node40,0.0,2461801.199515968,2461801.1984569267,2461801.1661462425,25.0,7365,-12.024699180565818,15.46875,0.23817691206932068,8,6,True,0.14144106800889164,False
incl88_j2_node40,0.0,2461802.187886194,2461802.1868271525,2461802.1545164683,25.0,10177,-41.81031489577862,4.21875,0.43754521012306213,9,5,True,0.21308411822470755,False
incl88_j2_node40,0.0,2461803.233975786,2461803.2329167444,2461803.20060606,25.0,2747,34.228866327812575,-14.0625,-0.38379985094070435,12,7,True,0.3010512373601007,False
incl88_j2_node40,0.0,2461803.2482734276,2461803.2472143862,2461803.214903702,25.0,9148,-28.630989836924357,-11.25,-0.09510701149702072,12,7,True,0.3023290299026389,False
incl88_j2_node40,0.0,2461804.2230850565,2461804.222026015,2461804.189715331,25.0,6071,1.1937484371410676,-25.3125,-0.062356866896152496,13,7,True,0.3934694833201216,False
incl88_j2_node40,0.0,2461804.2989581,2461804.2978990586,2461804.2655883743,25.0,3382,27.27961273597809,-26.71875,0.5335351824760437,15,7,True,0.4008586477354569,False
incl88_j2_node40,0.0,2461804.312937095,2461804.3118780535,2461804.2795673693,25.0,9655,-34.22886632781257,-25.3125,-0.31874164938926697,12,6,True,0.40222407655800574,False
incl88_j2_node40,0.0,2461805.2065819777,2461805.2055229363,2461805.173212252,25.0,6962,-7.180755781458288,-37.96875000000006,-0.03415888175368309,14,7,True,0.4917135323915083,False
incl88_j2_node40,0.0,2461805.2831795514,2461805.28212051,2461805.249809826,25.0,4530,15.713861048008212,-39.375,0.43243733048439026,14,7,True,0.4995459786574144,False
incl88_j2_node40,0.0,2461805.35867811,2461805.3576190686,2461805.3253083844,25.0,1969,43.406858485936986,-42.096774193548356,0.11476272344589233,14,6,True,0.5072841541591868,False
incl88_j2_node40,0.0,2461805.3732667887,2461805.3722077473,2461805.339897063,25.0,8370,-20.74237995448715,-39.375,0.20370039343833923,11,5,True,0.5087813485168894,False
incl88_j2_node40,0.0,2461806.1924386392,2461806.191379598,2461806.1590689137,25.0,8878,-25.944479772370016,-50.625,-0.39246663451194763,14,6,True,0.5934538044330527,False
incl88_j2_node40,0.0,2461806.2683438365,2461806.267284795,2461806.234974111,25.0,6189,0.0,-52.03125,0.2092457115650177,14,7,True,0.601316977260911,False
incl88_j2_node40,0.0,2461806.3433164107,2461806.3422573693,2461806.309946685,25.0,3116,29.999999999999993,-54.84375,-0.3174322545528412,17,7,True,0.609078403084723,False
incl88_j2_node40,0.0,2461806.3575997152,2461806.356540674,2461806.3242299897,25.0,9517,-32.79716829582364,-52.03125,-0.000508256140165031,17,7,True,0.6105563185722858,False
incl88_j2_node40,0.0,2461831.2157602375,2461831.214701196,2461831.182390512,25.0,5560,5.979156796301311,-22.5,-0.2567199170589447,10,7,True,0.16123829624695207,False
incl88_j2_node40,0.0,2461832.2052266626,2461832.204167621,2461832.171856937,25.0,9140,-28.630989836924357,-33.75000000000006,0.12888188660144806,8,4,True,0.2392199098247308,False
incl88_j2_node40,0.0,2461832.280781129,2461832.2797220876,2461832.2474114033,25.0,6323,-1.1937484371410818,-36.5625,-0.5169503688812256,7,5,True,0.24568962453618176,False
incl88_j2_node40,0.0,2461833.257684568,2461833.2566255266,2461833.2243148424,25.0,4142,19.47122063449069,-49.21875000000006,0.5268520712852478,12,7,True,0.33508667630261274,False
incl88_j2_node40,0.0,2461833.271973249,2461833.2709142077,2461833.2386035235,25.0,10411,-43.40685848593699,-47.90322580645159,-0.5670847296714783,12,7,True,0.3364665682224346,False
incl88_j2_node40,0.0,2461861.243670431,2461861.2426113896,2461861.2103007054,25.0,9003,-27.27961273597809,-57.65625000000006,0.1171647310256958,12,7,True,0.19629812041922223,False
incl88_j2_node40,0.0,2461907.535315383,2461907.534256342,2461907.5019456577,25.0,5841,2.388015463268772,49.21875,0.1329147070646286,9,6,True,0.5405129152510085,False
incl88_j2_node40,0.0,2461910.5635221545,2461910.562463113,2461910.530152429,25.0,6595,-4.780191847199163,9.84375,0.4954388737678528,3,1,True,0.26297306014290833,False
incl88_j2_node40,0.0,2461936.4869044237,2461936.4858453823,2461936.453534698,25.0,3401,25.944479772370002,25.3125,-0.04349856078624725,12,7,True,0.6143024670866423,False
incl88_j2_node40,0.0,2461936.5012593465,2461936.500200305,2461936.467889621,25.0,9802,-37.168899655999454,28.125,0.02580326795578003,13,7,True,0.61297600954336,False
incl88_j2_node40,0.0,2461937.55205072,2461937.5509916786,2461937.5186809944,25.0,4164,18.209956864283,11.25,-0.3826388418674469,8,4,True,0.5141947333237522,False
incl88_j2_node40,0.0,2461938.5309690693,2461938.529910028,2461938.497599344,25.0,3135,29.999999999999993,-1.40625,0.3964284062385559,9,6,True,0.4209976699433201,False
incl88_j2_node40,0.0,2461938.545908138,2461938.544849097,2461938.5125384126,25.0,9664,-35.68533471265205,1.40625,0.3598915934562683,8,5,True,0.41958056257559406,False
incl88_j2_node40,0.0,2461939.5261998656,2461939.5251408243,2461939.49283014,25.0,9275,-30.000000000000014,-12.65625,-0.2847314476966858,8,6,True,0.3278705489834959,False
incl88_j2_node40,0.0,2461952.313520371,2461952.3124613296,2461952.2801506454,25.0,9534,-32.79716829582364,-4.21875,-0.0021048032213002443,8,4,True,0.5359973411869383,True
incl88_j2_node40,0.0,2461953.2995516798,2461953.2984926384,2461953.266181954,25.0,7610,-13.248014905676953,-16.875,0.5781859755516052,10,6,True,0.645470629553236,True
incl88_j2_node40,0.0,2461982.261700483,2461982.2606414417,2461982.2283307575,25.0,5170,9.594068226860458,-37.96875000000006,-0.15263715386390686,6,3,True,0.6133646060497947,False
incl88_j2_node40,0.0,2462029.614163787,2462029.6131047457,2462029.5807940615,25.0,9299,-31.388166464348544,53.4375,0.5308066606521606,6,4,True,0.18659936077971837,False
incl88_j2_node40,0.0,2462056.529701055,2462056.5286420137,2462056.4963313295,25.0,7765,-15.713861048008212,59.0625,0.014524586498737335,13,7,True,0.44327259141528524,False
incl88_j2_node40,0.0,2462056.6123347655,2462056.611275724,2462056.57896504,25.0,7380,-12.024699180565818,57.65625,0.48631054162979126,15,6,True,0.4342019663001734,False
incl88_j2_node40,0.0,2462057.5148641076,2462057.5138050662,2462057.481494382,25.0,6096,0.0,46.40625,0.34415557980537415,10,5,True,0.33578219687731947,False
incl88_j2_node40,0.0,2462057.5913664037,2462057.5903073624,2462057.557996678,25.0,8528,-23.31795706533424,45.0,-0.30136632919311523,12,7,True,0.3275743235000087,False
incl88_j2_node40,0.0,2462058.5738341226,2462058.5727750813,2462058.540464397,25.0,8139,-19.47122063449069,32.34375,-0.4417208433151245,11,7,True,0.2262459055027958,False
incl88_j2_node40,0.0,2462058.5847687228,2462058.5837096814,2462058.551398997,25.0,3148,28.630989836924343,33.75,0.1900184005498886,12,7,True,0.2251739719629676,False
incl88_j2_node40,0.0,2462084.4359880253,2462084.434928984,2462084.4026182997,25.0,2131,40.228184728061095,53.4375,-0.32253533601760864,15,7,True,0.6068258525286464,False
incl88_j2_node40,0.0,2462084.5001741718,2462084.4991151304,2462084.466804446,25.0,9809,-37.168899655999454,47.8125,0.26657822728157043,14,7,True,0.5999218160076835,False
incl88_j2_node40,0.0,2462084.5809166105,2462084.579857569,2462084.547546885,25.0,10192,-41.81031489577862,46.40625,0.2470056116580963,18,7,True,0.5911951972115199,False
incl88_j2_node40,0.0,2462084.590435543,2462084.5893765017,2462084.5570658175,25.0,6097,0.0,49.21875,-0.36445170640945435,18,7,True,0.5901634647123751,False
incl88_j2_node40,0.0,2462085.4877669504,2462085.486707909,2462085.454397225,25.0,7245,-10.806922874860348,36.5625,-0.048161040991544724,13,7,True,0.49078656061413717,False
incl88_j2_node40,0.0,2462085.5652057873,2462085.564146746,2462085.5318360617,25.0,9164,-30.000000000000014,35.15625,-0.5520108342170715,14,7,True,0.482080347143679,False
incl88_j2_node40,0.0,2462085.576739699,2462085.5756806578,2462085.5433699735,25.0,3917,20.742379954487134,36.5625,0.19306239485740662,15,7,True,0.48078279898266363,False
incl88_j2_node40,0.0,2462086.551157716,2462086.550098675,2462086.5177879906,25.0,7240,-10.806922874860348,22.5,-0.043125469237565994,12,7,True,0.3714044303170301,False
incl88_j2_node40,0.0,2462086.6298167566,2462086.628757715,2462086.596447031,25.0,8647,-24.62431835216408,21.09375,-0.3199145495891571,12,6,True,0.3626869564613895,False
incl88_j2_node40,0.0,2462086.6428804193,2462086.641821378,2462086.6095106937,25.0,2760,32.79716829582364,23.90625,-0.46606460213661194,9,5,True,0.3612421380148941,False
incl88_j2_node40,0.0,2462087.6128676655,2462087.611808624,2462087.57949794,25.0,8003,-18.209956864283015,8.4375,-0.347227543592453,12,7,True,0.2574526076496515,False
incl88_j2_node40,0.0,2462113.464490847,2462113.463431806,2462113.4311211216,25.0,6601,-4.780191847199163,26.71875,0.24908386170864105,14,7,True,0.6436819626843293,False
incl88_j2_node40,0.0,2462113.474385443,2462113.473326402,2462113.4410157176,25.0,2250,38.68218745348943,29.53125,-0.3413049876689911,14,7,True,0.642611747377346,False
incl88_j2_node40,0.0,2462113.5535795013,2462113.55252046,2462113.520209776,25.0,3273,27.27961273597809,26.71875,0.5337128043174744,17,7,True,0.6340169067513283,False
incl88_j2_node40,0.0,2462113.6316357097,2462113.6305766683,2462113.598265984,25.0,4937,10.806922874860334,25.3125,0.14456188678741455,17,7,True,0.625497082966423,False
incl88_j2_node40,0.0,2462114.5205156025,2462114.519456561,2462114.487145877,25.0,9796,-37.168899655999454,11.25,0.026792451739311218,15,7,True,0.5259264207376755,False
incl88_j2_node40,0.0,2462114.5289674276,2462114.527908386,2462114.495597702,25.0,6084,0.0,12.65625,0.4552769660949707,14,7,True,0.524964341432505,False
incl88_j2_node40,0.0,2462114.606054497,2462114.6049954556,2462114.5726847714,25.0,8260,-20.74237995448715,11.25,-0.11780337244272232,16,7,True,0.5161824163854308,False
incl88_j2_node40,0.0,2462115.5885075335,2462115.587448492,2462115.555137808,25.0,7999,-16.957763300004146,-1.40625,-0.25732576847076416,13,7,True,0.40430065314269803,False
incl88_j2_node40,0.0,2462115.6004865533,2462115.599427512,2462115.5671168277,25.0,2496,35.68533471265204,1.40625,-0.49778276681900024,12,7,True,0.40295018687648776,False
incl88_j2_node40,0.0,2462116.580158475,2462116.5790994335,2462116.5467887493,25.0,3387,27.27961273597809,-12.65625,-0.015035877004265785,9,4,True,0.2956299587951995,False
incl88_j2_node40,0.0,2462116.654662538,2462116.6536034965,2462116.6212928123,25.0,6714,-4.780191847199163,-15.46875,0.2669714093208313,8,6,True,0.28780779034569537,False
incl88_j2_node40,0.0,2462117.637612205,2462117.6365531636,2462117.6042424794,25.0,6070,1.1937484371410676,-28.125,0.20059175789356232,7,4,True,0.19123460883118032,False
incl88_j2_node40,0.0,2462126.1762003093,2462126.175141268,2462126.1428305837,25.0,2125,40.228184728061095,36.5625,-0.3023054301738739,9,7,True,0.21144187538222714,True
incl88_j2_node40,0.0,2462128.2250360744,2462128.223977033,2462128.191666349,25.0,3652,23.31795706533424,11.25,0.2691117227077484,12,7,True,0.39053058574647836,True
incl88_j2_node40,0.0,2462129.20750346,2462129.2064444185,2462129.1741337343,25.0,4159,19.47122063449069,-1.40625,0.3976479172706604,14,7,True,0.4824916765874615,True
incl88_j2_node40,0.0,2462129.2901525344,2462129.289093493,2462129.256782809,25.0,4543,15.713861048008212,-2.8125,-0.0742470920085907,16,7,True,0.49028183169290457,True
incl88_j2_node40,0.0,2462130.1873118966,2462130.186252855,2462130.153942171,25.0,3386,27.27961273597809,-15.46875,-0.24420365691184998,15,7,True,0.5746363359442335,True
incl88_j2_node40,0.0,2462130.266170348,2462130.2651113067,2462130.2328006225,25.0,2234,40.228184728061095,-16.875,0.157805398106575,15,7,True,0.5819974196235242,True
incl88_j2_node40,0.0,2462130.2818290396,2462130.280769998,2462130.248459314,25.0,9147,-28.630989836924357,-14.0625,-0.2974016070365906,15,7,True,0.5834574130332353,True
incl88_j2_node40,0.0,2462130.360412022,2462130.3593529807,2462130.3270422965,25.0,7738,-14.477512185929939,-15.46875,0.029545491561293602,15,6,True,0.5907754849945411,True
incl88_j2_node40,0.0,2462156.205970405,2462156.204911364,2462156.1726006796,25.0,6209,-1.1937484371410818,2.8125,0.5617797374725342,12,7,True,0.22424925878942478,False
incl88_j2_node40,0.0,2462157.1798205385,2462157.178761497,2462157.146450813,25.0,2875,32.79716829582364,-12.65625,-0.2558806538581848,10,5,True,0.30527851519705834,False
incl88_j2_node40,0.0,2462157.194739982,2462157.1936809407,2462157.1613702565,25.0,9532,-32.79716829582364,-9.84375,-0.5388290286064148,11,7,True,0.30657515779744554,False
incl88_j2_node40,0.0,2462157.2709946963,2462157.269935655,2462157.2376249707,25.0,7100,-8.385538647081319,-11.25,0.24766945838928223,10,6,True,0.3132254208161195,False
incl88_j2_node40,0.0,2462158.242556831,2462158.2414977895,2462158.2091871053,25.0,2614,35.68533471265204,-26.71875,-0.10764334350824356,12,7,True,0.4008605551028369,False
incl88_j2_node40,0.0,2462158.257496615,2462158.2564375736,2462158.2241268894,25.0,9271,-30.000000000000014,-23.90625,-0.412381649017334,12,7,True,0.40224363330629453,False
incl88_j2_node40,0.0,2462158.332752802,2462158.3316937606,2462158.2993830764,25.0,6327,-1.1937484371410818,-25.3125,0.5518144369125366,10,4,True,0.4092240253861551,False
incl88_j2_node40,0.0,2462159.235849098,2462159.2347900565,2462159.2024793723,25.0,7859,-15.713861048008212,-36.5625,0.5461131930351257,13,7,True,0.49435558592118367,False
incl88_j2_node40,0.0,2462159.3110560393,2462159.309996998,2462159.2776863137,25.0,4786,13.24801490567694,-39.375,0.0818043127655983,16,7,True,0.5015252501980354,False
incl88_j2_node40,0.0,2462160.204704243,2462160.203645202,2462160.1713345177,25.0,2221,40.228184728061095,-53.43750000000006,-0.45094406604766846,14,7,True,0.5869301226948449,False
incl88_j2_node40,0.0,2462160.2200708995,2462160.219011858,2462160.186701174,25.0,9006,-27.27961273597809,-49.21875000000006,0.2832035422325134,14,7,True,0.5883955354624233,False
incl88_j2_node40,0.0,2462160.2956601684,2462160.294601127,2462160.262290443,25.0,6189,0.0,-52.03125,-0.16444718837738037,17,7,True,0.5955990607336045,False
incl88_j2_node40,0.0,2462160.371249107,2462160.370190066,2462160.3378793816,25.0,3372,27.27961273597809,-54.84375,-0.5756098031997681,17,7,True,0.6027934125430936,False
incl88_j2_node40,0.0,2462160.385921897,2462160.3848628555,2462160.3525521713,25.0,9902,-37.168899655999454,-50.625,0.38194045424461365,14,6,True,0.6041887537725632,False
incl88_j2_node40,0.0,2462186.2182440017,2462186.2171849604,2462186.184874276,25.0,2739,34.228866327812575,-36.5625,-0.2100955843925476,12,7,True,0.236131928710164,False
incl88_j2_node40,0.0,2462186.233167584,2462186.2321085427,2462186.1997978585,25.0,9396,-31.388166464348544,-33.75000000000006,-0.5284500122070312,12,7,True,0.2373273623173675,False
incl88_j2_node40,0.0,2462187.2078948286,2462187.2068357873,2462187.174525103,25.0,6319,-1.1937484371410818,-47.81250000000006,-0.25569668412208557,12,7,True,0.31975478095106835,False
incl88_j2_node40,0.0,2462187.2844201727,2462187.2833611313,2462187.251050447,25.0,3886,22.02431283704216,-49.21875000000006,0.425361692905426,11,7,True,0.3265563429464842,False
incl88_j2_node40,0.0,2462187.2989392364,2462187.297880195,2462187.265569511,25.0,10287,-41.81031489577862,-46.40625,0.054696597158908844,11,6,True,0.32785166787106457,False
incl88_j2_node50,0.0,2461535.2708565695,2461535.269797528,2461535.237486844,25.0,7851,-15.713861048008212,-59.0625,0.5370684862136841,5,5,True,0.14391096654783297,False
incl88_j2_node50,0.0,2461553.513228581,2461553.5121695395,2461553.4798588553,25.0,8277,-20.74237995448715,59.0625,-0.3451555371284485,9,4,True,0.5561950206822466,False
incl88_j2_node50,0.0,2461555.5481976024,2461555.547138561,2461555.514827877,25.0,3659,23.31795706533424,30.9375,-0.1031339094042778,6,4,True,0.35885343999298097,False
incl88_j2_node50,0.0,2461555.561608768,2461555.5605497267,2461555.5282390425,25.0,9675,-35.68533471265205,32.34375,-0.5144818425178528,6,3,True,0.3575611567076935,False
incl88_j2_node50,0.0,2461582.466830709,2461582.4657716677,2461582.4334609834,25.0,6733,-5.979156796301311,36.5625,0.33189713954925537,10,6,True,0.6228685567850571,False
incl88_j2_node50,0.0,2461582.5407562703,2461582.539697229,2461582.5073865447,25.0,3148,28.630989836924343,33.75,-0.24950411915779114,10,6,True,0.6158487456114089,False
incl88_j2_node50,0.0,2461582.5544083538,2461582.5533493124,2461582.521038628,25.0,9293,-31.388166464348544,36.5625,0.4659191370010376,8,3,True,0.6145484791599714,False
incl88_j2_node50,0.0,2461583.529678257,2461583.528619216,2461583.4963085316,25.0,6472,-3.583321698471977,22.5,0.3980651795864105,10,6,True,0.519001890960297,False
incl88_j2_node50,0.0,2461584.502674912,2461584.5016158707,2461584.4693051865,25.0,2627,34.228866327812575,8.4375,0.48552364110946655,11,7,True,0.42040280167157446,False
incl88_j2_node50,0.0,2461584.516654682,2461584.5155956405,2461584.4832849563,25.0,8899,-27.27961273597809,9.84375,-0.05252258479595184,10,7,True,0.4189781161234784,False
incl88_j2_node50,0.0,2461586.5498430403,2461586.548783999,2461586.5164733147,25.0,3641,24.62431835216408,-18.28125,0.4667876064777374,6,4,True,0.21851442287579548,False
incl88_j2_node50,0.0,2461586.5632197633,2461586.562160722,2461586.529850038,25.0,9658,-34.22886632781257,-16.875,-0.03147530183196068,6,3,True,0.21728785427187292,False
incl88_j2_node50,0.0,2461627.2574009816,2461627.2563419403,2461627.224031256,25.0,3130,29.999999999999993,-15.46875,0.5303128361701965,4,1,True,0.5578059736558745,False
incl88_j2_node50,0.0,2461703.5594669622,2461703.558407921,2461703.5260972367,25.0,10322,-43.40685848593699,53.70967741935485,-0.1694243997335434,8,4,True,0.246036265790611,False
incl88_j2_node50,0.0,2461703.5717982617,2461703.5707392204,2461703.538428536,25.0,4948,10.806922874860334,56.25,-0.5745343565940857,11,7,True,0.24481029640699103,False
incl88_j2_node50,0.0,2461704.6265274743,2461704.625468433,2461704.5931577487,25.0,8910,-27.27961273597809,40.78125,-0.46407708525657654,6,5,True,0.14864105015314624,False
incl88_j2_node50,0.0,2461730.4754094635,2461730.474350422,2461730.442039738,25.0,8789,-25.944479772370016,59.0625,-0.3919612765312195,12,6,True,0.5080416505912353,False
incl88_j2_node50,0.0,2461730.5580963236,2461730.5570372823,2461730.524726598,25.0,8404,-22.02431283704216,57.65625,0.04555221647024155,13,7,True,0.49861738582071946,False
incl88_j2_node50,0.0,2461730.6364541557,2461730.6353951143,2461730.60308443,25.0,9812,-37.168899655999454,56.25,-0.2580769658088684,14,6,True,0.48969104525485063,False
incl88_j2_node50,0.0,2461730.648193712,2461730.6471346705,2461730.6148239863,25.0,4564,14.477512185929925,57.65625,0.24315187335014343,11,5,True,0.4883542647654653,False
incl88_j2_node50,0.0,2461731.5479903226,2461731.546931281,2461731.514620597,25.0,4560,14.477512185929925,46.40625,-0.377846360206604,13,7,True,0.3871504573370937,False
incl88_j2_node50,0.0,2461731.617340984,2461731.6162819425,2461731.5839712583,25.0,10063,-40.22818472806108,42.1875,0.44446104764938354,13,7,True,0.37951836182629967,False
incl88_j2_node50,0.0,2461731.627857336,2461731.6267982945,2461731.5944876103,25.0,5456,5.979156796301311,45.0,-0.36125463247299194,14,7,True,0.37836392637614136,False
incl88_j2_node50,0.0,2461732.6108231507,2461732.6097641094,2461732.577453425,25.0,4811,12.024699180565818,32.34375,-0.45992591977119446,12,7,True,0.27478226943176365,False
incl88_j2_node50,0.0,2461732.611380851,2461732.6103218095,2461732.5780111253,25.0,4555,14.477512185929925,32.34375,-0.369981586933136,12,7,True,0.27472639743093147,False
incl88_j2_node50,0.0,2461758.620536208,2461758.619477167,2461758.5871664826,25.0,5969,1.1937484371410676,47.8125,-0.15574681758880615,17,7,True,0.6428551694495042,False
incl88_j2_node50,0.0,2461759.518964351,2461759.51790531,2461759.4855946256,25.0,6604,-4.780191847199163,35.15625,0.39885929226875305,15,7,True,0.5423625292095156,False
incl88_j2_node50,0.0,2461759.528857715,2461759.5277986736,2461759.4954879894,25.0,2253,38.68218745348943,37.96875,-0.5007060170173645,15,7,True,0.541247713847137,False
incl88_j2_node50,0.0,2461759.5988382525,2461759.597779211,2461759.565468527,25.0,7500,-13.248014905676953,33.75,0.4130544364452362,16,7,True,0.5333625320052086,False
incl88_j2_node50,0.0,2461760.582354006,2461760.5812949645,2461760.5489842803,25.0,6599,-4.780191847199163,21.09375,0.40473636984825134,13,7,True,0.4236780463037111,False
incl88_j2_node50,0.0,2461760.5929570845,2461760.591898043,2461760.559587359,25.0,1992,41.81031489577859,23.90625,-0.32658666372299194,13,7,True,0.42251740887649547,False
incl88_j2_node50,0.0,2461760.6611013524,2461760.660042311,2461760.627731627,25.0,8007,-18.209956864283015,19.6875,0.23072543740272522,11,5,True,0.4150743227790261,False
incl88_j2_node50,0.0,2461761.6435417705,2461761.642482729,2461761.610172045,25.0,7618,-14.477512185929939,7.03125,0.06245528906583786,11,7,True,0.3117522541049796,False
incl88_j2_node50,0.0,2461761.65563691,2461761.6545778685,2461761.6222671843,25.0,2243,38.68218745348943,9.84375,-0.48509159684181213,8,6,True,0.31053642329634373,False
incl88_j2_node50,0.0,2461801.18655109,2461801.1854920485,2461801.1531813643,25.0,1747,44.993880150457116,22.5,-0.17961980402469635,6,4,True,0.14058411566906404,False
incl88_j2_node50,0.0,2461801.200359068,2461801.1993000265,2461801.1669893423,25.0,7753,-15.713861048008212,25.3125,-0.053347811102867126,8,6,True,0.14149686143120876,False
incl88_j2_node50,0.0,2461802.1886088965,2461802.187549855,2461802.155239171,25.0,10432,-44.99388015045713,13.5,-0.25975552201271057,9,5,True,0.21314081417139347,False
incl88_j2_node50,0.0,2461803.2352638426,2461803.2342048013,2461803.201894117,25.0,3263,28.630989836924343,-2.8125,0.4565034508705139,12,7,True,0.3011662646625208,False
incl88_j2_node50,0.0,2461803.2485894943,2461803.247530453,2461803.2152197687,25.0,9279,-30.000000000000014,-1.40625,-0.29347702860832214,12,7,True,0.302357295809821,False
incl88_j2_node50,0.0,2461804.2233612,2461804.222302159,2461804.1899914746,25.0,6202,0.0,-15.46875,-0.2607533633708954,13,7,True,0.39349630581924167,False
incl88_j2_node50,0.0,2461804.297042211,2461804.2959831697,2461804.2636724855,25.0,2617,35.68533471265204,-18.28125,-0.43807342648506165,15,7,True,0.40067162772134424,False
incl88_j2_node50,0.0,2461804.3101706784,2461804.309111637,2461804.276800953,25.0,8506,-22.02431283704216,-15.46875,0.007686543744057417,12,6,True,0.40195378774757967,False
incl88_j2_node50,0.0,2461805.2030525752,2461805.201993534,2461805.1696828497,25.0,5302,8.385538647081319,-28.125,0.34894847869873047,13,7,True,0.4913530943033428,False
incl88_j2_node50,0.0,2461805.2768891267,2461805.2758300854,2461805.243519401,25.0,1973,43.406858485936986,-30.48387096774195,0.5102284550666809,14,7,True,0.4989020325420526,False
incl88_j2_node50,0.0,2461805.290333504,2461805.2892744625,2461805.2569637783,25.0,7862,-15.713861048008212,-28.125,0.5543384552001953,15,7,True,0.5002784715918529,False
incl88_j2_node50,0.0,2461805.3644147962,2461805.363355755,2461805.3310450707,25.0,4277,18.209956864283,-30.9375,0.0640014111995697,13,6,True,0.5078728195861646,False
incl88_j2_node50,0.0,2461805.377708169,2461805.376649128,2461805.3443384436,25.0,10166,-40.22818472806108,-28.125,0.3857969045639038,10,4,True,0.5092372705061492,False
incl88_j2_node50,0.0,2461806.2581220963,2461806.257063055,2461806.2247523707,25.0,1845,44.993880150457116,-43.5,0.5473050475120544,14,7,True,0.6002583522067555,False
incl88_j2_node50,0.0,2461806.27135785,2461806.270298809,2461806.2379881246,25.0,7601,-13.248014905676953,-42.18750000000006,-0.40755796432495117,14,7,True,0.601629114194694,False
incl88_j2_node50,0.0,2461806.3462946177,2461806.3452355764,2461806.312924892,25.0,4400,16.957763300004146,-43.59375,0.3231338858604431,17,7,True,0.6093865845288103,False
incl88_j2_node50,0.0,2461806.359662971,2461806.3586039296,2461806.3262932454,25.0,10289,-41.81031489577862,-40.78125,0.5386635661125183,17,7,True,0.6107697847340589,False
incl88_j2_node50,0.0,2461831.215493905,2461831.2144348635,2461831.1821241793,25.0,5435,7.180755781458274,-12.65625,-0.3671685457229614,10,7,True,0.16121910301697293,False
incl88_j2_node50,0.0,2461832.2025831644,2461832.201524123,2461832.169213439,25.0,7991,-16.957763300004146,-23.90625,0.4553656578063965,8,4,True,0.23899472964252977,False
incl88_j2_node50,0.0,2461832.2755151913,2461832.27445615,2461832.2421454657,25.0,3894,22.02431283704216,-26.71875,0.1795770823955536,8,6,True,0.2452364940544725,False
incl88_j2_node50,0.0,2461832.2886437937,2461832.2875847523,2461832.255274068,25.0,9783,-35.68533471265205,-23.90625,0.5693567395210266,5,4,True,0.2463668504880419,False
incl88_j2_node50,0.0,2461833.262383138,2461833.2613240965,2461833.2290134123,25.0,6322,-1.1937484371410818,-39.375,-0.3557834327220917,12,7,True,0.3355402641145199,False
incl88_j2_node50,0.0,2461834.236569315,2461834.235510274,2461834.2031995896,25.0,2989,31.38816646434855,-53.43750000000006,-0.1266811639070511,13,7,True,0.4335015958504861,False
incl88_j2_node50,0.0,2461834.2490151916,2461834.24795615,2461834.215645466,25.0,8622,-23.31795706533424,-50.625,0.486200213432312,13,7,True,0.434796695124258,False
incl88_j2_node50,0.0,2461834.323050836,2461834.3219917947,2461834.2896811105,25.0,5037,10.806922874860334,-53.43750000000006,0.06777383387088776,15,7,True,0.4425191871439593,False
incl88_j2_node50,0.0,2461860.245652077,2461860.2445930354,2461860.212282351,25.0,1847,44.993880150457116,-37.5,0.3416237235069275,5,4,True,0.12201041252301337,False
incl88_j2_node50,0.0,2461861.2404920575,2461861.239433016,2461861.207122332,25.0,7599,-13.248014905676953,-47.81250000000006,0.5357319116592407,11,7,True,0.19603707278126759,False
incl88_j2_node50,0.0,2461907.529662424,2461907.528603383,2461907.4962926987,25.0,3284,27.27961273597809,57.65625,-0.3475952446460724,7,4,True,0.5410490882097597,False
incl88_j2_node50,0.0,2461910.5627191053,2461910.561660064,2461910.5293493797,25.0,6215,-1.1937484371410818,19.6875,0.4722093343734741,3,1,True,0.26304079788044926,False
incl88_j2_node50,0.0,2461936.484025501,2461936.48296646,2461936.4506557756,25.0,2252,38.68218745348943,35.15625,0.4037831723690033,12,7,True,0.6145683740375403,False
incl88_j2_node50,0.0,2461936.4969553114,2461936.49589627,2461936.463585586,25.0,8013,-18.209956864283015,36.5625,-0.5621816515922546,13,7,True,0.6133737864061983,False
incl88_j2_node50,0.0,2461937.549387249,2461937.548328208,2461937.5160175236,25.0,3015,29.999999999999993,21.09375,0.0025419807061553,8,4,True,0.5144480058095623,False
incl88_j2_node50,0.0,2461937.5624175305,2461937.561358489,2461937.529047805,25.0,8904,-27.27961273597809,23.90625,0.35012879967689514,7,3,True,0.5132088877479344,False
incl88_j2_node50,0.0,2461938.5394361448,2461938.5383771034,2461938.506066419,25.0,6851,-7.180755781458288,9.84375,0.17041870951652527,9,6,True,0.4201944462414913,False
incl88_j2_node50,0.0,2461939.5207582256,2461939.519699184,2461939.4873885,25.0,6847,-5.979156796301311,-2.8125,0.5345650911331177,7,5,True,0.3283699509050309,False
incl88_j2_node50,0.0,2461981.270805052,2461981.2697460107,2461981.2374353264,25.0,9402,-31.388166464348544,-16.875,-0.04782849922776222,4,1,True,0.5049364174900608,False
incl88_j2_node50,0.0,2461982.2697769725,2461982.268717931,2461982.236407247,25.0,1851,44.993880150457116,-25.5,-0.47947078943252563,6,3,True,0.614222339033803,False
incl88_j2_node50,0.0,2462030.6100547207,2462030.6089956793,2462030.576684995,25.0,2899,31.38816646434855,53.4375,0.3989044427871704,3,2,True,0.10448856632513984,False
incl88_j2_node50,0.0,2462057.517074007,2462057.5160149657,2462057.4837042815,25.0,5076,9.594068226860458,57.65625,-0.499210000038147,10,5,True,0.3355446738092691,False
incl88_j2_node50,0.0,2462057.5944995643,2462057.593440523,2462057.5611298387,25.0,7123,-9.594068226860458,54.84375,0.42652428150177,11,7,True,0.3272389088957519,False
incl88_j2_node50,0.0,2462057.606196328,2462057.6051372867,2462057.5728266025,25.0,2004,41.81031489577859,57.65625,0.10312875360250473,11,6,True,0.32598709526329017,False
incl88_j2_node50,0.0,2462058.581017053,2462058.579958012,2462058.5476473277,25.0,4815,12.024699180565818,43.59375,-0.38546332716941833,12,7,True,0.22554162327645705,False
incl88_j2_node50,0.0,2462084.5061901915,2462084.50513115,2462084.472820466,25.0,7253,-10.806922874860348,59.0625,0.41515982151031494,14,7,True,0.5992731703598413,False
incl88_j2_node50,0.0,2462084.586019872,2462084.584960831,2462084.5526501467,25.0,8148,-19.47122063449069,57.65625,0.33925673365592957,18,7,True,0.5906421434555875,False
incl88_j2_node50,0.0,2462085.4803735707,2462085.4793145293,2462085.447003845,25.0,10319,-43.40685848593699,45.0,-0.23132891952991486,13,7,True,0.4916172134450303,False
incl88_j2_node50,0.0,2462085.4943881133,2462085.493329072,2462085.4610183877,25.0,4177,18.209956864283,47.8125,-0.06079869344830513,14,7,True,0.49004258148857255,False
incl88_j2_node50,0.0,2462085.5731351064,2462085.572076065,2462085.539765381,25.0,5584,4.780191847199163,46.40625,-0.32306864857673645,15,7,True,0.4811883271766904,False
incl88_j2_node50,0.0,2462085.647639298,2462085.6465802565,2462085.6142695723,25.0,8911,-27.27961273597809,43.59375,-0.02343158610165119,10,4,True,0.47280286048650866,False
incl88_j2_node50,0.0,2462086.549210911,2462086.54815187,2462086.5158411856,25.0,8139,-19.47122063449069,32.34375,-0.2654685378074646,13,7,True,0.37162054966368246,False
incl88_j2_node50,0.0,2462086.628927347,2462086.6278683054,2462086.595557621,25.0,9035,-28.630989836924357,30.9375,-0.370074987411499,12,6,True,0.3627853548028071,False
incl88_j2_node50,0.0,2462086.6419550367,2462086.6408959953,2462086.608585311,25.0,3148,28.630989836924343,33.75,-0.5355917811393738,9,5,True,0.3613444498414395,False
incl88_j2_node50,0.0,2462087.6126016537,2462087.6115426123,2462087.579231928,25.0,8134,-19.47122063449069,18.28125,-0.26178768277168274,12,7,True,0.25747983467348434,False
incl88_j2_node50,0.0,2462113.4568026997,2462113.4557436584,2462113.423432974,25.0,9932,-38.68218745348943,35.15625,0.04437496140599251,15,7,True,0.6445129601679311,False
incl88_j2_node50,0.0,2462113.46778997,2462113.4667309285,2462113.4344202443,25.0,5069,9.594068226860458,37.96875,-0.38257065415382385,14,7,True,0.643325217321279,False
incl88_j2_node50,0.0,2462113.5441068225,2462113.543047781,2462113.510737097,25.0,7628,-14.477512185929939,35.15625,0.2982676029205322,17,7,True,0.6350476430192156,False
incl88_j2_node50,0.0,2462113.623895641,2462113.6228365996,2462113.5905259154,25.0,8524,-23.31795706533424,33.75,0.19426582753658295,17,7,True,0.626343978099291,False
incl88_j2_node50,0.0,2462113.638722194,2462113.6376631525,2462113.6053524683,25.0,1997,41.81031489577859,37.96875,-0.5702709555625916,16,7,True,0.6247213014937183,False
incl88_j2_node50,0.0,2462114.5236950596,2462114.522636018,2462114.490325334,25.0,8520,-23.31795706533424,22.5,-0.3988177478313446,15,7,True,0.5255645145691276,False
incl88_j2_node50,0.0,2462114.535813322,2462114.5347542805,2462114.5024435963,25.0,3016,29.999999999999993,23.90625,0.5363137722015381,14,7,True,0.5241849432554612,False
incl88_j2_node50,0.0,2462114.615507505,2462114.6144484635,2462114.5821377793,25.0,3912,20.742379954487134,22.5,0.426647812128067,17,7,True,0.5151047196111418,False
incl88_j2_node50,0.0,2462115.586489491,2462115.58543045,2462115.5531197656,25.0,8771,-25.944479772370016,8.4375,-0.510649561882019,13,7,True,0.404528216910009,False
incl88_j2_node50,0.0,2462115.5985864266,2462115.597527385,2462115.565216701,25.0,3267,27.27961273597809,9.84375,0.4252130091190338,12,7,True,0.40316433860703443,False
incl88_j2_node50,0.0,2462116.5769960415,2462116.575937,2462116.543626316,25.0,4799,13.24801490567694,-2.8125,-0.5118302702903748,9,4,True,0.29596324451299966,False
incl88_j2_node50,0.0,2462116.657413994,2462116.6563549526,2462116.6240442684,25.0,5438,7.180755781458274,-4.21875,-0.4651036262512207,6,5,True,0.287520105007737,False
incl88_j2_node50,0.0,2462117.6384484824,2462117.637389441,2462117.605078757,25.0,5689,4.780191847199163,-18.28125,0.5133979916572571,7,4,True,0.19115850090322245,False
incl88_j2_node50,0.0,2462117.647239508,2462117.6461804667,2462117.6138697825,25.0,1978,43.406858485936986,-15.9677419354839,0.25266972184181213,6,4,True,0.19035932649827542,False
incl88_j2_node50,0.0,2462156.2062650253,2462156.205205984,2462156.1728952997,25.0,6340,-2.388015463268786,12.65625,0.34838688373565674,12,7,True,0.22427257570338194,False
incl88_j2_node50,0.0,2462157.1817137357,2462157.1806546943,2462157.14834401,25.0,3647,24.62431835216408,-1.40625,0.46243491768836975,10,5,True,0.3054429430943673,False
incl88_j2_node50,0.0,2462157.195432715,2462157.1943736738,2462157.1620629895,25.0,9664,-35.68533471265205,1.40625,0.3078652024269104,11,7,True,0.3066353855862202,False
incl88_j2_node50,0.0,2462157.2691135635,2462157.268054522,2462157.235743838,25.0,6207,0.0,-1.40625,0.44742631912231445,10,6,True,0.313060928896886,False
incl88_j2_node50,0.0,2462158.179147047,2462158.1780880056,2462158.1457773214,25.0,10544,-44.99388015045713,-10.5,0.5200434327125549,11,5,True,0.3950003292901732,False
incl88_j2_node50,0.0,2462158.2542761476,2462158.253217106,2462158.220906422,25.0,7867,-15.713861048008212,-14.0625,0.06765180826187134,12,7,True,0.40194543225352053,False
incl88_j2_node50,0.0,2462158.328923342,2462158.3278643005,2462158.2955536162,25.0,4538,15.713861048008212,-16.875,-0.25626668334007263,10,4,True,0.40886829484020704,False
incl88_j2_node50,0.0,2462159.230933173,2462159.2298741317,2462159.1975634475,25.0,5558,5.979156796301311,-28.125,-0.06022704765200615,13,7,True,0.49388720997887414,False
incl88_j2_node50,0.0,2462159.3042242797,2462159.3031652384,2462159.270854554,25.0,1973,43.406858485936986,-30.48387096774195,0.5582364201545715,16,7,True,0.5008736527823268,False
incl88_j2_node50,0.0,2462159.3182343747,2462159.3171753334,2462159.284864649,25.0,8118,-18.209956864283015,-28.125,-0.04851428046822548,18,7,True,0.5022099655593892,False
incl88_j2_node50,0.0,2462160.211708541,2462160.2106494997,2462160.1783388155,25.0,5169,9.594068226860458,-40.78125,0.4104958772659302,14,7,True,0.5875981142643254,False
incl88_j2_node50,0.0,2462160.224132762,2462160.2230737205,2462160.1907630363,25.0,10535,-44.99388015045713,-37.5,0.5522551536560059,14,7,True,0.5887828389140343,False
incl88_j2_node50,0.0,2462160.298426571,2462160.2973675295,2462160.2650568453,25.0,7473,-12.024699180565818,-40.78125,0.5440523624420166,17,7,True,0.5958625325526266,False
incl88_j2_node50,0.0,2462160.3730583456,2462160.3719993043,2462160.33968862,25.0,4144,19.47122063449069,-43.59375,0.20992222428321838,17,7,True,0.6029654863499075,False
incl88_j2_node50,0.0,2462160.386996929,2462160.3859378877,2462160.3536272035,25.0,10289,-41.81031489577862,-40.78125,-0.04993971064686775,14,6,True,0.6042909705909274,False
incl88_j2_node50,0.0,2462186.2185924966,2462186.217533455,2462186.185222771,25.0,2870,32.79716829582364,-26.71875,-0.3905184268951416,12,7,True,0.23615982415885978,False
incl88_j2_node50,0.0,2462186.232259029,2462186.2311999877,2462186.1988893035,25.0,9015,-27.27961273597809,-23.90625,-0.5120545625686646,12,7,True,0.23725451358173277,False
incl88_j2_node50,0.0,2462187.2065624986,2462187.205503457,2462187.173192773,25.0,5682,4.780191847199163,-37.96875000000006,-0.15586549043655396,12,7,True,0.3196367636527517,False
incl88_j2_node50,0.0,2462187.2806497333,2462187.279590692,2462187.2472800077,25.0,2353,38.68218745348943,-40.78125,-0.058661047369241714,12,7,True,0.326220217492618,False
incl88_j2_node50,0.0,2462187.2938788235,2462187.292819782,2462187.260509098,25.0,8242,-19.47122063449069,-37.96875000000006,-0.15950053930282593,10,6,True,0.3274000293149122,False
incl88_j2_node50,0.0,2462188.26513649,2462188.2640774488,2462188.2317667645,25.0,3501,25.944479772370002,-53.43750000000006,-0.5015925168991089,13,7,True,0.41714837082580536,False
incl88_j2_node50,0.0,2462188.278180344,2462188.2771213027,2462188.2448106185,25.0,9390,-31.388166464348544,-50.625,-0.4233580231666565,13,7,True,0.4183903550220795,False
incl88_j2_node50,0.0,2462188.3514789296,2462188.3504198883,2462188.318109204,25.0,5549,5.979156796301311,-53.43750000000006,-0.43206822872161865,11,5,True,0.4253847265121736,False
incl88_j2_node60,0.0,2461535.2570369127,2461535.2559778714,2461535.223667187,25.0,1842,44.993880150457116,-52.5,-0.5163945555686951,4,3,True,0.14277684884517144,False
incl88_j2_node60,0.0,2461535.272871542,2461535.2718125004,2461535.239501816,25.0,8750,-24.62431835216408,-49.21875000000006,0.09859306365251541,5,5,True,0.1440766375705154,False
incl88_j2_node60,0.0,2461555.549634693,2461555.548575652,2461555.5162649676,25.0,4302,16.957763300004146,40.78125,-0.45767778158187866,7,5,True,0.3587149263727071,False
incl88_j2_node60,0.0,2461582.457014465,2461582.4559554234,2461582.423644739,25.0,2384,37.16889965599944,45.0,0.20644818246364594,9,4,True,0.6237979429080498,False
incl88_j2_node60,0.0,2461582.4732507668,2461582.4721917254,2461582.439881041,25.0,9553,-34.22886632781257,47.8125,0.4876660406589508,12,7,True,0.6222603618055245,False
incl88_j2_node60,0.0,2461582.5502723167,2461582.5492132753,2461582.516902591,25.0,7504,-13.248014905676953,45.0,-0.36014148592948914,9,4,True,0.6149425555850003,False
incl88_j2_node60,0.0,2461583.528315867,2461583.5272568255,2461583.4949461413,25.0,5835,2.388015463268772,32.34375,0.42022332549095154,10,6,True,0.5191383729510243,False
incl88_j2_node60,0.0,2461584.5042467895,2461584.503187748,2461584.470877064,25.0,3270,27.27961273597809,18.28125,0.129725843667984,11,7,True,0.42024260999024415,False
incl88_j2_node60,0.0,2461584.5199580775,2461584.518899036,2461584.486588352,25.0,10183,-41.81031489577862,21.09375,0.39041268825531006,10,7,True,0.4186414688435779,False
incl88_j2_node60,0.0,2461586.5592912887,2461586.5582322474,2461586.525921563,25.0,7997,-16.957763300004146,-7.03125,0.4379499852657318,6,3,True,0.21764792720028628,False
incl88_j2_node60,0.0,2461612.4838989135,2461612.482839872,2461612.450529188,25.0,5187,8.385538647081319,8.4375,-0.5439541935920715,12,7,True,0.5761047329115967,False
incl88_j2_node60,0.0,2461612.5607872363,2461612.559728195,2461612.5274175107,25.0,3010,29.999999999999993,7.03125,-0.10183708369731903,14,6,True,0.5682685563641066,True
incl88_j2_node60,0.0,2461612.575725747,2461612.5746667054,2461612.5423560212,25.0,9667,-35.68533471265205,9.84375,0.3360117971897125,12,3,True,0.5667420001534286,False
incl88_j2_node60,0.0,2461613.4709780514,2461613.46991901,2461613.437608326,25.0,7871,-15.713861048008212,-2.8125,0.4103553891181946,13,7,True,0.47332725504291895,False
incl88_j2_node60,0.0,2461613.5461866315,2461613.54512759,2461613.512816906,25.0,4798,13.24801490567694,-5.625,-0.3921065330505371,10,6,True,0.4653543665841626,True
incl88_j2_node60,0.0,2461614.5233423286,2461614.5222832873,2461614.489972603,25.0,2873,32.79716829582364,-18.28125,0.5375292897224426,12,7,True,0.36149202017629883,True
incl88_j2_node60,0.0,2461614.539242491,2461614.53818345,2461614.5058727656,25.0,9914,-37.168899655999454,-16.875,-0.34242549538612366,10,7,True,0.35981184621658413,True
incl88_j2_node60,0.0,2461615.5205004225,2461615.519441381,2461615.487130697,25.0,9781,-35.68533471265205,-29.53125,-0.03438220173120499,11,7,True,0.25852597535118393,True
incl88_j2_node60,0.0,2461627.2564772577,2461627.2554182163,2461627.223107532,25.0,3518,25.944479772370002,-5.625,0.542797863483429,4,1,True,0.5577124841598953,True
incl88_j2_node60,0.0,2461657.268187439,2461657.2671283977,2461657.2348177135,25.0,7472,-12.024699180565818,-43.59375,0.4747106432914734,5,1,True,0.5981740946643535,False
incl88_j2_node60,0.0,2461704.6383270235,2461704.637267982,2461704.604957298,25.0,3538,24.62431835216408,52.03125,0.08536182343959808,5,4,True,0.14767454262389731,False
incl88_j2_node60,0.0,2461731.546610084,2461731.5455510425,2461731.5132403583,25.0,5204,8.385538647081319,56.25,-0.44353458285331726,13,7,True,0.3873026930271062,False
incl88_j2_node60,0.0,2461731.621780344,2461731.6207213025,2461731.5884106182,25.0,8275,-20.74237995448715,53.4375,0.24260064959526062,14,7,True,0.3790309426572404,False
incl88_j2_node60,0.0,2461732.603662302,2461732.6026032604,2461732.570292576,25.0,8142,-19.47122063449069,40.78125,-0.011025174520909786,12,7,True,0.27549979749145725,False
incl88_j2_node60,0.0,2461732.6152236015,2461732.61416456,2461732.581853876,25.0,2895,31.38816646434855,42.1875,0.40065497159957886,12,7,True,0.27434168045459706,False
incl88_j2_node60,0.0,2461758.6208117506,2461758.6197527093,2461758.587442025,25.0,5844,2.388015463268772,57.65625,0.04238535091280937,17,7,True,0.6428248056510695,False
incl88_j2_node60,0.0,2461759.517600516,2461759.5165414745,2461759.4842307903,25.0,7248,-10.806922874860348,45.0,0.3383084535598755,15,7,True,0.5425162104718397,False
incl88_j2_node60,0.0,2461759.5950389253,2461759.593979884,2461759.5616691997,25.0,9167,-30.000000000000014,43.59375,-0.09059423953294754,16,7,True,0.5337905908594958,False
incl88_j2_node60,0.0,2461759.6054317383,2461759.604372697,2461759.5720620127,25.0,4432,15.713861048008212,45.0,0.1924990713596344,16,7,True,0.5326196819703405,False
incl88_j2_node60,0.0,2461760.587878058,2461760.586819017,2461760.5545083326,25.0,4043,19.47122063449069,32.34375,0.02603553794324398,13,7,True,0.42307329631835733,False
incl88_j2_node60,0.0,2461760.6655239533,2461760.664464912,2461760.6321542277,25.0,5963,1.1937484371410676,30.9375,-0.31026744842529297,11,5,True,0.4145922772949577,False
incl88_j2_node60,0.0,2461761.6438258863,2461761.642766845,2461761.6104561607,25.0,7494,-13.248014905676953,16.875,0.25879475474357605,11,7,True,0.3117236756071729,False
incl88_j2_node60,0.0,2461761.653659056,2461761.6526000146,2461761.6202893304,25.0,3014,29.999999999999993,18.28125,0.42232033610343933,8,6,True,0.31073508786095494,False
incl88_j2_node60,0.0,2461788.4838326704,2461788.482773629,2461788.450462945,25.0,3016,29.999999999999993,23.90625,0.19409389793872833,11,4,True,0.5920686186965636,False
incl88_j2_node60,0.0,2461788.5566266286,2461788.5555675873,2461788.523256903,25.0,7111,-9.594068226860458,21.09375,0.4266715943813324,14,7,True,0.5840724989229213,True
incl88_j2_node60,0.0,2461788.6450348855,2461788.643975844,2461788.61166516,25.0,4039,19.47122063449069,21.09375,0.3900630474090576,16,7,True,0.5743548398430443,True
incl88_j2_node60,0.0,2461789.5379444724,2461789.536885431,2461789.504574747,25.0,7235,-10.806922874860348,8.4375,0.06764417886734009,9,3,True,0.4766526356167556,True
incl88_j2_node60,0.0,2461789.624660754,2461789.6236017128,2461789.5912910285,25.0,4931,10.806922874860334,8.4375,-0.2315826267004013,12,7,True,0.46728477123820783,True
incl88_j2_node60,0.0,2461790.6035168096,2461790.6024577683,2461790.570147084,25.0,6334,-1.1937484371410818,-5.625,0.4201861619949341,9,4,True,0.3645867918833073,True
incl88_j2_node60,0.0,2461790.61124785,2461790.6101888088,2461790.5778781245,25.0,2878,32.79716829582364,-4.21875,0.31963181495666504,10,5,True,0.3638035508625512,True
incl88_j2_node60,0.0,2461801.1984277233,2461801.197368682,2461801.1650579977,25.0,6860,-7.180755781458288,35.15625,0.09814608842134476,8,6,True,0.14136905174060516,False
incl88_j2_node60,0.0,2461802.2499584304,2461802.248899389,2461802.216588705,25.0,1746,44.993880150457116,19.5,0.5720775127410889,7,5,True,0.21797737654018517,False
incl88_j2_node60,0.0,2461803.2384837815,2461803.23742474,2461803.205114056,25.0,4546,14.477512185929925,7.03125,-0.2097746729850769,12,7,True,0.3014538982608572,False
incl88_j2_node60,0.0,2461804.213861335,2461804.2128022937,2461804.1804916095,25.0,2109,41.81031489577859,-7.03125,0.00158257398288697,13,7,True,0.39257379327423836,False
incl88_j2_node60,0.0,2461804.2301909765,2461804.229131935,2461804.196821251,25.0,9278,-30.000000000000014,-4.21875,-0.15727980434894562,13,7,True,0.3941599232438218,False
incl88_j2_node60,0.0,2461804.3081837483,2461804.307124707,2461804.2748140227,25.0,7614,-13.248014905676953,-5.625,0.18405723571777344,14,7,True,0.4017596575247168,False
incl88_j2_node60,0.0,2461805.2022318635,2461805.201172822,2461805.168862138,25.0,4921,12.024699180565818,-18.28125,0.32178473472595215,13,7,True,0.4912692848453412,False
incl88_j2_node60,0.0,2461805.27864418,2461805.2775851386,2461805.2452744544,25.0,2616,35.68533471265204,-21.09375,-0.30166658759117126,14,7,True,0.4990816693763069,False
incl88_j2_node60,0.0,2461805.294218123,2461805.2931590816,2461805.2608483974,25.0,9529,-32.79716829582364,-18.28125,-0.27202388644218445,15,7,True,0.500676280750569,False
incl88_j2_node60,0.0,2461805.3710216507,2461805.3699626094,2461805.337651925,25.0,7353,-10.806922874860348,-19.6875,0.2686878740787506,12,5,True,0.5085508941048155,False
incl88_j2_node60,0.0,2461806.19126826,2461806.1902092188,2461806.1578985346,25.0,8373,-20.74237995448715,-30.9375,-0.5074830651283264,13,5,True,0.5933325321531047,False
incl88_j2_node60,0.0,2461806.267812285,2461806.2667532437,2461806.2344425595,25.0,5940,2.388015463268772,-32.34375000000006,-0.02134963683784008,14,7,True,0.6012619288027865,False
incl88_j2_node60,0.0,2461806.3460159046,2461806.344956863,2461806.312646179,25.0,4276,18.209956864283,-33.75000000000006,0.22030922770500183,17,7,True,0.6093577436291526,False
incl88_j2_node60,0.0,2461806.423495472,2461806.4224364306,2461806.3901257464,25.0,2483,37.16889965599944,-36.5625,-0.49398037791252136,10,4,True,0.6173709433887291,False
incl88_j2_node60,0.0,2461831.220994019,2461831.2199349776,2461831.1876242934,25.0,7999,-16.957763300004146,-1.40625,-0.004910486284643412,8,6,True,0.1616159273285989,False
incl88_j2_node60,0.0,2461832.271728457,2461832.2706694156,2461832.2383587314,25.0,2361,38.68218745348943,-18.28125,-0.41775932908058167,9,6,True,0.244910777708815,False
incl88_j2_node60,0.0,2461832.2873479766,2461832.286288935,2461832.253978251,25.0,9274,-30.000000000000014,-15.46875,-0.4976322650909424,5,4,True,0.2462551710347453,False
incl88_j2_node60,0.0,2461833.265140251,2461833.2640812094,2461833.231770525,25.0,7606,-13.248014905676953,-28.125,0.4405139088630676,12,7,True,0.33580645310709034,False
incl88_j2_node60,0.0,2461834.240706836,2461834.2396477945,2461834.2073371103,25.0,4785,13.24801490567694,-42.18750000000006,0.3208247125148773,13,7,True,0.43393205681850167,False
incl88_j2_node60,0.0,2461834.31837186,2461834.3173128185,2461834.2850021343,25.0,2992,31.38816646434855,-45.0,-0.5330300331115723,15,7,True,0.4420302078465752,False
incl88_j2_node60,0.0,2461834.3343199096,2461834.333260868,2461834.300950184,25.0,10033,-38.68218745348943,-40.78125,0.526903510093689,16,7,True,0.44369733408508005,False
incl88_j2_node60,0.0,2461835.22859854,2461835.227539499,2461835.1952288146,25.0,7724,-14.477512185929939,-54.84375,-0.35154619812965393,14,7,True,0.5389400904647953,False
incl88_j2_node60,0.0,2461835.3057505717,2461835.3046915303,2461835.272380846,25.0,5548,5.979156796301311,-56.25,0.05528774484992027,16,7,True,0.5472642499217497,False
incl88_j2_node60,0.0,2461835.382710364,2461835.381651323,2461835.3493406386,25.0,3371,27.27961273597809,-57.65625000000006,0.514074444770813,16,7,True,0.5555748974851732,False
incl88_j2_node60,0.0,2461835.3984220587,2461835.3973630173,2461835.365052333,25.0,10284,-41.81031489577862,-54.84375,0.3487566113471985,13,6,True,0.5572722386213522,False
incl88_j2_node60,0.0,2461861.241342653,2461861.2402836117,2461861.2079729275,25.0,7986,-16.957763300004146,-37.96875000000006,0.233916774392128,11,7,True,0.19610693430069032,False
incl88_j2_node60,0.0,2461862.2913671713,2461862.29030813,2461862.2579974458,25.0,2092,41.81031489577859,-54.84375,-0.03399955853819847,12,7,True,0.2899374544292944,False
incl88_j2_node60,0.0,2461862.3076968673,2461862.306637826,2461862.2743271417,25.0,9261,-30.000000000000014,-52.03125,-0.29197195172309875,9,6,True,0.2915070210807123,False
incl88_j2_node60,0.0,2461910.5716055944,2461910.570546553,2461910.538235869,25.0,10059,-40.22818472806108,30.9375,-0.0790739357471466,3,1,True,0.262291702250831,False
incl88_j2_node60,0.0,2461936.497557295,2461936.4964982537,2461936.4641875695,25.0,8273,-20.74237995448715,47.8125,0.5016209483146667,13,7,True,0.6133181521285884,False
incl88_j2_node60,0.0,2461937.550917373,2461937.5498583317,2461937.5175476475,25.0,3659,23.31795706533424,30.9375,-0.43464672565460205,8,4,True,0.5143025055455694,False
incl88_j2_node60,0.0,2461938.5309951133,2461938.529936072,2461938.4976253877,25.0,3014,29.999999999999993,18.28125,0.1485966145992279,9,6,True,0.4209951991769957,False
incl88_j2_node60,0.0,2461938.547692268,2461938.546633227,2461938.5143225426,25.0,10311,-43.40685848593699,21.774193548387103,0.1804027110338211,8,4,True,0.41941134403906827,False
incl88_j2_node60,0.0,2461941.5616579135,2461941.560598872,2461941.528288188,25.0,4920,12.024699180565818,-21.09375,-0.01662258803844452,3,1,True,0.1558169825268968,False
incl88_j2_node60,0.0,2461966.507871533,2461966.5068124915,2461966.4745018072,25.0,3651,23.31795706533424,8.4375,-0.19507543742656708,13,7,True,0.5845677099109079,True
incl88_j2_node60,0.0,2461967.495045186,2461967.4939861447,2461967.4616754605,25.0,6335,-1.1937484371410818,-2.8125,0.49125975370407104,12,7,True,0.4895402018053733,True
incl88_j2_node60,0.0,2461968.4819602994,2461968.480901258,2461968.448590574,25.0,8762,-24.62431835216408,-15.46875,-0.15776194632053375,9,5,True,0.3930297790458972,True
incl88_j2_node60,0.0,2461968.5680281967,2461968.5669691553,2461968.534658471,25.0,10422,-43.40685848593699,-15.9677419354839,-0.5152323842048645,7,3,True,0.3846420140659052,True
incl88_j2_node60,0.0,2461982.2600976443,2461982.259038603,2461982.2267279187,25.0,5945,2.388015463268772,-18.28125,-0.1224396675825119,6,3,True,0.6131943293518919,False
incl88_j2_node60,0.0,2462058.568053944,2462058.5669949027,2462058.5346842185,25.0,10444,-44.99388015045713,49.5,0.5627132654190063,10,6,True,0.2268131128482015,False
incl88_j2_node60,0.0,2462058.5871011796,2462058.5860421383,2462058.553731454,25.0,2259,38.68218745348943,54.84375,-0.17498834431171417,12,7,True,0.22494558309717,False
incl88_j2_node60,0.0,2462085.487252978,2462085.486193937,2462085.4538832526,25.0,7508,-13.248014905676953,56.25,0.14768698811531067,13,7,True,0.4908443122219892,False
incl88_j2_node60,0.0,2462085.563605152,2462085.5625461107,2462085.5302354265,25.0,9811,-37.168899655999454,53.4375,0.48515641689300537,14,7,True,0.4822604074944543,False
incl88_j2_node60,0.0,2462085.6485589514,2462085.64749991,2462085.615189226,25.0,8531,-23.31795706533424,53.4375,0.30140531063079834,10,4,True,0.4726993111425598,False
incl88_j2_node60,0.0,2462086.561449886,2462086.5603908445,2462086.5280801603,25.0,2640,34.228866327812575,45.0,-0.35921546816825867,12,7,True,0.37026210638791524,False
incl88_j2_node60,0.0,2462086.6373655763,2462086.636306535,2462086.603995851,25.0,5199,8.385538647081319,42.1875,-0.001394335413351655,10,5,True,0.3618519611975961,False
incl88_j2_node60,0.0,2462087.6162291714,2462087.61517013,2462087.582859446,25.0,6474,-3.583321698471977,28.125,0.5785804986953735,11,7,True,0.25710854849088316,False
incl88_j2_node60,0.0,2462087.62550884,2462087.624449799,2462087.5921391146,25.0,2379,37.16889965599944,30.9375,-0.1824823021888733,10,6,True,0.2561592703770479,False
incl88_j2_node60,0.0,2462113.4669917016,2462113.4659326603,2462113.433621976,25.0,5457,5.979156796301311,47.8125,-0.37910208106040955,14,7,True,0.6434115628365145,False
incl88_j2_node60,0.0,2462113.5427072016,2462113.54164816,2462113.509337476,25.0,8272,-20.74237995448715,45.0,0.1553971916437149,17,7,True,0.6351999048391317,False
incl88_j2_node60,0.0,2462113.619344463,2462113.6182854217,2462113.5859747375,25.0,10318,-43.40685848593699,42.096774193548384,0.4151720702648163,17,7,True,0.6268417836155712,False
incl88_j2_node60,0.0,2462114.51913977,2462114.5180807286,2462114.4857700444,25.0,10314,-43.40685848593699,30.48387096774195,0.20702433586120605,15,7,True,0.52608301448375,False
incl88_j2_node60,0.0,2462114.538529367,2462114.537470326,2462114.5051596416,25.0,1996,41.81031489577859,35.15625,0.13640627264976501,14,7,True,0.523875682739718,False
incl88_j2_node60,0.0,2462114.6161292368,2462114.6150701954,2462114.582759511,25.0,3660,23.31795706533424,33.75,-0.5973789691925049,17,7,True,0.5150338337809574,False
incl88_j2_node60,0.0,2462115.5852623293,2462115.584203288,2462115.5518926037,25.0,9286,-31.388166464348544,16.875,0.5781075358390808,13,7,True,0.4046665973326254,False
incl88_j2_node60,0.0,2462115.6646935856,2462115.6636345442,2462115.63132386,25.0,10181,-41.81031489577862,15.46875,0.21261541545391083,10,4,True,0.3957228051627967,False
incl88_j2_node60,0.0,2462116.648652895,2462116.6475938535,2462116.6152831693,25.0,9281,-31.388166464348544,2.8125,0.5795510411262512,8,6,True,0.2884365384045934,False
incl88_j2_node60,0.0,2462116.659941441,2462116.6588823996,2462116.6265717153,25.0,4162,18.209956864283,5.625,0.18643991649150848,6,5,True,0.28725584146737104,False
incl88_j2_node60,0.0,2462117.640688604,2462117.639629563,2462117.6073188786,25.0,4669,14.477512185929925,-7.03125,-0.28579238057136536,7,4,True,0.19095471678036385,False
incl88_j2_node60,0.0,2462143.5769207845,2462143.575861743,2462143.543551059,25.0,2116,40.228184728061095,11.25,0.12144248932600021,13,7,True,0.5565781367376281,True
incl88_j2_node60,0.0,2462156.200733803,2462156.199674762,2462156.1673640776,25.0,3783,22.02431283704216,21.09375,-0.08140697330236435,12,7,True,0.22383493161567725,False
incl88_j2_node60,0.0,2462157.177106825,2462157.176047784,2462157.1437370996,25.0,1742,44.993880150457116,7.5,0.5832070112228394,9,5,True,0.3050428301196041,False
incl88_j2_node60,0.0,2462157.1929324055,2462157.191873364,2462157.15956268,25.0,8643,-24.62431835216408,9.84375,-0.4976488947868347,11,7,True,0.3064180030011835,False
incl88_j2_node60,0.0,2462157.271592415,2462157.2705333736,2462157.2382226894,25.0,7235,-10.806922874860348,8.4375,-0.1904880851507187,10,6,True,0.31327768713521,False
incl88_j2_node60,0.0,2462158.2432601624,2462158.242201121,2462158.209890437,25.0,2877,32.79716829582364,-7.03125,-0.4819181561470032,12,7,True,0.40092564133884395,False
incl88_j2_node60,0.0,2462158.2598788915,2462158.25881985,2462158.226509166,25.0,10175,-40.22818472806108,-2.8125,-0.10422392934560776,12,7,True,0.40246427336855384,False
incl88_j2_node60,0.0,2462159.2264101678,2462159.2253511264,2462159.193040442,25.0,3513,25.944479772370002,-19.6875,-0.5939537286758423,14,7,True,0.4934563092679417,False
incl88_j2_node60,0.0,2462159.2418329357,2462159.2407738944,2462159.20846321,25.0,10298,-41.81031489577862,-15.46875,0.04755561426281929,13,7,True,0.49492575655226106,False
incl88_j2_node60,0.0,2462159.319124533,2462159.3180654915,2462159.2857548073,25.0,8505,-22.02431283704216,-18.28125,-0.383964478969574,18,7,True,0.5022948771914959,False
incl88_j2_node60,0.0,2462160.2141813533,2462160.213122312,2462160.180811628,25.0,6325,-1.1937484371410818,-30.9375,-0.21193988621234894,14,7,True,0.5878339280980669,False
incl88_j2_node60,0.0,2462160.291857702,2462160.290798661,2462160.2584879766,25.0,4404,16.957763300004146,-32.34375000000006,0.265739768743515,17,7,True,0.595236904700139,False
incl88_j2_node60,0.0,2462160.3687088084,2462160.367649767,2462160.335339083,25.0,2355,38.68218745348943,-35.15625,-0.15178830921649933,17,7,True,0.6025518035104914,False
incl88_j2_node60,0.0,2462160.384657088,2462160.383598047,2462160.3512873626,25.0,9397,-31.388166464348544,-30.9375,0.3988962769508362,14,6,True,0.6040684925357077,False
incl88_j2_node60,0.0,2462186.21893772,2462186.217878679,2462186.1855679946,25.0,3002,31.38816646434855,-16.875,-0.5871979594230652,12,7,True,0.23618745774464706,False
incl88_j2_node60,0.0,2462186.2348864037,2462186.2338273623,2462186.201516678,25.0,10043,-38.68218745348943,-12.65625,-0.0718390941619873,12,7,True,0.23746517875066409,False
incl88_j2_node60,0.0,2462187.212108258,2462187.211049217,2462187.1787385326,25.0,8246,-19.47122063449069,-26.71875,-0.018175218254327774,12,7,True,0.3201281465444894,False
incl88_j2_node60,0.0,2462187.2878393163,2462187.286780275,2462187.2544695907,25.0,5429,7.180755781458274,-29.53125,-0.5267184972763062,12,7,True,0.3268612558768877,False
incl88_j2_node60,0.0,2462188.2615618766,2462188.2605028353,2462188.228192151,25.0,2096,41.81031489577859,-43.59375,0.2641761004924774,12,7,True,0.41680818367323236,False
incl88_j2_node60,0.0,2462188.2772725187,2462188.2762134774,2462188.243902793,25.0,9009,-27.27961273597809,-40.78125,-0.38853442668914795,13,7,True,0.41830389958613295,False
incl88_j2_node60,0.0,2462188.3558842596,2462188.354825218,2462188.322514534,25.0,7601,-13.248014905676953,-42.18750000000006,-0.04567401111125946,10,4,True,0.4258058847408212,False
incl88_j2_node60,0.0,2462189.253747535,2462189.2526884936,2462189.2203778094,25.0,6700,-4.780191847199163,-54.84375,-0.4220586121082306,14,7,True,0.5131903073696614,False
incl88_j2_node60,0.0,2462189.3308912907,2462189.3298322493,2462189.297521565,25.0,4524,15.713861048008212,-56.25,0.1681024730205536,16,7,True,0.5208055823618154,False
incl88_j2_node70,0.0,2461535.2573932176,2461535.2563341763,2461535.224023492,25.0,1969,43.406858485936986,-42.096774193548356,-0.3026028871536255,4,3,True,0.14280602286086178,False
incl88_j2_node70,0.0,2461535.2731630085,2461535.272103967,2461535.239793283,25.0,8882,-25.944479772370016,-39.375,-0.08599156886339188,5,4,True,0.14410062245539035,False
incl88_j2_node70,0.0,2461555.5469757025,2461555.545916661,2461555.513605977,25.0,3154,28.630989836924343,50.625,-0.19538286328315735,7,5,True,0.3589712124863019,False
incl88_j2_node70,0.0,2461555.562635232,2461555.561576191,2461555.5292655067,25.0,10067,-40.22818472806108,53.4375,0.177180215716362,7,3,True,0.35746226352301713,False
incl88_j2_node70,0.0,2461582.469029122,2461582.4679700807,2461582.4356593965,25.0,7764,-15.713861048008212,56.25,-0.270868718624115,11,7,True,0.6226602932832364,False
incl88_j2_node70,0.0,2461582.545626199,2461582.5445671575,2461582.5122564733,25.0,5331,7.180755781458274,54.84375,0.09034304320812225,9,5,True,0.61538505101744,False
incl88_j2_node70,0.0,2461583.522028339,2461583.5209692977,2461583.4886586135,25.0,3022,29.999999999999993,40.78125,-0.1873852163553238,11,7,True,0.5197681523597637,False
incl88_j2_node70,0.0,2461583.536966792,2461583.5359077505,2461583.5035970663,25.0,9679,-35.68533471265205,43.59375,0.28992295265197754,10,6,True,0.5182716409619491,False
incl88_j2_node70,0.0,2461584.5131775024,2461584.512118461,2461584.479807777,25.0,7370,-12.024699180565818,29.53125,0.1450514793395996,11,7,True,0.419332475218771,False
incl88_j2_node70,0.0,2461586.5492280372,2461586.548168996,2461586.5158583117,25.0,3264,27.27961273597809,1.40625,0.27085983753204346,7,5,True,0.21857086960820576,False
incl88_j2_node70,0.0,2461586.5645700195,2461586.563510978,2461586.531200294,25.0,10049,-40.22818472806108,2.8125,-0.4931254982948303,6,3,True,0.21716416789028067,False
incl88_j2_node70,0.0,2461612.489378578,2461612.4883195367,2461612.4560088525,25.0,7751,-15.713861048008212,19.6875,-0.04698731377720833,12,7,True,0.5755474552009292,False
incl88_j2_node70,0.0,2461612.5659757643,2461612.564916723,2461612.5326060387,25.0,5318,7.180755781458274,18.28125,0.33584728837013245,13,4,True,0.5677384917024064,False
incl88_j2_node70,0.0,2461613.4596207677,2461613.4585617264,2461613.426251042,25.0,2626,34.228866327812575,5.625,0.46077948808670044,12,7,True,0.47453017402521547,False
incl88_j2_node70,0.0,2461613.4755091565,2461613.474450115,2461613.442139431,25.0,9666,-35.68533471265205,7.03125,-0.41273972392082214,12,7,True,0.4728472597559543,False
incl88_j2_node70,0.0,2461613.5522105503,2461613.551151509,2461613.5188408247,25.0,7490,-13.248014905676953,5.625,0.0243491530418396,11,6,True,0.46471526514029393,False
incl88_j2_node70,0.0,2461614.526650348,2461614.525591307,2461614.4932806226,25.0,4285,18.209956864283,-8.4375,-0.07124409079551697,12,7,True,0.3611424011544198,False
incl88_j2_node70,0.0,2461615.509650695,2461615.508591654,2461615.4762809696,25.0,4920,12.024699180565818,-21.09375,0.03825001046061516,8,5,True,0.2596094718786505,False
incl88_j2_node70,0.0,2461616.567321921,2461616.5662628794,2461616.533952195,25.0,2483,37.16889965599944,-36.5625,-0.3185315728187561,7,5,True,0.16026678991919807,False
incl88_j2_node70,0.0,2461616.582286497,2461616.5812274558,2461616.5489167715,25.0,9140,-28.630989836924357,-33.75000000000006,0.08755515515804291,6,3,True,0.15897180045187176,False
incl88_j2_node70,0.0,2461686.2183682625,2461686.217309221,2461686.184998537,25.0,10283,-41.81031489577862,-57.65625000000006,0.3495303988456726,10,7,True,0.5228812214915495,False
incl88_j2_node70,0.0,2461686.237031526,2461686.2359724846,2461686.2036618004,25.0,2221,40.228184728061095,-53.43750000000006,-0.31772246956825256,10,6,True,0.5246589663015572,False
incl88_j2_node70,0.0,2461732.60563354,2461732.6045744987,2461732.5722638145,25.0,7250,-10.806922874860348,50.625,0.4552212059497833,12,7,True,0.2753021796905379,False
incl88_j2_node70,0.0,2461759.5178804793,2461759.516821438,2461759.484510754,25.0,7123,-9.594068226860458,54.84375,0.5374223589897156,15,7,True,0.5424846633119981,False
incl88_j2_node70,0.0,2461759.597145087,2461759.5960860457,2461759.5637753615,25.0,8275,-20.74237995448715,53.4375,0.4231102466583252,16,7,True,0.5335532949172404,False
incl88_j2_node70,0.0,2461759.607771359,2461759.6067123176,2461759.5744016333,25.0,3412,25.944479772370002,56.25,-0.573876678943634,17,7,True,0.5323560981672031,False
incl88_j2_node70,0.0,2461760.5887564104,2461760.587697369,2461760.555386685,25.0,3663,23.31795706533424,42.1875,0.3121159076690674,13,7,True,0.4229771512473801,False
incl88_j2_node70,0.0,2461760.6658000285,2461760.664740987,2461760.632430303,25.0,5838,2.388015463268772,40.78125,-0.11177443712949753,11,5,True,0.4145621862387846,False
incl88_j2_node70,0.0,2461761.636613561,2461761.6355545195,2461761.6032438353,25.0,10436,-44.99388015045713,25.5,0.05916136875748634,12,7,True,0.31244939397985694,False
incl88_j2_node70,0.0,2461761.6556467614,2461761.65458772,2461761.622277036,25.0,2250,38.68218745348943,29.53125,-0.23710620403289795,8,6,True,0.31053543383126997,False
incl88_j2_node70,0.0,2461788.4847993986,2461788.483740357,2461788.451429673,25.0,2636,34.228866327812575,33.75,0.49139922857284546,11,4,True,0.591962469814495,False
incl88_j2_node70,0.0,2461788.558281569,2461788.5572225275,2461788.5249118432,25.0,6347,-2.388015463268786,32.34375,-0.5565534830093384,14,7,True,0.5838906412362177,False
incl88_j2_node70,0.0,2461788.6331613227,2461788.6321022813,2461788.599791597,25.0,9418,-32.79716829582364,29.53125,-0.0504956990480423,17,7,True,0.5756602371049164,False
incl88_j2_node70,0.0,2461789.538774431,2461789.53771539,2461789.5054047056,25.0,6854,-7.180755781458288,18.28125,0.3554738759994507,9,3,True,0.4765628262977859,False
incl88_j2_node70,0.0,2461789.614429543,2461789.6133705014,2461789.581059817,25.0,9542,-34.22886632781257,16.875,-0.37757378816604614,13,7,True,0.46838831902576084,False
incl88_j2_node70,0.0,2461789.626635423,2461789.6255763816,2461789.5932656974,25.0,4038,19.47122063449069,18.28125,0.23925164341926575,12,7,True,0.4670718283239496,False
incl88_j2_node70,0.0,2461790.6085172286,2461790.6074581873,2461790.575147503,25.0,3906,20.742379954487134,5.625,-0.011268407106399536,10,5,True,0.3640801574600053,False
incl88_j2_node70,0.0,2461791.66276364,2461791.6617045985,2461791.6293939142,25.0,8252,-19.47122063449069,-9.84375,-0.0915638655424118,4,3,True,0.2627198052945899,False
incl88_j2_node70,0.0,2461805.2817633953,2461805.280704354,2461805.2483936697,25.0,3900,22.02431283704216,-9.84375,0.21874570846557617,14,7,True,0.49940099813112626,True
incl88_j2_node70,0.0,2461806.1849330505,2461806.183874009,2461806.151563325,25.0,5432,7.180755781458274,-21.09375,0.3133416175842285,11,4,True,0.5926760769789657,True
incl88_j2_node70,0.0,2461806.2664563125,2461806.265397271,2461806.233086587,25.0,5304,8.385538647081319,-22.5,0.033748820424079895,14,7,True,0.6011215017158001,True
incl88_j2_node70,0.0,2461806.349614846,2461806.3485558047,2461806.3162451205,25.0,5943,2.388015463268772,-23.90625,-0.5027961134910583,17,7,True,0.6097301461125378,True
incl88_j2_node70,0.0,2461831.2190553285,2461831.217996287,2461831.185685603,25.0,6979,-8.385538647081319,8.4375,0.15886853635311127,10,7,True,0.161476024569922,False
incl88_j2_node70,0.0,2461832.2068493282,2461832.205790287,2461832.1734796027,25.0,9790,-35.68533471265205,-4.21875,-0.5739686489105225,9,5,True,0.23935813278816154,False
incl88_j2_node70,0.0,2461832.282996946,2461832.2819379047,2461832.2496272204,25.0,7358,-10.806922874860348,-5.625,0.06509584933519363,7,5,True,0.245880410198918,False
incl88_j2_node70,0.0,2461833.257416956,2461833.256357915,2461833.2240472306,25.0,4025,20.742379954487134,-19.6875,0.14046840369701385,12,7,True,0.3350608578131445,False
incl88_j2_node70,0.0,2461833.3336960785,2461833.332637037,2461833.300326353,25.0,1852,44.993880150457116,-22.5,-0.1932707130908966,9,4,True,0.3424489195093563,False
incl88_j2_node70,0.0,2461834.2478697905,2461834.246810749,2461834.214500065,25.0,8117,-18.209956864283015,-30.9375,0.3992353081703186,13,7,True,0.4346774756894568,False
incl88_j2_node70,0.0,2461834.323065105,2461834.3220060635,2461834.2896953793,25.0,5044,10.806922874860334,-33.75000000000006,-0.23908966779708862,15,7,True,0.4425206785550869,False
incl88_j2_node70,0.0,2461835.216523893,2461835.215464852,2461835.1831541676,25.0,2351,38.68218745348943,-46.40625,0.20634512603282928,13,7,True,0.5376381189206805,False
incl88_j2_node70,0.0,2461835.232142897,2461835.2310838555,2461835.1987731713,25.0,9264,-30.000000000000014,-43.59375,0.1926218420267105,14,7,True,0.5393223109619771,False
incl88_j2_node70,0.0,2461835.3082008515,2461835.30714181,2461835.274831126,25.0,6703,-4.780191847199163,-46.40625,-0.48578080534935,16,7,True,0.5475287507193557,False
incl88_j2_node70,0.0,2461835.384776954,2461835.3837179127,2461835.3514072285,25.0,4271,18.209956864283,-47.81250000000006,0.032852526754140854,16,7,True,0.5557981433732421,False
incl88_j2_node70,0.0,2461836.205284068,2461836.2042250265,2461836.1719143423,25.0,5419,7.180755781458274,-57.65625000000006,0.5805236101150513,12,4,True,0.6442248190836763,False
incl88_j2_node70,0.0,2461861.2283422295,2461861.227283188,2461861.194972504,25.0,2229,40.228184728061095,-30.9375,-0.2279810905456543,8,4,True,0.19504027452565237,False
incl88_j2_node70,0.0,2461861.2427953305,2461861.241736289,2461861.209425605,25.0,8630,-23.31795706533424,-28.125,-0.16524606943130493,11,7,True,0.1962262462642205,False
incl88_j2_node70,0.0,2461862.291735693,2461862.2906766515,2461862.2583659673,25.0,2224,40.228184728061095,-45.0,-0.2331615537405014,12,7,True,0.28997283217883646,False
incl88_j2_node70,0.0,2461862.3067850126,2461862.3057259712,2461862.273415287,25.0,8881,-25.944479772370016,-42.18750000000006,-0.27303245663642883,9,6,True,0.29141926479582136,False
incl88_j2_node70,0.0,2461863.282206179,2461863.2811471377,2461863.2488364535,25.0,6060,1.1937484371410676,-56.25,-0.32721665501594543,12,7,True,0.3901559951780644,False
incl88_j2_node70,0.0,2461863.3580797454,2461863.357020704,2461863.32471002,25.0,3371,27.27961273597809,-57.65625000000006,0.34424805641174316,11,5,True,0.39819191094451356,False
incl88_j2_node70,0.0,2461890.2703521415,2461890.2692931,2461890.236982416,25.0,3501,25.944479772370002,-53.43750000000006,0.25841572880744934,6,5,True,0.1636156791138386,False
incl88_j2_node70,0.0,2461910.5627439083,2461910.561684867,2461910.5293741827,25.0,6222,-1.1937484371410818,39.375,0.15518178045749664,3,1,True,0.2630387057323514,False
incl88_j2_node70,0.0,2461936.4872450666,2461936.486186025,2461936.453875341,25.0,3539,24.62431835216408,54.84375,-0.5072377920150757,12,7,True,0.6142710021897102,False
incl88_j2_node70,0.0,2461936.5023543346,2461936.501295293,2461936.468984609,25.0,10196,-41.81031489577862,57.65625,-0.5982705354690552,13,7,True,0.6128747827856359,False
incl88_j2_node70,0.0,2461937.5554250753,2461937.554366034,2461937.52205535,25.0,5711,3.5833216984719627,42.1875,-0.04795420914888382,7,3,True,0.5138738591402172,False
incl88_j2_node70,0.0,2461938.5356552936,2461938.5345962523,2461938.502285568,25.0,5066,9.594068226860458,29.53125,0.49994388222694397,9,6,True,0.42055309149345177,False
incl88_j2_node70,0.0,2461939.5172363045,2461939.516177263,2461939.483866579,25.0,5061,9.594068226860458,15.46875,-0.5725191831588745,6,4,True,0.328693262889983,False
incl88_j2_node70,0.0,2461941.562497357,2461941.5614383155,2461941.5291276313,25.0,5308,8.385538647081319,-11.25,-0.31531786918640137,3,1,True,0.15575428243514414,False
incl88_j2_node70,0.0,2461966.5063694734,2461966.505310432,2461966.472999748,25.0,3014,29.999999999999993,18.28125,-0.027306869626045227,13,7,True,0.5847097103759327,False
incl88_j2_node70,0.0,2461966.5219892263,2461966.520930185,2461966.488619501,25.0,9927,-38.68218745348943,21.09375,-0.28360626101493835,12,7,True,0.5832324246468222,False
incl88_j2_node70,0.0,2461967.4964194796,2461967.4953604382,2461967.463049754,25.0,6850,-7.180755781458288,7.03125,0.09487298130989075,12,7,True,0.48940617940841863,False
incl88_j2_node70,0.0,2461968.4747407697,2461968.4736817284,2461968.441371044,25.0,5437,7.180755781458274,-7.03125,-0.42120200395584106,8,4,True,0.3937339475157876,False
incl88_j2_node70,0.0,2461968.549729377,2461968.5486703357,2461968.5163596515,25.0,2493,37.16889965599944,-8.4375,0.5485687851905823,9,6,True,0.38642418034827963,False
incl88_j2_node70,0.0,2461968.565320356,2461968.5642613145,2461968.5319506302,25.0,9406,-31.388166464348544,-5.625,0.33945131301879883,6,3,True,0.38490569596623053,False
incl88_j2_node70,0.0,2461969.5422307425,2461969.541171701,2461969.508861017,25.0,7353,-10.806922874860348,-19.6875,0.2583879828453064,9,6,True,0.2912985023452917,False
incl88_j2_node70,0.0,2462010.234390877,2462010.233331836,2462010.2010211516,25.0,6457,-2.388015463268786,-18.28125,-0.08998077362775803,4,1,True,0.46514426487890415,False
incl88_j2_node70,0.0,2462040.252254983,2462040.2511959416,2462040.2188852574,25.0,7596,-13.248014905676953,-56.25,0.5810916423797607,7,3,True,0.522004731515942,False
incl88_j2_node70,0.0,2462086.543809056,2462086.5427500145,2462086.5104393302,25.0,10321,-43.40685848593699,50.80645161290323,-0.1481853723526001,13,7,True,0.37222035334566583,False
incl88_j2_node70,0.0,2462086.5639207,2462086.5628616586,2462086.5305509744,25.0,1758,44.993880150457116,55.5,-0.09585709124803543,12,7,True,0.36998792552232435,False
incl88_j2_node70,0.0,2462086.633305782,2462086.6322467406,2462086.5999360564,25.0,7122,-9.594068226860458,52.03125,-0.5956087112426758,11,6,True,0.3623009647811378,False
incl88_j2_node70,0.0,2462087.6132152486,2462087.612156207,2462087.579845523,25.0,7885,-16.957763300004146,37.96875,0.14561226963996887,12,7,True,0.2574170315906739,False
incl88_j2_node70,0.0,2462113.463738255,2462113.462679214,2462113.4303685296,25.0,6996,-8.385538647081319,56.25,0.5619446039199829,14,7,True,0.6437633238185729,False
incl88_j2_node70,0.0,2462113.4741080618,2462113.4730490204,2462113.440738336,25.0,2389,37.16889965599944,59.0625,-0.00785058829933405,14,7,True,0.6426417666948693,False
incl88_j2_node70,0.0,2462113.552467148,2462113.5514081065,2462113.5190974222,25.0,3796,22.02431283704216,57.65625,-0.5233500003814697,17,7,True,0.6341379795856118,False
incl88_j2_node70,0.0,2462113.6287067165,2462113.627647675,2462113.595336991,25.0,6355,-2.388015463268786,54.84375,0.0709042176604271,17,7,True,0.6258176073588905,False
incl88_j2_node70,0.0,2462114.5260261926,2462114.524967151,2462114.492656467,25.0,7503,-13.248014905676953,42.1875,0.3478793501853943,15,7,True,0.525299153962342,False
incl88_j2_node70,0.0,2462114.5368326814,2462114.53577364,2462114.503462956,25.0,2640,34.228866327812575,45.0,-0.15909774601459503,14,7,True,0.524068874627259,False
incl88_j2_node70,0.0,2462114.613298038,2462114.6122389967,2462114.5799283125,25.0,4943,10.806922874860334,42.1875,0.31767138838768005,17,7,True,0.5153566287438469,False
incl88_j2_node70,0.0,2462115.5957261813,2462115.59466714,2462115.5623564557,25.0,4554,14.477512185929925,29.53125,0.16759809851646423,13,7,True,0.403486777526612,False
incl88_j2_node70,0.0,2462116.575392122,2462116.5743330806,2462116.5420223963,25.0,5446,5.979156796301311,16.875,-0.5194491744041443,9,4,True,0.29613238003861997,False
incl88_j2_node70,0.0,2462116.645954917,2462116.644895876,2462116.6125851916,25.0,10308,-43.40685848593699,13.064516129032256,-0.30574923753738403,10,6,True,0.28871890889891755,False
incl88_j2_node70,0.0,2462117.630271309,2462117.6292122677,2462117.5969015835,25.0,9280,-31.388166464348544,0.0,0.43924233317375183,7,3,True,0.19190300340505875,False
incl88_j2_node70,0.0,2462117.6476549096,2462117.6465958683,2462117.614285184,25.0,1741,44.993880150457116,4.5,0.03724931553006172,7,5,True,0.19032161745644421,False
incl88_j2_node70,0.0,2462143.5615932033,2462143.560534162,2462143.528223478,25.0,8902,-27.27961273597809,18.28125,-0.2716957926750183,14,7,True,0.5583231213284098,False
incl88_j2_node70,0.0,2462143.571367841,2462143.5703088,2462143.5379981156,25.0,4423,15.713861048008212,19.6875,0.2808419466018677,14,7,True,0.5572103799161537,False
incl88_j2_node70,0.0,2462143.6495963833,2462143.648537342,2462143.6162266578,25.0,6086,0.0,18.28125,-0.0887221097946167,15,6,True,0.5482974978670562,False
incl88_j2_node70,0.0,2462144.546927247,2462144.545868206,2462144.5135575216,25.0,7234,-10.806922874860348,5.625,0.19051507115364075,10,4,True,0.44601907406603225,False
incl88_j2_node70,0.0,2462144.62436669,2462144.6233076486,2462144.5909969644,25.0,9153,-30.000000000000014,4.21875,-0.39882728457450867,12,7,True,0.43726973922405854,False
incl88_j2_node70,0.0,2462144.6330953506,2462144.632036309,2462144.599725625,25.0,5186,8.385538647081319,5.625,-0.036103010177612305,12,7,True,0.4362850437469334,False
incl88_j2_node70,0.0,2462145.61720582,2462145.6161467787,2462145.5838360945,25.0,4157,19.47122063449069,-7.03125,0.15820948779582977,10,6,True,0.3282363617115892,False
incl88_j2_node70,0.0,2462146.6680476693,2462146.666988628,2462146.634677944,25.0,9783,-35.68533471265205,-23.90625,0.21114952862262726,3,3,True,0.22330607310752534,True
incl88_j2_node70,0.0,2462157.1829344905,2462157.181875449,2462157.149564765,25.0,4038,19.47122063449069,18.28125,-0.05224303528666496,12,7,True,0.3055490218346305,True
incl88_j2_node70,0.0,2462157.2638565185,2462157.262797477,2462157.230486793,25.0,3654,23.31795706533424,16.875,-0.16713371872901917,9,6,True,0.3126012863249826,True
incl88_j2_node70,0.0,2462158.2468953384,2462158.245836297,2462158.213525613,25.0,4289,16.957763300004146,4.21875,-0.17896583676338196,12,7,True,0.40126211765509995,True
incl88_j2_node70,0.0,2462158.3266520733,2462158.325593032,2462158.2932823477,25.0,3393,25.944479772370002,2.8125,-0.04390264302492142,11,4,True,0.4086573307644107,True
incl88_j2_node70,0.0,2462159.229887287,2462159.228828246,2462159.1965175616,25.0,5053,10.806922874860334,-8.4375,-0.15568630397319794,14,7,True,0.49378756429148085,True
incl88_j2_node70,0.0,2462159.307944071,2462159.3068850297,2462159.2745743454,25.0,3388,27.27961273597809,-9.84375,0.3032248914241791,16,7,True,0.5012284283013693,True
incl88_j2_node70,0.0,2462159.322265317,2462159.321206276,2462159.2888955916,25.0,9789,-35.68533471265205,-7.03125,0.016382241621613503,18,7,True,0.5025944895747572,True
incl88_j2_node70,0.0,2462160.2169585004,2462160.215899459,2462160.183588775,25.0,7609,-13.248014905676953,-19.6875,0.4791165590286255,14,7,True,0.5880987582868841,True
incl88_j2_node70,0.0,2462160.2927248906,2462160.2916658493,2462160.259355165,25.0,4792,13.24801490567694,-22.5,-0.05175986513495445,17,7,True,0.5953195051936293,False
incl88_j2_node70,0.0,2462160.3683833247,2462160.3673242833,2462160.335013599,25.0,2231,40.228184728061095,-25.3125,-0.17196360230445862,17,7,True,0.6025208431451499,False
incl88_j2_node70,0.0,2462160.3828363223,2462160.381777281,2462160.3494665967,25.0,8632,-23.31795706533424,-22.5,-0.5980965495109558,15,6,True,0.6038953672348398,True
incl88_j2_node70,0.0,2462186.2179900645,2462186.216931023,2462186.184620339,25.0,2621,35.68533471265204,-7.03125,-0.45072856545448303,12,7,True,0.23611160217964305,False
incl88_j2_node70,0.0,2462186.2339033075,2462186.232844266,2462186.200533582,25.0,9663,-34.22886632781257,-2.8125,0.0393499992787838,12,7,True,0.23738635327014201,False
incl88_j2_node70,0.0,2462187.210168723,2462187.2091096817,2462187.1767989974,25.0,7354,-10.806922874860348,-16.875,0.22660692036151886,12,7,True,0.3199562419755011,False
incl88_j2_node70,0.0,2462187.2859294456,2462187.2848704043,2462187.25255972,25.0,4537,15.713861048008212,-19.6875,-0.28094422817230225,11,7,True,0.3266908982624715,False
incl88_j2_node70,0.0,2462188.1970958076,2462188.1960367663,2462188.163726082,25.0,9654,-34.22886632781257,-28.125,0.5747049450874329,10,4,True,0.4106834834770875,False
incl88_j2_node70,0.0,2462188.2730110856,2462188.271952044,2462188.23964136,25.0,7093,-8.385538647081319,-30.9375,0.3338092267513275,13,7,True,0.4178980680335744,False
incl88_j2_node70,0.0,2462188.34932139,2462188.3482623487,2462188.3159516645,25.0,4532,15.713861048008212,-33.75000000000006,-0.28808003664016724,12,5,True,0.42517847181185187,False
incl88_j2_node70,0.0,2462189.24708398,2462189.2460249388,2462189.2137142546,25.0,3631,24.62431835216408,-46.40625,-0.5528109073638916,14,7,True,0.5125330552749707,False
incl88_j2_node70,0.0,2462189.2618484907,2462189.2607894493,2462189.228478765,25.0,10161,-40.22818472806108,-42.18750000000006,0.19978474080562592,13,7,True,0.5139894574521251,False
incl88_j2_node70,0.0,2462189.338633072,2462189.3375740307,2462189.3052633465,25.0,8112,-18.209956864283015,-45.0,-0.12409935146570206,17,7,True,0.5215704213081384,False
incl88_j2_node70,0.0,2462190.233200379,2462190.232141338,2462190.1998306536,25.0,5675,4.780191847199163,-57.65625000000006,0.15726950764656067,14,7,True,0.6102482071302573,False
incl88_j2_node70,0.0,2462190.3141782833,2462190.313119242,2462190.2808085578,25.0,5291,8.385538647081319,-59.0625,-0.004772767890244722,17,7,True,0.6182586123832382,False
incl88_j2_node70,0.0,2462190.4003455746,2462190.3992865332,2462190.366975849,25.0,7339,-10.806922874860348,-59.0625,0.21235597133636475,17,7,True,0.6267696223873671,False
incl88_j2_node80,0.0,2461535.257030426,2461535.2559713847,2461535.2236607005,25.0,1849,44.993880150457116,-31.5,0.19999085366725922,4,3,True,0.14277631773007451,False
incl88_j2_node80,0.0,2461535.269993195,2461535.2689341535,2461535.2366234693,25.0,7477,-12.024699180565818,-29.53125,0.19892805814743042,5,5,True,0.14384003721777566,False
incl88_j2_node80,0.0,2461536.2566307555,2461536.255571714,2461536.22326103,25.0,9649,-34.22886632781257,-42.18750000000006,-0.22460277378559113,8,4,True,0.23363358314919666,False
incl88_j2_node80,0.0,2461537.3106074594,2461537.309548418,2461537.277237734,25.0,5419,7.180755781458274,-57.65625000000006,-0.3259811997413635,11,7,True,0.34439984906883747,False
incl88_j2_node80,0.0,2461583.518979437,2461583.517920396,2461583.4856097116,25.0,1877,43.406858485936986,50.80645161290323,0.3427720367908478,11,7,True,0.5200734688641485,False
incl88_j2_node80,0.0,2461583.531577187,2461583.5305181458,2461583.4982074616,25.0,7378,-12.024699180565818,52.03125,-0.32067710161209106,10,6,True,0.5188116415958746,False
incl88_j2_node80,0.0,2461584.506007821,2461584.5049487795,2461584.4726380953,25.0,4045,19.47122063449069,37.96875,-0.4143340289592743,11,7,True,0.42006314141481654,False
incl88_j2_node80,0.0,2461584.518555738,2461584.5174966967,2461584.4851860125,25.0,9678,-35.68533471265205,40.78125,0.41660526394844055,10,7,True,0.41878438052207,False
incl88_j2_node80,0.0,2461586.5512817916,2461586.5502227503,2461586.517912066,25.0,4164,18.209956864283,11.25,-0.16312196850776672,6,4,True,0.21838244563675982,False
incl88_j2_node80,0.0,2461586.5642133458,2461586.5631543044,2461586.53084362,25.0,9924,-38.68218745348943,12.65625,-0.5679947733879089,6,3,True,0.21719683338197257,False
incl88_j2_node80,0.0,2461612.4868913586,2461612.4858323173,2461612.453521633,25.0,6602,-4.780191847199163,29.53125,0.1405411958694458,12,7,True,0.5758004549303029,False
incl88_j2_node80,0.0,2461612.5607781485,2461612.559719107,2461612.527408423,25.0,3017,29.999999999999993,26.71875,-0.36486873030662537,14,6,True,0.5682694845927847,False
incl88_j2_node80,0.0,2461612.5732055767,2461612.5721465354,2461612.539835851,25.0,8650,-24.62431835216408,29.53125,0.5089358687400818,12,3,True,0.5669996202819795,False
incl88_j2_node80,0.0,2461613.4646584126,2461613.4635993713,2461613.431288687,25.0,4805,12.024699180565818,15.46875,-0.41675516963005066,12,7,True,0.4739966394899151,False
incl88_j2_node80,0.0,2461613.476905793,2461613.4758467516,2461613.4435360674,25.0,10182,-41.81031489577862,18.28125,0.30962514877319336,12,7,True,0.472699298077372,False
incl88_j2_node80,0.0,2461613.551376446,2461613.550317405,2461613.5180067206,25.0,7109,-9.594068226860458,15.46875,-0.015379173681139946,11,6,True,0.46480376506857246,False
incl88_j2_node80,0.0,2461614.525189507,2461614.5241304655,2461614.4918197813,25.0,3520,24.62431835216408,1.40625,0.0008671113173477352,12,7,True,0.36129679503300827,False
incl88_j2_node80,0.0,2461614.537921227,2461614.5368621857,2461614.5045515015,25.0,9281,-31.388166464348544,2.8125,-0.4106545150279999,10,7,True,0.3599514334452014,False
incl88_j2_node80,0.0,2461615.5162395425,2461615.515180501,2461615.482869817,25.0,7996,-16.957763300004146,-9.84375,0.3634294271469116,11,7,True,0.2589513538788568,False
incl88_j2_node80,0.0,2461616.5722009516,2461616.5711419103,2461616.538831226,25.0,4535,15.713861048008212,-25.3125,-0.0019110586727038026,7,4,True,0.15984415337494598,False
incl88_j2_node80,0.0,2461657.261054793,2461657.2599957515,2461657.2276850673,25.0,10419,-43.40685848593699,-24.677419354838776,0.1287241131067276,6,2,True,0.5974958321058218,False
incl88_j2_node80,0.0,2461686.228156937,2461686.2270978955,2461686.1947872113,25.0,6064,1.1937484371410676,-45.0,-0.4328811764717102,9,6,True,0.5238137174540851,False
incl88_j2_node80,0.0,2461686.2297907434,2461686.228731702,2461686.196421018,25.0,5296,8.385538647081319,-45.0,-0.19184230268001556,9,6,True,0.5239693461387719,False
incl88_j2_node80,0.0,2461687.2139013535,2461687.212842312,2461687.180531628,25.0,4139,19.47122063449069,-57.65625000000006,-0.11529002338647842,12,7,True,0.6162354561763648,False
incl88_j2_node80,0.0,2461687.297778151,2461687.2967191096,2461687.2644084254,25.0,3243,28.630989836924343,-59.0625,0.50102299451828,12,5,True,0.6239222028882832,False
incl88_j2_node80,0.0,2461714.19910259,2461714.1980435485,2461714.1657328643,25.0,8108,-18.209956864283015,-56.25,0.3379514217376709,9,6,True,0.34901410205679834,False
incl88_j2_node80,0.0,2461714.21348552,2461714.2124264785,2461714.1801157943,25.0,1842,44.993880150457116,-52.5,-0.5627387762069702,6,3,True,0.3503220437338159,False
incl88_j2_node80,0.0,2461760.5793191697,2461760.5782601284,2461760.545949444,25.0,8018,-18.209956864283015,50.625,0.37068527936935425,13,7,True,0.4240103654190892,False
incl88_j2_node80,0.0,2461760.5919180983,2461760.590859057,2461760.5585483727,25.0,2387,37.16889965599944,53.4375,-0.19817042350769043,13,7,True,0.42263109441800006,False
incl88_j2_node80,0.0,2461760.6616944945,2461760.660635453,2461760.628324769,25.0,7762,-15.713861048008212,50.625,-0.5732883214950562,11,5,True,0.41500967270483713,False
incl88_j2_node80,0.0,2461761.642134408,2461761.6410753666,2461761.6087646824,25.0,8269,-20.74237995448715,36.5625,0.27565911412239075,11,7,True,0.31189381713788844,False
incl88_j2_node80,0.0,2461761.6553082657,2461761.6542492243,2461761.62193854,25.0,2382,37.16889965599944,39.375,-0.18951092660427094,8,6,True,0.3105694315734948,False
incl88_j2_node80,0.0,2461762.6325856782,2461762.631526637,2461762.5992159527,25.0,4169,18.209956864283,25.3125,-0.017756998538970947,8,4,True,0.21815769253697465,False
incl88_j2_node80,0.0,2461788.5496717105,2461788.548612669,2461788.516301985,25.0,10062,-40.22818472806108,39.375,0.5824031829833984,14,7,True,0.5848367149131999,False
incl88_j2_node80,0.0,2461788.5641253814,2461788.56306634,2461788.530755656,25.0,3663,23.31795706533424,42.1875,0.5130842328071594,14,7,True,0.5832484742509098,False
incl88_j2_node80,0.0,2461788.6422571833,2461788.641198142,2461788.6088874578,25.0,5326,7.180755781458274,40.78125,0.26187026500701904,16,7,True,0.5746602295630558,False
incl88_j2_node80,0.0,2461789.5379576487,2461789.5368986074,2461789.504587923,25.0,7242,-10.806922874860348,28.125,0.3779904246330261,9,3,True,0.47665120981180054,False
incl88_j2_node80,0.0,2461789.6172066517,2461789.6161476104,2461789.583836926,25.0,8393,-22.02431283704216,26.71875,0.2540293037891388,13,7,True,0.4680887301563248,False
incl88_j2_node80,0.0,2461789.631724962,2461789.6306659207,2461789.5983552365,25.0,1994,41.81031489577859,29.53125,0.09275444597005844,13,7,True,0.4665231005871221,False
incl88_j2_node80,0.0,2461790.601897408,2461790.6008383664,2461790.568527682,25.0,6981,-8.385538647081319,14.0625,0.4730587303638458,9,4,True,0.3647509304746258,False
incl88_j2_node80,0.0,2461790.604356736,2461790.6032976946,2461790.5709870104,25.0,5829,2.388015463268772,15.46875,-0.5429314970970154,9,4,True,0.3645016590205857,False
incl88_j2_node80,0.0,2461791.661897198,2461791.6608381565,2461791.6285274723,25.0,8512,-23.31795706533424,0.0,-0.0892748013138771,3,2,True,0.2627981139043246,False
incl88_j2_node80,0.0,2461831.213011261,2461831.2119522197,2461831.1796415355,25.0,4166,18.209956864283,16.875,-0.40006041526794434,10,7,True,0.16104019154342725,False
incl88_j2_node80,0.0,2461831.2256103787,2461831.2245513373,2461831.192240653,25.0,9799,-37.168899655999454,19.6875,0.10729090869426727,9,6,True,0.1619492895384042,False
incl88_j2_node80,0.0,2461832.2720992262,2461832.271040185,2461832.2387295007,25.0,2369,37.16889965599944,2.8125,0.3730885982513428,9,6,True,0.24494265701476106,False
incl88_j2_node80,0.0,2461832.2849724577,2461832.2839134163,2461832.251602732,25.0,8129,-19.47122063449069,4.21875,-0.40189844369888306,6,5,True,0.24605050513285703,False
incl88_j2_node80,0.0,2461833.2594034662,2461833.258344425,2461833.2260337407,25.0,4924,12.024699180565818,-9.84375,-0.34178459644317627,12,7,True,0.3352526011573122,False
incl88_j2_node80,0.0,2461833.272011801,2461833.27095276,2461833.2386420756,25.0,10425,-43.40685848593699,-7.258064516129025,-0.12309547513723373,12,7,True,0.33647029507066323,False
incl88_j2_node80,0.0,2461834.244001208,2461834.2429421665,2461834.2106314823,25.0,6328,-1.1937484371410818,-22.5,-0.50962233543396,13,7,True,0.43427481771110504,False
incl88_j2_node80,0.0,2461834.3174234717,2461834.3163644304,2461834.284053746,25.0,2615,35.68533471265204,-23.90625,0.5619763135910034,15,7,True,0.44193111601721236,False
incl88_j2_node80,0.0,2461834.3302487046,2461834.3291896633,2461834.296878979,25.0,8376,-20.74237995448715,-22.5,-0.1526884287595749,15,7,True,0.4432716406658369,False
incl88_j2_node80,0.0,2461835.2220380427,2461835.2209790014,2461835.188668317,25.0,4659,14.477512185929925,-35.15625,0.36749979853630066,13,7,True,0.5382326650689584,False
incl88_j2_node80,0.0,2461835.234471886,2461835.2334128446,2461835.2011021604,25.0,10164,-40.22818472806108,-33.75000000000006,-0.3788926899433136,14,7,True,0.539573479042472,False
incl88_j2_node80,0.0,2461835.3073938005,2461835.306334759,2461835.274024075,25.0,6323,-1.1937484371410818,-36.5625,-0.5160983204841614,16,7,True,0.5474416294354535,False
incl88_j2_node80,0.0,2461835.3814717927,2461835.3804127513,2461835.348102067,25.0,2866,32.79716829582364,-37.96875000000006,0.4457552433013916,16,7,True,0.5554411054495352,False
incl88_j2_node80,0.0,2461835.3942260784,2461835.393167037,2461835.360856353,25.0,8627,-23.31795706533424,-36.5625,-0.2551039755344391,14,6,True,0.5568189279970568,False
incl88_j2_node80,0.0,2461836.2110573174,2461836.209998276,2461836.177687592,25.0,8111,-18.209956864283015,-47.81250000000006,-0.4798244833946228,13,5,True,0.6448419116202866,False
incl88_j2_node80,0.0,2461861.232202704,2461861.2311436627,2461861.1988329785,25.0,3769,23.31795706533424,-19.6875,0.05633341521024704,10,6,True,0.1953567564558362,False
incl88_j2_node80,0.0,2461861.2446497483,2461861.243590707,2461861.2112800227,25.0,9402,-31.388166464348544,-16.875,0.5886564254760742,12,7,True,0.19637860859597595,False
incl88_j2_node80,0.0,2461862.2913844767,2461862.2903254353,2461862.258014751,25.0,2099,41.81031489577859,-35.15625,-0.2703213095664978,12,7,True,0.28993911571543357,False
incl88_j2_node80,0.0,2461862.3041895996,2461862.303130558,2461862.270819874,25.0,7732,-14.477512185929939,-32.34375000000006,0.020209314301609993,10,6,True,0.29116967789749393,False
incl88_j2_node80,0.0,2461863.276894537,2461863.2758354954,2461863.243524811,25.0,3631,24.62431835216408,-46.40625,0.3908221125602722,12,7,True,0.38959505160301966,False
incl88_j2_node80,0.0,2461863.2896254687,2461863.2885664273,2461863.256255743,25.0,9392,-31.388166464348544,-45.0,-0.3440454304218292,12,7,True,0.3909398690863638,False
incl88_j2_node80,0.0,2461863.362378753,2461863.3613197114,2461863.329009027,25.0,5295,8.385538647081319,-47.81250000000006,-0.5405720472335815,11,5,True,0.39864847200218056,False
incl88_j2_node80,0.0,2461864.2654403187,2461864.2643812774,2461864.232070593,25.0,6827,-5.979156796301311,-59.0625,-0.42644912004470825,14,7,True,0.49698499111258154,False
incl88_j2_node80,0.0,2461864.3511860124,2461864.350126971,2461864.317816287,25.0,8619,-23.31795706533424,-59.0625,-0.029493339359760284,17,7,True,0.5065034784333508,False
incl88_j2_node80,0.0,2461890.272966282,2461890.2719072406,2461890.2395965564,25.0,4656,14.477512185929925,-43.59375,-0.3502759635448456,6,5,True,0.16382474667326508,False
incl88_j2_node80,0.0,2461891.2519590682,2461891.250900027,2461891.2185893427,25.0,3500,25.944479772370002,-56.25,0.3999267518520355,8,4,True,0.24986302880881434,False
incl88_j2_node80,0.0,2461891.26467448,2461891.2636154387,2461891.2313047545,25.0,9260,-30.000000000000014,-54.84375,-0.3622060716152191,11,7,True,0.2510744674456436,False
incl88_j2_node80,0.0,2461910.5702696666,2461910.5692106253,2461910.536899941,25.0,9554,-34.22886632781257,50.625,-0.0438578799366951,3,1,True,0.26240425916330695,False
incl88_j2_node80,0.0,2461937.5518326084,2461937.550773567,2461937.518462883,25.0,4050,19.47122063449069,52.03125,0.4174467921257019,8,4,True,0.5142154739918986,False
incl88_j2_node80,0.0,2461938.5283430275,2461938.527283986,2461938.494973302,25.0,1997,41.81031489577859,37.96875,0.4329945743083954,9,6,True,0.4212468060279552,False
incl88_j2_node80,0.0,2461938.540855284,2461938.5397962425,2461938.5074855583,25.0,7502,-13.248014905676953,39.375,-0.5360004901885986,9,6,True,0.42005982963026056,False
incl88_j2_node80,0.0,2461939.520526911,2461939.51946787,2461939.4871571856,25.0,6601,-4.780191847199163,26.71875,0.10569426417350769,7,5,True,0.3283911855470736,False
incl88_j2_node80,0.0,2461966.4327711794,2461966.431712138,2461966.399401454,25.0,6731,-5.979156796301311,30.9375,-0.009449975565075874,10,4,True,0.5916560857446953,False
incl88_j2_node80,0.0,2461966.506695605,2461966.5056365635,2461966.4733258793,25.0,3146,28.630989836924343,28.125,-0.23203788697719574,13,7,True,0.5846788788350671,False
incl88_j2_node80,0.0,2461966.5197228664,2461966.518663825,2461966.486353141,25.0,9035,-28.630989836924357,30.9375,0.06007572263479233,12,7,True,0.5834468196798788,False
incl88_j2_node80,0.0,2461967.4939910965,2461967.492932055,2461967.460621371,25.0,5702,3.5833216984719627,16.875,0.36064988374710083,12,7,True,0.4896429962063662,False
incl88_j2_node80,0.0,2461967.5663683983,2461967.565309357,2461967.5329986727,25.0,1744,44.993880150457116,13.5,0.1503642350435257,10,3,True,0.4825811257711693,False
incl88_j2_node80,0.0,2461968.4808205613,2461968.47976152,2461968.4474508357,25.0,8129,-19.47122063449069,4.21875,-0.24109123647212982,9,5,True,0.39314093533237887,False
incl88_j2_node80,0.0,2461968.556838492,2461968.5557794506,2461968.5234687664,25.0,5441,5.979156796301311,2.8125,0.4464813470840454,8,5,True,0.3857317267820059,False
incl88_j2_node80,0.0,2461968.568425119,2461968.5673660776,2461968.5350553934,25.0,10429,-44.99388015045713,4.5,-0.2665155231952667,7,3,True,0.38460336290251784,False
incl88_j2_node80,0.0,2461969.5414214274,2461969.540362386,2461969.508051702,25.0,6972,-7.180755781458288,-9.84375,0.2486465573310852,9,6,True,0.2913742875542113,False
incl88_j2_node80,0.0,2462010.2341381684,2462010.233079127,2462010.200768443,25.0,6589,-3.583321698471977,-8.4375,0.021110421046614647,4,1,True,0.46511681295427215,False
incl88_j2_node80,0.0,2462040.253940095,2462040.252881054,2462040.2205703696,25.0,6832,-5.979156796301311,-45.0,-0.33138307929039,6,2,True,0.5221767531904548,False
incl88_j2_node80,0.0,2462041.232742831,2462041.2316837898,2462041.1993731055,25.0,8107,-18.209956864283015,-59.0625,0.20429855585098267,13,7,True,0.619618469306092,False
incl88_j2_node80,0.0,2462041.2453423343,2462041.244283293,2462041.2119726087,25.0,2476,37.16889965599944,-56.25,0.01761343702673912,12,7,True,0.6208338637488424,False
incl88_j2_node80,0.0,2462087.614632756,2462087.6135737146,2462087.5812630304,25.0,7249,-10.806922874860348,47.8125,0.5813198089599609,12,7,True,0.2572719458823446,False
incl88_j2_node80,0.0,2462087.6262461776,2462087.6251871362,2462087.592876452,25.0,2130,40.228184728061095,50.625,0.22720637917518616,9,6,True,0.25608387698639756,False
incl88_j2_node80,0.0,2462114.5320787863,2462114.531019745,2462114.4987090607,25.0,4691,13.24801490567694,53.4375,0.2575618028640747,14,7,True,0.5246101165545474,False
incl88_j2_node80,0.0,2462114.6006297916,2462114.5995707503,2462114.567260066,25.0,10444,-44.99388015045713,49.5,0.04972115531563759,15,7,True,0.516800783512069,False
incl88_j2_node80,0.0,2462114.613045677,2462114.6119866357,2462114.5796759515,25.0,5074,9.594068226860458,52.03125,0.42127642035484314,17,7,True,0.5153854013133783,False
incl88_j2_node80,0.0,2462115.5843486297,2462115.5832895883,2462115.550978904,25.0,9677,-35.68533471265205,37.96875,-0.543523371219635,13,7,True,0.40476963176413194,False
incl88_j2_node80,0.0,2462115.59867043,2462115.5976113887,2462115.5653007044,25.0,3278,27.27961273597809,40.78125,-0.3914225697517395,12,7,True,0.4031548710900891,False
incl88_j2_node80,0.0,2462116.578478801,2462116.5774197597,2462116.5451090755,25.0,4041,19.47122063449069,26.71875,0.234212264418602,9,4,True,0.2958069602935733,False
incl88_j2_node80,0.0,2462116.6577578858,2462116.6566988444,2462116.62438816,25.0,5193,8.385538647081319,25.3125,0.0650942325592041,6,5,True,0.2874841485337786,False
incl88_j2_node80,0.0,2462117.6299753534,2462117.628916312,2462117.596605628,25.0,9411,-32.79716829582364,9.84375,0.5031619071960449,7,3,True,0.19192997174950538,False
incl88_j2_node80,0.0,2462117.6412993227,2462117.6402402814,2462117.607929597,25.0,4292,16.957763300004146,12.65625,0.13176153600215912,7,4,True,0.190899206883631,False
incl88_j2_node80,0.0,2462143.4863009183,2462143.485241877,2462143.4529311927,25.0,5963,1.1937484371410676,30.9375,-0.5258045196533203,11,4,True,0.5668865146977439,False
incl88_j2_node80,0.0,2462143.56480322,2462143.5637441785,2462143.5314334943,25.0,7498,-13.248014905676953,28.125,0.5507848262786865,14,7,True,0.5579577199095354,False
incl88_j2_node80,0.0,2462143.6446065498,2462143.6435475084,2462143.611236824,25.0,8393,-22.02431283704216,26.71875,0.4330398738384247,16,7,True,0.5488663664764651,False
incl88_j2_node80,0.0,2462143.6466142195,2462143.645555178,2462143.613244494,25.0,7498,-13.248014905676953,28.125,-0.5007357001304626,16,7,True,0.54863749458624,False
incl88_j2_node80,0.0,2462144.5461193155,2462144.545060274,2462144.51274959,25.0,7621,-14.477512185929939,15.46875,0.18315163254737854,10,4,True,0.4461104790496487,False
incl88_j2_node80,0.0,2462144.5589246126,2462144.557865571,2462144.525554887,25.0,1990,41.81031489577859,18.28125,0.21125741302967072,13,7,True,0.44466205601674225,False
incl88_j2_node80,0.0,2462144.6270682793,2462144.626009238,2462144.5936985537,25.0,8005,-18.209956864283015,14.0625,0.31932270526885986,12,7,True,0.4369649335460747,False
incl88_j2_node80,0.0,2462145.610066844,2462145.609007803,2462145.5766971186,25.0,7360,-12.024699180565818,1.40625,0.3003690242767334,10,5,True,0.32899255752621204,False
incl88_j2_node80,0.0,2462145.623040354,2462145.6219813125,2462145.5896706283,25.0,1741,44.993880150457116,4.5,0.20435479283332825,12,7,True,0.32761871973541673,False
incl88_j2_node80,0.0,2462185.2350327168,2462185.2339736754,2462185.201662991,25.0,1989,41.81031489577859,15.46875,-0.4234480559825897,7,5,True,0.1625123110106283,False
incl88_j2_node80,0.0,2462186.220542411,2462186.2194833695,2462186.1871726853,25.0,3521,24.62431835216408,4.21875,0.008932667784392834,12,7,True,0.2363159059989876,False
incl88_j2_node80,0.0,2462186.233605876,2462186.2325468347,2462186.2002361505,25.0,9410,-32.79716829582364,7.03125,-0.014281016774475574,12,7,True,0.23736250495136899,False
incl88_j2_node80,0.0,2462187.205823554,2462187.204764513,2462187.1724538286,25.0,5309,8.385538647081319,-8.4375,-0.46653035283088684,12,7,True,0.31957130819884744,False
incl88_j2_node80,0.0,2462187.2793054427,2462187.2782464013,2462187.245935717,25.0,1856,44.993880150457116,-10.5,0.5353266596794128,12,7,True,0.326100377263577,False
incl88_j2_node80,0.0,2462187.29254589,2462187.2914868486,2462187.2591761644,25.0,7613,-13.248014905676953,-8.4375,-0.3579646050930023,11,6,True,0.3272810752621348,False
incl88_j2_node80,0.0,2462188.2630041777,2462188.2619451364,2462188.229634452,25.0,2615,35.68533471265204,-23.90625,-0.3377966582775116,13,7,True,0.4169454413724,False
incl88_j2_node80,0.0,2462188.2755538016,2462188.27449476,2462188.242184076,25.0,8248,-19.47122063449069,-21.09375,-0.32874053716659546,13,7,True,0.4181402199797424,False
incl88_j2_node80,0.0,2462188.348495446,2462188.347436405,2462188.3151257206,25.0,4151,19.47122063449069,-23.90625,-0.2610841989517212,12,5,True,0.4250995139083551,False
incl88_j2_node80,0.0,2462189.242851673,2462189.241792632,2462189.2094819476,25.0,1971,43.406858485936986,-36.290322580645125,0.5547967553138733,14,7,True,0.5121156485856762,False
incl88_j2_node80,0.0,2462189.2562969727,2462189.2552379314,2462189.222927247,25.0,7860,-15.713861048008212,-33.75000000000006,0.15058882534503937,13,7,True,0.5134417896855992,False
incl88_j2_node80,0.0,2462189.329218539,2462189.3281594976,2462189.2958488134,25.0,3763,23.31795706533424,-36.5625,0.21867746114730835,16,7,True,0.5206403362724055,False
incl88_j2_node80,0.0,2462189.34166608,2462189.3406070387,2462189.3082963545,25.0,9396,-31.388166464348544,-33.75000000000006,0.3359968662261963,17,7,True,0.5218700839709542,False
incl88_j2_node80,0.0,2462190.2329546795,2462190.231895638,2462190.199584954,25.0,5551,5.979156796301311,-47.81250000000006,0.04961074888706207,14,7,True,0.6102238871270649,False
incl88_j2_node80,0.0,2462190.306963422,2462190.3059043805,2462190.2735936963,25.0,2222,40.228184728061095,-50.625,0.16886207461357117,17,7,True,0.6175453508822135,False
incl88_j2_node80,0.0,2462190.31969044,2462190.3186313985,2462190.2863207143,25.0,7855,-15.713861048008212,-47.81250000000006,0.14598359167575836,17,7,True,0.6188034828933185,False
incl88_j2_node80,0.0,2462190.3926110268,2462190.3915519854,2462190.359241301,25.0,3758,23.31795706533424,-50.625,0.21150940656661987,17,7,True,0.626006257415616,False
incl88_j2_node80,0.0,2462190.4050585534,2462190.403999512,2462190.371688828,25.0,9391,-31.388166464348544,-47.81250000000006,0.3329928517341614,16,7,True,0.627234716276482,False
incl88_j2_node90,0.0,2461535.2570162173,2461535.255957176,2461535.2236464918,25.0,1852,44.993880150457116,-22.5,-0.495923787355423,4,3,True,0.14277515433348645,False
incl88_j2_node90,0.0,2461535.2725509037,2461535.2714918624,2461535.239181178,25.0,8633,-23.31795706533424,-19.6875,-0.2964767515659332,5,5,True,0.14405025217048195,False
incl88_j2_node90,0.0,2461537.303435539,2461537.3023764975,2461537.2700658133,25.0,2350,38.68218745348943,-49.21875000000006,-0.5702043175697327,12,7,True,0.34361046581499377,False
incl88_j2_node90,0.0,2461537.3190548914,2461537.31799585,2461537.285685166,25.0,9263,-30.000000000000014,-46.40625,-0.23382630944252014,10,6,True,0.3453300835642465,False
incl88_j2_node90,0.0,2461565.2820049087,2461565.2809458673,2461565.248635183,25.0,3627,24.62431835216408,-57.65625000000006,0.024588322266936302,4,3,True,0.2120836904477043,False
incl88_j2_node90,0.0,2461584.5104356552,2461584.509376614,2461584.4770659297,25.0,6097,0.0,49.21875,0.20122696459293365,11,7,True,0.41961189783342295,False
incl88_j2_node90,0.0,2461586.548598546,2461586.5475395047,2461586.5152288205,25.0,3015,29.999999999999993,21.09375,0.09776271879673004,7,5,True,0.21862865900215134,False
incl88_j2_node90,0.0,2461586.564218188,2461586.563159147,2461586.5308484626,25.0,9928,-38.68218745348943,23.90625,0.40019723773002625,6,3,True,0.21719638989609935,False
incl88_j2_node90,0.0,2461612.4905123734,2461612.489453332,2461612.457142648,25.0,8270,-20.74237995448715,39.375,-0.5038576126098633,12,7,True,0.5754321201967212,False
incl88_j2_node90,0.0,2461612.5675981906,2461612.5665391493,2461612.534228465,25.0,6093,0.0,37.96875,-0.19301307201385498,13,4,True,0.5675727078055075,False
incl88_j2_node90,0.0,2461613.4620899996,2461613.461030958,2461613.428720274,25.0,3657,23.31795706533424,25.3125,-0.17647801339626312,12,7,True,0.47426865887682734,False
incl88_j2_node90,0.0,2461613.4776272587,2461613.4765682174,2461613.444257533,25.0,10437,-44.99388015045713,28.5,0.3052741289138794,12,7,True,0.4726228649469225,False
incl88_j2_node90,0.0,2461613.554489196,2461613.5534301545,2461613.5211194702,25.0,8521,-23.31795706533424,25.3125,-0.5861994624137878,11,6,True,0.46447349678368227,False
incl88_j2_node90,0.0,2461614.531331011,2461614.5302719697,2461614.4979612855,25.0,6340,-2.388015463268786,12.65625,0.36906543374061584,11,7,True,0.36064776132937515,False
incl88_j2_node90,0.0,2461615.5142889223,2461615.513229881,2461615.4809191967,25.0,6976,-8.385538647081319,0.0,0.4952400326728821,9,5,True,0.25914613223369903,False
incl88_j2_node90,0.0,2461616.570173681,2461616.5691146394,2461616.536803955,25.0,3642,24.62431835216408,-15.46875,0.14506997168064117,7,4,True,0.16001965000453214,False
incl88_j2_node90,0.0,2461641.435938177,2461641.434879136,2461641.4025684516,25.0,3013,29.999999999999993,15.46875,0.01956891641020775,14,7,True,0.6253843117589912,False
incl88_j2_node90,0.0,2461641.4522677762,2461641.451208735,2461641.4188980507,25.0,10182,-41.81031489577862,18.28125,0.11424756795167923,14,7,True,0.6237122160890318,False
incl88_j2_node90,0.0,2461641.5284107453,2461641.527351704,2461641.4950410197,25.0,7877,-16.957763300004146,15.46875,-0.4702286720275879,16,7,True,0.6158863566718955,False
incl88_j2_node90,0.0,2461642.4265366024,2461642.425477561,2461642.393166877,25.0,7105,-9.594068226860458,4.21875,0.3910222351551056,11,5,True,0.5205674598658653,False
incl88_j2_node90,0.0,2461642.50285546,2461642.501796419,2461642.4694857346,25.0,4544,14.477512185929925,1.40625,-0.5480136275291443,12,7,True,0.5122673098657251,False
incl88_j2_node90,0.0,2461642.5808121236,2461642.5797530822,2461642.547442398,25.0,2880,31.38816646434855,0.0,-0.21303530037403107,15,6,True,0.503766246177464,True
incl88_j2_node90,0.0,2461642.5970971417,2461642.5960381003,2461642.563727416,25.0,10049,-40.22818472806108,2.8125,-0.06635360419750214,13,4,True,0.5019877013345795,False
incl88_j2_node90,0.0,2461643.4927514936,2461643.491692452,2461643.459381768,25.0,8508,-22.02431283704216,-9.84375,-0.033943869173526764,13,7,True,0.4034266288833517,False
incl88_j2_node90,0.0,2461643.569818355,2461643.568759314,2461643.5364486296,25.0,6332,-1.1937484371410818,-11.25,0.330502986907959,11,6,True,0.394944799665952,False
incl88_j2_node90,0.0,2461644.5458359206,2461644.5447768793,2461644.512466195,25.0,3767,23.31795706533424,-25.3125,0.05373365059494972,12,7,True,0.2894975607727932,True
incl88_j2_node90,0.0,2461646.5972046815,2461646.59614564,2461646.563834956,25.0,6701,-4.780191847199163,-52.03125,-0.5600340962409973,4,2,True,0.10142705232094475,True
incl88_j2_node90,0.0,2461686.219435539,2461686.2183764977,2461686.1860658135,25.0,9907,-37.168899655999454,-36.5625,-0.2884753346443176,10,7,True,0.5229829011174031,False
incl88_j2_node90,0.0,2461686.2295183074,2461686.228459266,2461686.196148582,25.0,5427,7.180755781458274,-35.15625,-0.07698976993560791,9,6,True,0.5239433951513615,False
incl88_j2_node90,0.0,2461687.2119351407,2461687.2108760993,2461687.178565415,25.0,5039,10.806922874860334,-47.81250000000006,-0.26917725801467896,12,7,True,0.6160548612079837,False
incl88_j2_node90,0.0,2461687.286555702,2461687.2854966605,2461687.2531859763,25.0,8366,-20.74237995448715,-50.625,0.35249724984169006,11,6,True,0.6228957313888209,False
incl88_j2_node90,0.0,2461714.1993893133,2461714.198330272,2461714.166019588,25.0,7983,-16.957763300004146,-46.40625,0.5348132252693176,9,6,True,0.34904016696030216,False
incl88_j2_node90,0.0,2461714.210711611,2461714.2096525696,2461714.1773418854,25.0,2864,32.79716829582364,-43.59375,-0.34570810198783875,6,3,True,0.35006971539809745,False
incl88_j2_node90,0.0,2461715.192293722,2461715.191234681,2461715.1589239966,25.0,2859,32.79716829582364,-57.65625000000006,0.5666281580924988,12,7,True,0.4409337837725694,False
incl88_j2_node90,0.0,2461715.272849382,2461715.2717903405,2461715.2394796563,25.0,3371,27.27961273597809,-57.65625000000006,-0.5861623883247375,8,2,True,0.4484894239754438,False
incl88_j2_node90,0.0,2461760.657482993,2461760.6564239515,2461760.6241132673,25.0,9557,-34.22886632781257,59.0625,0.14143483340740204,13,6,True,0.4154688526452828,False
incl88_j2_node90,0.0,2461761.649315403,2461761.6482563615,2461761.6159456773,25.0,4945,10.806922874860334,47.8125,0.17501108348369598,10,6,True,0.311171680113626,False
incl88_j2_node90,0.0,2461762.636906597,2461762.6358475555,2461762.6035368713,25.0,2381,37.16889965599944,36.5625,-0.32118386030197144,8,4,True,0.21777732133852828,False
incl88_j2_node90,0.0,2461788.561566383,2461788.5605073418,2461788.5281966575,25.0,4818,12.024699180565818,52.03125,0.2636985778808594,14,7,True,0.5835296803129096,False
incl88_j2_node90,0.0,2461788.6376239117,2461788.6365648704,2461788.604254186,25.0,7506,-13.248014905676953,50.625,-0.2980482876300812,17,7,True,0.5751696193702582,False
incl88_j2_node90,0.0,2461788.647456844,2461788.6463978025,2461788.6140871183,25.0,3026,29.999999999999993,52.03125,-0.061689313501119614,17,7,True,0.5740885601785578,False
incl88_j2_node90,0.0,2461789.6175037753,2461789.616444734,2461789.5841340497,25.0,8269,-20.74237995448715,36.5625,0.4570937156677246,12,7,True,0.46805667709425713,False
incl88_j2_node90,0.0,2461789.62873995,2461789.6276809084,2461789.595370224,25.0,3150,28.630989836924343,39.375,-0.3957793414592743,12,7,True,0.46684492915274145,False
incl88_j2_node90,0.0,2461790.6097116247,2461790.6086525833,2461790.576341899,25.0,3401,25.944479772370002,25.3125,0.464193731546402,10,5,True,0.36395916747104307,False
incl88_j2_node90,0.0,2461791.661607177,2461791.6605481356,2461791.6282374514,25.0,8643,-24.62431835216408,9.84375,0.00817736517637968,3,2,True,0.26282432585087984,False
incl88_j2_node90,0.0,2461817.5073437146,2461817.506284673,2461817.473973989,25.0,9802,-37.168899655999454,28.125,-0.475736141204834,11,4,True,0.6419775991842784,True
incl88_j2_node90,0.0,2461817.58808629,2461817.5870272485,2461817.5547165642,25.0,10185,-41.81031489577862,26.71875,-0.41834673285484314,13,7,True,0.6334901864433717,True
incl88_j2_node90,0.0,2461817.606386697,2461817.6053276556,2461817.5730169713,25.0,2250,38.68218745348943,29.53125,0.11816100031137466,17,7,True,0.6315640302761022,True
incl88_j2_node90,0.0,2461818.578100188,2461818.577041147,2461818.5447304626,25.0,6597,-4.780191847199163,15.46875,-0.5939935445785522,10,5,True,0.5288540768794587,True
incl88_j2_node90,0.0,2461819.637853029,2461819.636793988,2461819.6044833036,25.0,8256,-20.74237995448715,0.0,0.19108234345912933,8,4,True,0.4192239885927483,True
incl88_j2_node90,0.0,2461831.2069278685,2461831.205868827,2461831.173558143,25.0,1748,44.993880150457116,25.5,-0.2757723927497864,9,5,True,0.16060203608892518,False
incl88_j2_node90,0.0,2461831.2233733726,2461831.222314331,2461831.190003647,25.0,8906,-27.27961273597809,29.53125,0.4367729723453522,9,6,True,0.1617876387661792,False
incl88_j2_node90,0.0,2461832.2755442443,2461832.274485203,2461832.2421745188,25.0,3780,22.02431283704216,12.65625,-0.40116435289382935,8,6,True,0.24523899316793696,False
incl88_j2_node90,0.0,2461833.251912902,2461833.2508538608,2461833.2185431765,25.0,1859,44.993880150457116,-1.5,-0.2603422999382019,12,7,True,0.334529841470316,False
incl88_j2_node90,0.0,2461833.267154555,2461833.2660955135,2461833.2337848293,25.0,8384,-22.02431283704216,1.40625,-0.3385319411754608,12,7,True,0.3360010473794701,False
incl88_j2_node90,0.0,2461834.245107113,2461834.2440480716,2461834.2117373873,25.0,6844,-5.979156796301311,-11.25,0.5646964311599731,13,7,True,0.43438992146093314,False
incl88_j2_node90,0.0,2461834.3208236718,2461834.3197646304,2461834.287453946,25.0,4027,20.742379954487134,-14.0625,-0.1650436669588089,15,7,True,0.4422863964846943,False
incl88_j2_node90,0.0,2461835.2165381634,2461835.215479122,2461835.183168438,25.0,2358,38.68218745348943,-26.71875,-0.0493888221681118,13,7,True,0.5376396575598823,False
incl88_j2_node90,0.0,2461835.232157102,2461835.2310980605,2461835.1987873763,25.0,9271,-30.000000000000014,-23.90625,-0.07185382395982742,14,7,True,0.5393238428837633,False
incl88_j2_node90,0.0,2461835.308499645,2461835.3074406036,2461835.2751299194,25.0,6839,-5.979156796301311,-25.3125,0.5584568381309509,16,7,True,0.547561005516249,False
incl88_j2_node90,0.0,2461835.384216225,2461835.3831571834,2461835.350846499,25.0,4022,20.742379954487134,-28.125,-0.17176814377307892,16,7,True,0.5557375694396116,False
incl88_j2_node90,0.0,2461836.2052984247,2461836.2042393833,2461836.171928699,25.0,5426,7.180755781458274,-37.96875000000006,0.26580682396888733,12,4,True,0.644226353769554,False
incl88_j2_node90,0.0,2461861.2294036835,2461861.228344642,2461861.196033958,25.0,2620,35.68533471265204,-9.84375,0.41063347458839417,9,5,True,0.19512723695486478,False
incl88_j2_node90,0.0,2461861.245633192,2461861.2445741505,2461861.2122634663,25.0,9789,-35.68533471265205,-7.03125,0.2514413595199585,12,7,True,0.19645948176134062,False
incl88_j2_node90,0.0,2461862.2947042957,2461862.2936452543,2461862.26133457,25.0,3383,27.27961273597809,-23.90625,0.06107032299041748,11,7,True,0.2902579741025483,False
incl88_j2_node90,0.0,2461863.27227145,2461863.271212409,2461863.2389017246,25.0,1847,44.993880150457116,-37.5,0.33939874172210693,12,7,True,0.38910698032384994,False
incl88_j2_node90,0.0,2461863.2887011957,2461863.2876421544,2461863.25533147,25.0,9011,-27.27961273597809,-35.15625,-0.31376174092292786,12,7,True,0.3908421927223511,False
incl88_j2_node90,0.0,2461863.365661177,2461863.3646021355,2461863.3322914513,25.0,6835,-5.979156796301311,-36.5625,0.1770137995481491,10,4,True,0.3989972291812591,False
incl88_j2_node90,0.0,2461864.2671116763,2461864.266052635,2461864.2337419507,25.0,7599,-13.248014905676953,-47.81250000000006,0.5350377559661865,14,7,True,0.4971703443854357,False
incl88_j2_node90,0.0,2461864.342879218,2461864.3418201767,2461864.3095094925,25.0,4782,13.24801490567694,-50.625,-0.20011524856090546,15,7,True,0.5055805193592705,False
incl88_j2_node90,0.0,2461890.2674677474,2461890.266408706,2461890.234098022,25.0,2355,38.68218745348943,-35.15625,-0.5992754697799683,8,6,True,0.16338513896933776,False
incl88_j2_node90,0.0,2461891.247991456,2461891.246932415,2461891.2146217306,25.0,1967,43.406858485936986,-47.90322580645159,-0.16327886283397675,8,4,True,0.24948550987892423,False
incl88_j2_node90,0.0,2461891.263762906,2461891.262703865,2461891.2303931806,25.0,8880,-25.944479772370016,-45.0,-0.3346414268016815,11,7,True,0.25098757777784325,False
incl88_j2_node90,0.0,2461892.3253996195,2461892.324340578,2461892.292029894,25.0,8107,-18.209956864283015,-59.0625,-0.043051838874816895,9,6,True,0.3590081681580226,False
incl88_j2_node90,0.0,2461938.5325534125,2461938.531494371,2461938.499183687,25.0,3665,23.31795706533424,47.8125,-0.5845771431922913,9,6,True,0.4208473645534248,False
incl88_j2_node90,0.0,2461938.5477301376,2461938.5466710962,2461938.514360412,25.0,10321,-43.40685848593699,50.80645161290323,-0.5209384560585022,8,4,True,0.4194077522741323,False
incl88_j2_node90,0.0,2461941.5608601463,2461941.559801105,2461941.5274904207,25.0,4419,15.713861048008212,8.4375,-0.33171841502189636,3,1,True,0.15587656973038996,False
incl88_j2_node90,0.0,2461966.506399999,2461966.5053409575,2461966.4730302733,25.0,3021,29.999999999999993,37.96875,-0.31202468276023865,13,7,True,0.5847068245865639,False
incl88_j2_node90,0.0,2461966.522020229,2461966.520961188,2461966.4886505036,25.0,9934,-38.68218745348943,40.78125,-0.5191117525100708,12,7,True,0.583229490925814,False
incl88_j2_node90,0.0,2461967.4981062426,2461967.4970472013,2461967.464736517,25.0,7625,-14.477512185929939,26.71875,-0.4988116919994354,12,7,True,0.4892416846935358,False
incl88_j2_node90,0.0,2461968.4766850523,2461968.475626011,2461968.4433153267,25.0,6213,-1.1937484371410818,14.0625,0.3339065909385681,9,5,True,0.39354430345328695,False
incl88_j2_node90,0.0,2461968.5516969054,2461968.550637864,2461968.51832718,25.0,3140,28.630989836924343,11.25,-0.11183135956525803,9,6,True,0.3862325351453412,False
incl88_j2_node90,0.0,2461968.5673560086,2461968.566296967,2461968.533986283,25.0,10053,-40.22818472806108,14.0625,-0.3400413990020752,6,3,True,0.3847074698779298,False
incl88_j2_node90,0.0,2461969.5451001776,2461969.5440411363,2461969.511730452,25.0,8512,-23.31795706533424,0.0,-0.5383882522583008,9,6,True,0.2910299015918796,False
incl88_j2_node90,0.0,2461995.4704536293,2461995.469394588,2461995.4370839037,25.0,6214,-1.1937484371410818,16.875,-0.05367181822657585,13,7,True,0.6491268526846161,True
incl88_j2_node90,0.0,2461995.5475579333,2461995.546498892,2461995.5141882077,25.0,4037,19.47122063449069,15.46875,0.44461527466773987,16,7,True,0.6419607568370282,True
incl88_j2_node90,0.0,2461996.4446390187,2461996.4435799774,2461996.411269293,25.0,2881,31.38816646434855,2.8125,0.25192633271217346,14,7,True,0.5557816358394227,True
incl88_j2_node90,0.0,2461996.4602295063,2461996.459170465,2461996.4268597807,25.0,9794,-37.168899655999454,5.625,-0.010773577727377415,14,7,True,0.554244762050919,True
incl88_j2_node90,0.0,2461996.538588155,2461996.5375291137,2461996.5052184295,25.0,8385,-22.02431283704216,4.21875,0.44113782048225403,16,7,True,0.5465036176754475,True
incl88_j2_node90,0.0,2461997.5223096535,2461997.521250612,2461997.488939928,25.0,9405,-31.388166464348544,-8.4375,0.2787032127380371,12,7,True,0.44755427031875616,True
incl88_j2_node90,0.0,2461998.5850762986,2461998.584017257,2461998.551706573,25.0,9144,-28.630989836924357,-22.5,0.41230306029319763,9,4,True,0.3397841444580694,True
incl88_j2_node90,0.0,2462040.256402379,2462040.2553433375,2462040.2230326533,25.0,5683,4.780191847199163,-35.15625,0.27189090847969055,6,2,True,0.5224281110282621,False
incl88_j2_node90,0.0,2462041.236097218,2462041.2350381766,2462041.2027274924,25.0,6575,-3.583321698471977,-47.81250000000006,-0.3898857831954956,12,7,True,0.6199421711752067,False
incl88_j2_node90,0.0,2462041.2450258876,2462041.2439668463,2462041.211656162,25.0,2607,35.68533471265204,-46.40625,0.051316894590854645,12,7,True,0.620803358075448,False
incl88_j2_node90,0.0,2462069.212274034,2462069.2112149927,2462069.1789043085,25.0,6187,0.0,-57.65625000000006,-0.18682697415351868,11,7,True,0.4526106229839807,False
incl88_j2_node90,0.0,2462087.6168498844,2462087.615790843,2462087.583480159,25.0,6229,-1.1937484371410818,59.0625,-0.24394549429416656,11,7,True,0.2570450168197731,False
incl88_j2_node90,0.0,2462115.5847014547,2462115.5836424134,2462115.551331729,25.0,9553,-34.22886632781257,47.8125,-0.32344916462898254,13,7,True,0.40472984413975743,False
incl88_j2_node90,0.0,2462115.6661664518,2462115.6651074104,2462115.632796726,25.0,9680,-35.68533471265205,46.40625,-0.1301756501197815,10,4,True,0.39555723175634105,False
incl88_j2_node90,0.0,2462116.6511534434,2462116.650094402,2462116.617783718,25.0,8268,-20.74237995448715,33.75,0.3282248377799988,8,6,True,0.28817489699406723,False
incl88_j2_node90,0.0,2462116.663660855,2462116.6626018137,2462116.6302911295,25.0,2637,34.228866327812575,36.5625,0.09750465303659439,6,5,True,0.28686716850088295,False
incl88_j2_node90,0.0,2462117.6442965437,2462117.6432375023,2462117.610926818,25.0,3016,29.999999999999993,23.90625,-0.3892708718776703,7,4,True,0.19062678112989903,False
incl88_j2_node90,0.0,2462143.486595728,2462143.4855366866,2462143.4532260024,25.0,5838,2.388015463268772,40.78125,-0.31505098938941956,11,4,True,0.5668530159536375,False
incl88_j2_node90,0.0,2462143.5634147385,2462143.562355697,2462143.530045013,25.0,8141,-19.47122063449069,37.96875,0.4181261956691742,14,7,True,0.5581157843217961,False
incl88_j2_node90,0.0,2462143.652666866,2462143.6516078245,2462143.6192971403,25.0,4686,13.24801490567694,39.375,-0.5792997479438782,15,6,True,0.5479474282815219,False
incl88_j2_node90,0.0,2462144.5406352933,2462144.539576252,2462144.507265568,25.0,9928,-38.68218745348943,23.90625,0.31968939304351807,10,4,True,0.44673096480858226,False
incl88_j2_node90,0.0,2462144.5585899535,2462144.557530912,2462144.525220228,25.0,2122,40.228184728061095,28.125,0.22004668414592743,13,7,True,0.4446999001859224,False
incl88_j2_node90,0.0,2462144.636844925,2462144.6357858838,2462144.6034751995,25.0,3529,24.62431835216408,26.71875,-0.32647979259490967,14,7,True,0.43586217713825687,False
incl88_j2_node90,0.0,2462145.606322621,2462145.6052635796,2462145.5729528954,25.0,9028,-28.630989836924357,11.25,-0.3097594380378723,9,4,True,0.32938934185089414,False
incl88_j2_node90,0.0,2462146.6709192754,2462146.669860234,2462146.63754955,25.0,8639,-23.31795706533424,-2.8125,-0.0578901581466198,3,3,True,0.22303935084724397,False
incl88_j2_node90,0.0,2462186.215942193,2462186.2148831515,2462186.1825724673,25.0,1744,44.993880150457116,13.5,0.47915974259376526,12,7,True,0.23594770637484316,False
incl88_j2_node90,0.0,2462186.2314819633,2462186.230422922,2462186.1981122377,25.0,8518,-23.31795706533424,16.875,0.3554142117500305,12,7,True,0.2371922077723716,False
incl88_j2_node90,0.0,2462187.209126487,2462187.2080674456,2462187.1757567613,25.0,6721,-5.979156796301311,2.8125,0.1316620260477066,12,7,True,0.31986388081112366,False
incl88_j2_node90,0.0,2462187.284256303,2462187.283197262,2462187.2508865776,25.0,3648,23.31795706533424,0.0,-0.2218250334262848,11,7,True,0.32654173439710354,False
incl88_j2_node90,0.0,2462187.299447599,2462187.2983885575,2462187.2660778733,25.0,10305,-43.40685848593699,4.354838709677409,0.43483850359916687,11,6,True,0.32789703886709,False
incl88_j2_node90,0.0,2462188.272517787,2462188.2714587455,2462188.2391480613,25.0,6844,-5.979156796301311,-11.25,0.12718302011489868,13,7,True,0.41785108943154586,False
incl88_j2_node90,0.0,2462188.3507782267,2462188.3497191854,2462188.317408501,25.0,5179,9.594068226860458,-12.65625,0.48494255542755127,11,5,True,0.42531774129041766,False
incl88_j2_node90,0.0,2462189.24860746,2462189.2475484186,2462189.2152377344,25.0,4279,18.209956864283,-25.3125,0.12565328180789948,14,7,True,0.5126833133214154,False
incl88_j2_node90,0.0,2462189.3253919575,2462189.324332916,2462189.292022232,25.0,2230,40.228184728061095,-28.125,-0.21204990148544312,15,7,True,0.5202623453702404,False
incl88_j2_node90,0.0,2462189.3407597956,2462189.3397007543,2462189.30739007,25.0,9015,-27.27961273597809,-23.90625,0.4359416663646698,17,7,True,0.5217805398918955,False
incl88_j2_node90,0.0,2462190.234879553,2462190.2338205115,2462190.2015098273,25.0,6450,-2.388015463268786,-37.96875000000006,-0.4798709750175476,14,7,True,0.6104144161786684,False
incl88_j2_node90,0.0,2462190.311424997,2462190.310365956,2462190.2780552716,25.0,4018,20.742379954487134,-39.375,0.23370322585105896,17,7,True,0.6179864270215744,False
incl88_j2_node90,0.0,2462190.3887842447,2462190.3877252033,2462190.355414519,25.0,2225,40.228184728061095,-42.18750000000006,-0.22010910511016846,17,7,True,0.6256285297907312,False
incl88_j2_node90,0.0,2462190.404152077,2462190.403093036,2462190.3707823516,25.0,9010,-27.27961273597809,-37.96875000000006,0.43308892846107483,16,7,True,0.6271452718015383,False
incl88_j2_node100,0.0,2461535.258101758,2461535.2570427167,2461535.2247320325,25.0,2236,40.228184728061095,-11.25,0.22512711584568024,4,3,True,0.14286405115643322,False
incl88_j2_node100,0.0,2461535.2743869326,2461535.2733278912,2461535.241017207,25.0,9405,-31.388166464348544,-8.4375,0.5206372141838074,5,4,True,0.1442013395396668,False
incl88_j2_node100,0.0,2461537.3060295694,2461537.304970528,2461537.272659844,25.0,3378,27.27961273597809,-37.96875000000006,0.02987079694867134,12,7,True,0.3438959075397175,False
incl88_j2_node100,0.0,2461537.3217408014,2461537.32068176,2461537.288371076,25.0,10291,-41.81031489577862,-35.15625,0.3069571554660797,9,6,True,0.3456259649218749,False
incl88_j2_node100,0.0,2461538.2988324673,2461538.297773426,2461538.2654627417,25.0,8494,-22.02431283704216,-49.21875000000006,0.16595375537872314,13,7,True,0.4556518911250745,False
incl88_j2_node100,0.0,2461565.2784565757,2461565.2773975343,2461565.24508685,25.0,2223,40.228184728061095,-47.81250000000006,0.43339261412620544,3,2,True,0.21173998887428222,False
incl88_j2_node100,0.0,2461566.276970755,2461566.2759117135,2461566.2436010293,25.0,9643,-34.22886632781257,-59.0625,-0.3263441026210785,8,4,True,0.3144989357542266,False
incl88_j2_node100,0.0,2461584.5134395026,2461584.512380461,2461584.480069777,25.0,7509,-13.248014905676953,59.0625,-0.35653823614120483,11,7,True,0.4193057746538788,False
incl88_j2_node100,0.0,2461586.5575968986,2461586.5565378573,2461586.524227173,25.0,7115,-9.594068226860458,32.34375,0.060719430446624756,6,3,True,0.2178032302300435,False
incl88_j2_node100,0.0,2461612.483618918,2461612.4825598765,2461612.4502491923,25.0,5073,9.594068226860458,49.21875,0.27253109216690063,12,7,True,0.5761332034538553,False
incl88_j2_node100,0.0,2461612.5617023264,2461612.560643285,2461612.528332601,25.0,3409,25.944479772370002,47.8125,0.46818092465400696,13,5,True,0.5681750873087688,False
incl88_j2_node100,0.0,2461613.4571597027,2461613.4561006613,2461613.423789977,25.0,1751,44.993880150457116,34.5,0.02999475970864296,12,7,True,0.47479078787400775,False
incl88_j2_node100,0.0,2461613.4738956364,2461613.472836595,2461613.440525911,25.0,9037,-28.630989836924357,36.5625,-0.5983753204345703,13,7,True,0.47301819840868853,False
incl88_j2_node100,0.0,2461613.5513688424,2461613.550309801,2461613.517999117,25.0,7116,-9.594068226860458,35.15625,-0.3260984420776367,11,6,True,0.4648045718380097,False
incl88_j2_node100,0.0,2461614.5305139613,2461614.52945492,2461614.4971442358,25.0,5960,1.1937484371410676,22.5,0.32380831241607666,12,7,True,0.36073409706352244,False
incl88_j2_node100,0.0,2461615.5145596536,2461615.513500612,2461615.481189928,25.0,7107,-9.594068226860458,9.84375,0.3007429540157318,9,5,True,0.2591190872973774,False
incl88_j2_node100,0.0,2461616.5721933055,2461616.571134264,2461616.53882358,25.0,4542,15.713861048008212,-5.625,-0.2979443073272705,7,4,True,0.1598448151466558,False
incl88_j2_node100,0.0,2461641.438038363,2461641.4369793218,2461641.4046686376,25.0,3913,20.742379954487134,25.3125,-0.46160101890563965,14,7,True,0.6251694119063683,False
incl88_j2_node100,0.0,2461641.515761782,2461641.5147027406,2461641.4823920564,25.0,2248,38.68218745348943,23.90625,-0.0305407103151083,15,7,True,0.6171896413284144,False
incl88_j2_node100,0.0,2461641.53267133,2461641.5316122887,2461641.4993016045,25.0,9673,-35.68533471265205,26.71875,-0.0034438236616551876,17,7,True,0.6154470402154857,False
incl88_j2_node100,0.0,2461642.429650549,2461642.4285915075,2461642.3962808233,25.0,8517,-23.31795706533424,14.0625,-0.21694952249526978,13,7,True,0.5202292575978794,False
incl88_j2_node100,0.0,2461642.506694078,2461642.5056350366,2461642.4733243524,25.0,6340,-2.388015463268786,12.65625,0.14402425289154053,12,7,True,0.511849238447685,False
incl88_j2_node100,0.0,2461642.5849403855,2461642.583881344,2461642.55157066,25.0,4676,13.24801490567694,11.25,0.31052297353744507,14,5,True,0.5033154811099623,False
incl88_j2_node100,0.0,2461643.4789519007,2461643.4778928594,2461643.445582175,25.0,2367,38.68218745348943,-1.40625,0.4638369083404541,13,7,True,0.40494641161823347,False
incl88_j2_node100,0.0,2461643.4955212753,2461643.494462234,2461643.4621515498,25.0,9536,-34.22886632781257,0.0,-0.5804444551467896,13,7,True,0.4031216204724511,False
incl88_j2_node100,0.0,2461643.5728324866,2461643.5717734452,2461643.539462761,25.0,7743,-14.477512185929939,-1.40625,-0.24570366740226746,11,6,True,0.39461329694856556,False
incl88_j2_node100,0.0,2461644.5508691757,2461644.5498101343,2461644.51749945,25.0,6075,1.1937484371410676,-14.0625,0.5667616128921509,12,7,True,0.28896882594763434,False
incl88_j2_node100,0.0,2461646.6035761638,2461646.6025171224,2461646.570206438,25.0,9521,-32.79716829582364,-40.78125,-0.28492337465286255,3,2,True,0.10095984647707981,False
incl88_j2_node100,0.0,2461686.23089723,2461686.2298381887,2461686.1975275045,25.0,4791,13.24801490567694,-25.3125,0.2788599729537964,9,6,True,0.5240747347068381,False
incl88_j2_node100,0.0,2461687.211660905,2461687.2106018635,2461687.1782911792,25.0,5170,9.594068226860458,-37.96875000000006,-0.15654276311397552,12,7,True,0.6160296728836557,False
incl88_j2_node100,0.0,2461687.2862657434,2461687.285206702,2461687.252896018,25.0,8497,-22.02431283704216,-40.78125,0.4483684301376343,11,6,True,0.622869205617376,False
incl88_j2_node100,0.0,2461714.1973514883,2461714.196292447,2461714.1639817627,25.0,8883,-25.944479772370016,-36.5625,0.32693883776664734,9,6,True,0.34885491612411323,False
incl88_j2_node100,0.0,2461715.1792447255,2461715.178185684,2461715.145875,25.0,8750,-24.62431835216408,-49.21875000000006,0.09038349986076355,11,7,True,0.439710737944771,False
incl88_j2_node100,0.0,2461715.1901438097,2461715.1890847683,2461715.156774084,25.0,3759,23.31795706533424,-47.81250000000006,0.3775930404663086,12,7,True,0.44073225839800045,False
incl88_j2_node100,0.0,2461715.2650145185,2461715.263955477,2461715.231644793,25.0,6958,-7.180755781458288,-49.21875000000006,-0.33546844124794006,8,3,True,0.44775417082909696,False
incl88_j2_node100,0.0,2461742.1772632194,2461742.176204178,2461742.143893494,25.0,6832,-5.979156796301311,-45.0,-0.2515813112258911,5,2,True,0.1904790266416843,False
incl88_j2_node100,0.0,2461743.1679992126,2461743.1669401713,2461743.134629487,25.0,2732,34.228866327812575,-56.25,-0.35667166113853455,11,7,True,0.2692164392509383,False
incl88_j2_node100,0.0,2461761.64632357,2461761.6452645287,2461761.6129538445,25.0,6356,-2.388015463268786,57.65625,-0.12384086847305298,10,6,True,0.3114724399591425,False
incl88_j2_node100,0.0,2461788.548966076,2461788.547907035,2461788.5155963507,25.0,10324,-43.40685848593699,59.51612903225805,0.3224712014198303,14,7,True,0.5849142462483953,False
incl88_j2_node100,0.0,2461789.5420666314,2461789.54100759,2461789.508696906,25.0,5329,7.180755781458274,49.21875,-0.06773056834936142,10,4,True,0.4762065793469227,False
incl88_j2_node100,0.0,2461789.6310269474,2461789.629967906,2461789.597657222,25.0,2257,38.68218745348943,49.21875,0.17005644738674164,12,7,True,0.4665983569119109,False
incl88_j2_node100,0.0,2461790.6109652114,2461790.60990617,2461790.577595486,25.0,2893,31.38816646434855,36.5625,-0.4168669879436493,10,5,True,0.36383218159880504,False
incl88_j2_node100,0.0,2461791.6630692976,2461791.662010256,2461791.629699572,25.0,8007,-18.209956864283015,19.6875,0.4144764542579651,4,3,True,0.26269218008715023,False
incl88_j2_node100,0.0,2461817.5205119834,2461817.519452942,2461817.487142258,25.0,3918,20.742379954487134,39.375,0.46528464555740356,13,6,True,0.6405946755717474,False
incl88_j2_node100,0.0,2461817.5965127735,2461817.595453732,2461817.563143048,25.0,6605,-4.780191847199163,37.96875,-0.11737043410539627,15,7,True,0.6326033892493775,False
incl88_j2_node100,0.0,2461817.6047381735,2461817.603679132,2461817.571368448,25.0,2894,31.38816646434855,39.375,-0.09023157507181168,15,7,True,0.631737581097028,False
incl88_j2_node100,0.0,2461818.5886974316,2461818.5876383903,2461818.555327706,25.0,1993,41.81031489577859,26.71875,0.13013654947280884,13,7,True,0.5277376635572008,False
incl88_j2_node100,0.0,2461819.6369791618,2461819.6359201204,2461819.603609436,25.0,8643,-24.62431835216408,9.84375,0.18658500909805298,8,4,True,0.41931210280468334,False
incl88_j2_node100,0.0,2461819.647293455,2461819.6462344136,2461819.6139237294,25.0,3908,20.742379954487134,11.25,0.4803163707256317,7,5,True,0.41827242160017986,False
incl88_j2_node100,0.0,2461834.3205390912,2461834.31948005,2461834.2871693657,25.0,3902,22.02431283704216,-4.21875,-0.2663760781288147,15,7,True,0.4422566511784044,True
incl88_j2_node100,0.0,2461835.227805374,2461835.226746333,2461835.1944356486,25.0,7355,-10.806922874860348,-14.0625,0.5471725463867188,14,7,True,0.5388545608282252,True
incl88_j2_node100,0.0,2461835.307690579,2461835.3066315376,2461835.2743208534,25.0,6458,-2.388015463268786,-15.46875,0.5326219201087952,16,7,True,0.5474736667162244,True
incl88_j2_node100,0.0,2461835.3870402975,2461835.385981256,2461835.353670572,25.0,5306,8.385538647081319,-16.875,0.5829315185546875,16,7,True,0.5560426456876559,True
incl88_j2_node100,0.0,2461836.212539062,2461836.2114800205,2461836.1791693363,25.0,8758,-24.62431835216408,-26.71875,0.3022761940956116,13,5,True,0.6450002654462093,True
incl88_j2_node100,0.0,2461861.238068577,2461861.2370095355,2461861.2046988513,25.0,6336,-2.388015463268786,1.40625,0.16447661817073822,11,7,True,0.19583802636405703,False
incl88_j2_node100,0.0,2461862.227916729,2461862.226857688,2461862.1945470036,25.0,10044,-38.68218745348943,-9.84375,0.24406948685646057,9,4,True,0.2838681471179387,False
incl88_j2_node100,0.0,2461862.304768965,2461862.3037099238,2461862.2713992395,25.0,7995,-16.957763300004146,-12.65625,-0.365420401096344,10,6,True,0.2912253893561397,False
incl88_j2_node100,0.0,2461863.28087166,2461863.2798126186,2461863.2475019344,25.0,5430,7.180755781458274,-26.71875,-0.5811736583709717,12,7,True,0.3900150353117283,False
incl88_j2_node100,0.0,2461863.358407689,2461863.3573486474,2461863.325037963,25.0,3510,25.944479772370002,-28.125,-0.1507299542427063,11,5,True,0.39822673821887467,False
incl88_j2_node100,0.0,2461864.2599636368,2461864.2589045954,2461864.226593911,25.0,4274,18.209956864283,-39.375,0.1413971483707428,15,7,True,0.49637772786540235,False
incl88_j2_node100,0.0,2461864.3374430463,2461864.336384005,2461864.3040733207,25.0,2481,37.16889965599944,-42.18750000000006,-0.5468252301216125,15,7,True,0.5049766110951981,False
incl88_j2_node100,0.0,2461864.3533666064,2461864.352307565,2461864.319996881,25.0,9522,-32.79716829582364,-37.96875000000006,0.5294241905212402,17,7,True,0.5067457859199078,False
incl88_j2_node100,0.0,2461865.2492751814,2461865.24821614,2461865.215905456,25.0,7854,-15.713861048008212,-50.625,0.5971041917800903,15,7,True,0.6065907916412298,False
incl88_j2_node100,0.0,2461865.3261332544,2461865.325074213,2461865.292763529,25.0,5549,5.979156796301311,-53.43750000000006,-0.3168050944805145,17,7,True,0.6151118743531608,False
incl88_j2_node100,0.0,2461865.403696949,2461865.402637908,2461865.3703272236,25.0,3628,24.62431835216408,-54.84375,0.07747174054384232,16,7,True,0.6236912742870987,False
incl88_j2_node100,0.0,2461890.2660431243,2461890.264984083,2461890.2326733987,25.0,1851,44.993880150457116,-25.5,-0.49658599495887756,8,6,True,0.1632712735172478,False
incl88_j2_node100,0.0,2461890.2818889013,2461890.28082986,2461890.2485191757,25.0,8760,-24.62431835216408,-21.09375,0.5714285373687744,5,4,True,0.1645393310884496,False
incl88_j2_node100,0.0,2461891.2628819714,2461891.26182293,2461891.229512246,25.0,8499,-22.02431283704216,-35.15625,-0.31984883546829224,11,7,True,0.2509036085927724,False
incl88_j2_node100,0.0,2461892.314760828,2461892.3137017866,2461892.2813911024,25.0,3246,28.630989836924343,-50.625,0.19974835216999054,11,7,True,0.357867369993305,False
incl88_j2_node100,0.0,2461920.295826967,2461920.2947679255,2461920.2624572413,25.0,5803,3.5833216984719627,-59.0625,0.5516571998596191,5,4,True,0.22708160002535618,False
incl88_j2_node100,0.0,2461939.5167380176,2461939.515678976,2461939.483368292,25.0,4816,12.024699180565818,46.40625,0.4281533658504486,6,4,True,0.32873900556164076,False
incl88_j2_node100,0.0,2461966.43280067,2461966.431741629,2461966.3994309446,25.0,6738,-5.979156796301311,50.625,-0.3202923834323883,10,4,True,0.5916533068972157,False
incl88_j2_node100,0.0,2461966.511060672,2461966.5100016305,2461966.4776909463,25.0,5073,9.594068226860458,49.21875,-0.041000835597515106,13,7,True,0.584266125231856,False
incl88_j2_node100,0.0,2461967.48800915,2461967.486950109,2461967.4546394246,25.0,3020,29.999999999999993,35.15625,-0.19096215069293976,12,7,True,0.49022629520465527,False
incl88_j2_node100,0.0,2461967.5043382593,2461967.503279218,2461967.470968534,25.0,10189,-41.81031489577862,37.96875,-0.5143613815307617,12,7,True,0.488633896874923,False
incl88_j2_node100,0.0,2461968.4823317183,2461968.481272677,2461968.4489619927,25.0,8777,-25.944479772370016,25.3125,0.49698564410209656,10,6,True,0.39299355532296043,False
incl88_j2_node100,0.0,2461968.560127999,2461968.559068958,2461968.5267582736,25.0,6984,-8.385538647081319,22.5,-0.4221288859844208,7,4,True,0.3854113593782804,False
incl88_j2_node100,0.0,2461969.537640808,2461969.536581767,2461969.5042710826,25.0,5059,9.594068226860458,9.84375,0.5773292183876038,9,6,True,0.2917283091203848,False
incl88_j2_node100,0.0,2461995.4636841915,2461995.46262515,2461995.430314466,25.0,3145,28.630989836924343,25.3125,-0.30092382431030273,14,7,True,0.6497539400708785,False
incl88_j2_node100,0.0,2461995.479716732,2461995.478657691,2461995.4463470066,25.0,10186,-41.81031489577862,29.53125,0.46070173382759094,13,7,True,0.6482682512259963,False
incl88_j2_node100,0.0,2461995.5582012106,2461995.557142169,2461995.524831485,25.0,8905,-27.27961273597809,26.71875,-0.21604862809181213,15,6,True,0.6409682098145634,False
incl88_j2_node100,0.0,2461996.453150751,2461996.4520917097,2461996.4197810255,25.0,6725,-5.979156796301311,14.0625,-0.07939139753580093,14,7,True,0.554942710492291,False
incl88_j2_node100,0.0,2461996.530302222,2461996.5292431805,2461996.4969324963,25.0,4548,14.477512185929925,12.65625,0.391436368227005,15,7,True,0.547323494180457,False
incl88_j2_node100,0.0,2461997.507725797,2461997.506666756,2461997.4743560716,25.0,2879,32.79716829582364,-1.40625,0.15472203493118286,12,7,True,0.44903666600034514,False
incl88_j2_node100,0.0,2461997.524689388,2461997.5236303466,2461997.4913196624,25.0,10176,-41.81031489577862,1.40625,-0.34354040026664734,12,7,True,0.4473123547086322,False
incl88_j2_node100,0.0,2461998.494313645,2461998.493254604,2461998.4609439196,25.0,5051,10.806922874860334,-14.0625,-0.5082013607025146,11,7,True,0.348905770146906,False
incl88_j2_node100,0.0,2461998.5717527163,2461998.570693675,2461998.5383829908,25.0,3130,29.999999999999993,-15.46875,0.018832873553037643,9,6,True,0.3411213827828576,False
incl88_j2_node100,0.0,2461998.5880814986,2461998.5870224573,2461998.554711773,25.0,10299,-41.81031489577862,-12.65625,-0.3444199562072754,9,4,True,0.3394826275303878,False
incl88_j2_node100,0.0,2461999.566686768,2461999.5656277267,2461999.5333170425,25.0,9143,-28.630989836924357,-25.3125,0.5698174238204956,9,6,True,0.24383783259718744,False
incl88_j2_node100,0.0,2462040.251201935,2462040.2501428938,2462040.2178322095,25.0,8119,-18.209956864283015,-25.3125,-0.4996751844882965,7,3,True,0.5218972330172195,False
incl88_j2_node100,0.0,2462041.2428332795,2462041.241774238,2462041.209463554,25.0,3507,25.944479772370002,-36.5625,-0.3206145465373993,12,7,True,0.6205919245935972,False
incl88_j2_node100,0.0,2462069.2072797874,2462069.206220746,2462069.173910062,25.0,8494,-22.02431283704216,-49.21875000000006,0.39197808504104614,11,7,True,0.4521150851914947,False
incl88_j2_node100,0.0,2462069.2197532486,2462069.2186942073,2462069.186383523,25.0,2863,32.79716829582364,-46.40625,0.0804051086306572,10,7,True,0.45335268008021834,False
incl88_j2_node100,0.0,2462097.1829353655,2462097.181876324,2462097.14956564,25.0,8363,-20.74237995448715,-59.0625,0.4882219135761261,9,6,True,0.281823699047511,False
incl88_j2_node100,0.0,2462115.587491458,2462115.5864324165,2462115.5541217322,25.0,8404,-22.02431283704216,57.65625,0.43080949783325195,13,7,True,0.40441523051960704,False
incl88_j2_node100,0.0,2462116.574101454,2462116.5730424128,2462116.5407317285,25.0,6096,0.0,46.40625,-0.3009798526763916,9,4,True,0.29626848273184286,False
incl88_j2_node100,0.0,2462116.6567111816,2462116.6556521403,2462116.623341456,25.0,5712,3.5833216984719627,45.0,0.17151544988155365,6,5,True,0.2875935892918457,False
incl88_j2_node100,0.0,2462117.6380351647,2462117.6369761233,2462117.604665439,25.0,5835,2.388015463268772,32.34375,-0.19498172402381897,7,4,True,0.19119611610442921,False
incl88_j2_node100,0.0,2462143.4928990374,2462143.491839996,2462143.459529312,25.0,3026,29.999999999999993,52.03125,-0.23428277671337128,11,4,True,0.5661366696747927,False
incl88_j2_node100,0.0,2462143.56787098,2462143.566811939,2462143.5345012546,25.0,6097,0.0,49.21875,0.06709972769021988,14,7,True,0.5576084814508638,False
incl88_j2_node100,0.0,2462143.6443734127,2462143.6433143714,2462143.611003687,25.0,8529,-23.31795706533424,47.8125,-0.5922825336456299,16,7,True,0.548892943800794,False
incl88_j2_node100,0.0,2462143.6552716885,2462143.654212647,2462143.621901963,25.0,3537,24.62431835216408,49.21875,0.08177699893712997,14,6,True,0.5476504317571197,False
incl88_j2_node100,0.0,2462144.5508246175,2462144.549765576,2462144.517454892,25.0,5453,5.979156796301311,36.5625,0.0008366285474039614,11,5,True,0.44557817647053066,False
incl88_j2_node100,0.0,2462144.627976413,2462144.6269173715,2462144.5946066873,25.0,7628,-14.477512185929939,35.15625,-0.5298854112625122,12,7,True,0.4368624902574793,False
incl88_j2_node100,0.0,2462145.6072545084,2462145.606195467,2462145.573884783,25.0,8647,-24.62431835216408,21.09375,0.04692091792821884,9,4,True,0.3292905875043458,False
incl88_j2_node100,0.0,2462146.6718151737,2462146.6707561323,2462146.638445448,25.0,8130,-19.47122063449069,7.03125,0.2925712466239929,3,3,True,0.2229561374895093,False
incl88_j2_node100,0.0,2462172.524290123,2462172.5232310817,2462172.4909203975,25.0,6345,-2.388015463268786,26.71875,-0.3028830587863922,13,6,True,0.6011538077106751,False
incl88_j2_node100,0.0,2462172.611062483,2462172.6100034416,2462172.5776927574,25.0,4041,19.47122063449069,26.71875,-0.3921356499195099,16,7,True,0.5914346545695711,False
incl88_j2_node100,0.0,2462173.5804396393,2462173.579380598,2462173.5470699137,25.0,9540,-34.22886632781257,11.25,-0.3886164128780365,10,5,True,0.48249200287585564,False
incl88_j2_node100,0.0,2462173.5977433,2462173.5966842584,2462173.564373574,25.0,1989,41.81031489577859,15.46875,-0.5845462083816528,13,7,True,0.480559278447414,False
incl88_j2_node100,0.0,2462174.6494369623,2462174.648377921,2462174.6160672368,25.0,7231,-9.594068226860458,-1.40625,-0.5953450202941895,9,6,True,0.3659636492480326,False
incl88_j2_node100,0.0,2462185.238700882,2462185.2376418407,2462185.2053311565,25.0,3405,25.944479772370002,36.5625,-0.5308116674423218,6,4,True,0.1627668513215475,True
incl88_j2_node100,0.0,2462186.2259281445,2462186.224869103,2462186.192558419,25.0,5961,1.1937484371410676,25.3125,-0.031587760895490646,12,7,True,0.23674718871618647,True
incl88_j2_node100,0.0,2462187.203645463,2462187.2025864217,2462187.1702757375,25.0,4164,18.209956864283,11.25,-0.33469924330711365,11,6,True,0.31937837367079513,True
incl88_j2_node100,0.0,2462187.282765189,2462187.281706148,2462187.2493954636,25.0,3011,29.999999999999993,9.84375,-0.047683876007795334,11,7,True,0.3264088052139034,True
incl88_j2_node100,0.0,2462187.2987502115,2462187.29769117,2462187.265380486,25.0,10053,-40.22818472806108,14.0625,0.4598192572593689,11,6,True,0.3278347975173296,True
incl88_j2_node100,0.0,2462188.2706423425,2462188.269583301,2462188.237272617,25.0,5951,2.388015463268772,-1.40625,0.3335151672363281,13,7,True,0.41767252662614207,True
incl88_j2_node100,0.0,2462188.346773422,2462188.3457143805,2462188.3134036963,25.0,3390,27.27961273597809,-4.21875,-0.19536547362804413,12,5,True,0.42493494226711176,True
incl88_j2_node100,0.0,2462189.2465735413,2462189.2455145,2462189.2132038157,25.0,3386,27.27961273597809,-15.46875,0.3735576868057251,14,7,True,0.5124827116378049,False
incl88_j2_node100,0.0,2462189.3246887685,2462189.323629727,2462189.291319043,25.0,1977,43.406858485936986,-18.870967741935488,-0.591030478477478,15,7,True,0.520192888192212,False
incl88_j2_node100,0.0,2462189.3410906387,2462189.3400315973,2462189.307720913,25.0,9147,-28.630989836924357,-14.0625,0.24546122550964355,17,7,True,0.521813226918814,True
incl88_j2_node100,0.0,2462190.236006409,2462190.2349473676,2462190.2026366834,25.0,6966,-7.180755781458288,-26.71875,0.5551294088363647,14,7,True,0.6105259554145069,False
incl88_j2_node100,0.0,2462190.312871991,2462190.31181295,2462190.2795022656,25.0,4661,14.477512185929925,-29.53125,-0.21932600438594818,17,7,True,0.6181294784344369,False
incl88_j2_node100,0.0,2462190.3901849496,2462190.3891259083,2462190.356815224,25.0,2741,34.228866327812575,-30.9375,0.4112582504749298,17,7,True,0.6257667988518599,False
incl88_j2_node100,0.0,2462190.407113938,2462190.406054897,2462190.3737442126,25.0,10166,-40.22818472806108,-28.125,-0.36285534501075745,16,7,True,0.6274375266558057,True
incl88_j2_node110,0.0,2461535.257013073,2461535.255954032,2461535.2236433476,25.0,1859,44.993880150457116,-1.5,0.2410760074853897,4,3,True,0.14277489689297362,False
incl88_j2_node110,0.0,2461535.270810221,2461535.2697511795,2461535.2374404953,25.0,7744,-15.713861048008212,0.0,-0.377684623003006,5,5,True,0.14390715882696165,False
incl88_j2_node110,0.0,2461536.2579835453,2461536.256924504,2461536.2246138197,25.0,10172,-40.22818472806108,-11.25,0.257256418466568,8,4,True,0.23376732856567609,False
incl88_j2_node110,0.0,2461537.3160808077,2461537.3150217663,2461537.282711082,25.0,7990,-16.957763300004146,-26.71875,-0.1206716001033783,11,7,True,0.345002524621401,False
incl88_j2_node110,0.0,2461538.2910826183,2461538.290023577,2461538.2577128927,25.0,4913,12.024699180565818,-40.78125,-0.31277480721473694,13,7,True,0.45476836799846027,False
incl88_j2_node110,0.0,2461538.365753874,2461538.364694833,2461538.3323841486,25.0,1969,43.406858485936986,-42.096774193548356,0.5404361486434937,11,5,True,0.4632829503625755,False
incl88_j2_node110,0.0,2461539.2718401616,2461539.2707811203,2461539.238470436,25.0,4525,15.713861048008212,-53.43750000000006,0.11385466903448105,13,7,True,0.5660092477260711,False
incl88_j2_node110,0.0,2461539.347334899,2461539.3462758576,2461539.3139651734,25.0,1964,43.406858485936986,-56.61290322580646,-0.5741492509841919,15,7,True,0.574440783627351,False
incl88_j2_node110,0.0,2461539.362512231,2461539.3614531895,2461539.3291425053,25.0,8621,-23.31795706533424,-53.43750000000006,-0.038445983082056046,15,7,True,0.5761321609746335,False
incl88_j2_node110,0.0,2461565.287326961,2461565.2862679195,2461565.2539572353,25.0,6067,1.1937484371410676,-36.5625,0.3653046190738678,3,3,True,0.21259941233206314,False
incl88_j2_node110,0.0,2461585.563583197,2461585.5625241557,2461585.5302134715,25.0,1757,44.993880150457116,52.5,-0.4670863449573517,6,3,True,0.3131958133510146,False
incl88_j2_node110,0.0,2461586.5573182013,2461586.55625916,2461586.5239484757,25.0,6991,-8.385538647081319,42.1875,-0.058330245316028595,6,3,True,0.21782877484446092,False
incl88_j2_node110,0.0,2461612.4822262,2461612.4811671586,2461612.4488564744,25.0,4437,15.713861048008212,59.0625,0.3125765025615692,12,7,True,0.5762748178932937,False
incl88_j2_node110,0.0,2461612.5631700237,2461612.5621109824,2461612.529800298,25.0,4052,19.47122063449069,57.65625,0.12264277040958405,14,5,True,0.5680251739168494,False
incl88_j2_node110,0.0,2461613.457521726,2461613.4564626846,2461613.4241520003,25.0,1875,43.406858485936986,45.0,0.33024144172668457,12,7,True,0.4747524520544857,False
incl88_j2_node110,0.0,2461613.4718117258,2461613.4707526844,2461613.438442,25.0,8144,-19.47122063449069,46.40625,-0.4672841727733612,13,7,True,0.4732389475924829,False
incl88_j2_node110,0.0,2461613.54837251,2461613.5473134685,2461613.5150027843,25.0,5712,3.5833216984719627,45.0,-0.07471142709255219,10,6,True,0.4651224705021115,False
incl88_j2_node110,0.0,2461614.5242687175,2461614.523209676,2461614.490898992,25.0,3147,28.630989836924343,30.9375,-0.25713881850242615,12,7,True,0.3613941117024655,False
incl88_j2_node110,0.0,2461614.538565858,2461614.5375068164,2461614.505196132,25.0,9548,-34.22886632781257,33.75,0.25552716851234436,10,7,True,0.3598833303226913,False
incl88_j2_node110,0.0,2461615.5198362083,2461615.518777167,2461615.4864664827,25.0,9415,-32.79716829582364,21.09375,0.5830726623535156,11,7,True,0.2585922861825418,False
incl88_j2_node110,0.0,2461616.5782241644,2461616.577165123,2461616.544854439,25.0,7234,-10.806922874860348,5.625,0.09882223606109619,6,3,True,0.1593229345438015,False
incl88_j2_node110,0.0,2461641.441943934,2461641.440884893,2461641.4085742086,25.0,5709,3.5833216984719627,36.5625,0.18324896693229675,14,7,True,0.6247695818145711,False
incl88_j2_node110,0.0,2461641.517415276,2461641.5163562344,2461641.48404555,25.0,2892,31.38816646434855,33.75,-0.4648192822933197,16,7,True,0.6170193211712984,False
incl88_j2_node110,0.0,2461641.532338637,2461641.5312795956,2461641.4989689114,25.0,9549,-34.22886632781257,36.5625,-0.07886869460344315,17,7,True,0.6154813466571462,False
incl88_j2_node110,0.0,2461642.427640944,2461642.4265819024,2461642.394271218,25.0,7624,-14.477512185929939,23.90625,-0.07716863602399826,12,6,True,0.5204475185679283,False
incl88_j2_node110,0.0,2461642.503695529,2461642.5026364876,2461642.4703258034,25.0,4936,10.806922874860334,22.5,0.4014762043952942,12,7,True,0.5121758163356926,False
incl88_j2_node110,0.0,2461642.5780723393,2461642.577013298,2461642.5447026137,25.0,1866,43.406858485936986,18.870967741935488,-0.5377013087272644,15,6,True,0.5040653947539823,False
incl88_j2_node110,0.0,2461642.5932534677,2461642.5921944263,2461642.559883742,25.0,8520,-23.31795706533424,22.5,0.330975741147995,13,4,True,0.5024075606056597,False
incl88_j2_node110,0.0,2461643.4872033163,2461643.486144275,2461643.4538335907,25.0,5827,2.388015463268772,9.84375,0.4557993412017822,13,7,True,0.4040376240515613,False
incl88_j2_node110,0.0,2461643.5620829174,2461643.561023876,2461643.528713192,25.0,2754,32.79716829582364,7.03125,-0.1456451117992401,12,7,True,0.395795666917264,False
incl88_j2_node110,0.0,2461643.5763658974,2461643.575306856,2461643.542996172,25.0,9155,-30.000000000000014,9.84375,0.3544671833515167,12,6,True,0.3942246933923031,False
incl88_j2_node110,0.0,2461644.551680374,2461644.5506213326,2461644.5183106484,25.0,6462,-2.388015463268786,-4.21875,0.29774460196495056,12,7,True,0.2888836465240234,False
incl88_j2_node110,0.0,2461646.600837017,2461646.5997779756,2461646.5674672914,25.0,8373,-20.74237995448715,-30.9375,-0.00559741398319602,3,2,True,0.10116062957960612,False
incl88_j2_node110,0.0,2461686.233196522,2461686.2321374808,2461686.1998267965,25.0,3771,23.31795706533424,-14.0625,-0.5415788292884827,9,6,True,0.524293719760644,False
incl88_j2_node110,0.0,2461687.2020245288,2461687.2009654874,2461687.168654803,25.0,9525,-32.79716829582364,-29.53125,-0.12293942272663116,12,7,True,0.6151443250645566,False
incl88_j2_node110,0.0,2461687.2810476134,2461687.279988572,2461687.247677888,25.0,10537,-44.99388015045713,-31.5,0.031430646777153015,11,6,True,0.6223916831744444,False
incl88_j2_node110,0.0,2461687.301151949,2461687.3000929076,2461687.2677822234,25.0,1974,43.406858485936986,-27.580645161290363,-0.09235136955976486,11,4,True,0.6242306762259202,False
incl88_j2_node110,0.0,2461714.204070888,2461714.2030118466,2461714.1707011624,25.0,5815,3.5833216984719627,-25.3125,0.17486225068569183,7,4,True,0.3494657986887266,False
incl88_j2_node110,0.0,2461715.1870291363,2461715.185970095,2461715.153659411,25.0,5170,9.594068226860458,-37.96875000000006,0.05905305966734886,12,7,True,0.4404403156334047,False
incl88_j2_node110,0.0,2461715.2564211856,2461715.255362144,2461715.22305146,25.0,10534,-44.99388015045713,-40.5,-0.5422604084014893,9,4,True,0.4469478406183458,False
incl88_j2_node110,0.0,2461715.274106364,2461715.273047323,2461715.2407366387,25.0,2866,32.79716829582364,-37.96875000000006,-0.08252952992916107,8,2,True,0.44860739373689684,False
incl88_j2_node110,0.0,2461716.174559732,2461716.1735006906,2461716.1411900064,25.0,2606,35.68533471265204,-49.21875000000006,-0.48488807678222656,13,7,True,0.5333103885187609,False
incl88_j2_node110,0.0,2461716.254754235,2461716.2536951937,2461716.2213845095,25.0,3246,28.630989836924343,-50.625,-0.5360804796218872,13,7,True,0.5408393722382462,False
incl88_j2_node110,0.0,2461742.179709733,2461742.1786506916,2461742.1463400074,25.0,5683,4.780191847199163,-35.15625,0.26982754468917847,5,2,True,0.19066202096850604,False
incl88_j2_node110,0.0,2461743.1621224987,2461743.1610634574,2461743.128752773,25.0,5295,8.385538647081319,-47.81250000000006,0.07430516928434372,9,5,True,0.2687245977764204,False
incl88_j2_node110,0.0,2461762.6369147124,2461762.635855671,2461762.603544987,25.0,2388,37.16889965599944,56.25,-0.0906488373875618,8,4,True,0.21777660698630413,False
incl88_j2_node110,0.0,2461789.6172352005,2461789.616176159,2461789.583865475,25.0,8404,-22.02431283704216,57.65625,-0.5916728377342224,13,7,True,0.4680856503964055,False
incl88_j2_node110,0.0,2461789.6306883483,2461789.629629307,2461789.5973186227,25.0,2389,37.16889965599944,59.0625,0.21512416005134583,12,7,True,0.46663486291029344,False
incl88_j2_node110,0.0,2461790.598227829,2461790.597168788,2461790.5648581036,25.0,8655,-24.62431835216408,43.59375,0.3074648380279541,7,3,True,0.3651228732141447,False
incl88_j2_node110,0.0,2461791.6658637123,2461791.664804671,2461791.6324939867,25.0,6731,-5.979156796301311,30.9375,-0.35640013217926025,3,3,True,0.26243962219628403,False
incl88_j2_node110,0.0,2461817.509904746,2461817.5088457046,2461817.4765350204,25.0,8785,-25.944479772370016,47.8125,0.27955418825149536,11,4,True,0.6417086752878811,False
incl88_j2_node110,0.0,2461817.5217119846,2461817.5206529433,2461817.488342259,25.0,3410,25.944479772370002,50.625,-0.4877352714538574,13,6,True,0.6404686363211403,False
incl88_j2_node110,0.0,2461817.5989626264,2461817.597903585,2461817.565592901,25.0,5457,5.979156796301311,47.8125,0.4162578284740448,15,7,True,0.632345539172038,False
incl88_j2_node110,0.0,2461818.580829422,2461818.5797703806,2461818.5474596964,25.0,5324,7.180755781458274,35.15625,0.14201971888542175,11,5,True,0.5285665367473739,False
incl88_j2_node110,0.0,2461818.6590908696,2461818.6580318282,2461818.625721144,25.0,6988,-8.385538647081319,33.75,-0.07983792573213577,9,4,True,0.5203282843398235,False
incl88_j2_node110,0.0,2461819.643674857,2461819.6426158156,2461819.6103051314,25.0,5575,4.780191847199163,21.09375,0.06418054550886154,9,6,True,0.4186371201858248,False
incl88_j2_node110,0.0,2461861.2294187415,2461861.2283597,2461861.196049016,25.0,2499,35.68533471265204,9.84375,0.1291300356388092,9,5,True,0.1951284706244366,False
incl88_j2_node110,0.0,2461861.2443575975,2461861.243298556,2461861.210987872,25.0,9156,-30.000000000000014,12.65625,0.2763616442680359,12,7,True,0.19635458367167927,False
incl88_j2_node110,0.0,2461862.293466416,2461862.292407375,2461862.2600966906,25.0,2878,32.79716829582364,-4.21875,-0.003735529026016593,11,7,True,0.2901390393977457,False
incl88_j2_node110,0.0,2461862.3083845796,2461862.3073255382,2461862.275014854,25.0,9535,-32.79716829582364,-1.40625,0.14897891879081726,9,6,True,0.29157320606564585,False
incl88_j2_node110,0.0,2461863.28415159,2461863.2830925486,2461863.2507818644,25.0,6970,-7.180755781458288,-15.46875,0.1490989476442337,12,7,True,0.3903614810759722,False
incl88_j2_node110,0.0,2461863.3593042055,2461863.358245164,2461863.32593448,25.0,3897,22.02431283704216,-18.28125,-0.4693314731121063,11,5,True,0.3983219474888777,False
incl88_j2_node110,0.0,2461864.2579111783,2461864.256852137,2461864.2245414527,25.0,3381,27.27961273597809,-29.53125,0.3227253258228302,15,7,True,0.49615015359601616,False
incl88_j2_node110,0.0,2461864.2718901406,2461864.2708310992,2461864.238520415,25.0,9654,-34.22886632781257,-28.125,-0.5481659770011902,14,7,True,0.4977002753092717,False
incl88_j2_node110,0.0,2461864.3475451106,2461864.3464860693,2461864.314175385,25.0,6965,-7.180755781458288,-29.53125,0.1423780918121338,16,7,True,0.5060989141502549,False
incl88_j2_node110,0.0,2461865.2409912706,2461865.2399322293,2461865.207621545,25.0,4017,20.742379954487134,-42.18750000000006,0.37483885884284973,14,7,True,0.6056713166617957,False
incl88_j2_node110,0.0,2461865.2548599015,2461865.25380086,2461865.221490176,25.0,10162,-40.22818472806108,-39.375,0.5457698106765747,15,7,True,0.6072105528254306,False
incl88_j2_node110,0.0,2461865.3299644347,2461865.3289053934,2461865.296594709,25.0,7345,-10.806922874860348,-42.18750000000006,0.3241073489189148,17,7,True,0.6155361320872919,False
incl88_j2_node110,0.0,2461865.404584929,2461865.4035258875,2461865.3712152033,25.0,4016,20.742379954487134,-45.0,-0.23268179595470428,16,7,True,0.6237893602215052,False
incl88_j2_node110,0.0,2461890.2671469557,2461890.2660879144,2461890.23377723,25.0,2235,40.228184728061095,-14.0625,0.285277783870697,8,6,True,0.16335949915130055,False
incl88_j2_node110,0.0,2461891.247645224,2461891.2465861826,2461891.2142754984,25.0,1850,44.993880150457116,-28.5,-0.5396779775619507,8,4,True,0.24945257325769638,False
incl88_j2_node110,0.0,2461891.261457143,2461891.2603981015,2461891.2280874173,25.0,7863,-15.713861048008212,-25.3125,-0.22656115889549255,11,7,True,0.25076779638092195,False
incl88_j2_node110,0.0,2461892.312122686,2461892.3110636445,2461892.2787529603,25.0,2225,40.228184728061095,-42.18750000000006,-0.5522969365119934,12,7,True,0.35758464252797006,False
incl88_j2_node110,0.0,2461892.326577258,2461892.3255182165,2461892.2932075323,25.0,8626,-23.31795706533424,-39.375,-0.5062253475189209,9,6,True,0.3591344848087905,False
incl88_j2_node110,0.0,2461893.3015080905,2461893.300449049,2461893.268138365,25.0,5549,5.979156796301311,-53.43750000000006,-0.5373287200927734,13,7,True,0.467024680805916,False
incl88_j2_node110,0.0,2461893.3772157338,2461893.3761566924,2461893.343846008,25.0,2860,32.79716829582364,-54.84375,0.21063990890979767,10,4,True,0.47560112654176534,False
incl88_j2_node110,0.0,2461920.297191753,2461920.2961327117,2461920.2638220275,25.0,6446,-2.388015463268786,-49.21875000000006,0.17640072107315063,5,4,True,0.22721236338790862,False
incl88_j2_node110,0.0,2461939.5282753077,2461939.5272162664,2461939.494905582,25.0,9940,-38.68218745348943,57.65625,-0.398479163646698,8,6,True,0.32768009115554125,False
incl88_j2_node110,0.0,2461967.4849786325,2461967.483919591,2461967.451608907,25.0,1875,43.406858485936986,45.0,0.3040802478790283,12,7,True,0.49052177615390946,False
incl88_j2_node110,0.0,2461967.5001537013,2461967.49909466,2461967.4667839757,25.0,8529,-23.31795706533424,47.8125,0.19642142951488495,12,7,True,0.4890420145801432,False
incl88_j2_node110,0.0,2461968.475626593,2461968.4745675516,2461968.4422568674,25.0,5708,3.5833216984719627,33.75,0.1983555406332016,8,4,True,0.3936475448894403,False
incl88_j2_node110,0.0,2461968.551722881,2461968.5506638396,2461968.5183531553,25.0,3147,28.630989836924343,30.9375,-0.42245692014694214,9,6,True,0.3862300050148608,False
incl88_j2_node110,0.0,2461968.5666881218,2461968.5656290804,2461968.533318396,25.0,9804,-37.168899655999454,33.75,-0.4056433439254761,6,3,True,0.3847725067848171,False
incl88_j2_node110,0.0,2461969.542285499,2461969.541226458,2461969.5089157736,25.0,7239,-10.806922874860348,19.6875,-0.3470506966114044,9,6,True,0.29129337489396484,False
incl88_j2_node110,0.0,2461995.466077629,2461995.4650185877,2461995.4327079034,25.0,4173,18.209956864283,36.5625,0.3788680136203766,13,7,True,0.6495322980663277,False
incl88_j2_node110,0.0,2461995.5421381933,2461995.541079152,2461995.5087684677,25.0,1871,43.406858485936986,33.38709677419354,-0.2265445739030838,18,7,True,0.6424658942688397,False
incl88_j2_node110,0.0,2461995.5573157785,2461995.556256737,2461995.523946053,25.0,8525,-23.31795706533424,36.5625,-0.17547890543937683,15,6,True,0.6410508274769985,False
incl88_j2_node110,0.0,2461996.4512638487,2461996.4502048073,2461996.417894123,25.0,5832,2.388015463268772,23.90625,0.08600356429815292,14,7,True,0.5551287092862901,False
incl88_j2_node110,0.0,2461996.5283086295,2461996.527249588,2461996.494938904,25.0,3656,23.31795706533424,22.5,0.5648462176322937,15,7,True,0.5475207194468671,False
incl88_j2_node110,0.0,2461996.5423983694,2461996.541339328,2461996.509028644,25.0,9928,-38.68218745348943,23.90625,-0.5411977171897888,16,7,True,0.5461265279807946,False
incl88_j2_node110,0.0,2461997.5168283703,2461997.515769329,2461997.4834586447,25.0,6851,-7.180755781458288,9.84375,-0.28323498368263245,12,7,True,0.448111444217355,False
incl88_j2_node110,0.0,2461997.593986124,2461997.5929270824,2461997.560616398,25.0,4675,13.24801490567694,8.4375,0.17179591953754425,11,3,True,0.44026582237685896,False
incl88_j2_node110,0.0,2461998.5009284117,2461998.4998693704,2461998.467558686,25.0,8127,-18.209956864283015,-2.8125,-0.3880205452442169,12,7,True,0.3482400555214821,False
incl88_j2_node110,0.0,2461998.577504673,2461998.5764456317,2461998.5441349475,25.0,5694,4.780191847199163,-4.21875,0.16264553368091583,9,5,True,0.34054399219288606,False
incl88_j2_node110,0.0,2461999.552070901,2461999.5510118594,2461999.518701175,25.0,2617,35.68533471265204,-18.28125,0.3767758309841156,10,7,True,0.2452168868522575,False
incl88_j2_node110,0.0,2461999.5670099882,2461999.565950947,2461999.5336402627,25.0,9274,-30.000000000000014,-15.46875,0.38706597685813904,9,6,True,0.24380735747429916,False
incl88_j2_node110,0.0,2462040.251502575,2462040.2504435335,2462040.2181328493,25.0,7994,-16.957763300004146,-15.46875,-0.2803039848804474,7,3,True,0.5219279232907605,False
incl88_j2_node110,0.0,2462041.231342501,2462041.2302834596,2462041.1979727754,25.0,8757,-24.62431835216408,-29.53125,0.40140920877456665,13,7,True,0.6194833359778265,False
incl88_j2_node110,0.0,2462041.3116027624,2462041.310543721,2462041.278233037,25.0,9397,-31.388166464348544,-30.9375,0.35657885670661926,9,2,True,0.6272064525800096,False
incl88_j2_node110,0.0,2462069.209582529,2462069.2085234877,2462069.1762128035,25.0,7474,-12.024699180565818,-37.96875000000006,-0.34859225153923035,11,7,True,0.45234357464635255,False
incl88_j2_node110,0.0,2462070.1930921027,2462070.1920330613,2462070.159722377,25.0,6574,-3.583321698471977,-50.625,-0.3305610716342926,13,7,True,0.5489551705607464,False
incl88_j2_node110,0.0,2462070.270393721,2462070.2693346795,2462070.2370239953,25.0,8621,-23.31795706533424,-53.43750000000006,0.5036606788635254,12,7,True,0.5564210038377024,False
incl88_j2_node110,0.0,2462070.2816056595,2462070.280546618,2462070.248235934,25.0,3502,25.944479772370002,-50.625,-0.13040520250797272,13,6,True,0.5575017842052217,False
incl88_j2_node110,0.0,2462097.18207386,2462097.1810148186,2462097.1487041344,25.0,8750,-24.62431835216408,-49.21875000000006,0.47194504737854004,9,6,True,0.2817458807444284,False
incl88_j2_node110,0.0,2462098.1757851695,2462098.174726128,2462098.142415444,25.0,3243,28.630989836924343,-59.0625,-0.22941750288009644,11,7,True,0.37391738134024755,False
incl88_j2_node110,0.0,2462116.5836249897,2462116.5825659484,2462116.550255264,25.0,2004,41.81031489577859,57.65625,0.3977724313735962,9,4,True,0.29526466264891044,False
incl88_j2_node110,0.0,2462116.6657863967,2462116.6647273554,2462116.632416671,25.0,1879,43.406858485936986,56.61290322580646,0.44929566979408264,5,4,True,0.28664508953969997,False
incl88_j2_node110,0.0,2462117.636154358,2462117.6350953165,2462117.6027846322,25.0,6735,-5.979156796301311,42.1875,-0.37393292784690857,7,4,True,0.19136728453442153,False
incl88_j2_node110,0.0,2462125.164673541,2462125.1636145,2462125.1313038156,25.0,5419,7.180755781458274,-57.65625000000006,0.5258238911628723,4,2,True,0.1357308981898954,False
incl88_j2_node110,0.0,2462143.5610661837,2462143.5600071424,2462143.527696458,25.0,9172,-30.000000000000014,57.65625,0.24310192465782166,14,7,True,0.5583831095168208,False
incl88_j2_node110,0.0,2462143.6425473765,2462143.641488335,2462143.609177651,25.0,9300,-31.388166464348544,56.25,0.4502688944339752,16,7,True,0.5491011096885275,False
incl88_j2_node110,0.0,2462143.653268879,2462143.6522098375,2462143.6198991532,25.0,4437,15.713861048008212,59.0625,-0.19151222705841064,15,6,True,0.5478787920544637,False
incl88_j2_node110,0.0,2462144.5511172237,2462144.5500581823,2462144.517747498,25.0,5328,7.180755781458274,46.40625,0.2004425972700119,11,5,True,0.4455450801485457,False
incl88_j2_node110,0.0,2462144.6293790773,2462144.628320036,2462144.596009352,25.0,6992,-8.385538647081319,45.0,-0.10908404737710953,12,7,True,0.4367042606904865,False
incl88_j2_node110,0.0,2462145.6033597146,2462145.6023006733,2462145.569989989,25.0,10186,-41.81031489577862,29.53125,0.45232418179512024,9,4,True,0.32970345359160763,False
incl88_j2_node110,0.0,2462145.6231124317,2462145.6220533904,2462145.589742706,25.0,1751,44.993880150457116,34.5,0.09459277987480164,12,7,True,0.3276110912044129,False
incl88_j2_node110,0.0,2462172.5192489387,2462172.5181898973,2462172.485879213,25.0,8652,-24.62431835216408,35.15625,0.24963168799877167,12,5,True,0.6017177924990947,False
incl88_j2_node110,0.0,2462172.532312451,2462172.5312534096,2462172.4989427254,25.0,2765,32.79716829582364,37.96875,0.07490286976099014,14,7,True,0.600256143891494,False
incl88_j2_node110,0.0,2462172.607734856,2462172.606675815,2462172.5743651306,25.0,5580,4.780191847199163,35.15625,0.47905874252319336,15,7,True,0.5918077414080147,False
incl88_j2_node110,0.0,2462173.5794506636,2462173.5783916223,2462173.546080938,25.0,9927,-38.68218745348943,21.09375,-0.4296894371509552,10,5,True,0.4826024914580327,False
incl88_j2_node110,0.0,2462173.5912533887,2462173.5901943473,2462173.557883663,25.0,4680,13.24801490567694,22.5,0.5101196765899658,13,7,True,0.48128404201826713,False
incl88_j2_node110,0.0,2462174.6524499874,2462174.651390946,2462174.619080262,25.0,5699,3.5833216984719627,8.4375,0.12035244703292847,8,6,True,0.36564628647420067,False
incl88_j2_node110,0.0,2462174.661141823,2462174.6600827817,2462174.6277720975,25.0,1987,41.81031489577859,9.84375,0.5394062399864197,6,5,True,0.36473122942868197,False
incl88_j2_node120,0.0,2461535.2570012053,2461535.255942164,2461535.22363148,25.0,1742,44.993880150457116,7.5,-0.44621700048446655,4,3,True,0.14277392515332343,False
incl88_j2_node120,0.0,2461535.2750202864,2461535.273961245,2461535.241650561,25.0,9540,-34.22886632781257,11.25,0.11833332479000092,5,4,True,0.14425345843290627,False
incl88_j2_node120,0.0,2461537.3077916116,2461537.3067325703,2461537.274421886,25.0,4153,19.47122063449069,-18.28125,-0.510750949382782,12,7,True,0.3440898579827674,False
incl88_j2_node120,0.0,2461538.286681005,2461538.2856219634,2461538.253311279,25.0,2997,31.38816646434855,-30.9375,0.20026999711990356,13,7,True,0.4542665810176243,False
incl88_j2_node120,0.0,2461538.3040448623,2461538.302985821,2461538.2706751367,25.0,10538,-44.99388015045713,-28.5,-0.13741594552993774,13,7,True,0.4562461613943286,False
incl88_j2_node120,0.0,2461539.273773414,2461539.2727143727,2461539.2404036885,25.0,5424,7.180755781458274,-43.59375,-0.3026728630065918,13,7,True,0.5662255078294212,False
incl88_j2_node120,0.0,2461539.351905311,2461539.3508462696,2461539.3185355854,25.0,3760,23.31795706533424,-45.0,-0.08263639360666275,15,7,True,0.5749502284311999,False
incl88_j2_node120,0.0,2461565.2798100356,2461565.2787509942,2461565.24644031,25.0,2742,34.228866327812575,-28.125,-0.014859658665955067,3,2,True,0.21187106509255277,False
incl88_j2_node120,0.0,2461566.277303884,2461566.2762448424,2461566.2439341582,25.0,9778,-35.68533471265205,-37.96875000000006,0.4939859211444855,8,4,True,0.31453485988180063,False
incl88_j2_node120,0.0,2461586.5476256874,2461586.546566646,2461586.514255962,25.0,2642,34.228866327812575,50.625,-0.11266166716814041,7,5,True,0.21871797067132628,False
incl88_j2_node120,0.0,2461613.4575096196,2461613.4564505783,2461613.424139894,25.0,1878,43.406858485936986,53.70967741935485,-0.5960793495178223,12,7,True,0.4747537340367538,False
incl88_j2_node120,0.0,2461613.4755019755,2461613.474442934,2461613.44213225,25.0,9684,-35.68533471265205,57.65625,0.06351363658905029,12,7,True,0.47284802051205377,False
incl88_j2_node120,0.0,2461613.554490362,2461613.5534313205,2461613.5211206363,25.0,8532,-23.31795706533424,56.25,0.25966373085975647,11,6,True,0.46447337306732384,False
incl88_j2_node120,0.0,2461614.533233277,2461614.5321742357,2461614.4998635515,25.0,7247,-10.806922874860348,42.1875,-0.36170005798339844,11,7,True,0.3604467533619786,False
incl88_j2_node120,0.0,2461615.518569801,2461615.5175107596,2461615.4852000754,25.0,8906,-27.27961273597809,29.53125,-0.5681352615356445,11,7,True,0.25871871606071817,False
incl88_j2_node120,0.0,2461616.5784978345,2461616.577438793,2461616.545128109,25.0,7365,-12.024699180565818,15.46875,-0.09516289830207825,6,3,True,0.15929927944746625,False
incl88_j2_node120,0.0,2461641.445487332,2461641.4444282907,2461641.4121176065,25.0,7376,-12.024699180565818,46.40625,-0.46364685893058777,14,7,True,0.6244068015792119,False
incl88_j2_node120,0.0,2461641.524823983,2461641.523764942,2461641.4914542576,25.0,6224,-1.1937484371410818,45.0,-0.44860923290252686,16,7,True,0.6162560151131264,False
incl88_j2_node120,0.0,2461642.422446527,2461642.4213874857,2461642.3890768015,25.0,5196,8.385538647081319,33.75,0.49457797408103943,10,5,True,0.5210116140842931,False
incl88_j2_node120,0.0,2461642.5017261235,2461642.500667082,2461642.468356398,25.0,4043,19.47122063449069,32.34375,0.5199369192123413,12,7,True,0.5123903081374653,False
incl88_j2_node120,0.0,2461642.580485397,2461642.5794263557,2461642.5471156714,25.0,2762,32.79716829582364,29.53125,-0.5385695695877075,15,6,True,0.503801920443708,False
incl88_j2_node120,0.0,2461642.597821133,2461642.596762092,2461642.5644514076,25.0,10315,-43.40685848593699,33.38709677419354,0.2037811130285263,12,4,True,0.5019086169628547,False
incl88_j2_node120,0.0,2461643.4952027816,2461643.4941437403,2461643.461833056,25.0,9415,-32.79716829582364,21.09375,0.37782031297683716,13,7,True,0.403156691348004,False
incl88_j2_node120,0.0,2461643.572828445,2461643.5717694038,2461643.5394587195,25.0,7622,-14.477512185929939,18.28125,-0.5510765910148621,11,6,True,0.39461374141171923,False
incl88_j2_node120,0.0,2461644.55304032,2461644.5519812787,2461644.5196705945,25.0,6978,-8.385538647081319,5.625,-0.04939776659011841,12,7,True,0.2887408461183868,False
incl88_j2_node120,0.0,2461670.5692164996,2461670.568157458,2461670.535846774,25.0,8776,-25.944479772370016,22.5,0.020896174013614655,18,7,True,0.6497841629552317,False
incl88_j2_node120,0.0,2461671.466400714,2461671.4653416728,2461671.4330309886,25.0,7619,-14.477512185929939,9.84375,-0.30512791872024536,14,7,True,0.5532182854975668,False
incl88_j2_node120,0.0,2461671.5451804847,2461671.5441214433,2461671.511810759,25.0,6211,-1.1937484371410818,8.4375,-0.20402894914150238,15,7,True,0.5444930077305075,False
incl88_j2_node120,0.0,2461672.5199917196,2461672.5189326783,2461672.486621994,25.0,3262,28.630989836924343,-5.625,-0.2158135622739792,12,7,True,0.43500785093349226,True
incl88_j2_node120,0.0,2461672.5995070105,2461672.598447969,2461672.566137285,25.0,2365,38.68218745348943,-7.03125,-0.07064259797334671,13,6,True,0.42604418115403964,True
incl88_j2_node120,0.0,2461672.6164165973,2461672.615357556,2461672.5830468717,25.0,9790,-35.68533471265205,-4.21875,-0.08095113933086395,12,4,True,0.42413909132095406,False
incl88_j2_node120,0.0,2461673.5162161393,2461673.515157098,2461673.4828464137,25.0,9786,-35.68533471265205,-15.46875,0.4401475489139557,12,7,True,0.3241955923972369,False
incl88_j2_node120,0.0,2461673.594899739,2461673.593840698,2461673.5615300136,25.0,8505,-22.02431283704216,-18.28125,-0.5567575693130493,9,6,True,0.31567292350921117,True
incl88_j2_node120,0.0,2461674.5733980504,2461674.572339009,2461674.540028325,25.0,7093,-8.385538647081319,-30.9375,0.18869563937187195,12,7,True,0.21486667567408485,True
incl88_j2_node120,0.0,2461686.2254365315,2461686.22437749,2461686.192066806,25.0,7358,-10.806922874860348,-5.625,-0.20293983817100525,9,6,True,0.523554584552668,False
incl88_j2_node120,0.0,2461687.202971425,2461687.2019123835,2461687.1696016993,25.0,9145,-28.630989836924357,-19.6875,0.17745672166347504,12,7,True,0.6152313414699921,False
incl88_j2_node120,0.0,2461687.281407695,2461687.2803486534,2461687.248037969,25.0,10420,-43.40685848593699,-21.774193548387075,0.3106251060962677,11,6,True,0.6224246361416161,False
incl88_j2_node120,0.0,2461714.2010799674,2461714.200020926,2461714.167710242,25.0,7226,-9.594068226860458,-15.46875,-0.10908734798431396,8,5,True,0.3491938578529294,False
incl88_j2_node120,0.0,2461714.2085662973,2461714.207507256,2461714.1751965717,25.0,3771,23.31795706533424,-14.0625,-0.337509423494339,6,3,True,0.3498745914119337,False
incl88_j2_node120,0.0,2461715.190456476,2461715.1893974347,2461715.1570867505,25.0,3638,24.62431835216408,-26.71875,-0.5760512351989746,12,7,True,0.4407615666783038,False
incl88_j2_node120,0.0,2461715.2744334214,2461715.27337438,2461715.241063696,25.0,2742,34.228866327812575,-28.125,0.10230938345193863,8,2,True,0.4486380885790912,False
incl88_j2_node120,0.0,2461716.241418718,2461716.2403596765,2461716.2080489923,25.0,9264,-30.000000000000014,-43.59375,0.1669629067182541,12,7,True,0.5395879206349752,False
incl88_j2_node120,0.0,2461716.258473181,2461716.25741414,2461716.2251034556,25.0,1846,44.993880150457116,-40.5,0.10987366735935211,14,7,True,0.5411883363091474,False
incl88_j2_node120,0.0,2461717.2309223786,2461717.2298633372,2461717.197552653,25.0,5676,4.780191847199163,-54.84375,-0.2611917555332184,14,7,True,0.6314131236679625,False
incl88_j2_node120,0.0,2461717.3060299666,2461717.304970925,2461717.272660241,25.0,8747,-24.62431835216408,-57.65625000000006,0.39068788290023804,18,7,True,0.6382602332564704,False
incl88_j2_node120,0.0,2461742.177813599,2461742.1767545575,2461742.1444438733,25.0,6583,-3.583321698471977,-25.3125,0.14411471784114838,5,2,True,0.19052019392892422,False
incl88_j2_node120,0.0,2461743.1680054204,2461743.166946379,2461743.134635695,25.0,2739,34.228866327812575,-36.5625,-0.11036016792058945,11,7,True,0.2692169591128267,False
incl88_j2_node120,0.0,2461744.2338483687,2461744.2327893274,2461744.200478643,25.0,1843,44.993880150457116,-49.5,-0.4337766170501709,10,7,True,0.36230186991490093,False
incl88_j2_node120,0.0,2461790.6097383625,2461790.608679321,2461790.576368637,25.0,3412,25.944479772370002,56.25,-0.4054796099662781,10,5,True,0.36395645899950235,False
incl88_j2_node120,0.0,2461791.669404862,2461791.6683458206,2461791.6360351364,25.0,5070,9.594068226860458,40.78125,0.33203256130218506,3,3,True,0.26211971417658964,False
incl88_j2_node120,0.0,2461817.5144555005,2461817.513396459,2461817.481085775,25.0,6741,-5.979156796301311,59.0625,-0.16395431756973267,12,5,True,0.6412307933239355,False
incl88_j2_node120,0.0,2461817.597609877,2461817.5965508358,2461817.5642401516,25.0,6100,0.0,57.65625,0.36601534485816956,15,7,True,0.6324879231459339,False
incl88_j2_node120,0.0,2461818.5767502068,2461818.5756911654,2461818.543380481,25.0,7248,-10.806922874860348,45.0,-0.3236794173717499,10,5,True,0.5289963155947125,False
incl88_j2_node120,0.0,2461819.6357705817,2461819.6347115403,2461819.602400856,25.0,9162,-30.000000000000014,29.53125,0.2660455107688904,8,4,True,0.41943396691260976,False
incl88_j2_node120,0.0,2461819.646163684,2461819.6451046425,2461819.6127939583,25.0,4427,15.713861048008212,30.9375,0.5882360935211182,7,5,True,0.41838627313443344,False
incl88_j2_node120,0.0,2461847.6271094624,2461847.626050421,2461847.593739737,25.0,2120,40.228184728061095,22.5,0.3190615475177765,7,4,True,0.5869008282087608,True
incl88_j2_node120,0.0,2461861.227664292,2461861.2266052505,2461861.1942945663,25.0,1866,43.406858485936986,18.870967741935488,-0.2660612463951111,8,4,True,0.19498473270650174,False
incl88_j2_node120,0.0,2461861.2459906745,2461861.244931633,2461861.212620949,25.0,9800,-37.168899655999454,22.5,-0.1514051854610443,12,7,True,0.1964888792176948,False
incl88_j2_node120,0.0,2461862.2982000555,2461862.297141014,2461862.26483033,25.0,4802,12.024699180565818,7.03125,0.345521479845047,11,7,True,0.29059384454756787,False
incl88_j2_node120,0.0,2461863.2769228346,2461863.275863793,2461863.243553109,25.0,3645,24.62431835216408,-7.03125,-0.22170209884643555,12,7,True,0.3895980390668295,False
incl88_j2_node120,0.0,2461863.356539422,2461863.355480381,2461863.3231696966,25.0,2749,34.228866327812575,-8.4375,-0.09854171425104141,11,5,True,0.398028330052198,False
incl88_j2_node120,0.0,2461864.259400784,2461864.2583417427,2461864.2260310585,25.0,4025,20.742379954487134,-19.6875,-0.0815453827381134,15,7,True,0.49631531885935065,False
incl88_j2_node120,0.0,2461864.3384601967,2461864.3374011554,2461864.305090471,25.0,2872,32.79716829582364,-21.09375,0.10383059829473495,15,7,True,0.5050896021451743,False
incl88_j2_node120,0.0,2461865.2358423257,2461865.2347832844,2461865.2024726,25.0,1972,43.406858485936986,-33.38709677419354,0.24664251506328583,13,6,True,0.6050997199776204,False
incl88_j2_node120,0.0,2461865.254158936,2461865.2530998946,2461865.2207892104,25.0,9909,-37.168899655999454,-30.9375,-0.5072037577629089,15,7,True,0.6071327680121528,False
incl88_j2_node120,0.0,2461865.332516708,2461865.3314576666,2461865.2991469824,25.0,8500,-22.02431283704216,-32.34375000000006,-0.22807081043720245,17,7,True,0.6158187457333929,False
incl88_j2_node120,0.0,2461865.41176665,2461865.410707609,2461865.3783969246,25.0,7348,-10.806922874860348,-33.75000000000006,-0.14244285225868225,15,6,True,0.6245825937052639,False
incl88_j2_node120,0.0,2461890.2749416507,2461890.2738826093,2461890.241571925,25.0,5567,5.979156796301311,-2.8125,0.07586055248975754,6,5,True,0.163982867221777,False
incl88_j2_node120,0.0,2461891.2584379525,2461891.257378911,2461891.225068227,25.0,6458,-2.388015463268786,-15.46875,0.09994452446699142,10,6,True,0.2504800123335179,False
incl88_j2_node120,0.0,2461892.3121418334,2461892.311082792,2461892.278772108,25.0,2229,40.228184728061095,-30.9375,0.37382060289382935,12,7,True,0.35758669402990473,False
incl88_j2_node120,0.0,2461892.3297398016,2461892.32868076,2461892.296370076,25.0,9910,-37.168899655999454,-28.125,0.03540979325771332,9,6,True,0.35947384549823275,False
incl88_j2_node120,0.0,2461893.308179611,2461893.3071205695,2461893.2748098853,25.0,8625,-23.31795706533424,-42.18750000000006,-0.3430415987968445,13,7,True,0.4677797388618812,False
incl88_j2_node120,0.0,2461894.2797586443,2461894.278699603,2461894.2463889187,25.0,4012,20.742379954487134,-56.25,0.15654349327087402,14,7,True,0.5783492710464189,False
incl88_j2_node120,0.0,2461894.358817982,2461894.3577589407,2461894.3254482565,25.0,2859,32.79716829582364,-57.65625000000006,0.32327157258987427,16,7,True,0.5873090857509405,False
incl88_j2_node120,0.0,2461920.286778063,2461920.2857190217,2461920.2534083375,25.0,1969,43.406858485936986,-42.096774193548356,-0.4836006462574005,6,5,True,0.22621522061743637,False
incl88_j2_node120,0.0,2461921.2735311384,2461921.272472097,2461921.240161413,25.0,4013,20.742379954487134,-53.43750000000006,-0.19871357083320618,9,4,True,0.3270535672126179,False
incl88_j2_node120,0.0,2461941.56311673,2461941.562057689,2461941.5297470046,25.0,5454,5.979156796301311,39.375,0.1874440312385559,3,1,True,0.15570801990585106,False
incl88_j2_node120,0.0,2461967.5023163524,2461967.501257311,2461967.468946627,25.0,9428,-32.79716829582364,57.65625,-0.3205719590187073,12,7,True,0.48883109716814144,False
incl88_j2_node120,0.0,2461968.48059881,2461968.479539769,2461968.4472290846,25.0,8016,-18.209956864283015,45.0,0.5852975249290466,9,5,True,0.39316256226265933,False
incl88_j2_node120,0.0,2461968.5579762687,2461968.5569172273,2461968.524606543,25.0,5967,1.1937484371410676,42.1875,-0.3749749958515167,8,5,True,0.38562091791959263,False
incl88_j2_node120,0.0,2461969.5382111194,2461969.537152078,2461969.504841394,25.0,5322,7.180755781458274,29.53125,0.16261133551597595,9,6,True,0.2916749045095621,False
incl88_j2_node120,0.0,2461995.46522274,2461995.4641636987,2461995.4318530145,25.0,3792,22.02431283704216,46.40625,0.3576444983482361,13,7,True,0.6496114642291848,False
incl88_j2_node120,0.0,2461995.543905201,2461995.5428461595,2461995.5105354753,25.0,2511,35.68533471265204,43.59375,-0.5369851589202881,18,7,True,0.6423012231937123,False
incl88_j2_node120,0.0,2461995.5604843777,2461995.5594253363,2461995.527114652,25.0,9809,-37.168899655999454,47.8125,0.2916103005409241,15,6,True,0.6407551726823468,False
incl88_j2_node120,0.0,2461996.4580243705,2461996.456965329,2461996.424654645,25.0,8908,-27.27961273597809,35.15625,0.12239678204059601,14,7,True,0.5544622015742104,False
incl88_j2_node120,0.0,2461996.536635628,2461996.5355765866,2461996.5032659024,25.0,7500,-13.248014905676953,33.75,0.4047379791736603,15,7,True,0.5466968555692909,False
incl88_j2_node120,0.0,2461997.514938385,2461997.513879344,2461997.4815686597,25.0,5959,1.1937484371410676,19.6875,-0.1250712275505066,12,7,True,0.4483035606184635,False
incl88_j2_node120,0.0,2461997.5931551685,2461997.592096127,2461997.559785443,25.0,4294,16.957763300004146,18.28125,0.14716675877571106,11,3,True,0.4403503424377347,False
incl88_j2_node120,0.0,2461998.501225989,2461998.5001669475,2461998.4678562633,25.0,8130,-19.47122063449069,7.03125,-0.5662654638290405,12,7,True,0.34821011079737285,False
incl88_j2_node120,0.0,2461998.580504862,2461998.579445821,2461998.5471351366,25.0,6978,-8.385538647081319,5.625,-0.48236778378486633,9,5,True,0.3402429025298189,False
incl88_j2_node120,0.0,2461999.559654156,2461999.558595115,2461999.5262844306,25.0,5949,2.388015463268772,-7.03125,0.22945035994052887,10,7,True,0.24450114893906597,False
incl88_j2_node120,0.0,2462025.405772103,2462025.4047130616,2462025.3724023774,25.0,4676,13.24801490567694,11.25,0.5804567337036133,14,7,True,0.616155742704093,True
incl88_j2_node120,0.0,2462025.4827924566,2462025.4817334153,2462025.449422731,25.0,2627,34.228866327812575,8.4375,-0.1378793716430664,13,7,True,0.6085554295904855,True
incl88_j2_node120,0.0,2462025.5000950648,2462025.4990360234,2462025.466725339,25.0,10180,-41.81031489577862,12.65625,0.4703652858734131,15,7,True,0.606842129803333,True
incl88_j2_node120,0.0,2462025.579197476,2462025.578138435,2462025.5458277506,25.0,9155,-30.000000000000014,9.84375,-0.34576505422592163,16,7,True,0.59898239924677,True
incl88_j2_node120,0.0,2462026.4751803786,2462026.4741213373,2462026.441810653,25.0,7615,-13.248014905676953,-2.8125,-0.4078209400177002,14,7,True,0.5073564763039461,True
incl88_j2_node120,0.0,2462026.5539683206,2462026.5529092792,2462026.520598595,25.0,6206,0.0,-4.21875,-0.24027904868125916,15,7,True,0.49911926980119053,True
incl88_j2_node120,0.0,2462027.538018403,2462027.5369593618,2462027.5046486775,25.0,7354,-10.806922874860348,-16.875,-0.3232835531234741,12,7,True,0.3951779055398119,True
incl88_j2_node120,0.0,2462040.2472514617,2462040.2461924204,2462040.213881736,25.0,9789,-35.68533471265205,-7.03125,0.3073709011077881,7,3,True,0.5214938485020181,False
incl88_j2_node120,0.0,2462041.2285089623,2462041.227449921,2462041.1951392367,25.0,9913,-37.168899655999454,-19.6875,-0.02815750613808632,12,7,True,0.6192098105223561,False
incl88_j2_node120,0.0,2462041.246106867,2462041.245047826,2462041.2127371416,25.0,2234,40.228184728061095,-16.875,0.5341662764549255,12,7,True,0.6209075652481918,False
incl88_j2_node120,0.0,2462069.209320089,2462069.2082610475,2462069.1759503633,25.0,7606,-13.248014905676953,-28.125,-0.22525514662265778,11,7,True,0.4523175351257776,False
incl88_j2_node120,0.0,2462070.189198793,2462070.1881397516,2462070.1558290673,25.0,8369,-20.74237995448715,-42.18750000000006,0.4981743395328522,12,7,True,0.548578521976781,False
incl88_j2_node120,0.0,2462070.2754464336,2462070.274387392,2462070.242076708,25.0,6321,-1.1937484371410818,-42.18750000000006,0.2494359165430069,13,7,True,0.5569081236186293,False
incl88_j2_node120,0.0,2462071.178522675,2462071.1774636335,2462071.1451529493,25.0,4781,13.24801490567694,-53.43750000000006,0.17158548533916473,12,5,True,0.641903942667739,False
incl88_j2_node120,0.0,2462071.252003629,2462071.250944588,2462071.2186339037,25.0,8620,-23.31795706533424,-56.25,0.3837682902812958,14,7,True,0.6486084237168354,False
incl88_j2_node120,0.0,2462097.185516133,2462097.1844570916,2462097.1521464074,25.0,7218,-9.594068226860458,-37.96875000000006,-0.0362495519220829,9,6,True,0.28205681530320004,False
incl88_j2_node120,0.0,2462098.165720036,2462098.1646609944,2462098.13235031,25.0,7854,-15.713861048008212,-50.625,-0.5878279209136963,11,7,True,0.3729653036743443,False
incl88_j2_node120,0.0,2462098.1748925615,2462098.17383352,2462098.141522836,25.0,3630,24.62431835216408,-49.21875000000006,-0.31476062536239624,11,7,True,0.3738329306125764,False
incl88_j2_node120,0.0,2462098.260602323,2462098.2595432815,2462098.2272325973,25.0,2094,41.81031489577859,-49.21875000000006,-0.31423479318618774,9,4,True,0.3819504632762758,False
incl88_j2_node120,0.0,2462117.6422504894,2462117.641191448,2462117.608880764,25.0,3923,20.742379954487134,53.4375,-0.5042223334312439,6,3,True,0.1908127527017631,False
incl88_j2_node120,0.0,2462125.1686656023,2462125.167606561,2462125.135295877,25.0,3631,24.62431835216408,-46.40625,0.03017362765967846,5,3,True,0.13600614204723557,False
incl88_j2_node120,0.0,2462144.5486903237,2462144.5476312824,2462144.515320598,25.0,6484,-3.583321698471977,56.25,-0.0730789303779602,10,4,True,0.4458196092081361,False
incl88_j2_node120,0.0,2462144.6378130675,2462144.636754026,2462144.604443342,25.0,3156,28.630989836924343,56.25,0.19154877960681915,14,7,True,0.4357529927094602,False
incl88_j2_node120,0.0,2462145.6173296557,2462145.6162706143,2462145.58395993,25.0,4047,19.47122063449069,43.59375,-0.5038428902626038,10,6,True,0.32822324688100657,False
incl88_j2_node120,0.0,2462172.518967309,2462172.5179082677,2462172.4855975835,25.0,8784,-25.944479772370016,45.0,0.3697233200073242,12,5,True,0.6017492970822582,False
incl88_j2_node120,0.0,2462172.5301791467,2462172.5291201053,2462172.496809421,25.0,3665,23.31795706533424,47.8125,-0.28005415201187134,14,7,True,0.6004948767542474,False
incl88_j2_node120,0.0,2462172.6042145262,2462172.603155485,2462172.5708448007,25.0,7248,-10.806922874860348,45.0,0.0076197790913283825,15,7,True,0.5922024158271495,False
incl88_j2_node120,0.0,2462173.5844136886,2462173.5833546473,2462173.551043963,25.0,7883,-16.957763300004146,32.34375,-0.5473725199699402,12,6,True,0.48204802152683446,False
incl88_j2_node120,0.0,2462174.6445157914,2462174.64345675,2462174.611146066,25.0,9286,-31.388166464348544,16.875,0.11125438660383224,9,6,True,0.36648213891906223,False
incl88_j2_node120,0.0,2462174.6601073234,2462174.659048282,2462174.626737598,25.0,2375,37.16889965599944,19.6875,0.3801110088825226,6,5,True,0.36484011063281063,False
incl88_j2_node130,0.0,2461535.257368904,2461535.2563098627,2461535.2239991785,25.0,1866,43.406858485936986,18.870967741935488,0.4855647683143616,4,3,True,0.14280403206890258,False
incl88_j2_node130,0.0,2461535.2734384076,2461535.272379366,2461535.240068682,25.0,8903,-27.27961273597809,21.09375,0.23662330210208893,5,4,True,0.14412328513329378,False
incl88_j2_node130,0.0,2461537.3069140795,2461537.305855038,2461537.273544354,25.0,3773,23.31795706533424,-8.4375,-0.504163920879364,12,7,True,0.34399325221230453,False
incl88_j2_node130,0.0,2461538.2839429327,2461538.2828838914,2461538.250573207,25.0,1976,43.406858485936986,-21.774193548387075,0.02344154193997383,13,7,True,0.45395445001804363,False
incl88_j2_node130,0.0,2461538.2997086407,2461538.2986495993,2461538.266338915,25.0,8889,-25.944479772370016,-19.6875,-0.4169432818889618,13,7,True,0.45575178072555594,False
incl88_j2_node130,0.0,2461539.2676272145,2461539.266568173,2461539.234257489,25.0,2740,34.228866327812575,-33.75000000000006,0.44939714670181274,12,6,True,0.5655378292585466,False
incl88_j2_node130,0.0,2461539.2835155088,2461539.2824564674,2461539.250145783,25.0,9780,-35.68533471265205,-32.34375000000006,-0.4646768271923065,14,7,True,0.5673151163989044,False
incl88_j2_node130,0.0,2461539.3607768286,2461539.3597177872,2461539.327407103,25.0,7860,-15.713861048008212,-33.75000000000006,-0.10013682395219803,15,7,True,0.575938816464183,False
incl88_j2_node130,0.0,2461565.2873195526,2461565.2862605113,2461565.253949827,25.0,6074,1.1937484371410676,-16.875,0.054533109068870544,3,3,True,0.212598693932763,False
incl88_j2_node130,0.0,2461567.3223380256,2461567.321278984,2461567.2889683,25.0,1844,44.993880150457116,-46.49999999999994,-0.5274704098701477,9,5,True,0.43011975102504163,False
incl88_j2_node130,0.0,2461568.306714099,2461568.3056550575,2461568.2733443733,25.0,2859,32.79716829582364,-57.65625000000006,0.3461705446243286,13,7,True,0.5399992217186121,False
incl88_j2_node130,0.0,2461568.322968374,2461568.3219093326,2461568.2895986484,25.0,10028,-38.68218745348943,-54.84375,0.45696374773979187,10,6,True,0.5417893134980631,False
incl88_j2_node130,0.0,2461614.5335077066,2461614.5324486652,2461614.500137981,25.0,7378,-12.024699180565818,52.03125,-0.5548062920570374,11,7,True,0.3604177550183274,False
incl88_j2_node130,0.0,2461615.5170829673,2461615.516023926,2461615.4837132418,25.0,8270,-20.74237995448715,39.375,-0.5150747299194336,11,7,True,0.2588671518406581,False
incl88_j2_node130,0.0,2461616.576035165,2461616.574976124,2461616.5426654397,25.0,6217,-1.1937484371410818,25.3125,0.0912792906165123,6,3,True,0.15951230382673542,False
incl88_j2_node130,0.0,2461641.4413967812,2461641.44033774,2461641.4080270557,25.0,5460,5.979156796301311,56.25,-0.050201866775751114,14,7,True,0.6248256004500947,False
incl88_j2_node130,0.0,2461641.5183562743,2461641.517297233,2461641.484986549,25.0,3283,27.27961273597809,54.84375,0.34011200070381165,16,7,True,0.6169223924588008,False
incl88_j2_node130,0.0,2461641.5336979586,2461641.532638917,2461641.500328233,25.0,10068,-40.22818472806108,56.25,-0.5593453049659729,18,7,True,0.6153411770396191,False
incl88_j2_node130,0.0,2461642.428771706,2461642.4277126645,2461642.3954019803,25.0,8143,-19.47122063449069,43.59375,-0.538743793964386,13,7,True,0.5203247077817936,False
incl88_j2_node130,0.0,2461642.506417314,2461642.5053582727,2461642.4730475885,25.0,6223,-1.1937484371410818,42.1875,-0.2869400084018707,12,7,True,0.5118793813836247,False
incl88_j2_node130,0.0,2461642.5829412923,2461642.581882251,2461642.5495715667,25.0,3790,22.02431283704216,40.78125,0.155054971575737,15,6,True,0.5035337688192809,False
incl88_j2_node130,0.0,2461642.5981818857,2461642.5971228443,2461642.56481216,25.0,10442,-44.99388015045713,43.5,0.20002783834934235,11,3,True,0.5018692106230362,False
incl88_j2_node130,0.0,2461643.4921637448,2461643.4911047034,2461643.458794019,25.0,8138,-19.47122063449069,29.53125,-0.5442028045654297,13,7,True,0.4034913549668423,False
incl88_j2_node130,0.0,2461643.569810092,2461643.5687510506,2461643.5364403664,25.0,6218,-1.1937484371410818,28.125,-0.2940984070301056,11,6,True,0.39494570859913425,False
incl88_j2_node130,0.0,2461644.5472826865,2461644.546223645,2461644.513912961,25.0,4293,16.957763300004146,15.46875,0.5900076627731323,12,7,True,0.2893455606988652,False
incl88_j2_node130,0.0,2461646.5974810575,2461646.596422016,2461646.564111332,25.0,6844,-5.979156796301311,-11.25,0.17905767261981964,4,2,True,0.10140675056910223,False
incl88_j2_node130,0.0,2461671.4575076518,2461671.4564486104,2461671.424137926,25.0,3526,24.62431835216408,18.28125,-0.5065457224845886,14,7,True,0.5542013004223607,False
incl88_j2_node130,0.0,2461671.534677074,2461671.5336180325,2461671.5013073483,25.0,1745,44.993880150457116,16.5,-0.16407011449337006,15,7,True,0.5456580342750645,False
incl88_j2_node130,0.0,2461671.551421482,2461671.5503624408,2461671.5180517565,25.0,9031,-28.630989836924357,19.6875,0.06546089798212051,15,7,True,0.5438005325364654,False
incl88_j2_node130,0.0,2461672.5240497557,2461672.5229907143,2461672.49068003,25.0,4930,10.806922874860334,5.625,0.3392903506755829,12,7,True,0.4345502152520862,False
incl88_j2_node130,0.0,2461672.601161377,2461672.6001023357,2461672.5677916515,25.0,2881,31.38816646434855,2.8125,-0.5180248022079468,13,6,True,0.4258577786849549,False
incl88_j2_node130,0.0,2461672.617447014,2461672.6163879726,2461672.5840772884,25.0,10050,-40.22818472806108,5.625,-0.3798890709877014,12,4,True,0.42402301325616926,False
incl88_j2_node130,0.0,2461673.516551646,2461673.5154926046,2461673.4831819204,25.0,9918,-37.168899655999454,-5.625,0.2481730729341507,12,7,True,0.3241591565172436,False
incl88_j2_node130,0.0,2461673.593465636,2461673.5924065947,2461673.5600959104,25.0,7869,-15.713861048008212,-8.4375,-0.5085437893867493,9,6,True,0.3158278204510697,False
incl88_j2_node130,0.0,2461674.5720351124,2461674.570976071,2461674.538665387,25.0,6456,-2.388015463268786,-21.09375,0.22862493991851807,12,7,True,0.2149988036429446,False
incl88_j2_node130,0.0,2461714.1985502024,2461714.197491161,2461714.165180477,25.0,8382,-20.74237995448715,-5.625,-0.32949262857437134,9,6,True,0.34896388662984423,False
incl88_j2_node130,0.0,2461715.180432137,2461715.1793730957,2461715.1470624115,25.0,8249,-19.47122063449069,-18.28125,-0.5882053971290588,11,7,True,0.43982201693599476,False
incl88_j2_node130,0.0,2461715.1913675694,2461715.190308528,2461715.157997844,25.0,3258,28.630989836924343,-16.875,-0.2745234966278076,12,7,True,0.44084696941330037,False
incl88_j2_node130,0.0,2461715.2669221484,2461715.265863107,2461715.233552423,25.0,6073,1.1937484371410676,-19.6875,0.4132952094078064,9,3,True,0.4479331879486719,False
incl88_j2_node130,0.0,2461716.1678061606,2461716.1667471193,2461716.134436435,25.0,5557,5.979156796301311,-30.9375,-0.07114653289318085,11,5,True,0.5326759977940456,False
incl88_j2_node130,0.0,2461716.245513978,2461716.2444549366,2461716.2121442524,25.0,7476,-12.024699180565818,-32.34375000000006,-0.3425747752189636,12,7,True,0.5399722607613971,False
incl88_j2_node130,0.0,2461717.2284801053,2461717.227421064,2461717.1951103797,25.0,6832,-5.979156796301311,-45.0,-0.4612356126308441,14,7,True,0.6311900921059567,False
incl88_j2_node130,0.0,2461717.237297737,2461717.2362386957,2461717.2039280115,25.0,2864,32.79716829582364,-43.59375,-0.3659355044364929,13,7,True,0.6319952030018053,False
incl88_j2_node130,0.0,2461717.316356958,2461717.3152979165,2461717.2829872323,25.0,4016,20.742379954487134,-45.0,-0.583802342414856,18,7,True,0.6391998845696749,False
incl88_j2_node130,0.0,2461742.175342278,2461742.1742832367,2461742.1419725525,25.0,7738,-14.477512185929939,-15.46875,-0.07029423862695694,5,3,True,0.19033534409461839,False
incl88_j2_node130,0.0,2461743.168338419,2461743.1672793776,2461743.1349686934,25.0,2614,35.68533471265204,-26.71875,0.07035588473081589,11,7,True,0.2692448458366393,False
incl88_j2_node130,0.0,2461744.223342785,2461744.222283744,2461744.1899730596,25.0,6321,-1.1937484371410818,-42.18750000000006,0.06733604520559311,11,7,True,0.3613517111025948,False
incl88_j2_node130,0.0,2461745.205749399,2461745.2046903577,2461745.1723796735,25.0,5932,2.388015463268772,-54.84375,-0.13255013525485992,13,7,True,0.45219198115346537,False
incl88_j2_node130,0.0,2461745.280797204,2461745.2797381626,2461745.2474274784,25.0,9003,-27.27961273597809,-57.65625000000006,0.46629396080970764,13,6,True,0.4592617970217092,False
incl88_j2_node130,0.0,2461772.1939807925,2461772.192921751,2461772.160611067,25.0,8493,-22.02431283704216,-52.03125,-0.5825750231742859,9,6,True,0.20042690806185032,False
incl88_j2_node130,0.0,2461772.205495836,2461772.204436795,2461772.1721261106,25.0,3246,28.630989836924343,-50.625,-0.16565987467765808,9,6,True,0.20129613823661607,False
incl88_j2_node130,0.0,2461791.668587182,2461791.667528141,2461791.6352174566,25.0,5458,5.979156796301311,50.625,0.3624134659767151,3,3,True,0.2621935477176055,False
incl88_j2_node130,0.0,2461818.576477387,2461818.5754183456,2461818.5431076614,25.0,7379,-12.024699180565818,54.84375,-0.20398981869220734,10,5,True,0.529025062792314,False
incl88_j2_node130,0.0,2461818.6535451086,2461818.6524860673,2461818.620175383,25.0,9426,-32.79716829582364,52.03125,0.566797137260437,9,5,True,0.5209115692112922,False
incl88_j2_node130,0.0,2461819.6510502184,2461819.649991177,2461819.617680493,25.0,2383,37.16889965599944,42.1875,0.23529131710529327,7,5,True,0.41789394300329463,False
incl88_j2_node130,0.0,2461847.611144128,2461847.6100850864,2461847.577774402,25.0,9162,-30.000000000000014,29.53125,0.4549965560436249,10,6,True,0.5885156703171845,False
incl88_j2_node130,0.0,2461848.603413064,2461848.6023540227,2461848.5700433385,25.0,4294,16.957763300004146,18.28125,0.5192442536354065,5,2,True,0.48856641109993004,False
incl88_j2_node130,0.0,2461863.2766272146,2461863.2755681733,2461863.243257489,25.0,3393,25.944479772370002,2.8125,-0.32606521248817444,12,7,True,0.3895668296946632,True
incl88_j2_node130,0.0,2461863.3640565416,2461863.3629975,2461863.330686816,25.0,5953,1.1937484371410676,2.8125,-0.19374395906925201,11,5,True,0.39882673686855963,True
incl88_j2_node130,0.0,2461864.2654847517,2461864.2644257103,2461864.232115026,25.0,6845,-5.979156796301311,-8.4375,0.20401783287525177,14,7,True,0.496989918717739,True
incl88_j2_node130,0.0,2461864.3453809605,2461864.344321919,2461864.312011235,25.0,5948,2.388015463268772,-9.84375,0.1643742173910141,15,7,True,0.5058584705076073,True
incl88_j2_node130,0.0,2461865.2410005815,2461865.23994154,2461865.207630856,25.0,4024,20.742379954487134,-22.5,0.053872447460889816,14,7,True,0.6056723502233613,True
incl88_j2_node130,0.0,2461865.317645436,2461865.316586395,2461865.2842757106,25.0,1975,43.406858485936986,-24.677419354838776,0.06609620153903961,15,7,True,0.6141717549788885,True
incl88_j2_node130,0.0,2461865.3328144876,2461865.3317554463,2461865.299444762,25.0,8632,-23.31795706533424,-22.5,-0.40248793363571167,17,7,True,0.6158517189460363,True
incl88_j2_node130,0.0,2461865.4098589313,2461865.40879989,2461865.3764892058,25.0,6455,-2.388015463268786,-23.90625,-0.00447303568944335,15,6,True,0.6243719022511247,True
incl88_j2_node130,0.0,2461890.271883136,2461890.270824095,2461890.2385134106,25.0,4034,19.47122063449069,7.03125,0.382792592048645,6,5,True,0.1637380465176775,False
incl88_j2_node130,0.0,2461891.252886869,2461891.2518278277,2461891.2195171434,25.0,3901,22.02431283704216,-7.03125,-0.5397464632987976,8,4,True,0.2499513773282499,False
incl88_j2_node130,0.0,2461891.268126148,2461891.2670671064,2461891.234756422,25.0,10546,-44.99388015045713,-4.5,-0.5980264544487,12,7,True,0.2514037745272572,False
incl88_j2_node130,0.0,2461892.3188384795,2461892.317779438,2461892.285468754,25.0,5049,10.806922874860334,-19.6875,0.38625630736351013,11,7,True,0.3583045034637907,False
incl88_j2_node130,0.0,2461893.29510493,2461893.294045889,2461893.2617352046,25.0,2740,34.228866327812575,-33.75000000000006,0.22798249125480652,13,7,True,0.466300132563072,False
incl88_j2_node130,0.0,2461893.3106731526,2461893.309614111,2461893.277303427,25.0,9653,-34.22886632781257,-30.9375,0.32872045040130615,13,7,True,0.468061991692498,False
incl88_j2_node130,0.0,2461894.281185737,2461894.2801266955,2461894.2478160113,25.0,4655,14.477512185929925,-46.40625,-0.23777198791503906,14,7,True,0.5785111600546666,False
incl88_j2_node130,0.0,2461894.357135766,2461894.356076725,2461894.3237660406,25.0,2223,40.228184728061095,-47.81250000000006,0.4600570797920227,16,7,True,0.5871186460911095,False
incl88_j2_node130,0.0,2461894.372795382,2461894.3717363407,2461894.3394256565,25.0,9136,-28.630989836924357,-45.0,0.578250527381897,17,7,True,0.5888911044255281,False
incl88_j2_node130,0.0,2461921.2694633384,2461921.268404297,2461921.236093613,25.0,2352,38.68218745348943,-43.59375,0.3598884344100952,9,4,True,0.3266150952209552,False
incl88_j2_node130,0.0,2461921.2857182873,2461921.284659246,2461921.252348562,25.0,9521,-32.79716829582364,-40.78125,0.32580476999282837,11,7,True,0.3283681652940193,False
incl88_j2_node130,0.0,2461922.3377885027,2461922.3367294613,2461922.304418777,25.0,4395,16.957763300004146,-57.65625000000006,-0.5205070972442627,8,5,True,0.44595954137462324,False
incl88_j2_node130,0.0,2461968.478363406,2461968.4773043646,2461968.4449936803,25.0,6995,-8.385538647081319,53.4375,-0.5478287935256958,9,5,True,0.39338059792591634,False
incl88_j2_node130,0.0,2461968.5566255273,2461968.555566486,2461968.5232558018,25.0,5330,7.180755781458274,52.03125,-0.31581372022628784,8,5,True,0.3857524675521115,False
incl88_j2_node130,0.0,2461969.5336427432,2461969.532583702,2461969.5002730177,25.0,3277,27.27961273597809,37.96875,-0.5368078351020813,10,7,True,0.29210277919717786,False
incl88_j2_node130,0.0,2461969.5493556554,2461969.548296614,2461969.51598593,25.0,10190,-41.81031489577862,40.78125,-0.5264453887939453,9,6,True,0.29063158680231715,False
incl88_j2_node130,0.0,2461995.473533816,2461995.472474775,2461995.4401640906,25.0,7636,-14.477512185929939,57.65625,0.22275803983211517,13,7,True,0.6488414449554467,False
incl88_j2_node130,0.0,2461995.5492997435,2461995.548240702,2461995.515930018,25.0,4819,12.024699180565818,54.84375,-0.5107443332672119,16,7,True,0.6417984049848366,False
incl88_j2_node130,0.0,2461996.4453141205,2461996.444255079,2461996.411944395,25.0,3151,28.630989836924343,42.1875,-0.517940104007721,14,7,True,0.5557151184618965,False
incl88_j2_node130,0.0,2461996.4609738905,2461996.459914849,2461996.427604165,25.0,10064,-40.22818472806108,45.0,-0.5245102643966675,14,7,True,0.554171346519089,False
incl88_j2_node130,0.0,2461996.5369239133,2461996.535864872,2461996.5035541877,25.0,7631,-14.477512185929939,43.59375,0.21880000829696655,15,7,True,0.5466683245241438,False
incl88_j2_node130,0.0,2461997.513587267,2461997.512528226,2461997.4802175416,25.0,5322,7.180755781458274,29.53125,-0.06699416041374207,12,7,True,0.4484408919998829,False
incl88_j2_node130,0.0,2461997.590513914,2461997.5894548725,2461997.5571441883,25.0,3146,28.630989836924343,28.125,0.42047062516212463,12,3,True,0.44061899175652053,False
incl88_j2_node130,0.0,2461998.4987169616,2461998.4976579202,2461998.465347236,25.0,6982,-8.385538647081319,16.875,-0.30757036805152893,11,7,True,0.34846261735493644,False
incl88_j2_node130,0.0,2461998.5753217926,2461998.5742627513,2461998.541952067,25.0,4549,14.477512185929925,15.46875,0.19025270640850067,10,6,True,0.34076311239277424,False
incl88_j2_node130,0.0,2461999.551409939,2461999.5503508975,2461999.5180402133,25.0,2240,38.68218745348943,1.40625,0.1838015913963318,10,7,True,0.2452792872710451,False
incl88_j2_node130,0.0,2461999.567663808,2461999.5666047665,2461999.5342940823,25.0,9409,-32.79716829582364,4.21875,0.05184156820178032,9,6,True,0.2437457114757464,False
incl88_j2_node130,0.0,2462025.410420942,2462025.4093619008,2462025.3770512166,25.0,6855,-7.180755781458288,21.09375,-0.32552921772003174,14,7,True,0.6156982602284641,False
incl88_j2_node130,0.0,2462025.4881327194,2462025.487073678,2462025.454762994,25.0,4935,10.806922874860334,19.6875,0.004810151178389788,14,7,True,0.608026880509377,False
incl88_j2_node130,0.0,2462025.5649361033,2462025.563877062,2462025.5315663777,25.0,2758,32.79716829582364,18.28125,0.5314989686012268,18,7,True,0.6004026581935479,False
incl88_j2_node130,0.0,2462025.5811903384,2462025.580131297,2462025.547820613,25.0,9927,-38.68218745348943,21.09375,0.3219355642795563,15,6,True,0.5987838135394516,False
incl88_j2_node130,0.0,2462026.475469227,2462026.4744101856,2462026.4420995014,25.0,7618,-14.477512185929939,7.03125,-0.5881913304328918,14,7,True,0.5073263162416826,False
incl88_j2_node130,0.0,2462026.5531642647,2462026.5521052233,2462026.519794539,25.0,5698,3.5833216984719627,5.625,-0.267933189868927,15,7,True,0.499203440036521,False
incl88_j2_node130,0.0,2462027.531722897,2462027.530663856,2462027.4983531716,25.0,4413,16.957763300004146,-7.03125,0.5256889462471008,12,7,True,0.3958441416269394,False
incl88_j2_node130,0.0,2462027.6075002053,2462027.606441164,2462027.5741304797,25.0,1980,43.406858485936986,-10.161290322580612,-0.10699529200792313,9,4,True,0.38782829167112826,False
incl88_j2_node130,0.0,2462028.520177617,2462028.519118576,2462028.4868078916,25.0,7609,-13.248014905676953,-19.6875,-0.23969696462154388,11,7,True,0.29267964014997117,False
incl88_j2_node130,0.0,2462028.5984242237,2462028.5973651824,2462028.565054498,25.0,5944,2.388015463268772,-21.09375,-0.0012950601521879435,9,6,True,0.28472141794561334,False
incl88_j2_node130,0.0,2462029.574958426,2462029.5738993846,2462029.5415887004,25.0,3635,24.62431835216408,-35.15625,-0.20944660902023315,10,7,True,0.19016301545723718,False
incl88_j2_node130,0.0,2462069.207918492,2462069.206859451,2462069.1745487666,25.0,8249,-19.47122063449069,-18.28125,-0.2878628671169281,11,7,True,0.45217846098059666,False
incl88_j2_node130,0.0,2462069.218853439,2462069.217794398,2462069.1854837136,25.0,3258,28.630989836924343,-16.875,0.18478012084960938,10,7,True,0.4532634079339819,False
incl88_j2_node130,0.0,2462070.2007577587,2462070.1996987173,2462070.167388033,25.0,3125,29.999999999999993,-29.53125,-0.03130648657679558,13,7,True,0.5496966189823999,False
incl88_j2_node130,0.0,2462070.2757299948,2462070.2746709534,2462070.242360269,25.0,6196,0.0,-32.34375000000006,0.4536593556404114,13,7,True,0.5569354585918875,False
incl88_j2_node130,0.0,2462071.1713795504,2462071.170320509,2462071.138009825,25.0,8112,-18.209956864283015,-45.0,0.483855277299881,11,4,True,0.6412502857202684,False
incl88_j2_node130,0.0,2462071.256509685,2462071.2554506436,2462071.2231399594,25.0,6576,-3.583321698471977,-45.0,0.00031085891532711685,13,7,True,0.6490183723587173,False
incl88_j2_node130,0.0,2462071.26478315,2462071.2637241087,2462071.2314134245,25.0,2864,32.79716829582364,-43.59375,0.10068578273057938,14,7,True,0.6497707506499452,False
incl88_j2_node130,0.0,2462097.191008144,2462097.1899491027,2462097.1576384185,25.0,4662,14.477512185929925,-26.71875,-0.33783167600631714,9,6,True,0.28255300350726825,False
incl88_j2_node130,0.0,2462098.1714800345,2462098.170420993,2462098.138110309,25.0,5169,9.594068226860458,-40.78125,0.538327693939209,11,7,True,0.37351012454715793,False
incl88_j2_node130,0.0,2462098.248643814,2462098.2475847728,2462098.2152740886,25.0,7345,-10.806922874860348,-42.18750000000006,0.0921885147690773,10,6,True,0.3808168187205889,False
incl88_j2_node130,0.0,2462098.2579225046,2462098.256863463,2462098.224552779,25.0,3121,29.999999999999993,-40.78125,0.307567298412323,9,4,True,0.3816963803957835,False
incl88_j2_node130,0.0,2462099.23106096,2462099.2300019185,2462099.1976912343,25.0,6956,-7.180755781458288,-54.84375,-0.0854615718126297,12,7,True,0.4745665996963465,False
incl88_j2_node130,0.0,2462099.3079867484,2462099.306927707,2462099.274617023,25.0,9132,-28.630989836924357,-56.25,-0.5947803258895874,13,4,True,0.4819174827299257,False
incl88_j2_node130,0.0,2462125.1718836497,2462125.1708246083,2462125.138513924,25.0,2355,38.68218745348943,-35.15625,-0.38822805881500244,5,3,True,0.13622824056545502,False
incl88_j2_node130,0.0,2462145.608487637,2462145.6074285954,2462145.575117911,25.0,8146,-19.47122063449069,52.03125,-0.4985923171043396,10,5,True,0.32915990991933264,False
incl88_j2_node130,0.0,2462145.6188128353,2462145.617753794,2462145.5854431097,25.0,3411,25.944479772370002,53.4375,-0.11149359494447708,11,7,True,0.328066170595842,False
incl88_j2_node130,0.0,2462172.5240719654,2462172.523012924,2462172.49070224,25.0,6484,-3.583321698471977,56.25,0.13911768794059753,13,6,True,0.601178216621752,False
incl88_j2_node130,0.0,2462172.6010909663,2462172.600031925,2462172.5677212407,25.0,8659,-24.62431835216408,54.84375,-0.3613307774066925,15,7,True,0.5925525680916295,False
incl88_j2_node130,0.0,2462172.6119896485,2462172.610930607,2462172.578619923,25.0,3668,23.31795706533424,56.25,0.12116086483001709,16,7,True,0.5913307026252135,False
incl88_j2_node130,0.0,2462173.595102044,2462173.5940430025,2462173.5617323183,25.0,3023,29.999999999999993,43.59375,0.12031771242618561,13,7,True,0.4808542409804316,False
incl88_j2_node130,0.0,2462174.6428752444,2462174.641816203,2462174.609505519,25.0,9929,-38.68218745348943,26.71875,-0.055465638637542725,9,6,True,0.3666550356351416,False
incl88_j2_node130,0.0,2462174.660465679,2462174.659406638,2462174.6270959536,25.0,2250,38.68218745348943,29.53125,0.5057752728462219,6,5,True,0.36480238626058187,False
incl88_j2_node140,0.0,2461535.2570044054,2461535.255945364,2461535.22363468,25.0,1749,44.993880150457116,28.5,0.303198903799057,4,3,True,0.1427741871692008,False
incl88_j2_node140,0.0,2461535.2708086222,2461535.269749581,2461535.2374388967,25.0,7755,-15.713861048008212,30.9375,0.5021480917930603,5,5,True,0.14390702749927237,False
incl88_j2_node140,0.0,2461536.259062985,2461536.2580039436,2461536.2256932594,25.0,10434,-44.99388015045713,19.5,0.515046238899231,8,4,True,0.23387415177254986,False
incl88_j2_node140,0.0,2461537.3146722172,2461537.313613176,2461537.2813024917,25.0,7233,-10.806922874860348,2.8125,-0.40380313992500305,11,7,True,0.3448473855907301,False
incl88_j2_node140,0.0,2461538.292182874,2461538.2911238326,2461538.2588131484,25.0,5436,7.180755781458274,-9.84375,0.4735054075717926,13,7,True,0.4548937979184491,False
incl88_j2_node140,0.0,2461538.366814951,2461538.3657559096,2461538.3334452254,25.0,2363,38.68218745348943,-12.65625,-0.011959710158407688,11,5,True,0.4634039630657356,False
incl88_j2_node140,0.0,2461539.2709763185,2461539.269917277,2461539.237606593,25.0,4151,19.47122063449069,-23.90625,-0.18574395775794983,12,6,True,0.5659125858011425,False
incl88_j2_node140,0.0,2461539.3469760255,2461539.345916984,2461539.3136063,25.0,1851,44.993880150457116,-25.5,0.3488426208496094,15,7,True,0.5744007706120708,False
incl88_j2_node140,0.0,2461539.3622080446,2461539.3611490033,2461539.328838319,25.0,8503,-22.02431283704216,-23.90625,-0.45620280504226685,15,7,True,0.5760982804406573,False
incl88_j2_node140,0.0,2461565.288673612,2461565.2876145705,2461565.2553038863,25.0,6717,-4.780191847199163,-7.03125,-0.288556843996048,3,3,True,0.21273000264375153,False
incl88_j2_node140,0.0,2461567.323780781,2461567.3227217398,2461567.2904110556,25.0,2355,38.68218745348943,-35.15625,0.1866127997636795,9,5,True,0.4302815886651789,False
incl88_j2_node140,0.0,2461568.3057196834,2461568.304660642,2461568.272349958,25.0,2479,37.16889965599944,-47.81250000000006,0.38344213366508484,13,7,True,0.5398896529780481,False
incl88_j2_node140,0.0,2461568.3203666345,2461568.319307593,2461568.286996909,25.0,9007,-27.27961273597809,-46.40625,-0.40628737211227417,10,6,True,0.5415028874194419,False
incl88_j2_node140,0.0,2461596.2793067936,2461596.278247752,2461596.245937068,25.0,1840,44.993880150457116,-58.5,0.02214043401181698,4,1,True,0.3925145309523807,False
incl88_j2_node140,0.0,2461615.5140014794,2461615.512942438,2461615.480631754,25.0,6865,-7.180755781458288,49.21875,-0.24714714288711548,9,5,True,0.25917484659470935,False
incl88_j2_node140,0.0,2461616.57247455,2461616.5714155086,2461616.5391048244,25.0,4556,14.477512185929925,35.15625,0.42900335788726807,7,4,True,0.15982047354597978,False
incl88_j2_node140,0.0,2461642.422990291,2461642.4219312496,2461642.3896205653,25.0,5459,5.979156796301311,53.4375,0.11113152652978897,11,5,True,0.5209525722015016,False
incl88_j2_node140,0.0,2461642.4990054015,2461642.49794636,2461642.465635676,25.0,2898,31.38816646434855,50.625,-0.5820055603981018,12,7,True,0.512686573088951,False
incl88_j2_node140,0.0,2461642.5132841105,2461642.512225069,2461642.479914385,25.0,9299,-31.388166464348544,53.4375,-0.10947152972221375,12,7,True,0.5111313669494626,False
incl88_j2_node140,0.0,2461642.5890386417,2461642.5879796003,2461642.555668916,25.0,6610,-4.780191847199163,52.03125,0.5204352736473083,14,5,True,0.5028679085187348,False
incl88_j2_node140,0.0,2461643.481534068,2461643.4804750266,2461643.4481643424,25.0,3277,27.27961273597809,37.96875,-0.4830547273159027,13,7,True,0.4046620101579234,False
incl88_j2_node140,0.0,2461643.4958552397,2461643.4947961983,2461643.462485514,25.0,9678,-35.68533471265205,40.78125,-0.00895813386887312,13,7,True,0.4030848460531211,False
incl88_j2_node140,0.0,2461643.5706231478,2461643.5695641064,2461643.537253422,25.0,6605,-4.780191847199163,37.96875,-0.5632615685462952,11,6,True,0.39485627940886936,False
incl88_j2_node140,0.0,2461644.5475637303,2461644.546504689,2461644.5141940047,25.0,4425,15.713861048008212,25.3125,0.4036310613155365,12,7,True,0.28931603364094893,False
incl88_j2_node140,0.0,2461646.5966632236,2461646.595604182,2461646.563293498,25.0,6463,-2.388015463268786,-1.40625,0.1382024735212326,3,2,True,0.10146682618266258,False
incl88_j2_node140,0.0,2461671.45396454,2461671.4529054984,2461671.4205948142,25.0,2122,40.228184728061095,28.125,0.013495255261659622,14,7,True,0.5545928473102129,False
incl88_j2_node140,0.0,2461671.4690136015,2461671.46795456,2461671.435643876,25.0,8779,-25.944479772370016,30.9375,0.318179726600647,14,7,True,0.5529293539171246,False
incl88_j2_node140,0.0,2461671.5440936387,2461671.5430345973,2461671.510723913,25.0,5706,3.5833216984719627,28.125,-0.3627162575721741,15,7,True,0.5446135899383321,False
incl88_j2_node140,0.0,2461672.454211394,2461672.4531523525,2461672.4208416683,25.0,10182,-41.81031489577862,18.28125,-0.07175087928771973,10,5,True,0.4424280727797131,False
incl88_j2_node140,0.0,2461672.529234139,2461672.5281750974,2461672.495864413,25.0,7365,-12.024699180565818,15.46875,-0.5390630960464478,12,7,True,0.43396557818948117,False
incl88_j2_node140,0.0,2461672.6058456786,2461672.6047866372,2461672.572475953,25.0,4933,10.806922874860334,14.0625,-0.13343755900859833,13,5,True,0.42532999084697354,False
incl88_j2_node140,0.0,2461673.5018926286,2461673.5008335873,2461673.468522903,25.0,3264,27.27961273597809,1.40625,-0.265668660402298,9,5,True,0.3257521086501327,False
incl88_j2_node140,0.0,2461673.516213664,2461673.5151546225,2461673.4828439383,25.0,9665,-35.68533471265205,4.21875,0.18871912360191345,12,7,True,0.32419586123070265,False
incl88_j2_node140,0.0,2461673.592074737,2461673.5910156956,2461673.5587050114,25.0,7104,-9.594068226860458,1.40625,-0.4709019064903259,9,6,True,0.3159780509117452,False
incl88_j2_node140,0.0,2461674.569587443,2461674.5685284017,2461674.5362177175,25.0,5308,8.385538647081319,-11.25,0.41427385807037354,11,7,True,0.21523618214343332,False
incl88_j2_node140,0.0,2461714.200530849,2461714.1994718076,2461714.1671611234,25.0,7361,-12.024699180565818,4.21875,0.12068869173526764,9,6,True,0.3491439395929674,False
incl88_j2_node140,0.0,2461714.2127786665,2461714.211719625,2461714.179408941,25.0,1986,41.81031489577859,7.03125,-0.4270210862159729,6,3,True,0.35025774489487066,False
incl88_j2_node140,0.0,2461715.185126622,2461715.184067581,2461715.1517568966,25.0,6077,1.1937484371410676,-8.4375,0.24483340978622437,11,7,True,0.440262000356447,False
incl88_j2_node140,0.0,2461715.2616505786,2461715.260591537,2461715.228280853,25.0,8508,-22.02431283704216,-9.84375,-0.21820132434368134,8,3,True,0.44743851934781165,False
incl88_j2_node140,0.0,2461715.271959233,2461715.2709001917,2461715.2385895075,25.0,3773,23.31795706533424,-8.4375,-0.05388551205396652,9,3,True,0.44840588211673155,False
incl88_j2_node140,0.0,2461716.242950096,2461716.2418910544,2461716.20958037,25.0,8632,-23.31795706533424,-22.5,-0.5563604235649109,12,7,True,0.5397316450369894,False
incl88_j2_node140,0.0,2461716.2544521163,2461716.253393075,2461716.2210823908,25.0,3384,27.27961273597809,-21.09375,-0.19142498075962067,13,7,True,0.5408110228630452,False
incl88_j2_node140,0.0,2461717.2245327253,2461717.223473684,2461717.1911629997,25.0,8627,-23.31795706533424,-36.5625,0.4407767951488495,14,7,True,0.630829581878015,False
incl88_j2_node140,0.0,2461717.3041766556,2461717.3031176142,2461717.27080693,25.0,9522,-32.79716829582364,-37.96875000000006,0.3312651813030243,18,7,True,0.6380915366482768,False
incl88_j2_node140,0.0,2461717.315498831,2461717.31443979,2461717.2821291056,25.0,4403,16.957763300004146,-35.15625,-0.5859810709953308,18,7,True,0.639121823036328,False
incl88_j2_node140,0.0,2461742.176177373,2461742.175118332,2461742.1428076476,25.0,7358,-10.806922874860348,-5.625,0.21300318837165833,6,3,True,0.19039780752654378,False
incl88_j2_node140,0.0,2461743.170100151,2461743.1690411097,2461743.1367304255,25.0,1978,43.406858485936986,-15.9677419354839,-0.16677165031433105,10,7,True,0.26939238081986305,False
incl88_j2_node140,0.0,2461744.227762123,2461744.2267030817,2461744.1943923975,25.0,4277,18.209956864283,-30.9375,-0.4905718266963959,10,7,True,0.36175135749886533,False
incl88_j2_node140,0.0,2461745.195703902,2461745.1946448605,2461745.1623341762,25.0,10287,-41.81031489577862,-46.40625,-0.27837714552879333,13,7,True,0.4512466896153223,False
incl88_j2_node140,0.0,2461745.2087778673,2461745.207718826,2461745.1754081417,25.0,4528,15.713861048008212,-45.0,0.46055319905281067,12,7,True,0.4524769987042245,False
incl88_j2_node140,0.0,2461745.2853750708,2461745.2843160294,2461745.252005345,25.0,6959,-7.180755781458288,-46.40625,0.029841434210538864,13,6,True,0.45969347681160816,False
incl88_j2_node140,0.0,2461746.183222328,2461746.1821632865,2461746.1498526023,25.0,7851,-15.713861048008212,-59.0625,0.4774405062198639,14,7,True,0.5449748770641807,False
incl88_j2_node140,0.0,2461746.2694125404,2461746.268353499,2461746.236042815,25.0,5803,3.5833216984719627,-59.0625,0.06781624257564545,15,7,True,0.5531881707626449,False
incl88_j2_node140,0.0,2461746.3575347452,2461746.356475704,2461746.3241650197,25.0,2987,31.38816646434855,-59.0625,0.02964562363922596,11,3,True,0.5615827314094659,False
incl88_j2_node140,0.0,2461772.196530947,2461772.1954719056,2461772.1631612214,25.0,7345,-10.806922874860348,-42.18750000000006,-0.05096091702580452,9,6,True,0.20061927227612605,False
incl88_j2_node140,0.0,2461773.178947495,2461773.1778884535,2461773.1455777693,25.0,6956,-7.180755781458288,-54.84375,-0.24592530727386475,11,7,True,0.2795434620233459,False
incl88_j2_node140,0.0,2461773.1883628005,2461773.187303759,2461773.154993075,25.0,2733,34.228866327812575,-53.43750000000006,-0.08525332808494568,12,7,True,0.2803427980539822,False
incl88_j2_node140,0.0,2461773.266237756,2461773.2651787144,2461773.23286803,25.0,4396,16.957763300004146,-54.84375,-0.48422491550445557,7,3,True,0.2869831111674116,False
incl88_j2_node140,0.0,2461819.642330104,2461819.6412710627,2461819.6089603784,25.0,6226,-1.1937484371410818,50.625,0.32709673047065735,8,5,True,0.41877265687350707,False
incl88_j2_node140,0.0,2461847.6081020497,2461847.6070430083,2461847.574732324,25.0,10317,-43.40685848593699,39.19354838709677,0.1180468201637268,10,6,True,0.5888233533321573,False
incl88_j2_node140,0.0,2461847.6274883403,2461847.626429299,2461847.5941186147,25.0,1999,41.81031489577859,43.59375,-0.4869929254055023,7,4,True,0.5868625044062373,False
incl88_j2_node140,0.0,2461848.5987520204,2461848.597692979,2461848.565382295,25.0,6474,-3.583321698471977,28.125,-0.021251322701573372,6,3,True,0.48903120959199775,False
incl88_j2_node140,0.0,2461890.2732994,2461890.272240359,2461890.2399296747,25.0,4678,13.24801490567694,16.875,0.004237307235598564,6,5,True,0.1638514114894757,False
incl88_j2_node140,0.0,2461891.254615368,2461891.2535563265,2461891.2212456423,25.0,4545,14.477512185929925,4.21875,0.35296720266342163,9,5,True,0.25011597122440804,False
incl88_j2_node140,0.0,2461892.244794751,2461892.2437357097,2461892.2114250255,25.0,8637,-23.31795706533424,-8.4375,-0.5863162875175476,10,4,True,0.3503898859881919,False
incl88_j2_node140,0.0,2461892.3207537318,2461892.3196946904,2461892.287384006,25.0,5948,2.388015463268772,-9.84375,-0.05768971145153046,11,7,True,0.3585098377781555,False
incl88_j2_node140,0.0,2461893.2966852216,2461893.2956261802,2461893.263315496,25.0,3383,27.27961273597809,-23.90625,-0.21031495928764343,13,7,True,0.46647893977705296,False
incl88_j2_node140,0.0,2461893.311686595,2461893.3106275536,2461893.2783168694,25.0,10040,-38.68218745348943,-21.09375,0.030900752171874046,13,7,True,0.46817670678382683,False
incl88_j2_node140,0.0,2461894.2803410385,2461894.279281997,2461894.246971313,25.0,4275,18.209956864283,-36.5625,-0.2661065459251404,14,7,True,0.5784153376950611,False
incl88_j2_node140,0.0,2461894.356406799,2461894.3553477577,2461894.3230370735,25.0,1970,43.406858485936986,-39.19354838709677,-0.45345041155815125,16,7,True,0.5870361214614371,False
incl88_j2_node140,0.0,2461894.3709953334,2461894.369936292,2461894.337625608,25.0,8371,-20.74237995448715,-36.5625,-0.5152111649513245,17,7,True,0.5886874084412979,False
incl88_j2_node140,0.0,2461920.2953080833,2461920.294249042,2461920.2619383577,25.0,5561,5.979156796301311,-19.6875,-0.007312198169529438,5,4,True,0.22703188458343293,False
incl88_j2_node140,0.0,2461921.2798928744,2461921.278833833,2461921.246523149,25.0,6964,-7.180755781458288,-32.34375000000006,-0.13117867708206177,10,5,True,0.3277396252769011,False
incl88_j2_node140,0.0,2461922.3317862684,2461922.330727227,2461922.298416543,25.0,1967,43.406858485936986,-47.90322580645159,0.32547804713249207,9,5,True,0.4452724918949622,False
incl88_j2_node140,0.0,2461922.346076563,2461922.3450175216,2461922.3127068374,25.0,8239,-19.47122063449069,-46.40625,-0.5448271632194519,6,4,True,0.4469084093183572,False
incl88_j2_node140,0.0,2461941.563129593,2461941.562070552,2461941.5297598676,25.0,5461,5.979156796301311,59.0625,-0.13675472140312195,3,1,True,0.1557070591355796,False
incl88_j2_node140,0.0,2461969.5440031495,2461969.542944108,2461969.510633424,25.0,8018,-18.209956864283015,50.625,0.32131722569465637,9,6,True,0.29113258394556635,False
incl88_j2_node140,0.0,2461996.448265951,2461996.44720691,2461996.4148962256,25.0,4435,15.713861048008212,53.4375,0.08165243268013,14,7,True,0.5554241872265324,False
incl88_j2_node140,0.0,2461996.523765028,2461996.5227059866,2461996.4903953024,25.0,1877,43.406858485936986,50.80645161290323,-0.0779387503862381,14,7,True,0.5479701143708624,False
incl88_j2_node140,0.0,2461996.5383529244,2461996.537293883,2461996.504983199,25.0,8275,-20.74237995448715,53.4375,-0.14505533874034882,16,7,True,0.5465268979971898,False
incl88_j2_node140,0.0,2461997.513320129,2461997.5122610875,2461997.4799504033,25.0,5198,8.385538647081319,39.375,-0.18877744674682617,12,7,True,0.448468044696047,False
incl88_j2_node140,0.0,2461997.5889179576,2461997.5878589163,2461997.555548232,25.0,2509,35.68533471265204,37.96875,0.5151241421699524,12,4,True,0.4407813154841398,False
incl88_j2_node140,0.0,2461998.49464067,2461998.4935816284,2461998.461270944,25.0,5065,9.594068226860458,26.71875,0.16679085791110992,11,7,True,0.34887285816578417,False
incl88_j2_node140,0.0,2461998.570500995,2461998.5694419537,2461998.5371312695,25.0,2504,35.68533471265204,23.90625,-0.3722385764122009,9,6,True,0.34124703300462517,False
incl88_j2_node140,0.0,2461998.585439977,2461998.5843809354,2461998.552070251,25.0,9161,-30.000000000000014,26.71875,-0.2047634720802307,9,4,True,0.33974765599646295,False
incl88_j2_node140,0.0,2461999.559668288,2461999.5586092467,2461999.5262985625,25.0,5828,2.388015463268772,12.65625,-0.0902867317199707,10,7,True,0.2444998156329926,False
incl88_j2_node140,0.0,2462025.4035021733,2462025.402443132,2462025.3701324477,25.0,3659,23.31795706533424,30.9375,0.5894709229469299,14,7,True,0.6163791042833126,False
incl88_j2_node140,0.0,2462025.4175925255,2462025.416533484,2462025.3842228,25.0,9931,-38.68218745348943,32.34375,-0.343511700630188,15,7,True,0.6149921696344924,False
incl88_j2_node140,0.0,2462025.493614405,2462025.4925553636,2462025.4602446794,25.0,7499,-13.248014905676953,30.9375,0.37551701068878174,14,7,True,0.6074841102893553,False
incl88_j2_node140,0.0,2462025.568254681,2462025.5671956395,2462025.5348849553,25.0,4170,18.209956864283,28.125,-0.2035921812057495,18,7,True,0.600072284678429,False
incl88_j2_node140,0.0,2462026.4623246207,2462026.4612655793,2462026.428954895,25.0,1865,43.406858485936986,15.967741935483872,0.5651290416717529,14,7,True,0.5086984270587409,False
incl88_j2_node140,0.0,2462026.4766217913,2462026.47556275,2462026.4432520657,25.0,8134,-19.47122063449069,18.28125,0.44256773591041565,14,7,True,0.5072059713549434,False
incl88_j2_node140,0.0,2462026.5518061793,2462026.550747138,2462026.518436454,25.0,5061,9.594068226860458,15.46875,-0.21532703936100006,15,7,True,0.4993456071337445,False
incl88_j2_node140,0.0,2462027.5274648443,2462027.526405803,2462027.4940951187,25.0,2496,35.68533471265204,1.40625,-0.16434212028980255,12,7,True,0.39629478315287175,False
incl88_j2_node140,0.0,2462027.5424044398,2462027.5413453984,2462027.509034714,25.0,9153,-30.000000000000014,4.21875,0.013201428577303886,12,7,True,0.39471376668897956,False
incl88_j2_node140,0.0,2462028.515545208,2462028.5144861666,2462028.4821754824,25.0,5436,7.180755781458274,-9.84375,0.32738739252090454,9,5,True,0.29315210453346746,False
incl88_j2_node140,0.0,2462028.5894669914,2462028.58840795,2462028.556097266,25.0,2107,41.81031489577859,-12.65625,0.1084868460893631,9,6,True,0.2856302513463007,False
incl88_j2_node140,0.0,2462028.6045762897,2462028.6035172483,2462028.571206564,25.0,8764,-24.62431835216408,-9.84375,0.2286035567522049,8,5,True,0.2840975784473746,False
incl88_j2_node140,0.0,2462029.581110443,2462029.5800514016,2462029.5477407174,25.0,6455,-2.388015463268786,-23.90625,-0.008549303747713566,10,7,True,0.18960240654710886,False
incl88_j2_node140,0.0,2462069.2048890437,2462069.2038300023,2462069.171519318,25.0,9532,-32.79716829582364,-9.84375,0.5814197659492493,11,7,True,0.4518778625008172,False
incl88_j2_node140,0.0,2462069.2173621547,2462069.2163031134,2462069.183992429,25.0,3901,22.02431283704216,-7.03125,0.021651867777109146,10,7,True,0.45311545421966365,False
incl88_j2_node140,0.0,2462070.199845941,2462070.1987868994,2462070.1664762152,25.0,3513,25.944479772370002,-19.6875,-0.11086153239011765,13,7,True,0.5496084328282164,False
incl88_j2_node140,0.0,2462070.275467951,2462070.2744089095,2462070.2420982253,25.0,6328,-1.1937484371410818,-22.5,0.568359911441803,13,7,True,0.5569101978590982,False
incl88_j2_node140,0.0,2462071.1730821114,2462071.17202307,2462071.139712386,25.0,7348,-10.806922874860348,-33.75000000000006,-0.41586679220199585,12,5,True,0.6414061265183557,False
incl88_j2_node140,0.0,2462071.249548242,2462071.2484892006,2462071.2161785164,25.0,9651,-34.22886632781257,-36.5625,0.24199606478214264,14,7,True,0.6483849681262959,False
incl88_j2_node140,0.0,2462071.2589636664,2462071.257904625,2462071.225593941,25.0,5427,7.180755781458274,-35.15625,0.5446966886520386,13,7,True,0.6492415838914372,False
incl88_j2_node140,0.0,2462097.183296276,2462097.1822372344,2462097.14992655,25.0,8249,-19.47122063449069,-18.28125,-0.06408903747797012,9,6,True,0.2818562994474633,False
incl88_j2_node140,0.0,2462098.1657429305,2462098.164683889,2462098.132373205,25.0,7861,-15.713861048008212,-30.9375,-0.23150183260440826,11,7,True,0.37296746895524663,False
incl88_j2_node140,0.0,2462098.178106639,2462098.1770475977,2462098.1447369135,25.0,2357,38.68218745348943,-29.53125,0.46774035692214966,12,7,True,0.3741370184097963,False
incl88_j2_node140,0.0,2462098.2433236125,2462098.242264571,2462098.209953887,25.0,9652,-34.22886632781257,-33.75000000000006,0.5425823330879211,9,6,True,0.38031257359121273,False
incl88_j2_node140,0.0,2462099.160773404,2462099.1597143626,2462099.1274036784,25.0,1969,43.406858485936986,-42.096774193548356,0.36667579412460327,11,5,True,0.46784675108723295,False
incl88_j2_node140,0.0,2462099.242581528,2462099.241522487,2462099.2092118026,25.0,1969,43.406858485936986,-42.096774193548356,-0.41748496890068054,12,7,True,0.4756677519290884,False
incl88_j2_node140,0.0,2462099.3067132803,2462099.305654239,2462099.2733435547,25.0,9647,-34.22886632781257,-47.81250000000006,0.5428455471992493,13,4,True,0.48179583277954274,False
incl88_j2_node140,0.0,2462100.2220780933,2462100.221019052,2462100.1887083678,25.0,2732,34.228866327812575,-56.25,0.03230452537536621,14,7,True,0.5685401661673316,False
incl88_j2_node140,0.0,2462100.2941866303,2462100.293127589,2462100.2608169047,25.0,7083,-8.385538647081319,-59.0625,0.04354957863688469,16,7,True,0.575283076709873,False
incl88_j2_node140,0.0,2462125.1641841554,2462125.163125114,2462125.13081443,25.0,5686,4.780191847199163,-26.71875,-0.5234386324882507,4,2,True,0.13569716640629575,False
incl88_j2_node140,0.0,2462126.2187042804,2462126.217645239,2462126.185334555,25.0,9649,-34.22886632781257,-42.18750000000006,-0.5891602039337158,6,3,True,0.21485692168988219,False
incl88_j2_node140,0.0,2462127.214582613,2462127.213523572,2462127.1812128876,25.0,3245,28.630989836924343,-53.43750000000006,0.11499705165624619,12,7,True,0.29905815260913426,False
incl88_j2_node140,0.0,2462146.668195889,2462146.6671368475,2462146.6348261633,25.0,9680,-35.68533471265205,46.40625,0.2603088617324829,3,3,True,0.22329230609186282,False
incl88_j2_node140,0.0,2462173.5960721043,2462173.595013063,2462173.5627023787,25.0,2643,34.228866327812575,53.4375,0.36731573939323425,13,7,True,0.480745909393224,False
incl88_j2_node140,0.0,2462173.659860063,2462173.6588010215,2462173.6264903373,25.0,10444,-44.99388015045713,49.5,-0.14237843453884125,8,5,True,0.4736295729210102,False
incl88_j2_node140,0.0,2462174.656987445,2462174.6559284036,2462174.6236177194,25.0,3662,23.31795706533424,39.375,-0.06282240897417068,7,5,True,0.36516854231361445,False
incl88_j2_node150,0.0,2461535.2569959112,2461535.25593687,2461535.2236261857,25.0,1752,44.993880150457116,37.5,-0.3805927634239197,4,3,True,0.14277349167989545,True
incl88_j2_node150,0.0,2461535.2746864865,2461535.273627445,2461535.241316761,25.0,9422,-32.79716829582364,40.78125,-0.2683326005935669,5,4,True,0.1442259899219865,True
incl88_j2_node150,0.0,2461537.3089279896,2461537.307868948,2461537.275558264,25.0,4548,14.477512185929925,12.65625,0.24199987947940826,12,7,True,0.34421495957885284,False
incl88_j2_node150,0.0,2461538.286987912,2461538.2859288706,2461538.2536181863,25.0,3135,29.999999999999993,-1.40625,-0.21258988976478577,13,7,True,0.4543015686398981,False
incl88_j2_node150,0.0,2461538.303679646,2461538.3026206046,2461538.2703099204,25.0,10304,-43.40685848593699,1.4516129032257936,-0.15913745760917664,13,7,True,0.45620452240974096,True
incl88_j2_node150,0.0,2461539.274321863,2461539.2732628216,2461539.2409521374,25.0,5691,4.780191847199163,-12.65625,0.5626461505889893,13,7,True,0.5662868586403548,False
incl88_j2_node150,0.0,2461539.350997969,2461539.3499389277,2461539.3176282435,25.0,3386,27.27961273597809,-15.46875,-0.3258630335330963,15,7,True,0.5748490979683667,False
incl88_j2_node150,0.0,2461565.277358848,2461565.276299807,2461565.2439891226,25.0,1740,44.993880150457116,1.5,0.18179520964622498,3,2,True,0.21163375866484277,False
incl88_j2_node150,0.0,2461566.2730335877,2461566.2719745464,2461566.239663862,25.0,7996,-16.957763300004146,-9.84375,-0.513617992401123,9,4,True,0.3140743572181476,False
incl88_j2_node150,0.0,2461567.333660565,2461567.3326015235,2461567.3002908393,25.0,6711,-4.780191847199163,-23.90625,-0.13829873502254486,7,4,True,0.4313898631490322,False
incl88_j2_node150,0.0,2461568.318305254,2461568.3172462126,2461568.2849355284,25.0,8115,-18.209956864283015,-36.5625,-0.26099464297294617,11,7,True,0.5412758847163874,False
incl88_j2_node150,0.0,2461569.2963071642,2461569.295248123,2461569.2629374387,25.0,6446,-2.388015463268786,-49.21875000000006,0.572243332862854,13,7,True,0.6459332355369198,False
incl88_j2_node150,0.0,2461596.287361217,2461596.286302176,2461596.2539914916,25.0,5167,9.594068226860458,-46.40625,0.5634496212005615,4,2,True,0.3933911943963598,False
incl88_j2_node150,0.0,2461615.5120978346,2461615.5110387933,2461615.478728109,25.0,5973,1.1937484371410676,59.0625,-0.13734526932239532,9,5,True,0.2593650128143966,False
incl88_j2_node150,0.0,2461616.5776657956,2461616.576606754,2461616.54429607,25.0,6992,-8.385538647081319,45.0,-0.44856196641921997,6,3,True,0.1593711980302573,False
incl88_j2_node150,0.0,2461643.4882817953,2461643.487222754,2461643.4549120697,25.0,6353,-2.388015463268786,49.21875,-0.31990569829940796,13,7,True,0.4039188561425209,False
incl88_j2_node150,0.0,2461643.5670816796,2461643.566022638,2461643.533711954,25.0,4945,10.806922874860334,47.8125,-0.21409232914447784,12,7,True,0.3952458160359993,False
incl88_j2_node150,0.0,2461644.54612951,2461644.5450704684,2461644.5127597842,25.0,3788,22.02431283704216,35.15625,0.4566556513309479,12,7,True,0.28946671569951377,False
incl88_j2_node150,0.0,2461646.5980244377,2461646.5969653963,2461646.564654712,25.0,6979,-8.385538647081319,8.4375,-0.2086927741765976,4,2,True,0.10136683547426346,False
incl88_j2_node150,0.0,2461671.4595411187,2461671.4584820773,2461671.426171393,25.0,4430,15.713861048008212,39.375,0.20005615055561066,14,7,True,0.553976578208683,False
incl88_j2_node150,0.0,2461671.5374583476,2461671.5363993063,2461671.504088622,25.0,2765,32.79716829582364,37.96875,0.4706496298313141,15,7,True,0.545349585698911,False
incl88_j2_node150,0.0,2461671.5544226794,2461671.553363638,2461671.521052954,25.0,10190,-41.81031489577862,40.78125,0.3779439330101013,15,7,True,0.5434674632879333,False
incl88_j2_node150,0.0,2461672.5267726514,2461672.52571361,2461672.493402926,25.0,6217,-1.1937484371410818,25.3125,-0.3549419939517975,12,7,True,0.4342431558553371,False
incl88_j2_node150,0.0,2461672.605011023,2461672.6039519818,2461672.5716412975,25.0,4552,14.477512185929925,23.90625,-0.1631060093641281,13,5,True,0.4254240274498726,False
incl88_j2_node150,0.0,2461673.5053664073,2461673.504307366,2461673.4719966818,25.0,4804,12.024699180565818,12.65625,0.381615549325943,10,5,True,0.3253744997016151,False
incl88_j2_node150,0.0,2461673.583392442,2461673.582333401,2461673.5500227166,25.0,3140,28.630989836924343,11.25,0.5974564552307129,11,7,True,0.3169163163117399,False
incl88_j2_node150,0.0,2461673.5997654214,2461673.59870638,2461673.566395696,25.0,10308,-43.40685848593699,13.064516129032256,-0.19689321517944336,10,6,True,0.3151474654923526,False
incl88_j2_node150,0.0,2461674.5786295407,2461674.5775704994,2461674.545259815,25.0,9280,-31.388166464348544,0.0,0.2339283674955368,12,7,True,0.21435963664034566,False
incl88_j2_node150,0.0,2461700.4262817334,2461700.425222692,2461700.392912008,25.0,8902,-27.27961273597809,18.28125,0.35550498962402344,14,7,True,0.5919613734143218,False
incl88_j2_node150,0.0,2461700.5029579,2461700.5018988587,2461700.4695881745,25.0,6597,-4.780191847199163,15.46875,-0.5309236645698547,13,7,True,0.5834233276382423,False
incl88_j2_node150,0.0,2461700.5812145323,2461700.580155491,2461700.5478448067,25.0,4933,10.806922874860334,14.0625,-0.3486725687980652,18,7,True,0.5746764328861282,False
incl88_j2_node150,0.0,2461701.4766437965,2461701.475584755,2461701.443274071,25.0,3008,29.999999999999993,1.40625,-0.3491089344024658,13,7,True,0.4731296939461868,True
incl88_j2_node150,0.0,2461701.4933371088,2461701.4922780674,2461701.459967383,25.0,10305,-43.40685848593699,4.354838709677409,-0.204633891582489,14,7,True,0.47122618372850683,True
incl88_j2_node150,0.0,2461701.571778036,2461701.570718995,2461701.5384083106,25.0,9025,-28.630989836924357,2.8125,0.01135143730789423,14,7,True,0.46228418529845355,False
incl88_j2_node150,0.0,2461702.5460468694,2461702.544987828,2461702.512677144,25.0,5820,3.5833216984719627,-11.25,0.044842157512903214,12,7,True,0.35271099635547376,False
incl88_j2_node150,0.0,2461702.6242353986,2461702.6231763572,2461702.590865673,25.0,4155,19.47122063449069,-12.65625,0.23929771780967712,11,6,True,0.3441349859575064,False
incl88_j2_node150,0.0,2461703.602794125,2461703.601735084,2461703.5694243996,25.0,2870,32.79716829582364,-26.71875,-0.2453799992799759,11,7,True,0.24173788449641803,True
incl88_j2_node150,0.0,2461703.619759022,2461703.6186999804,2461703.586389296,25.0,10295,-41.81031489577862,-23.90625,-0.24956601858139038,9,6,True,0.24006175446873884,True
incl88_j2_node150,0.0,2461714.213498527,2461714.212439486,2461714.1801288016,25.0,1745,44.993880150457116,16.5,0.10628911107778549,6,3,True,0.35032322691945944,True
incl88_j2_node150,0.0,2461715.181005618,2461715.1799465767,2461715.1476358925,25.0,7872,-16.957763300004146,1.40625,-0.20060768723487854,11,7,True,0.4398757610132056,False
incl88_j2_node150,0.0,2461715.2582125515,2461715.25715351,2461715.224842826,25.0,9792,-37.168899655999454,0.0,-0.5976583957672119,9,4,True,0.44711591661484373,True
incl88_j2_node150,0.0,2461716.1700188206,2461716.168959779,2461716.136649095,25.0,4540,15.713861048008212,-11.25,0.5490900874137878,11,5,True,0.5328838420434168,False
incl88_j2_node150,0.0,2461716.245516002,2461716.244456961,2461716.2121462766,25.0,7483,-12.024699180565818,-12.65625,-0.031104696914553642,12,7,True,0.5399724507187394,False
incl88_j2_node150,0.0,2461717.228482134,2461717.227423093,2461717.1951124086,25.0,6839,-5.979156796301311,-25.3125,-0.14738141000270844,14,7,True,0.6311902774162627,False
incl88_j2_node150,0.0,2461717.3044970846,2461717.303438043,2461717.271127359,25.0,9398,-31.388166464348544,-28.125,0.5334048867225647,18,7,True,0.6381207035031758,False
incl88_j2_node150,0.0,2461717.312722881,2461717.3116638395,2461717.2793531553,25.0,5686,4.780191847199163,-26.71875,0.5275009274482727,18,7,True,0.6388692781907525,False
incl88_j2_node150,0.0,2461743.1566575463,2461743.155598505,2461743.1232878207,25.0,7869,-15.713861048008212,-8.4375,-0.1086936965584755,8,5,True,0.2682674525897663,False
incl88_j2_node150,0.0,2461744.217724626,2461744.2166655846,2461744.1843549004,25.0,8888,-25.944479772370016,-22.5,-0.44729888439178467,12,7,True,0.3608438469853197,False
incl88_j2_node150,0.0,2461745.198070622,2461745.1970115807,2461745.1647008965,25.0,9395,-31.388166464348544,-36.5625,0.29987674951553345,13,7,True,0.4514693867909691,False
incl88_j2_node150,0.0,2461745.20849822,2461745.2074391786,2461745.1751284944,25.0,4659,14.477512185929925,-35.15625,0.5670872926712036,12,7,True,0.4524506803296525,False
incl88_j2_node150,0.0,2461745.2958018663,2461745.294742825,2461745.2624321408,25.0,2355,38.68218745348943,-35.15625,0.4236321747303009,14,6,True,0.46067690321385374,False
incl88_j2_node150,0.0,2461746.192098859,2461746.191039818,2461746.1587291337,25.0,3759,23.31795706533424,-47.81250000000006,0.5448179841041565,14,7,True,0.5458208176701687,False
incl88_j2_node150,0.0,2461746.2669692747,2461746.2659102334,2461746.233599549,25.0,6958,-7.180755781458288,-49.21875000000006,-0.12946148216724396,14,7,True,0.5529553746219593,False
incl88_j2_node150,0.0,2461746.3416016223,2461746.340542581,2461746.3082318967,25.0,10029,-38.68218745348943,-52.03125,0.24452492594718933,14,5,True,0.5600652374758914,False
incl88_j2_node150,0.0,2461772.1927910843,2461772.191732043,2461772.1594213587,25.0,9012,-27.27961273597809,-32.34375000000006,-0.4502476751804352,9,6,True,0.2003372010146357,False
incl88_j2_node150,0.0,2461772.202006695,2461772.2009476535,2461772.1686369693,25.0,4789,13.24801490567694,-30.9375,-0.4809054732322693,9,6,True,0.20103256372973896,False
incl88_j2_node150,0.0,2461773.1824842454,2461773.181425204,2461773.14911452,25.0,5296,8.385538647081319,-45.0,0.42120006680488586,11,7,True,0.2798436253699423,False
incl88_j2_node150,0.0,2461773.26709819,2461773.2660391484,2461773.233728464,25.0,4016,20.742379954487134,-45.0,-0.2037096917629242,7,3,True,0.2870567738704909,False
incl88_j2_node150,0.0,2461774.248402802,2461774.2473437604,2461774.2150330762,25.0,4139,19.47122063449069,-57.65625000000006,-0.5520948767662048,12,7,True,0.37467147567705705,False
incl88_j2_node150,0.0,2461847.6177008846,2461847.616641843,2461847.584331159,25.0,6226,-1.1937484371410818,50.625,0.5351202487945557,10,6,True,0.5878524876768729,False
incl88_j2_node150,0.0,2461847.6254318343,2461847.624372793,2461847.5920621087,25.0,2770,32.79716829582364,52.03125,0.3206132650375366,7,4,True,0.5870705200169264,False
incl88_j2_node150,0.0,2461848.6054702834,2461848.604411242,2461848.572100558,25.0,3406,25.944479772370002,39.375,-0.21187928318977356,5,2,True,0.4883612708940985,False
incl88_j2_node150,0.0,2461890.268861115,2461890.2678020736,2461890.2354913894,25.0,2761,32.79716829582364,26.71875,0.5140106081962585,8,6,True,0.16349650627219947,False
incl88_j2_node150,0.0,2461891.2526089335,2461891.251549892,2461891.219239208,25.0,3653,23.31795706533424,14.0625,0.4773262143135071,8,4,True,0.24992491131837608,False
incl88_j2_node150,0.0,2461892.2439222564,2461892.242863215,2461892.210552531,25.0,8128,-19.47122063449069,1.40625,-0.5909678339958191,10,4,True,0.3502969039638639,False
incl88_j2_node150,0.0,2461892.322110576,2461892.3210515347,2461892.2887408505,25.0,6464,-3.583321698471977,0.0,-0.4089371860027313,11,7,True,0.3586553765366399,False
incl88_j2_node150,0.0,2461893.3018069137,2461893.3007478723,2461893.268437188,25.0,5691,4.780191847199163,-12.65625,0.17800945043563843,13,7,True,0.4670584989538602,False
incl88_j2_node150,0.0,2461893.379393692,2461893.378334651,2461893.3460239666,25.0,3771,23.31795706533424,-14.0625,0.4596204459667206,10,4,True,0.4758481131066475,False
incl88_j2_node150,0.0,2461894.28978385,2461894.2887248085,2461894.2564141243,25.0,8631,-23.31795706533424,-25.3125,-0.4218917787075043,14,7,True,0.5794864495931746,False
incl88_j2_node150,0.0,2461894.3679157086,2461894.366856667,2461894.334545983,25.0,6966,-7.180755781458288,-26.71875,-0.21496270596981049,17,7,True,0.5883388858544712,False
incl88_j2_node150,0.0,2461920.2955814186,2461920.294522377,2461920.262211693,25.0,5692,4.780191847199163,-9.84375,-0.20840439200401306,5,4,True,0.2270580734802502,False
incl88_j2_node150,0.0,2461921.2832758613,2461921.28221682,2461921.2499061357,25.0,8504,-22.02431283704216,-21.09375,0.5607892274856567,11,6,True,0.32810463678958274,False
incl88_j2_node150,0.0,2461922.339201241,2461922.3381421994,2461922.305831515,25.0,5043,10.806922874860334,-36.5625,0.2934752106666565,7,4,True,0.446121263921725,False
incl88_j2_node150,0.0,2461923.323251688,2461923.3221926466,2461923.2898819624,25.0,6190,0.0,-49.21875000000006,0.26198747754096985,12,7,True,0.5591819543920369,False
incl88_j2_node150,0.0,2461951.301630994,2461951.3005719525,2461951.2682612683,25.0,7595,-13.248014905676953,-59.0625,-0.24352332949638367,6,3,True,0.42018416930812436,False
incl88_j2_node150,0.0,2461997.506776072,2461997.5057170307,2461997.4734063465,25.0,2385,37.16889965599944,47.8125,-0.459955096244812,12,7,True,0.44913319187772205,False
incl88_j2_node150,0.0,2461997.524035424,2461997.5229763826,2461997.4906656984,25.0,9938,-38.68218745348943,52.03125,0.4822808802127838,12,7,True,0.4473788344296425,False
incl88_j2_node150,0.0,2461998.493814178,2461998.4927551365,2461998.4604444522,25.0,4685,13.24801490567694,36.5625,0.12341951578855515,11,7,True,0.3489560436117311,False
incl88_j2_node150,0.0,2461998.571171461,2461998.57011242,2461998.5378017356,25.0,2764,32.79716829582364,35.15625,0.49744728207588196,9,6,True,0.34117973023407355,False
incl88_j2_node150,0.0,2461998.588135734,2461998.587076693,2461998.5547660086,25.0,10189,-41.81031489577862,37.96875,0.3226364552974701,9,4,True,0.3394771859709417,False
incl88_j2_node150,0.0,2461999.5664198785,2461999.565360837,2461999.533050153,25.0,8904,-27.27961273597809,23.90625,0.0820658877491951,9,6,True,0.24386299652427282,False
incl88_j2_node150,0.0,2462025.4118214464,2462025.410762405,2462025.378451721,25.0,7503,-13.248014905676953,42.1875,0.5577723979949951,15,7,True,0.6155603862352483,False
incl88_j2_node150,0.0,2462025.4886933337,2462025.4876342923,2462025.455323608,25.0,5198,8.385538647081319,39.375,-0.41789010167121887,14,7,True,0.60797137117198,False
incl88_j2_node150,0.0,2462025.567392544,2462025.5663335025,2462025.5340228183,25.0,3789,22.02431283704216,37.96875,-0.23304377496242523,18,7,True,0.6001581127747775,False
incl88_j2_node150,0.0,2462026.463045698,2462026.4619866568,2462026.4296759726,25.0,2121,40.228184728061095,25.3125,-0.11654295772314072,14,7,True,0.5086231726589353,False
incl88_j2_node150,0.0,2462026.4806438484,2462026.479584807,2462026.447274123,25.0,9802,-37.168899655999454,28.125,-0.3560777008533478,14,7,True,0.5067859981721685,False
incl88_j2_node150,0.0,2462026.5584218963,2462026.557362855,2462026.5250521707,25.0,8137,-19.47122063449069,26.71875,0.016222072765231133,15,7,True,0.49865301885684793,False
incl88_j2_node150,0.0,2462027.535583626,2462027.5345245847,2462027.5022139004,25.0,6084,0.0,12.65625,-0.3932674527168274,12,7,True,0.3954355600108732,False
incl88_j2_node150,0.0,2462027.6138115963,2462027.612752555,2462027.5804418707,25.0,4420,15.713861048008212,11.25,-0.17580099403858185,10,3,True,0.38716103392295415,False
incl88_j2_node150,0.0,2462028.527407074,2462028.5263480325,2462028.4940373483,25.0,10428,-44.99388015045713,1.5,-0.3571886122226715,11,7,True,0.29194256087265197,False
incl88_j2_node150,0.0,2462028.606759643,2462028.605700602,2462028.5733899176,25.0,9536,-34.22886632781257,0.0,-0.24481552839279175,8,4,True,0.28387625727857196,False
incl88_j2_node150,0.0,2462029.5824750946,2462029.581416053,2462029.549105369,25.0,7099,-8.385538647081319,-14.0625,-0.357077419757843,10,7,True,0.1894781044037837,False
incl88_j2_node150,0.0,2462054.6106237597,2462054.6095647183,2462054.577254034,25.0,5829,2.388015463268772,15.46875,0.38849300146102905,15,6,True,0.6470179412156628,True
incl88_j2_node150,0.0,2462055.4258688157,2462055.4248097744,2462055.39249909,25.0,4545,14.477512185929925,4.21875,0.3529505431652069,12,5,True,0.5629127815161115,True
incl88_j2_node150,0.0,2462055.5050612753,2462055.504002234,2462055.4716915498,25.0,3393,25.944479772370002,2.8125,0.43093636631965637,13,7,True,0.5544973222762,True
incl88_j2_node150,0.0,2462055.521184019,2462055.5201249775,2462055.4878142932,25.0,10429,-44.99388015045713,4.5,-0.5003721117973328,14,7,True,0.5527796781796908,True
incl88_j2_node150,0.0,2462055.5992633863,2462055.598204345,2462055.5658936608,25.0,9025,-28.630989836924357,2.8125,-0.368479460477829,17,7,True,0.5444413666345528,True
incl88_j2_node150,0.0,2462056.4996874626,2462056.498628421,2462056.466317737,25.0,9405,-31.388166464348544,-8.4375,0.08687342703342438,13,7,True,0.44656634258638395,True
incl88_j2_node150,0.0,2462056.5811692835,2462056.580110242,2462056.547799558,25.0,9276,-30.000000000000014,-9.84375,-0.1377791315317154,15,7,True,0.43762323657941393,True
incl88_j2_node150,0.0,2462069.2085029287,2462069.2074438874,2462069.175133203,25.0,7872,-16.957763300004146,1.40625,0.16611450910568237,11,7,True,0.452236452005032,False
incl88_j2_node150,0.0,2462070.191493566,2462070.190434525,2462070.1581238406,25.0,7356,-10.806922874860348,-11.25,0.07230617851018906,12,7,True,0.5488005241108003,False
incl88_j2_node150,0.0,2462070.2672923063,2462070.266233265,2462070.2339225807,25.0,9915,-37.168899655999454,-14.0625,0.5486955642700195,12,7,True,0.5561219399348873,False
incl88_j2_node150,0.0,2462070.2856211686,2462070.284562127,2462070.252251443,25.0,1980,43.406858485936986,-10.161290322580612,0.09761584550142288,13,6,True,0.5578887560316036,False
incl88_j2_node150,0.0,2462071.249222869,2462071.2481638277,2462071.2158531435,25.0,9782,-35.68533471265205,-26.71875,0.36035242676734924,14,7,True,0.6483553513288753,False
incl88_j2_node150,0.0,2462071.2647976256,2462071.2637385842,2462071.2314279,25.0,2871,32.79716829582364,-23.90625,0.2565497159957886,14,7,True,0.649772066885921,False
incl88_j2_node150,0.0,2462097.1882773857,2462097.1872183443,2462097.15490766,25.0,5949,2.388015463268772,-7.03125,-0.5099266767501831,9,6,True,0.28230623447889897,False
incl88_j2_node150,0.0,2462098.16823172,2462098.1671726787,2462098.1348619945,25.0,6712,-4.780191847199163,-21.09375,0.3313215672969818,11,7,True,0.37320285580382884,False
incl88_j2_node150,0.0,2462098.2433414017,2462098.2422823603,2462098.209971676,25.0,9656,-34.22886632781257,-22.5,-0.4280262589454651,9,6,True,0.38031425942103325,False
incl88_j2_node150,0.0,2462099.228285317,2462099.2272262755,2462099.1949155913,25.0,8243,-19.47122063449069,-35.15625,-0.18121467530727386,12,7,True,0.47430128543426164,False
incl88_j2_node150,0.0,2462099.238610559,2462099.237551518,2462099.2052408336,25.0,3508,25.944479772370002,-33.75000000000006,0.04566070809960365,12,7,True,0.47528821058054677,False
incl88_j2_node150,0.0,2462100.2055053096,2462100.2044462683,2462100.172135584,25.0,10030,-38.68218745348943,-49.21875000000006,-0.002904780674725771,14,7,True,0.5669879907150821,False
incl88_j2_node150,0.0,2462100.222415547,2462100.2213565055,2462100.1890458213,25.0,2607,35.68533471265204,-46.40625,0.16132625937461853,14,7,True,0.5685717646784226,False
incl88_j2_node150,0.0,2462100.3014038275,2462100.300344786,2462100.268034102,25.0,3759,23.31795706533424,-47.81250000000006,-0.04705218970775604,18,7,True,0.5759569869715442,False
incl88_j2_node150,0.0,2462125.168399654,2462125.1673406125,2462125.1350299283,25.0,3770,23.31795706533424,-16.875,0.27839139103889465,5,3,True,0.13598778720626853,False
incl88_j2_node150,0.0,2462127.2039411035,2462127.202882062,2462127.170571378,25.0,8112,-18.209956864283015,-45.0,-0.09393320232629776,12,7,True,0.29812176380921923,False
incl88_j2_node150,0.0,2462128.1852473994,2462128.184188358,2462128.151877674,25.0,8235,-19.47122063449069,-57.65625000000006,-0.442413866519928,13,7,True,0.3868510277313455,False
incl88_j2_node150,0.0,2462128.2701074565,2462128.269048415,2462128.236737731,25.0,6827,-5.979156796301311,-59.0625,0.34617263078689575,12,7,True,0.39470449046025025,False
incl88_j2_node150,0.0,2462128.2789251087,2462128.2778660674,2462128.245555383,25.0,2859,32.79716829582364,-57.65625000000006,0.3629458546638489,12,6,True,0.3955217516715547,False
incl88_j2_node150,0.0,2462155.185361183,2462155.1843021414,2462155.151991457,25.0,5293,8.385538647081319,-53.43750000000006,-0.5105062127113342,8,6,True,0.14873434984932699,False
incl88_j2_node150,0.0,2462174.6414592573,2462174.640400216,2462174.608089532,25.0,10443,-44.99388015045713,46.5,-0.03882409632205963,7,4,True,0.3668042660188291,False
incl88_j2_node160,0.0,2461565.277350635,2461565.2762915934,2461565.243980909,25.0,1743,44.993880150457116,10.5,-0.5089848041534424,3,2,True,0.21163296382722802,False
incl88_j2_node160,0.0,2461566.272190362,2461566.271131321,2461566.2388206366,25.0,7488,-13.248014905676953,0.0,-0.5549278259277344,9,4,True,0.31398342497325327,False
incl88_j2_node160,0.0,2461567.329005396,2461567.3279463546,2461567.2956356704,25.0,4539,15.713861048008212,-14.0625,0.3665454685688019,7,4,True,0.4308676556915735,False
incl88_j2_node160,0.0,2461568.311438341,2461568.3103793,2461568.2780686156,25.0,4918,12.024699180565818,-26.71875,0.5592212080955505,12,7,True,0.5405196188541614,False
incl88_j2_node160,0.0,2461569.285886607,2461569.284827566,2461569.2525168816,25.0,1969,43.406858485936986,-42.096774193548356,-0.314463347196579,10,5,True,0.6448576461066124,False
incl88_j2_node160,0.0,2461569.2993336096,2461569.2982745683,2461569.265963884,25.0,7858,-15.713861048008212,-39.375,-0.03052772767841816,13,7,True,0.6462454917091977,False
incl88_j2_node160,0.0,2461596.2870852607,2461596.2860262194,2461596.253715535,25.0,5043,10.806922874860334,-36.5625,0.4495357871055603,4,2,True,0.3933611559048178,False
incl88_j2_node160,0.0,2461616.565894775,2461616.5648357337,2461616.5325250495,25.0,1878,43.406858485936986,53.70967741935485,0.22107793390750885,7,5,True,0.1603904695531271,False
incl88_j2_node160,0.0,2461616.580482026,2461616.5794229847,2461616.5471123005,25.0,8276,-20.74237995448715,56.25,0.34089890122413635,6,3,True,0.15912777274618015,False
incl88_j2_node160,0.0,2461643.488552431,2461643.4874933898,2461643.4551827055,25.0,6485,-3.583321698471977,59.0625,-0.514258861541748,13,7,True,0.40388905226841326,False
incl88_j2_node160,0.0,2461643.572555201,2461643.57149616,2461643.5391854756,25.0,7509,-13.248014905676953,59.0625,0.23981040716171265,11,6,True,0.39464379271567873,False
incl88_j2_node160,0.0,2461644.5481214235,2461644.547062382,2461644.514751698,25.0,4688,13.24801490567694,45.0,0.025043919682502747,12,7,True,0.2892574413175523,False
incl88_j2_node160,0.0,2461644.561359437,2461644.560300396,2461644.5279897116,25.0,10443,-44.99388015045713,46.5,-0.5523123145103455,10,7,True,0.28786757627856346,False
incl88_j2_node160,0.0,2461671.4614778114,2461671.46041877,2461671.428108086,25.0,5329,7.180755781458274,49.21875,-0.2326624095439911,14,7,True,0.5537624874955105,False
incl88_j2_node160,0.0,2461671.536464842,2461671.5354058007,2461671.5030951165,25.0,2385,37.16889965599944,47.8125,0.4932888448238373,15,7,True,0.5454597801523955,False
incl88_j2_node160,0.0,2461671.550508852,2461671.5494498108,2461671.5171391265,25.0,8657,-24.62431835216408,49.21875,-0.2098918855190277,15,7,True,0.543901815114832,False
incl88_j2_node160,0.0,2461672.5209087906,2461672.5198497493,2461672.487539065,25.0,3532,24.62431835216408,35.15625,0.3365744352340698,12,7,True,0.4349044269744906,False
incl88_j2_node160,0.0,2461672.5349527546,2461672.5338937133,2461672.501583029,25.0,9805,-37.168899655999454,36.5625,-0.37705472111701965,12,7,True,0.4333207347462612,False
incl88_j2_node160,0.0,2461672.6099391836,2461672.608880142,2461672.576569458,25.0,6860,-7.180755781458288,35.15625,0.3740726411342621,14,5,True,0.42486880651514003,False
incl88_j2_node160,0.0,2461673.505641655,2461673.5045826137,2461673.4722719295,25.0,4936,10.806922874860334,22.5,0.18967202305793762,10,5,True,0.32534457955637724,False
incl88_j2_node160,0.0,2461673.580746743,2461673.5796877015,2461673.5473770173,25.0,2119,40.228184728061095,19.6875,-0.2424587458372116,11,7,True,0.31720236885941266,False
incl88_j2_node160,0.0,2461673.5946147107,2461673.5935556693,2461673.561244985,25.0,8264,-20.74237995448715,22.5,0.21612150967121124,9,6,True,0.31570370933662095,False
incl88_j2_node160,0.0,2461674.5690342155,2461674.567975174,2461674.53566449,25.0,4931,10.806922874860334,8.4375,0.1815812736749649,11,7,True,0.2152898699875409,False
incl88_j2_node160,0.0,2461700.4122899235,2461700.411230882,2461700.378920198,25.0,2633,34.228866327812575,25.3125,-0.2993861734867096,11,5,True,0.593515747228979,False
incl88_j2_node160,0.0,2461700.4259772403,2461700.424918199,2461700.3926075147,25.0,8778,-25.944479772370016,28.125,0.2715836763381958,14,7,True,0.5919952159159969,False
incl88_j2_node160,0.0,2461700.500513278,2461700.4994542366,2461700.4671435524,25.0,5449,5.979156796301311,25.3125,-0.3430868983268738,14,7,True,0.5836960634507679,False
incl88_j2_node160,0.0,2461700.574520921,2461700.5734618795,2461700.5411511953,25.0,2120,40.228184728061095,22.5,-0.5343644618988037,18,7,True,0.5754258205662574,False
incl88_j2_node160,0.0,2461700.5883893296,2461700.5873302883,2461700.555019604,25.0,8265,-20.74237995448715,25.3125,-0.1384270340204239,18,7,True,0.5738729274313479,False
incl88_j2_node160,0.0,2461701.481835858,2461701.4807768166,2461701.4484661324,25.0,5316,7.180755781458274,12.65625,0.010884713381528854,14,7,True,0.4725376375299824,False
incl88_j2_node160,0.0,2461701.5571484994,2461701.556089458,2461701.523778774,25.0,2499,35.68533471265204,9.84375,-0.5085334777832031,13,7,True,0.4639515127561543,False
incl88_j2_node160,0.0,2461701.5708668963,2461701.569807855,2461701.5374971707,25.0,8644,-24.62431835216408,12.65625,0.021900085732340813,14,7,True,0.4623880192744413,False
incl88_j2_node160,0.0,2461702.5446804604,2461702.543621419,2461702.511310735,25.0,5183,9.594068226860458,-1.40625,0.08051979541778564,12,7,True,0.35286125997920115,False
incl88_j2_node160,0.0,2461702.619151088,2461702.6180920466,2461702.5857813624,25.0,2110,41.81031489577859,-4.21875,-0.22576171159744263,13,6,True,0.34469122307977407,False
incl88_j2_node160,0.0,2461702.633089481,2461702.6320304396,2461702.5997197554,25.0,8255,-19.47122063449069,-1.40625,0.1984815001487732,8,4,True,0.3431667054542304,False
incl88_j2_node160,0.0,2461703.608073115,2461703.6070140735,2461703.5747033893,25.0,5178,9.594068226860458,-15.46875,0.0732019767165184,11,7,True,0.24121591765885553,False
incl88_j2_node160,0.0,2461742.1721304795,2461742.171071438,2461742.138760754,25.0,9029,-28.630989836924357,14.0625,-0.11039779335260391,5,3,True,0.190095290881846,False
incl88_j2_node160,0.0,2461743.157495314,2461743.1564362724,2461743.124125588,25.0,7360,-12.024699180565818,1.40625,0.17292769253253937,8,5,True,0.26833752111210046,False
incl88_j2_node160,0.0,2461744.214470055,2461744.2134110136,2461744.1811003294,25.0,10171,-40.22818472806108,-14.0625,0.29763850569725037,12,7,True,0.36054971026152854,False
incl88_j2_node160,0.0,2461744.22361681,2461744.2225577687,2461744.1902470845,25.0,6203,0.0,-12.65625,0.5766157507896423,11,7,True,0.3613764915261791,False
incl88_j2_node160,0.0,2461745.195335361,2461745.19427632,2461745.1619656356,25.0,10418,-43.40685848593699,-27.580645161290363,0.5355667471885681,13,7,True,0.4512120146783874,False
incl88_j2_node160,0.0,2461745.215449966,2461745.2143909247,2461745.1820802405,25.0,1852,44.993880150457116,-22.5,-0.46872881054878235,12,7,True,0.4531050337516652,False
incl88_j2_node160,0.0,2461745.2859213757,2461745.2848623344,2461745.25255165,25.0,6710,-4.780191847199163,-26.71875,0.42517736554145813,13,6,True,0.459744994026043,False
incl88_j2_node160,0.0,2461746.186803273,2461746.1857442316,2461746.1534335474,25.0,6194,0.0,-37.96875000000006,-0.0625825747847557,14,7,True,0.5453161453732294,False
incl88_j2_node160,0.0,2461746.1952553913,2461746.19419635,2461746.1618856657,25.0,2483,37.16889965599944,-36.5625,-0.034511491656303406,14,7,True,0.5461216359225378,False
incl88_j2_node160,0.0,2461746.263889925,2461746.2628308837,2461746.2305201995,25.0,8370,-20.74237995448715,-39.375,-0.41418373584747314,14,7,True,0.5526619693006041,False
incl88_j2_node160,0.0,2461746.341250878,2461746.3401918365,2461746.3078811523,25.0,10161,-40.22818472806108,-42.18750000000006,0.30450141429901123,14,5,True,0.5600318306671617,False
incl88_j2_node160,0.0,2461747.1650974327,2461747.1640383913,2461747.131727707,25.0,7725,-14.477512185929939,-52.03125,0.5266393423080444,15,7,True,0.6380271404119691,False
incl88_j2_node160,0.0,2461747.177902027,2461747.1768429857,2461747.1445323015,25.0,2094,41.81031489577859,-49.21875000000006,-0.07536515593528748,16,7,True,0.6392273064608551,False
incl88_j2_node160,0.0,2461747.256706409,2461747.255647368,2461747.2233366836,25.0,3246,28.630989836924343,-50.625,-0.38873887062072754,16,7,True,0.6466019518319189,False
incl88_j2_node160,0.0,2461772.1912133577,2461772.1901543164,2461772.157843632,25.0,9656,-34.22886632781257,-22.5,-0.5354135036468506,9,6,True,0.20021823639005645,False
incl88_j2_node160,0.0,2461772.2034197985,2461772.202360757,2461772.170050073,25.0,4152,19.47122063449069,-21.09375,-0.11722951382398605,9,6,True,0.2011392919981957,False
incl88_j2_node160,0.0,2461773.187092667,2461773.1860336256,2461773.1537229414,25.0,3252,28.630989836924343,-33.75000000000006,-0.07215583324432373,12,7,True,0.2802349457045809,False
incl88_j2_node160,0.0,2461773.2521525878,2461773.2510935464,2461773.218782862,25.0,10535,-44.99388015045713,-37.5,-0.2266988605260849,8,5,True,0.28577833702440936,False
incl88_j2_node160,0.0,2461774.1716783373,2461774.170619296,2461774.1383086117,25.0,2095,41.81031489577859,-46.40625,0.19637000560760498,12,7,True,0.36758549456544326,False
incl88_j2_node160,0.0,2461774.249872559,2461774.248813518,2461774.2165028336,25.0,3503,25.944479772370002,-47.81250000000006,-0.17023532092571259,12,7,True,0.37480754816676465,False
incl88_j2_node160,0.0,2461802.2128374046,2461802.211778363,2461802.179467679,25.0,9131,-28.630989836924357,-59.0625,-0.5801811814308167,12,7,True,0.2150458184386176,False
incl88_j2_node160,0.0,2461802.229215995,2461802.2281569536,2461802.1958462694,25.0,1964,43.406858485936986,-56.61290322580646,-0.22618058323860168,9,6,True,0.21633733036610736,False
incl88_j2_node160,0.0,2461848.5992953447,2461848.5982363033,2461848.565925619,25.0,6225,-1.1937484371410818,47.8125,0.37342581152915955,6,3,True,0.4889770293911658,False
incl88_j2_node160,0.0,2461877.557888982,2461877.5568299405,2461877.5245192563,25.0,5449,5.979156796301311,25.3125,0.3395574390888214,6,3,True,0.5629683207337923,False
incl88_j2_node160,0.0,2461892.313511375,2461892.3124523335,2461892.2801416493,25.0,2627,34.228866327812575,8.4375,-0.5084817409515381,12,7,True,0.3577334288599446,True
incl88_j2_node160,0.0,2461893.300986766,2461893.2999277245,2461893.2676170403,25.0,5311,8.385538647081319,-2.8125,0.13138607144355774,13,7,True,0.4669656819606819,True
incl88_j2_node160,0.0,2461893.3790956303,2461893.378036589,2461893.3457259047,25.0,3646,24.62431835216408,-4.21875,0.33716845512390137,10,4,True,0.47581431207340874,True
incl88_j2_node160,0.0,2461894.2866659043,2461894.285606863,2461894.2532961788,25.0,7226,-9.594068226860458,-15.46875,-0.11634739488363266,14,7,True,0.5791328116160046,True
incl88_j2_node160,0.0,2461894.362148303,2461894.3610892617,2461894.3287785775,25.0,4282,18.209956864283,-16.875,0.42908138036727905,17,7,True,0.5876861034649382,True
incl88_j2_node160,0.0,2461894.375789426,2461894.3747303844,2461894.3424197,25.0,10298,-41.81031489577862,-15.46875,-0.27235108613967896,15,6,True,0.5892299145961842,True
incl88_j2_node160,0.0,2461921.269115276,2461921.268056235,2461921.2357455506,25.0,2235,40.228184728061095,-14.0625,-0.05187052860856056,9,4,True,0.32657758652192215,False
incl88_j2_node160,0.0,2461921.2829831666,2461921.2819241253,2461921.249613441,25.0,8380,-20.74237995448715,-11.25,0.48702216148376465,11,6,True,0.3280730561252523,False
incl88_j2_node160,0.0,2461922.3338704105,2461922.332811369,2461922.300500685,25.0,2742,34.228866327812575,-28.125,-0.31837600469589233,9,5,True,0.4455110303081914,False
incl88_j2_node160,0.0,2461923.314455151,2461923.3133961097,2461923.2810854255,25.0,2353,38.68218745348943,-40.78125,0.1197509840130806,13,7,True,0.5581765607655349,False
incl88_j2_node160,0.0,2461923.327961263,2461923.3269022214,2461923.294591537,25.0,8370,-20.74237995448715,-39.375,-0.5365695953369141,11,7,True,0.559720145438492,False
incl88_j2_node160,0.0,2461951.298078128,2461951.297019087,2461951.2647084026,25.0,5934,2.388015463268772,-49.21875000000006,0.10627765208482742,8,4,True,0.4197786877241764,False
incl88_j2_node160,0.0,2461997.509933779,2461997.5088747377,2461997.4765640534,25.0,3669,23.31795706533424,59.0625,-0.0017882722895592451,12,7,True,0.4488122426534911,False
incl88_j2_node160,0.0,2461998.489374548,2461998.488315507,2461998.4560048226,25.0,2768,32.79716829582364,46.40625,0.5977376699447632,12,7,True,0.3494029493118409,False
incl88_j2_node160,0.0,2461998.503335853,2461998.5022768117,2461998.4699661275,25.0,9041,-28.630989836924357,47.8125,-0.06825266033411026,12,7,True,0.3479978198233802,False
incl88_j2_node160,0.0,2461998.576164744,2461998.5751057025,2461998.5427950183,25.0,4944,10.806922874860334,45.0,-0.4461483955383301,10,6,True,0.34067849540854045,False
incl88_j2_node160,0.0,2461999.5517618386,2461999.5507027972,2461999.518392113,25.0,2379,37.16889965599944,30.9375,-0.39309120178222656,10,7,True,0.24524606494906043,False
incl88_j2_node160,0.0,2461999.565520264,2461999.564461223,2461999.5321505386,25.0,8524,-23.31795706533424,33.75,0.12200519442558289,9,6,True,0.24394781750044492,False
incl88_j2_node160,0.0,2462025.406347476,2462025.4052884346,2462025.3729777504,25.0,4946,10.806922874860334,50.625,-0.182789608836174,14,7,True,0.6160991214616509,False
incl88_j2_node160,0.0,2462025.480731611,2462025.47967257,2462025.4473618856,25.0,1876,43.406858485936986,47.903225806451616,-0.29762813448905945,14,7,True,0.6087593820411038,False
incl88_j2_node160,0.0,2462025.494745316,2462025.4936862746,2462025.4613755904,25.0,8018,-18.209956864283015,50.625,-0.057439614087343216,15,7,True,0.6073721017925419,False
incl88_j2_node160,0.0,2462025.569675662,2462025.5686166207,2462025.5363059365,25.0,4817,12.024699180565818,49.21875,0.5968431234359741,18,7,True,0.5999308220812654,False
incl88_j2_node160,0.0,2462026.461958671,2462026.4608996296,2462026.4285889454,25.0,1751,44.993880150457116,34.5,-0.5247724056243896,14,7,True,0.5087366189695708,False
incl88_j2_node160,0.0,2462026.4760545967,2462026.4749955554,2462026.442684871,25.0,7885,-16.957763300004146,37.96875,0.2917326092720032,14,7,True,0.507265194913382,False
incl88_j2_node160,0.0,2462026.549567355,2462026.5485083135,2462026.5161976293,25.0,4044,19.47122063449069,35.15625,-0.20770423114299774,15,7,True,0.49957996931881266,False
incl88_j2_node160,0.0,2462026.5635057217,2462026.5624466804,2462026.530135996,25.0,10189,-41.81031489577862,37.96875,0.2114258110523224,15,7,True,0.49812071625030196,False
incl88_j2_node160,0.0,2462027.538325456,2462027.5372664146,2462027.5049557304,25.0,7368,-12.024699180565818,23.90625,0.45872581005096436,12,7,True,0.3951454126080388,False
incl88_j2_node160,0.0,2462027.6111854836,2462027.6101264423,2462027.577815758,25.0,3271,27.27961273597809,21.09375,0.06092333048582077,9,4,True,0.3874386632908662,False
incl88_j2_node160,0.0,2462028.5219003675,2462028.520841326,2462028.488530642,25.0,8260,-20.74237995448715,11.25,0.45521894097328186,11,7,True,0.29250393518824214,False
incl88_j2_node160,0.0,2462028.5965204723,2462028.595461431,2462028.5631507467,25.0,4931,10.806922874860334,8.4375,-0.20723885297775269,9,6,True,0.2849145538929857,False
incl88_j2_node160,0.0,2462029.5714244605,2462029.570365419,2462029.538054735,25.0,2238,40.228184728061095,-5.625,-0.07386389374732971,11,7,True,0.19048525372783492,False
incl88_j2_node160,0.0,2462029.585877137,2462029.5848180954,2462029.552507411,25.0,8639,-23.31795706533424,-2.8125,0.3552996516227722,9,6,True,0.18916836513399657,False
incl88_j2_node160,0.0,2462054.6098084603,2462054.608749419,2462054.576438735,25.0,5449,5.979156796301311,25.3125,0.34206950664520264,15,6,True,0.6470993493108397,False
incl88_j2_node160,0.0,2462055.4216971137,2462055.4206380723,2462055.388327388,25.0,2756,32.79716829582364,12.65625,-0.4271126389503479,11,5,True,0.5633550621780998,False
incl88_j2_node160,0.0,2462055.435980251,2462055.4349212097,2462055.4026105255,25.0,9157,-30.000000000000014,15.46875,0.05593860521912575,14,7,True,0.5618402981139471,False
incl88_j2_node160,0.0,2462055.5104110106,2462055.509351969,2462055.477041285,25.0,5828,2.388015463268772,12.65625,-0.5330245494842529,13,7,True,0.5539275417372836,False
incl88_j2_node160,0.0,2462055.5856222757,2462055.5845632344,2462055.55225255,25.0,2884,31.38816646434855,11.25,0.15608841180801392,18,7,True,0.545900471415317,False
incl88_j2_node160,0.0,2462055.599574504,2462055.5985154626,2462055.5662047784,25.0,9156,-30.000000000000014,12.65625,-0.506005585193634,17,7,True,0.5444080731911076,False
incl88_j2_node160,0.0,2462056.4917344013,2462056.49067536,2462056.4583646758,25.0,5696,3.5833216984719627,0.0,-0.17753353714942932,14,7,True,0.44743902060622176,False
incl88_j2_node160,0.0,2462056.56753216,2462056.5664731185,2462056.5341624343,25.0,3135,29.999999999999993,-1.40625,0.37734097242355347,13,7,True,0.43912020697467036,False
incl88_j2_node160,0.0,2462056.5814843215,2462056.58042528,2462056.548114596,25.0,9280,-31.388166464348544,0.0,-0.27530044317245483,15,7,True,0.4375886536641936,False
incl88_j2_node160,0.0,2462057.554582537,2462057.553523496,2462057.5212128116,25.0,5563,5.979156796301311,-14.0625,-0.1089659109711647,12,7,True,0.33151679650983656,False
incl88_j2_node160,0.0,2462057.6302892156,2462057.6292301742,2462057.59691949,25.0,2874,32.79716829582364,-15.46875,0.46096840500831604,8,4,True,0.32341123514715253,False
incl88_j2_node160,0.0,2462058.620691386,2462058.6196323447,2462058.5873216605,25.0,6838,-5.979156796301311,-28.125,-0.49063998460769653,7,5,True,0.2216633422114517,False
incl88_j2_node160,0.0,2462071.1758140437,2462071.1747550024,2462071.142444318,25.0,6075,1.1937484371410676,-14.0625,0.31747087836265564,12,5,True,0.6416561368438899,True
incl88_j2_node160,0.0,2462097.1849931087,2462097.1839340674,2462097.151623383,25.0,7360,-12.024699180565818,1.40625,0.5684620141983032,9,6,True,0.28200957143755323,False
incl88_j2_node160,0.0,2462097.197240669,2462097.1961816275,2462097.1638709432,25.0,1985,41.81031489577859,4.21875,-0.13498727977275848,9,6,True,0.28311631630353196,False
incl88_j2_node160,0.0,2462098.170960383,2462098.1699013417,2462098.1375906575,25.0,5436,7.180755781458274,-9.84375,-0.5195172429084778,11,7,True,0.37346096900161174,False
incl88_j2_node160,0.0,2462098.247827003,2462098.2467679614,2462098.214457277,25.0,7739,-14.477512185929939,-12.65625,0.4858050048351288,9,6,True,0.38073939990253836,False
incl88_j2_node160,0.0,2462098.2606315333,2462098.259572492,2462098.227261808,25.0,2108,41.81031489577859,-9.84375,-0.12499307096004486,9,4,True,0.38195323283196314,False
incl88_j2_node160,0.0,2462099.2249358413,2462099.2238768,2462099.1915661157,25.0,9655,-34.22886632781257,-25.3125,-0.5040917992591858,12,7,True,0.473981116065219,False
incl88_j2_node160,0.0,2462099.2383123287,2462099.2372532873,2462099.204942603,25.0,3639,24.62431835216408,-23.90625,0.09017541259527206,12,7,True,0.4752597060015119,False
incl88_j2_node160,0.0,2462100.207162488,2462100.2061034464,2462100.173792762,25.0,9394,-31.388166464348544,-39.375,0.5159984230995178,14,7,True,0.5671432403472337,False
incl88_j2_node160,0.0,2462100.219024059,2462100.2179650175,2462100.1856543333,25.0,4019,20.742379954487134,-36.5625,-0.34252893924713135,14,7,True,0.5682541923572477,False
incl88_j2_node160,0.0,2462100.2952850102,2462100.294225969,2462100.2619152847,25.0,6578,-3.583321698471977,-39.375,0.5447705984115601,16,7,True,0.5753856449590438,False
incl88_j2_node160,0.0,2462125.1595250065,2462125.158465965,2462125.126155281,25.0,7869,-15.713861048008212,-8.4375,0.4846448600292206,3,2,True,0.13537613972962753,False
incl88_j2_node160,0.0,2462126.221773841,2462126.2207147996,2462126.1884041154,25.0,8376,-20.74237995448715,-22.5,0.30452314019203186,5,3,True,0.21510418057883018,False
incl88_j2_node160,0.0,2462127.2030768595,2462127.202017818,2462127.169707134,25.0,8499,-22.02431283704216,-35.15625,-0.04170476272702217,12,7,True,0.2980457329600129,False
incl88_j2_node160,0.0,2462128.187216791,2462128.1861577495,2462128.1538470653,25.0,7343,-10.806922874860348,-47.81250000000006,0.031167306005954742,13,7,True,0.38703302938429585,False
incl88_j2_node160,0.0,2462128.199176945,2462128.1981179034,2462128.165807219,25.0,2095,41.81031489577859,-46.40625,0.49660563468933105,12,7,True,0.38813864035152157,False
incl88_j2_node160,0.0,2462128.26465552,2462128.263596479,2462128.2312857946,25.0,9262,-30.000000000000014,-49.21875000000006,-0.3194189965724945,13,7,True,0.39419927458863646,False
incl88_j2_node160,0.0,2462129.1784031442,2462129.177344103,2462129.1450334187,25.0,2987,31.38816646434855,-59.0625,-0.16654221713542938,13,7,True,0.47974944996749536,False
incl88_j2_node160,0.0,2462155.185089646,2462155.1840306045,2462155.1517199203,25.0,5424,7.180755781458274,-43.59375,-0.4150920510292053,8,6,True,0.14871578657940004,False
incl88_j2_node160,0.0,2462156.2397091873,2462156.238650146,2462156.2063394617,25.0,9387,-31.388166464348544,-59.0625,-0.3309415280818939,8,5,True,0.22692464712019067,False
incl88_j2_node160,0.0,2462156.250699763,2462156.249640722,2462156.2173300376,25.0,4395,16.957763300004146,-57.65625000000006,-0.07502470165491104,6,4,True,0.2277983711282335,False
incl88_j2_node160,0.0,2462174.656993173,2462174.6559341317,2462174.6236234475,25.0,3669,23.31795706533424,59.0625,0.1224169135093689,7,5,True,0.36516793931817915,False
incl88_j2_node170,0.0,2461565.277722806,2461565.276663765,2461565.2443530806,25.0,1867,43.406858485936986,21.774193548387103,0.3405548632144928,3,2,True,0.2116689799091499,False
incl88_j2_node170,0.0,2461566.270811806,2461566.2697527646,2461566.2374420804,25.0,6851,-7.180755781458288,9.84375,-0.5217667818069458,8,3,True,0.31383482069554774,False
incl88_j2_node170,0.0,2461567.3287230986,2461567.3276640573,2461567.295353373,25.0,4414,16.957763300004146,-4.21875,0.26217353343963623,7,4,True,0.4308359881478533,False
incl88_j2_node170,0.0,2461568.3106009024,2461568.309541861,2461568.277231177,25.0,4538,15.713861048008212,-16.875,0.5274069309234619,12,7,True,0.5404273711119837,False
incl88_j2_node170,0.0,2461568.3236749484,2461568.322615907,2461568.290305223,25.0,10298,-41.81031489577862,-15.46875,-0.20874686539173126,10,6,True,0.5418670992207383,False
incl88_j2_node170,0.0,2461569.2984955986,2461569.2974365572,2461569.265125873,25.0,7477,-12.024699180565818,-29.53125,-0.06232268735766411,13,7,True,0.6461590292159066,False
incl88_j2_node170,0.0,2461596.28511758,2461596.2840585387,2461596.2517478545,25.0,4150,19.47122063449069,-26.71875,0.5732318162918091,4,2,True,0.3931469774616631,False
incl88_j2_node170,0.0,2461597.2792496243,2461597.278190583,2461597.245879899,25.0,9778,-35.68533471265205,-37.96875000000006,0.2557222545146942,6,3,True,0.5013238906300627,False
incl88_j2_node170,0.0,2461644.551129705,2461644.5500706634,2461644.5177599792,25.0,6099,0.0,54.84375,-0.5635685920715332,12,7,True,0.288941469231311,False
incl88_j2_node170,0.0,2461646.5985719296,2461646.5975128883,2461646.565202204,25.0,7242,-10.806922874860348,28.125,-0.5935948491096497,4,2,True,0.10132666347830692,False
incl88_j2_node170,0.0,2461671.462293739,2461671.4612346976,2461671.4289240134,25.0,5717,3.5833216984719627,59.0625,-0.5060908794403076,14,7,True,0.5536722911931554,False
incl88_j2_node170,0.0,2461671.5468197963,2461671.545760755,2461671.5134500707,25.0,6997,-8.385538647081319,59.0625,0.18602129817008972,15,7,True,0.5443111311789457,False
incl88_j2_node170,0.0,2461672.5187260774,2461672.517667036,2461672.485356352,25.0,2640,34.228866327812575,45.0,0.5200108885765076,12,7,True,0.43515058550947516,False
incl88_j2_node170,0.0,2461672.53210261,2461672.5310435686,2461672.4987328844,25.0,8656,-24.62431835216408,46.40625,-0.06058186665177345,12,7,True,0.4336421231992846,False
incl88_j2_node170,0.0,2461672.6055654744,2461672.604506433,2461672.572195749,25.0,4815,12.024699180565818,43.59375,-0.5518561601638794,13,5,True,0.4253615593433184,False
incl88_j2_node170,0.0,2461673.5009556566,2461673.4998966153,2461673.467585931,25.0,2891,31.38816646434855,30.9375,-0.507101833820343,9,5,True,0.32585396530960486,False
incl88_j2_node170,0.0,2461673.5146081536,2461673.5135491122,2461673.481238428,25.0,9036,-28.630989836924357,33.75,0.07947210222482681,12,7,True,0.3243702366130714,False
incl88_j2_node170,0.0,2461673.5885335146,2461673.5874744733,2461673.555163789,25.0,5451,5.979156796301311,30.9375,-0.44331789016723633,10,7,True,0.3163606919383444,False
incl88_j2_node170,0.0,2461674.5637032716,2461674.56264423,2461674.530333546,25.0,2630,34.228866327812575,16.875,-0.39112815260887146,11,7,True,0.21580721026776037,False
incl88_j2_node170,0.0,2461674.5773906265,2461674.576331585,2461674.544020901,25.0,8775,-25.944479772370016,19.6875,0.17573599517345428,12,7,True,0.21447962135674722,False
incl88_j2_node170,0.0,2461700.4208862167,2461700.4198271753,2461700.387516491,25.0,6477,-3.583321698471977,36.5625,-0.4798104465007782,14,7,True,0.5925608969184326,False
incl88_j2_node170,0.0,2461700.495674257,2461700.494615216,2461700.4623045316,25.0,3276,27.27961273597809,35.15625,0.22264349460601807,14,7,True,0.5842357901499148,False
incl88_j2_node170,0.0,2461700.5090086986,2461700.5079496573,2461700.475638973,25.0,9293,-31.388166464348544,36.5625,-0.3450000584125519,14,7,True,0.5827481777352456,False
incl88_j2_node170,0.0,2461700.5836775545,2461700.582618513,2461700.550307829,25.0,6092,0.0,35.15625,0.38864946365356445,18,7,True,0.5744006462110732,False
incl88_j2_node170,0.0,2461701.475349858,2461701.4742908166,2461701.4419801324,25.0,2503,35.68533471265204,21.09375,-0.3764723539352417,13,7,True,0.47327724444142405,False
incl88_j2_node170,0.0,2461701.4890680946,2461701.4880090533,2461701.455698369,25.0,8648,-24.62431835216408,23.90625,0.17892256379127502,14,7,True,0.4717129600133728,False
incl88_j2_node170,0.0,2461701.5625311173,2461701.561472076,2461701.529161392,25.0,4807,12.024699180565818,21.09375,-0.30643120408058167,13,7,True,0.4633380323213715,False
incl88_j2_node170,0.0,2461701.6371953306,2461701.636136289,2461701.603825605,25.0,1866,43.406858485936986,18.870967741935488,-0.07008271664381027,10,4,True,0.4548315370847288,False
incl88_j2_node170,0.0,2461702.5476709884,2461702.546611947,2461702.514301263,25.0,6467,-3.583321698471977,8.4375,-0.4938390254974365,12,7,True,0.3525323924830371,False
incl88_j2_node170,0.0,2461702.622459048,2461702.6214000066,2461702.5890893224,25.0,3266,27.27961273597809,7.03125,0.20574073493480682,12,6,True,0.34432932343449046,False
incl88_j2_node170,0.0,2461702.6357935304,2461702.634734489,2461702.602423805,25.0,9283,-31.388166464348544,8.4375,-0.3530551791191101,8,4,True,0.34287116471741264,False
incl88_j2_node170,0.0,2461703.60943612,2461703.6083770785,2461703.5760663943,25.0,5822,3.5833216984719627,-5.625,-0.2755182981491089,11,7,True,0.24108120843205366,False
incl88_j2_node170,0.0,2461742.169847624,2461742.1687885826,2461742.1364778983,25.0,9928,-38.68218745348943,23.90625,-0.3399554193019867,5,3,True,0.1899247021702079,False
incl88_j2_node170,0.0,2461743.165238193,2461743.1641791514,2461743.131868467,25.0,3780,22.02431283704216,12.65625,0.06029629334807396,11,7,True,0.26898535271494733,False
incl88_j2_node170,0.0,2461744.2211613287,2461744.2201022874,2461744.187791603,25.0,7359,-10.806922874860348,-2.8125,0.3763037323951721,12,7,True,0.3611545129575802,False
incl88_j2_node170,0.0,2461744.232079104,2461744.2310200627,2461744.1987093785,25.0,2368,37.16889965599944,0.0,-0.5349220633506775,10,7,True,0.36214181175347504,False
incl88_j2_node170,0.0,2461745.20466719,2461745.2036081487,2461745.1712974645,25.0,6458,-2.388015463268786,-15.46875,0.33652740716934204,13,7,True,0.4520901314532553,False
incl88_j2_node170,0.0,2461745.283997165,2461745.2829381237,2461745.2506274395,25.0,7610,-13.248014905676953,-16.875,0.2977920174598694,13,6,True,0.45956354422198203,False
incl88_j2_node170,0.0,2461745.2972498788,2461745.2961908374,2461745.263880153,25.0,1855,44.993880150457116,-13.5,-0.541570246219635,14,6,True,0.46081349283744133,False
incl88_j2_node170,0.0,2461746.1837942787,2461746.1827352373,2461746.150424553,25.0,7606,-13.248014905676953,-28.125,-0.32955488562583923,14,7,True,0.5450293846592712,False
incl88_j2_node170,0.0,2461746.263597562,2461746.2625385206,2461746.2302278364,25.0,8501,-22.02431283704216,-29.53125,-0.3026321530342102,14,7,True,0.5526341120331996,False
incl88_j2_node170,0.0,2461746.2777457433,2461746.276686702,2461746.2443760177,25.0,2230,40.228184728061095,-28.125,0.4489651620388031,16,7,True,0.5539821492368489,False
incl88_j2_node170,0.0,2461746.3426232715,2461746.34156423,2461746.309253546,25.0,9653,-34.22886632781257,-30.9375,-0.4283345639705658,14,5,True,0.5601625439228112,False
incl88_j2_node170,0.0,2461747.159249828,2461747.158190787,2461747.1258801026,25.0,10161,-40.22818472806108,-42.18750000000006,-0.3019131124019623,12,5,True,0.637478882463146,False
incl88_j2_node170,0.0,2461747.1683964655,2461747.167337424,2461747.13502674,25.0,6193,0.0,-40.78125,-0.22582122683525085,15,7,True,0.6383364170521555,False
incl88_j2_node170,0.0,2461747.2471841727,2461747.2461251314,2461747.213814447,25.0,7601,-13.248014905676953,-42.18750000000006,-0.3243771195411682,15,7,True,0.6457119327953523,False
incl88_j2_node170,0.0,2461747.25765223,2461747.2565931887,2461747.2242825045,25.0,2865,32.79716829582364,-40.78125,-0.09509564936161041,16,7,True,0.6466903462135525,False
incl88_j2_node170,0.0,2461772.194564044,2461772.1935050027,2461772.1611943184,25.0,8251,-19.47122063449069,-12.65625,0.1273985505104065,9,6,True,0.20047088670236893,False
incl88_j2_node170,0.0,2461773.1803076067,2461773.1792485653,2461773.146937881,25.0,6327,-1.1937484371410818,-25.3125,0.42315563559532166,11,7,True,0.27965887483056573,False
incl88_j2_node170,0.0,2461773.1808505068,2461773.1797914654,2461773.147480781,25.0,6071,1.1937484371410676,-25.3125,0.4990697503089905,11,7,True,0.27970494283714775,False
incl88_j2_node170,0.0,2461773.2596448697,2461773.2585858284,2461773.226275144,25.0,7478,-12.024699180565818,-26.71875,0.3885287344455719,8,4,True,0.2864189918779787,False
incl88_j2_node170,0.0,2461774.1668946086,2461774.1658355673,2461774.133524883,25.0,4019,20.742379954487134,-36.5625,-0.5338335037231445,10,5,True,0.3671448496944399,False
incl88_j2_node170,0.0,2461774.2472680183,2461774.246208977,2461774.2138982927,25.0,4658,14.477512185929925,-37.96875000000006,-0.4528962969779968,12,7,True,0.37456641559315196,False
incl88_j2_node170,0.0,2461775.217110792,2461775.216051751,2461775.1837410666,25.0,9901,-37.168899655999454,-53.43750000000006,0.12057609111070633,13,7,True,0.46675766711345174,False
incl88_j2_node170,0.0,2461775.2327012722,2461775.231642231,2461775.1993315467,25.0,2990,31.38816646434855,-50.625,-0.11644148081541061,13,7,True,0.46827223772394666,False
incl88_j2_node170,0.0,2461775.3117916337,2461775.3107325924,2461775.278421908,25.0,4141,19.47122063449069,-52.03125,-0.2712002694606781,17,7,True,0.4759677831417933,False
incl88_j2_node170,0.0,2461802.213143245,2461802.2120842035,2461802.1797735193,25.0,9006,-27.27961273597809,-49.21875000000006,-0.3823421597480774,12,7,True,0.21506990724292557,False
incl88_j2_node170,0.0,2461802.2264776314,2461802.22541859,2461802.193107906,25.0,2991,31.38816646434855,-47.81250000000006,0.1912054866552353,9,6,True,0.21612121569127263,False
incl88_j2_node170,0.0,2461848.594561794,2461848.5935027525,2461848.5611920683,25.0,8404,-22.02431283704216,57.65625,-0.1395387351512909,6,3,True,0.48944914007423285,False
incl88_j2_node170,0.0,2461848.606702939,2461848.605643898,2461848.5733332136,25.0,2901,31.38816646434855,59.0625,0.21317708492279053,5,2,True,0.4882383779663138,False
incl88_j2_node170,0.0,2461877.5656747157,2461877.5646156743,2461877.53230499,25.0,2125,40.228184728061095,36.5625,0.31868985295295715,7,4,True,0.5622125681639537,False
incl88_j2_node170,0.0,2461920.289213907,2461920.2881548656,2461920.2558441814,25.0,2755,32.79716829582364,9.84375,0.38306477665901184,7,5,True,0.2264483518546886,False
incl88_j2_node170,0.0,2461921.273547018,2461921.2724879766,2461921.2401772924,25.0,4031,20.742379954487134,-2.8125,0.28035902976989746,9,4,True,0.32705527950222235,False
incl88_j2_node170,0.0,2461921.287053226,2461921.2859941847,2461921.2536835005,25.0,10047,-38.68218745348943,-1.40625,-0.2819436192512512,11,7,True,0.3285122832780326,False
incl88_j2_node170,0.0,2461922.3363546063,2461922.335295565,2461922.3029848807,25.0,3770,23.31795706533424,-16.875,0.35073748230934143,8,5,True,0.4457953967282236,False
incl88_j2_node170,0.0,2461923.316106935,2461923.3150478937,2461923.2827372095,25.0,2997,31.38816646434855,-30.9375,-0.33472612500190735,13,7,True,0.558365362034267,False
incl88_j2_node170,0.0,2461923.3297590944,2461923.328700053,2461923.296389369,25.0,9142,-28.630989836924357,-28.125,0.3568928837776184,11,7,True,0.5599255569856302,False
incl88_j2_node170,0.0,2461951.2972583403,2461951.296199299,2461951.2638886147,25.0,5554,5.979156796301311,-39.375,0.05579029768705368,7,4,True,0.4196851357393146,False
incl88_j2_node170,0.0,2461952.279669978,2461952.278610937,2461952.2463002526,25.0,5933,2.388015463268772,-52.03125,0.26480478048324585,7,4,True,0.5321464442950521,False
incl88_j2_node170,0.0,2461998.4873149144,2461998.486255873,2461998.453945189,25.0,2003,41.81031489577859,54.84375,-0.3326018452644348,12,7,True,0.3496102778921054,False
incl88_j2_node170,0.0,2461998.50068249,2461998.4996234486,2461998.4673127644,25.0,7892,-16.957763300004146,57.65625,0.2264869511127472,12,7,True,0.34826480525297,False
incl88_j2_node170,0.0,2461998.574765322,2461998.5737062804,2461998.541395596,25.0,4307,16.957763300004146,54.84375,-0.40564584732055664,10,6,True,0.34081897192947,False
incl88_j2_node170,0.0,2461998.5881328303,2461998.587073789,2461998.5547631048,25.0,10196,-41.81031489577862,57.65625,0.19372086226940155,9,4,True,0.3394774772998804,False
incl88_j2_node170,0.0,2461999.56350967,2461999.5624506287,2461999.5301399445,25.0,7631,-14.477512185929939,43.59375,0.3045767843723297,9,6,True,0.2441373914762309,False
incl88_j2_node170,0.0,2462025.484703706,2462025.4836446648,2462025.4513339805,25.0,3413,25.944479772370002,59.0625,-0.1442190557718277,14,7,True,0.608366282003635,False
incl88_j2_node170,0.0,2462025.572132523,2462025.571073482,2462025.5387627976,25.0,5973,1.1937484371410676,59.0625,0.10026941448450089,17,7,True,0.5996861568980232,False
incl88_j2_node170,0.0,2462026.468901444,2462026.467842403,2462026.4355317187,25.0,4560,14.477512185929925,46.40625,-0.23998485505580902,14,7,True,0.5080119790442325,False
incl88_j2_node170,0.0,2462026.4824306434,2462026.481371602,2462026.449060918,25.0,10444,-44.99388015045713,49.5,0.4357440173625946,13,7,True,0.5065993850101902,False
incl88_j2_node170,0.0,2462026.5561762587,2462026.5551172174,2462026.522806533,25.0,7120,-9.594068226860458,46.40625,0.08686947822570801,15,7,True,0.4988881384263996,False
incl88_j2_node170,0.0,2462027.530578408,2462027.5295193666,2462027.4972086824,25.0,3787,22.02431283704216,32.34375,-0.0008070501498878002,12,7,True,0.3959652631299746,False
incl88_j2_node170,0.0,2462027.5440323735,2462027.542973332,2462027.510662648,25.0,9804,-37.168899655999454,33.75,-0.5027175545692444,12,7,True,0.3945415066784948,False
incl88_j2_node170,0.0,2462028.5147205517,2462028.5136615103,2462028.481350826,25.0,4935,10.806922874860334,19.6875,-0.056500330567359924,9,5,True,0.29323622296819235,False
incl88_j2_node170,0.0,2462028.588739996,2462028.5876809545,2462028.5553702703,25.0,1745,44.993880150457116,16.5,-0.5178195834159851,9,6,True,0.2857040445082435,False
incl88_j2_node170,0.0,2462028.602550893,2462028.6014918517,2462028.5691811675,25.0,7751,-15.713861048008212,19.6875,0.20022566616535187,8,5,True,0.2843029602368675,False
incl88_j2_node170,0.0,2462029.5758553343,2462029.574796293,2462029.5424856087,25.0,3906,20.742379954487134,5.625,0.2414105236530304,10,7,True,0.19008123248983044,False
incl88_j2_node170,0.0,2462029.5893616118,2462029.5883025704,2462029.555991886,25.0,9922,-38.68218745348943,7.03125,-0.29895108938217163,9,6,True,0.1888513105196127,False
incl88_j2_node170,0.0,2462054.612249229,2462054.6111901877,2462054.5788795035,25.0,6604,-4.780191847199163,35.15625,-0.14657588303089142,15,6,True,0.6468556324202339,False
incl88_j2_node170,0.0,2462055.422957363,2462055.4218983217,2462055.3895876375,25.0,3272,27.27961273597809,23.90625,0.4052642583847046,12,5,True,0.563221466375355,False
incl88_j2_node170,0.0,2462055.4362919433,2462055.435232902,2462055.4029222177,25.0,9289,-31.388166464348544,25.3125,-0.08235040307044983,14,7,True,0.5618072307338041,False
incl88_j2_node170,0.0,2462055.50904562,2462055.5079865786,2462055.4756758944,25.0,5192,8.385538647081319,22.5,-0.5049596428871155,13,7,True,0.5540729935931662,False
incl88_j2_node170,0.0,2462055.5832517473,2462055.582192706,2462055.5498820217,25.0,1991,41.81031489577859,21.09375,0.3573489785194397,18,7,True,0.5461539344016437,False
incl88_j2_node170,0.0,2462055.5968930293,2462055.595833988,2462055.5635233037,25.0,8008,-18.209956864283015,22.5,-0.2397032529115677,17,7,True,0.5446949740621633,False
incl88_j2_node170,0.0,2462056.4903656296,2462056.489306588,2462056.456995904,25.0,5059,9.594068226860458,9.84375,-0.1540776640176773,14,7,True,0.4475892088263189,False
incl88_j2_node170,0.0,2462056.56483605,2462056.5637770086,2462056.5314663243,25.0,1986,41.81031489577859,7.03125,-0.45820438861846924,13,7,True,0.4394161568210472,False
incl88_j2_node170,0.0,2462056.578203724,2462056.577144683,2462056.5448339987,25.0,7875,-16.957763300004146,9.84375,0.10531316697597504,14,7,True,0.43794877739563515,False
incl88_j2_node170,0.0,2462057.551514543,2462057.550455502,2462057.5181448176,25.0,4158,19.47122063449069,-4.21875,0.14372564852237701,12,7,True,0.3318459635239063,False
incl88_j2_node170,0.0,2462057.565083228,2462057.5640241867,2462057.5317135025,25.0,10175,-40.22818472806108,-2.8125,-0.3942430019378662,12,7,True,0.33039055865954786,False
incl88_j2_node170,0.0,2462058.6143270214,2462058.61326798,2462058.580957296,25.0,3897,22.02431283704216,-18.28125,0.21375368535518646,9,6,True,0.2222841312611786,False
incl88_j2_node170,0.0,2462058.6284755184,2462058.627416477,2462058.595105793,25.0,10170,-40.22818472806108,-16.875,-0.39560502767562866,5,4,True,0.22090480751249994,False
incl88_j2_node170,0.0,2462097.181828983,2462097.180769942,2462097.1484592576,25.0,8772,-25.944479772370016,11.25,0.2583369314670563,9,6,True,0.2817237614433516,False
incl88_j2_node170,0.0,2462098.1665840405,2462098.165524999,2462098.133214315,25.0,7487,-12.024699180565818,-1.40625,0.4300454556941986,11,7,True,0.37304701711331095,False
incl88_j2_node170,0.0,2462098.1676847795,2462098.166625738,2462098.134315054,25.0,6975,-7.180755781458288,-1.40625,0.5850405693054199,11,7,True,0.3731511197102635,False
incl88_j2_node170,0.0,2462098.244610225,2462098.2435511835,2462098.2112404993,25.0,9151,-28.630989836924357,-2.8125,0.161966010928154,9,6,True,0.38043450799890133,False
incl88_j2_node170,0.0,2462099.1597045604,2462099.158645519,2462099.126334835,25.0,2363,38.68218745348943,-12.65625,0.37893012166023254,10,5,True,0.4677445437888711,False
incl88_j2_node170,0.0,2462099.2346212105,2462099.233562169,2462099.201251485,25.0,5307,8.385538647081319,-14.0625,-0.33544960618019104,12,7,True,0.47490690101709276,False
incl88_j2_node170,0.0,2462099.3053672165,2462099.304308175,2462099.271997491,25.0,10170,-40.22818472806108,-16.875,-0.26714110374450684,13,4,True,0.48166724067780303,False
incl88_j2_node170,0.0,2462100.204794365,2462100.2037353236,2462100.1714246394,25.0,10293,-41.81031489577862,-29.53125,0.2366294413805008,14,7,True,0.5669213872093162,False
incl88_j2_node170,0.0,2462100.217598653,2462100.2165396116,2462100.1842289274,25.0,4662,14.477512185929925,-26.71875,-0.44977203011512756,14,7,True,0.5681207201287277,False
incl88_j2_node170,0.0,2462100.294465644,2462100.2934066025,2462100.2610959182,25.0,6965,-7.180755781458288,-29.53125,0.5934878587722778,16,7,True,0.575309131375852,False
incl88_j2_node170,0.0,2462125.166110353,2462125.1650513117,2462125.1327406275,25.0,4673,13.24801490567694,2.8125,0.16827696561813354,5,3,True,0.13582993298776763,False
incl88_j2_node170,0.0,2462125.1672378764,2462125.166178835,2462125.133868151,25.0,4161,18.209956864283,2.8125,0.31738486886024475,5,3,True,0.13590764952744575,False
incl88_j2_node170,0.0,2462127.205621236,2462127.2045621946,2462127.1722515104,25.0,7351,-10.806922874860348,-25.3125,0.5212393403053284,12,7,True,0.29826957147976135,False
incl88_j2_node170,0.0,2462127.2172329025,2462127.216173861,2462127.183863177,25.0,2232,40.228184728061095,-22.5,-0.35405197739601135,12,7,True,0.2992914550698048,False
incl88_j2_node170,0.0,2462128.192688413,2462128.1916293716,2462128.1593186874,25.0,4787,13.24801490567694,-36.5625,-0.4431632161140442,13,7,True,0.3875387803339382,False
incl88_j2_node170,0.0,2462128.268456777,2462128.2673977357,2462128.2350870515,25.0,7602,-13.248014905676953,-39.375,0.4444941580295563,12,7,True,0.39455152472548227,False
incl88_j2_node170,0.0,2462128.281346457,2462128.2802874157,2462128.2479767315,25.0,1971,43.406858485936986,-36.290322580645125,-0.3944385349750519,12,6,True,0.3957462317084394,False
incl88_j2_node170,0.0,2462129.169903949,2462129.1688449075,2462129.1365342233,25.0,6830,-5.979156796301311,-50.625,0.038837943226099014,13,7,True,0.478948619953794,False
incl88_j2_node170,0.0,2462129.2480565207,2462129.2469974793,2462129.214686795,25.0,8493,-22.02431283704216,-52.03125,-0.14971181750297546,12,7,True,0.48631375030249424,False
incl88_j2_node170,0.0,2462129.262205012,2462129.261145971,2462129.2288352866,25.0,2222,40.228184728061095,-50.625,0.4870400130748749,14,7,True,0.48764736706700046,False
incl88_j2_node170,0.0,2462129.3270821837,2462129.3260231423,2462129.293712458,25.0,9645,-34.22886632781257,-53.43750000000006,-0.2711709439754486,15,6,True,0.4937632593067484,False
incl88_j2_node170,0.0,2462155.179593754,2462155.1785347126,2462155.1462240284,25.0,7987,-16.957763300004146,-35.15625,0.3632631003856659,6,4,True,0.1483402351898065,False
incl88_j2_node170,0.0,2462155.191571019,2462155.1905119778,2462155.1582012936,25.0,2612,35.68533471265204,-32.34375000000006,-0.5230458974838257,8,6,True,0.1491591268409289,False
incl88_j2_node170,0.0,2462156.2498542527,2462156.2487952113,2462156.216484527,25.0,4783,13.24801490567694,-47.81250000000006,-0.08046689629554749,6,4,True,0.22773113369271797,False
incl88_j2_node180,0.0,2461552.561893065,2461552.5608340236,2461552.5285233394,25.0,8775,-25.944479772370016,19.6875,0.5312693119049072,7,3,True,0.644932879408251,True
incl88_j2_node180,0.0,2461553.54378726,2461553.5427282187,2461553.5104175345,25.0,8642,-24.62431835216408,7.03125,0.29860764741897583,10,6,True,0.5532789401163121,True
incl88_j2_node180,0.0,2461554.525677443,2461554.5246184017,2461554.4923077174,25.0,8638,-23.31795706533424,-5.625,0.059311337769031525,7,4,True,0.4582958509146581,True
incl88_j2_node180,0.0,2461554.535986118,2461554.5349270767,2461554.5026163924,25.0,3902,22.02431283704216,-4.21875,0.2671678364276886,9,6,True,0.45729051622758293,True
incl88_j2_node180,0.0,2461566.273044775,2461566.2719857334,2461566.239675049,25.0,7879,-16.957763300004146,21.09375,0.36488428711891174,9,4,True,0.3140755636134249,True
incl88_j2_node180,0.0,2461567.330120569,2461567.3290615277,2461567.2967508435,25.0,4930,10.806922874860334,5.625,-0.09193860739469528,7,4,True,0.4309927535693041,False
incl88_j2_node180,0.0,2461568.3158014324,2461568.314742391,2461568.282431707,25.0,6973,-7.180755781458288,-7.03125,-0.3724360167980194,11,7,True,0.5410001596750565,False
incl88_j2_node180,0.0,2461569.29440844,2461569.2933493988,2461569.2610387146,25.0,5561,5.979156796301311,-19.6875,0.3768065571784973,12,7,True,0.6457373330002977,False
incl88_j2_node180,0.0,2461596.2842437015,2461596.28318466,2461596.250873976,25.0,3770,23.31795706533424,-16.875,0.5526056289672852,5,2,True,0.3930518644363728,False
incl88_j2_node180,0.0,2461646.597201566,2461646.596142525,2461646.5638318406,25.0,6605,-4.780191847199163,37.96875,-0.5620367527008057,4,2,True,0.10142728115204659,False
incl88_j2_node180,0.0,2461672.5278676506,2461672.5268086093,2461672.494497925,25.0,6740,-5.979156796301311,56.25,0.42631828784942627,12,7,True,0.4341196733909295,False
incl88_j2_node180,0.0,2461672.6047264654,2461672.603667424,2461672.57135674,25.0,4435,15.713861048008212,53.4375,-0.5727832317352295,14,6,True,0.4254560894529858,False
incl88_j2_node180,0.0,2461673.503382742,2461673.5023237006,2461673.4700130164,25.0,3919,20.742379954487134,42.1875,0.21018294990062714,10,5,True,0.32559012939500886,False
incl88_j2_node180,0.0,2461673.580020666,2461673.5789616248,2461673.5466509406,25.0,1873,43.406858485936986,39.19354838709677,-0.4534681737422943,12,7,True,0.317280872136286,False
incl88_j2_node180,0.0,2461673.596403136,2461673.5953440946,2461673.5630334103,25.0,9039,-28.630989836924357,42.1875,-0.3417064845561981,10,6,True,0.3155105422027056,False
incl88_j2_node180,0.0,2461674.5722995927,2461674.5712405513,2461674.538929867,25.0,6474,-3.583321698471977,28.125,-0.5880993008613586,12,7,True,0.2149731640079818,False
incl88_j2_node180,0.0,2461700.418439939,2461700.417380898,2461700.3850702136,25.0,5328,7.180755781458274,46.40625,-0.29298537969589233,12,5,True,0.5928326855616923,False
incl88_j2_node180,0.0,2461700.495365553,2461700.4943065117,2461700.4619958275,25.0,3152,28.630989836924343,45.0,0.12856072187423706,14,7,True,0.5842702218705534,False
incl88_j2_node180,0.0,2461700.5117467362,2461700.510687695,2461700.4783770107,25.0,10320,-43.40685848593699,47.903225806451616,0.22635363042354584,14,7,True,0.5824425811366387,False
incl88_j2_node180,0.0,2461700.588970871,2461700.58791183,2461700.5556011456,25.0,8528,-23.31795706533424,45.0,-0.5053225159645081,18,7,True,0.5738077917085284,False
incl88_j2_node180,0.0,2461701.4834626266,2461701.482403585,2461701.450092901,25.0,6091,0.0,32.34375,-0.530383825302124,14,7,True,0.4723521388820371,False
incl88_j2_node180,0.0,2461701.561690499,2461701.5606314577,2461701.5283207735,25.0,4427,15.713861048008212,30.9375,-0.33437806367874146,13,7,True,0.46343384126130427,False
incl88_j2_node180,0.0,2461702.5384032163,2461702.537344175,2461702.5050334907,25.0,2374,37.16889965599944,16.875,-0.44773030281066895,12,7,True,0.35355178168370394,False
incl88_j2_node180,0.0,2461702.554639133,2461702.553580092,2461702.5212694076,25.0,9543,-34.22886632781257,19.6875,-0.3048417568206787,12,7,True,0.3517663561238818,False
incl88_j2_node180,0.0,2461702.631951342,2461702.6308923005,2461702.5985816163,25.0,7622,-14.477512185929939,18.28125,0.07569965720176697,9,5,True,0.34329115560758167,False
incl88_j2_node180,0.0,2461703.609705205,2461703.6086461637,2461703.5763354795,25.0,5825,2.388015463268772,4.21875,-0.46987274289131165,10,6,True,0.2410546140706724,False
incl88_j2_node180,0.0,2461729.4541214826,2461729.453062441,2461729.420751757,25.0,3912,20.742379954487134,22.5,0.08318199962377548,14,7,True,0.6234733092596964,False
incl88_j2_node180,0.0,2461729.5303992326,2461729.5293401913,2461729.497029507,25.0,1746,44.993880150457116,19.5,-0.4866211414337158,16,7,True,0.6149906795398435,True
incl88_j2_node180,0.0,2461729.5477682143,2461729.546709173,2461729.5143984887,25.0,9288,-31.388166464348544,22.5,-0.5165156722068787,17,7,True,0.6130544283789188,False
incl88_j2_node180,0.0,2461729.626288381,2461729.6252293396,2461729.5929186554,25.0,7879,-16.957763300004146,21.09375,-0.36079269647598267,16,7,True,0.6042808466433114,False
incl88_j2_node180,0.0,2461730.5208670567,2461730.5198080153,2461730.487497331,25.0,5443,5.979156796301311,8.4375,-0.4071929454803467,13,7,True,0.5028601982909443,False
incl88_j2_node180,0.0,2461730.599019894,2461730.5979608526,2461730.5656501683,25.0,3778,22.02431283704216,7.03125,-0.18374602496623993,16,7,True,0.4939547235713564,False
incl88_j2_node180,0.0,2461731.514059181,2461731.5130001395,2461731.4806894553,25.0,10547,-44.99388015045713,-1.5,0.4434705376625061,10,4,True,0.39089630608094894,True
incl88_j2_node180,0.0,2461731.5906303553,2461731.589571314,2461731.5572606297,25.0,8510,-22.02431283704216,-4.21875,0.07537903636693954,13,7,True,0.38245398316483326,True
incl88_j2_node180,0.0,2461732.573115937,2461732.5720568956,2461732.5397462114,25.0,8890,-25.944479772370016,-16.875,0.22607502341270447,9,5,True,0.27856762855466183,True
incl88_j2_node180,0.0,2461732.6511995657,2461732.6501405244,2461732.61782984,25.0,7225,-9.594068226860458,-18.28125,0.4886731803417206,6,5,True,0.2707484059211517,True
incl88_j2_node180,0.0,2461733.6300629415,2461733.6290039,2461733.596693216,25.0,5940,2.388015463268772,-32.34375000000006,-0.2173393964767456,9,6,True,0.17991865862631773,True
incl88_j2_node180,0.0,2461742.179726378,2461742.1786673367,2461742.1463566525,25.0,5580,4.780191847199163,35.15625,-0.05118614435195923,5,2,True,0.19066326598193736,True
incl88_j2_node180,0.0,2461743.1697402964,2461743.168681255,2461743.136370571,25.0,1992,41.81031489577859,23.90625,-0.21181614696979523,10,7,True,0.26936224504420037,True
incl88_j2_node180,0.0,2461744.2255299264,2461744.224470885,2461744.192160201,25.0,5187,8.385538647081319,8.4375,-0.24728040397167206,10,7,True,0.3615494970933527,False
incl88_j2_node180,0.0,2461745.207397781,2461745.2063387395,2461745.1740280553,25.0,5182,9.594068226860458,-4.21875,-0.522606611251831,12,7,True,0.45234711494200364,False
incl88_j2_node180,0.0,2461745.2820029007,2461745.2809438594,2461745.248633175,25.0,8509,-22.02431283704216,-7.03125,0.14688900113105774,13,6,True,0.4593754907942377,False
incl88_j2_node180,0.0,2461745.29231165,2461745.2912526084,2461745.258941924,25.0,3774,23.31795706533424,-5.625,0.2505331039428711,13,6,True,0.46034768101437484,False
incl88_j2_node180,0.0,2461746.1889806907,2461746.1879216493,2461746.155610965,25.0,5177,9.594068226860458,-18.28125,0.5484170317649841,14,7,True,0.5455236554739019,False
incl88_j2_node180,0.0,2461746.264462954,2461746.2634039125,2461746.2310932283,25.0,8121,-18.209956864283015,-19.6875,-0.022114679217338562,14,7,True,0.5527165693475182,False
incl88_j2_node180,0.0,2461746.3409004686,2461746.3398414273,2461746.307530743,25.0,10296,-41.81031489577862,-21.09375,-0.5584579110145569,15,6,True,0.5599984546963732,False
incl88_j2_node180,0.0,2461747.1627914384,2461747.161732397,2461747.129421713,25.0,8756,-24.62431835216408,-32.34375000000006,0.45484790205955505,15,7,True,0.6378109487161324,False
incl88_j2_node180,0.0,2461747.2424069303,2461747.241347889,2461747.2090372047,25.0,9652,-34.22886632781257,-33.75000000000006,0.3418238162994385,14,7,True,0.645265309295454,False
incl88_j2_node180,0.0,2461747.260062751,2461747.2590037095,2461747.2266930253,25.0,1973,43.406858485936986,-30.48387096774195,0.10355819761753082,16,7,True,0.6469155793833636,False
incl88_j2_node180,0.0,2461772.2081404026,2461772.207081361,2461772.174770677,25.0,2112,40.228184728061095,0.0,-0.25453728437423706,8,5,True,0.20149593725976647,False
incl88_j2_node180,0.0,2461773.1755754794,2461773.174516438,2461773.142205754,25.0,8506,-22.02431283704216,-15.46875,-0.10368335247039795,11,7,True,0.27925732835657147,False
incl88_j2_node180,0.0,2461773.25393305,2461773.252874009,2461773.2205633246,25.0,9914,-37.168899655999454,-16.875,-0.34824326634407043,8,5,True,0.285930559526126,False
incl88_j2_node180,0.0,2461774.1689943676,2461774.167935326,2461774.135624642,25.0,3126,29.999999999999993,-26.71875,-0.05398854613304138,11,5,True,0.3673382454434758,False
incl88_j2_node180,0.0,2461774.2469867812,2461774.24592774,2461774.2136170557,25.0,4790,13.24801490567694,-28.125,-0.35038745403289795,12,7,True,0.37454037821614355,False
incl88_j2_node180,0.0,2461775.226374013,2461775.2253149715,2461775.1930042873,25.0,5809,3.5833216984719627,-42.18750000000006,0.4141634702682495,13,7,True,0.46765747037769956,False
incl88_j2_node180,0.0,2461775.302355126,2461775.3012960847,2461775.2689854004,25.0,8496,-22.02431283704216,-43.59375,-0.095004141330719,16,7,True,0.4750485638866198,False
incl88_j2_node180,0.0,2461775.3126637866,2461775.311604745,2461775.279294061,25.0,3761,23.31795706533424,-42.18750000000006,-0.00020301309996284544,17,7,True,0.4760527488501559,False
incl88_j2_node180,0.0,2461776.2104415228,2461776.2093824814,2461776.177071797,25.0,4652,14.477512185929925,-54.84375,0.4330647587776184,14,7,True,0.5644005913465905,False
incl88_j2_node180,0.0,2461776.2864958514,2461776.28543681,2461776.253126126,25.0,7340,-10.806922874860348,-56.25,-0.03445207700133324,16,7,True,0.5719273661319675,False
incl88_j2_node180,0.0,2461776.362642745,2461776.3615837037,2461776.3292730195,25.0,9771,-35.68533471265205,-57.65625000000006,-0.5460509657859802,14,6,True,0.5794631453970263,False
incl88_j2_node180,0.0,2461802.214040405,2461802.2129813638,2461802.1806706795,25.0,8626,-23.31795706533424,-39.375,-0.09499063342809677,12,7,True,0.215140570002456,False
incl88_j2_node180,0.0,2461802.2243490666,2461802.2232900253,2461802.190979341,25.0,3890,22.02431283704216,-37.96875000000006,-0.012968099676072598,10,7,True,0.21595322701553318,False
incl88_j2_node180,0.0,2461803.2068319404,2461803.205772899,2461803.173462215,25.0,3502,25.944479772370002,-50.625,-0.16681796312332153,12,7,True,0.29863052638016263,False
incl88_j2_node180,0.0,2461803.280271596,2461803.2792125545,2461803.2469018702,25.0,7341,-10.806922874860348,-53.43750000000006,0.32691678404808044,10,6,True,0.30519547913098877,False
incl88_j2_node180,0.0,2461877.5551653043,2461877.554106263,2461877.5217955788,25.0,6736,-5.979156796301311,45.0,0.28148353099823,7,3,True,0.5632327024120987,False
incl88_j2_node180,0.0,2461879.5937251276,2461879.5926660863,2461879.560355402,25.0,9542,-34.22886632781257,16.875,0.30687859654426575,4,1,True,0.36915354050138705,False
incl88_j2_node180,0.0,2461906.5190903842,2461906.518031343,2461906.4857206587,25.0,3528,24.62431835216408,23.90625,-0.37530332803726196,10,5,True,0.636094796540605,True
incl88_j2_node180,0.0,2461920.289527998,2461920.2884689565,2461920.2561582723,25.0,2887,31.38816646434855,19.6875,0.1746862679719925,7,5,True,0.2264784130705579,False
incl88_j2_node180,0.0,2461921.277165801,2461921.2761067594,2461921.243796075,25.0,5570,4.780191847199163,7.03125,-0.37287357449531555,10,5,True,0.3274454944627149,False
incl88_j2_node180,0.0,2461922.2697140896,2461922.268655048,2461922.236344364,25.0,10426,-43.40685848593699,-4.354838709677324,-0.39097830653190613,9,4,True,0.4381739105524,False
incl88_j2_node180,0.0,2461923.3137345472,2461923.312675506,2461923.2803648217,25.0,2104,41.81031489577859,-21.09375,-0.06936910003423691,13,7,True,0.5580941947157269,False
incl88_j2_node180,0.0,2461923.330063345,2461923.3290043036,2461923.2966936193,25.0,9273,-30.000000000000014,-18.28125,0.19963902235031128,11,7,True,0.5599603191976881,False
incl88_j2_node180,0.0,2461951.30024083,2461951.2991817887,2461951.2668711045,25.0,6965,-7.180755781458288,-29.53125,-0.4827195405960083,7,4,True,0.42002550049617804,False
incl88_j2_node180,0.0,2461952.2864114335,2461952.285352392,2461952.253041708,25.0,9009,-27.27961273597809,-40.78125,0.5227805972099304,7,4,True,0.5329136802454204,False
incl88_j2_node180,0.0,2461999.556353518,2461999.5552944764,2461999.5229837922,25.0,4306,16.957763300004146,52.03125,-0.27398380637168884,10,7,True,0.24481257156318334,False
incl88_j2_node180,0.0,2462026.463741982,2462026.4626829405,2462026.4303722563,25.0,2388,37.16889965599944,56.25,0.3376048803329468,14,7,True,0.5085505058425714,False
incl88_j2_node180,0.0,2462026.4806458973,2462026.479586856,2462026.4472761718,25.0,9813,-37.168899655999454,59.0625,0.5422214865684509,14,7,True,0.5067857841837118,False
incl88_j2_node180,0.0,2462026.5581267094,2462026.557067668,2462026.524756984,25.0,8020,-18.209956864283015,56.25,-0.3042590916156769,15,7,True,0.4986839264323536,False
incl88_j2_node180,0.0,2462027.5366700315,2462027.53561099,2462027.503300306,25.0,6607,-4.780191847199163,43.59375,0.4061981439590454,12,7,True,0.3953205928260285,False
incl88_j2_node180,0.0,2462028.5109721622,2462028.509913121,2462028.4776024367,25.0,3274,27.27961273597809,29.53125,0.27704620361328125,9,5,True,0.29361870152565855,False
incl88_j2_node180,0.0,2462028.5891031334,2462028.588044092,2462028.555733408,25.0,1869,43.406858485936986,27.580645161290306,0.12655626237392426,9,6,True,0.2856671845011167,False
incl88_j2_node180,0.0,2462028.605788916,2462028.6047298745,2462028.5724191903,25.0,9162,-30.000000000000014,29.53125,-0.3620661497116089,7,4,True,0.28397464271585005,False
incl88_j2_node180,0.0,2462029.583578899,2462029.5825198577,2462029.5502091735,25.0,7494,-13.248014905676953,16.875,0.45874956250190735,9,6,True,0.18937756208199133,False
incl88_j2_node180,0.0,2462054.6097983927,2462054.6087393514,2462054.576428667,25.0,5456,5.979156796301311,45.0,0.014722282998263836,15,6,True,0.6471003545868284,False
incl88_j2_node180,0.0,2462055.4244355266,2462055.4233764852,2462055.391065801,25.0,3916,20.742379954487134,33.75,0.02603483572602272,12,5,True,0.5630647700982043,False
incl88_j2_node180,0.0,2462055.5021582926,2462055.501099251,2462055.468788567,25.0,2251,38.68218745348943,32.34375,0.32129499316215515,13,7,True,0.5548064576495393,False
incl88_j2_node180,0.0,2462055.518727563,2462055.5176685215,2462055.4853578373,25.0,9548,-34.22886632781257,33.75,-0.529928982257843,14,7,True,0.5530414533874461,False
incl88_j2_node180,0.0,2462055.5960384523,2462055.594979411,2462055.562668727,25.0,7627,-14.477512185929939,32.34375,-0.25359678268432617,17,7,True,0.5447863936228844,False
incl88_j2_node180,0.0,2462056.490632789,2462056.489573748,2462056.4572630636,25.0,5191,8.385538647081319,19.6875,-0.3574753701686859,14,7,True,0.4475598947863123,False
incl88_j2_node180,0.0,2462056.5687415195,2462056.567682478,2462056.535371794,25.0,3526,24.62431835216408,18.28125,-0.15985514223575592,13,7,True,0.4389874565351896,False
incl88_j2_node180,0.0,2462057.546062138,2462057.5450030966,2462057.5126924124,25.0,1861,43.406858485936986,4.354838709677409,-0.22830836474895477,12,7,True,0.33243109449415964,False
incl88_j2_node180,0.0,2462057.5615317314,2462057.56047269,2462057.528162006,25.0,8642,-24.62431835216408,7.03125,0.045994702726602554,12,7,True,0.33077140371515334,False
incl88_j2_node180,0.0,2462058.6146101584,2462058.613551117,2462058.581240433,25.0,4029,20.742379954487134,-8.4375,-0.002471043262630701,9,6,True,0.22225650742794162,False
incl88_j2_node180,0.0,2462059.610062585,2462059.609003544,2462059.5766928596,25.0,10169,-40.22818472806108,-19.6875,-0.20997725427150726,5,3,True,0.13264848081541517,False
incl88_j2_node180,0.0,2462084.4732135795,2462084.472154538,2462084.439843854,25.0,8516,-23.31795706533424,11.25,0.04554970934987068,14,7,True,0.6028254602998419,True
incl88_j2_node180,0.0,2462084.5518934433,2462084.550834402,2462084.5185237178,25.0,7107,-9.594068226860458,9.84375,0.14889517426490784,16,7,True,0.5943372172078166,True
incl88_j2_node180,0.0,2462084.628502279,2462084.6274432377,2462084.5951325535,25.0,4675,13.24801490567694,8.4375,0.4659021198749542,14,6,True,0.5860313642205086,True
incl88_j2_node180,0.0,2462085.521803358,2462085.5207443167,2462085.4884336325,25.0,2110,41.81031489577859,-4.21875,0.5955666303634644,13,7,True,0.4869612264773368,True
incl88_j2_node180,0.0,2462085.5384380254,2462085.537378984,2462085.5050683,25.0,9407,-31.388166464348544,-2.8125,-0.21126925945281982,13,7,True,0.4850909074207701,True
incl88_j2_node180,0.0,2462086.5179064968,2462086.5168474554,2462086.484536771,25.0,8506,-22.02431283704216,-15.46875,0.3800545036792755,9,4,True,0.37509828856255545,True
incl88_j2_node180,0.0,2462097.1896283464,2462097.188569305,2462097.156258621,25.0,5192,8.385538647081319,22.5,0.10958666354417801,9,6,True,0.28242830988536227,False
incl88_j2_node180,0.0,2462098.171497173,2462098.170438132,2462098.1381274476,25.0,5059,9.594068226860458,9.84375,-0.16997197270393372,11,7,True,0.37351174576442336,False
incl88_j2_node180,0.0,2462098.248105987,2462098.2470469456,2462098.2147362614,25.0,7491,-13.248014905676953,8.4375,-0.48617789149284363,9,6,True,0.3807658425080683,False
incl88_j2_node180,0.0,2462099.15935389,2462099.1582948486,2462099.1259841644,25.0,2495,37.16889965599944,-2.8125,0.38315433263778687,10,5,True,0.4677110112344585,False
incl88_j2_node180,0.0,2462099.2316236845,2462099.230564643,2462099.198253959,25.0,6718,-4.780191847199163,-4.21875,-0.5724635720252991,12,7,True,0.47462038690681296,False
incl88_j2_node180,0.0,2462099.3147776085,2462099.313718567,2462099.281407883,25.0,6078,1.1937484371410676,-5.625,-0.08062043786048889,11,3,True,0.48256618252619704,False
incl88_j2_node180,0.0,2462100.2201954597,2462100.2191364183,2462100.186825734,25.0,3514,25.944479772370002,-16.875,0.03413524106144905,14,7,True,0.5683638800165054,False
incl88_j2_node180,0.0,2462100.2960998947,2462100.2950408533,2462100.262730169,25.0,6201,0.0,-18.28125,-0.4338947832584381,17,7,True,0.5754617399836438,False
incl88_j2_node180,0.0,2462125.163093632,2462125.1620345907,2462125.1297239065,25.0,6084,0.0,12.65625,-0.07609318196773529,4,2,True,0.1356220001570045,False
incl88_j2_node180,0.0,2462127.199964037,2462127.198904996,2462127.1665943116,25.0,9786,-35.68533471265205,-15.46875,-0.1285090446472168,12,7,True,0.29777198943828515,False
incl88_j2_node180,0.0,2462127.208350303,2462127.2072912618,2462127.1749805775,25.0,6075,1.1937484371410676,-14.0625,-0.35648155212402344,12,7,True,0.2985096579347517,False
incl88_j2_node180,0.0,2462128.191303201,2462128.1902441597,2462128.1579334754,25.0,5430,7.180755781458274,-26.71875,-0.5017025470733643,13,7,True,0.3874107355117032,False
incl88_j2_node180,0.0,2462128.265263544,2462128.2642045026,2462128.2318938184,25.0,9013,-27.27961273597809,-29.53125,0.1587255299091339,13,7,True,0.39425561310231594,False
incl88_j2_node180,0.0,2462129.1634707693,2462129.162411728,2462129.1301010437,25.0,9649,-34.22886632781257,-42.18750000000006,0.5467728972434998,10,5,True,0.47834248521745726,False
incl88_j2_node180,0.0,2462129.1811246388,2462129.1800655974,2462129.147754913,25.0,1970,43.406858485936986,-39.19354838709677,0.2610466182231903,14,7,True,0.480005886278599,False
incl88_j2_node180,0.0,2462129.2625578726,2462129.261498831,2462129.229188147,25.0,2097,41.81031489577859,-40.78125,0.5799761414527893,14,7,True,0.4876806278940081,False
incl88_j2_node180,0.0,2462129.337867831,2462129.3368087895,2462129.3044981053,25.0,4785,13.24801490567694,-42.18750000000006,0.003612148342654109,12,4,True,0.49478008372674637,False
incl88_j2_node180,0.0,2462130.2261927067,2462130.2251336654,2462130.192822981,25.0,9900,-37.168899655999454,-56.25,0.4232126474380493,14,7,True,0.5782673958219497,False
incl88_j2_node180,0.0,2462130.244511294,2462130.243452253,2462130.2111415686,25.0,1965,43.406858485936986,-53.709677419354875,0.5976814031600952,14,7,True,0.5799770260640055,False
incl88_j2_node180,0.0,2462130.325236762,2462130.3241777206,2462130.2918670364,25.0,2348,38.68218745348943,-54.84375,0.49019721150398254,18,7,True,0.5875016537888549,False
incl88_j2_node180,0.0,2462155.183990788,2462155.182931747,2462155.1506210626,25.0,5943,2.388015463268772,-23.90625,-0.27522188425064087,8,6,True,0.14864066456363595,False
incl88_j2_node180,0.0,2462156.236602283,2462156.2355432417,2462156.2032325575,25.0,10534,-44.99388015045713,-40.5,0.3828315734863281,9,6,True,0.22667780939504753,False
incl88_j2_node180,0.0,2462157.2181994915,2462157.21714045,2462157.184829766,25.0,10530,-44.99388015045713,-52.5,-0.3109265863895416,12,7,True,0.3086170410477932,False
incl88_j2_node180,0.0,2462157.2368731,2462157.2358140587,2462157.2035033745,25.0,2478,37.16889965599944,-50.625,0.4698828160762787,12,7,True,0.3102449214593452,False
incl88_j2_node190,0.0,2461552.5619087145,2461552.560849673,2461552.528538989,25.0,8779,-25.944479772370016,30.9375,-0.5997375845909119,7,3,True,0.6449314587169015,False
incl88_j2_node190,0.0,2461553.5391635066,2461553.538104465,2461553.505793781,25.0,10433,-44.99388015045713,16.5,-0.17236670851707458,10,6,True,0.5537203658223813,False
incl88_j2_node190,0.0,2461553.5488524204,2461553.547793379,2461553.515482695,25.0,6342,-2.388015463268786,18.28125,-0.10638425499200821,9,5,True,0.5527952792391838,False
incl88_j2_node190,0.0,2461554.5328921345,2461554.531833093,2461554.499522409,25.0,5186,8.385538647081319,5.625,-0.05359084904193878,8,5,True,0.4575922558048305,False
incl88_j2_node190,0.0,2461596.28240044,2461596.2813413986,2461596.2490307144,25.0,3005,31.38816646434855,-8.4375,-0.5234812498092651,4,1,True,0.3928512437190472,False
incl88_j2_node190,0.0,2461597.277960071,2461597.2769010295,2461597.2445903453,25.0,9273,-30.000000000000014,-18.28125,0.22736994922161102,6,3,True,0.5011847043472417,False
incl88_j2_node190,0.0,2461673.507006554,2461673.5059475126,2461673.4736368284,25.0,5586,4.780191847199163,52.03125,-0.47017085552215576,10,5,True,0.32519621144967925,False
incl88_j2_node190,0.0,2461673.5814478984,2461673.580388857,2461673.548078173,25.0,2386,37.16889965599944,50.625,0.3580785393714905,11,7,True,0.31712656005350864,False
incl88_j2_node190,0.0,2461673.5954918633,2461673.594432822,2461673.5621221378,25.0,8658,-24.62431835216408,52.03125,-0.34748131036758423,9,6,True,0.3156089684101131,False
incl88_j2_node190,0.0,2461674.5698534157,2461674.5687943744,2461674.53648369,25.0,5325,7.180755781458274,37.96875,-0.39986884593963623,11,7,True,0.21521037090316636,False
incl88_j2_node190,0.0,2461700.413566355,2461700.412507314,2461700.3801966296,25.0,3156,28.630989836924343,56.25,0.2738514840602875,11,5,True,0.5933739843132306,False
incl88_j2_node190,0.0,2461700.4275276186,2461700.4264685772,2461700.394157893,25.0,9428,-32.79716829582364,57.65625,-0.3753857910633087,14,7,True,0.5918229010779534,False
incl88_j2_node190,0.0,2461700.5026901695,2461700.501631128,2461700.469320444,25.0,6484,-3.583321698471977,56.25,0.28811946511268616,13,7,True,0.5834531994356956,False
incl88_j2_node190,0.0,2461700.57716027,2461700.5761012286,2461700.5437905444,25.0,3155,28.630989836924343,53.4375,-0.29695042967796326,18,7,True,0.5751303819584386,False
incl88_j2_node190,0.0,2461700.591457436,2461700.5903983945,2461700.5580877103,25.0,9556,-34.22886632781257,56.25,0.20104168355464935,18,7,True,0.5735292794249878,False
incl88_j2_node190,0.0,2461701.4851018847,2461701.4840428433,2461701.451732159,25.0,6863,-7.180755781458288,43.59375,0.4891683757305145,14,7,True,0.47216521604034856,False
incl88_j2_node190,0.0,2461701.5590619864,2461701.558002945,2461701.525692261,25.0,3278,27.27961273597809,40.78125,-0.07072682678699493,13,7,True,0.4637334243062825,False
incl88_j2_node190,0.0,2461701.573383011,2461701.5723239696,2461701.5400132854,25.0,9679,-35.68533471265205,43.59375,0.4021467864513397,14,7,True,0.46210128152475594,False
incl88_j2_node190,0.0,2461702.5479488643,2461702.546889823,2461702.5145791387,25.0,6602,-4.780191847199163,29.53125,0.5603598356246948,12,7,True,0.352501834536143,False
incl88_j2_node190,0.0,2461702.621836495,2461702.6207774538,2461702.5884667695,25.0,3017,29.999999999999993,26.71875,0.019740916788578033,12,6,True,0.3443974323845008,False
incl88_j2_node190,0.0,2461702.63611958,2461702.6350605385,2461702.6027498543,25.0,9418,-32.79716829582364,29.53125,0.5278323292732239,8,4,True,0.34283552892469826,False
incl88_j2_node190,0.0,2461703.6113419784,2461703.610282937,2461703.577972253,25.0,6597,-4.780191847199163,15.46875,0.5533997416496277,9,6,True,0.24089284766005994,False
incl88_j2_node190,0.0,2461729.4513802505,2461729.450321209,2461729.418010525,25.0,2763,32.79716829582364,32.34375,0.3422596752643585,15,7,True,0.6237775150382376,False
incl88_j2_node190,0.0,2461729.4653422246,2461729.464283183,2461729.431972499,25.0,9036,-28.630989836924357,33.75,-0.27367040514945984,14,7,True,0.6222276595322754,False
incl88_j2_node190,0.0,2461729.5411786065,2461729.540119565,2461729.507808881,25.0,6347,-2.388015463268786,32.34375,0.2623509168624878,17,7,True,0.6137892222904137,False
incl88_j2_node190,0.0,2461729.61560939,2461729.614550349,2461729.5822396646,25.0,3018,29.999999999999993,29.53125,-0.31583234667778015,17,7,True,0.6054759550176002,False
incl88_j2_node190,0.0,2461729.629892317,2461729.6288332758,2461729.5965225915,25.0,9419,-32.79716829582364,32.34375,0.223514586687088,15,6,True,0.6038773568311269,False
incl88_j2_node190,0.0,2461730.52413652,2461730.5230774786,2461730.4907667944,25.0,6983,-8.385538647081319,19.6875,0.3898775279521942,13,7,True,0.5024875646962726,False
incl88_j2_node190,0.0,2461730.5987226088,2461730.5976635674,2461730.565352883,25.0,3654,23.31795706533424,16.875,-0.2870514690876007,16,7,True,0.4939885887738195,False
incl88_j2_node190,0.0,2461730.6131752236,2461730.612116182,2461730.579805498,25.0,10055,-40.22818472806108,19.6875,0.16724994778633118,17,7,True,0.49234228422398907,False
incl88_j2_node190,0.0,2461731.5880788113,2461731.58701977,2461731.5547090857,25.0,7234,-10.806922874860348,5.625,0.30532655119895935,13,7,True,0.38273469500639634,False
incl88_j2_node190,0.0,2461732.566395499,2461732.5653364575,2461732.5330257732,25.0,5821,3.5833216984719627,-8.4375,-0.3298795223236084,8,4,True,0.2792440958159711,False
incl88_j2_node190,0.0,2461732.64219326,2461732.641134219,2461732.6088235346,25.0,3132,29.999999999999993,-9.84375,0.2238783985376358,8,6,True,0.27164643909300523,False
incl88_j2_node190,0.0,2461732.656790659,2461732.6557316175,2461732.6234209333,25.0,9661,-34.22886632781257,-8.4375,-0.4712271988391876,5,4,True,0.27019141860967577,False
incl88_j2_node190,0.0,2461733.6344641005,2461733.633405059,2461733.601094375,25.0,7992,-16.957763300004146,-21.09375,0.40236353874206543,9,6,True,0.17954372324585918,False
incl88_j2_node190,0.0,2461772.1992623494,2461772.198203308,2461772.165892624,25.0,5955,1.1937484371410676,8.4375,-0.2757658362388611,9,6,True,0.20082542956694063,False
incl88_j2_node190,0.0,2461773.1734455125,2461773.172386471,2461773.140075787,25.0,9406,-31.388166464348544,-5.625,-0.269222229719162,11,7,True,0.279076661447247,False
incl88_j2_node190,0.0,2461773.1850068737,2461773.1839478323,2461773.151637148,25.0,4158,19.47122063449069,-4.21875,-0.005210339557379484,12,7,True,0.28005783227712455,False
incl88_j2_node190,0.0,2461773.263195192,2461773.2621361506,2461773.2298254664,25.0,5822,3.5833216984719627,-5.625,-0.19667480885982513,7,4,True,0.2867227347900926,False
incl88_j2_node190,0.0,2461774.170619109,2461774.169560068,2461774.1372493836,25.0,2490,37.16889965599944,-16.875,0.32473596930503845,10,5,True,0.3674879177583751,False
incl88_j2_node190,0.0,2461774.2361911163,2461774.235132075,2461774.2028213907,25.0,9657,-34.22886632781257,-19.6875,-0.3633703887462616,12,7,True,0.37354126629929196,False
incl88_j2_node190,0.0,2461775.2193618417,2461775.2183028003,2461775.185992116,25.0,9012,-27.27961273597809,-32.34375000000006,-0.4096928834915161,13,7,True,0.46697631029431763,False
incl88_j2_node190,0.0,2461775.2340089045,2461775.232949863,2461775.200639179,25.0,2485,37.16889965599944,-30.9375,0.3294370174407959,13,7,True,0.4683993079394583,False
incl88_j2_node190,0.0,2461775.299580901,2461775.2985218596,2461775.2662111754,25.0,9652,-34.22886632781257,-33.75000000000006,-0.35971009731292725,16,7,True,0.4747783587532573,False
incl88_j2_node190,0.0,2461776.2003259626,2461776.1992669213,2461776.166956237,25.0,9263,-30.000000000000014,-46.40625,0.4447449743747711,14,7,True,0.5633995687387524,False
incl88_j2_node190,0.0,2461776.21275344,2461776.2116943984,2461776.179383714,25.0,3632,24.62431835216408,-43.59375,-0.4097025692462921,14,7,True,0.5646293800306916,False
incl88_j2_node190,0.0,2461776.2884046347,2461776.2873455933,2461776.255034909,25.0,6447,-2.388015463268786,-46.40625,0.38957199454307556,16,7,True,0.5721162746999852,False
incl88_j2_node190,0.0,2461776.367734558,2461776.3666755166,2461776.3343648324,25.0,7599,-13.248014905676953,-47.81250000000006,0.3613522946834564,14,6,True,0.5799670054226413,False
incl88_j2_node190,0.0,2461776.368289607,2461776.3672305658,2461776.3349198815,25.0,7343,-10.806922874860348,-47.81250000000006,0.44237983226776123,14,6,True,0.580021930282456,False
incl88_j2_node190,0.0,2461802.221797404,2461802.2207383625,2461802.1884276783,25.0,5046,10.806922874860334,-28.125,-0.24338661134243011,11,7,True,0.21575196461560803,False
incl88_j2_node190,0.0,2461802.2292050803,2461802.228146039,2461802.1958353547,25.0,1974,43.406858485936986,-27.580645161290363,0.4066387712955475,9,6,True,0.2163364689670098,False
incl88_j2_node190,0.0,2461803.206528438,2461803.2054693964,2461803.173158712,25.0,3633,24.62431835216408,-40.78125,-0.0866110548377037,12,7,True,0.2986035002976968,False
incl88_j2_node190,0.0,2461803.2728544013,2461803.27179536,2461803.2394846757,25.0,10412,-43.40685848593699,-45.0,0.39780348539352417,9,6,True,0.3045301918712452,False
incl88_j2_node190,0.0,2461803.29296349,2461803.2919044485,2461803.2595937643,25.0,1846,44.993880150457116,-40.5,-0.3380306661128998,8,4,True,0.306334992589381,False
incl88_j2_node190,0.0,2461804.2629568987,2461804.2618978573,2461804.229587173,25.0,6828,-5.979156796301311,-56.25,0.32429835200309753,12,7,True,0.39734791597429964,False
incl88_j2_node190,0.0,2461804.2738209846,2461804.2727619433,2461804.240451259,25.0,2092,41.81031489577859,-54.84375,0.5178692936897278,12,7,True,0.39840647641011273,False
incl88_j2_node190,0.0,2461831.2482310464,2461831.247172005,2461831.214861321,25.0,10409,-43.40685848593699,-53.709677419354875,-0.37633973360061646,5,4,True,0.16358717182620988,False
incl88_j2_node190,0.0,2461877.5630298145,2461877.561970773,2461877.529660089,25.0,3156,28.630989836924343,56.25,0.10792411118745804,7,4,True,0.5624693073644913,False
incl88_j2_node190,0.0,2461906.51184911,2461906.5107900687,2461906.4784793844,25.0,6859,-7.180755781458288,32.34375,0.15556177496910095,9,4,True,0.6367664257047302,False
incl88_j2_node190,0.0,2461906.521264417,2461906.5202053757,2461906.4878946915,25.0,2636,34.228866327812575,33.75,0.07346481829881668,10,5,True,0.6358931316189523,False
incl88_j2_node190,0.0,2461908.5510064643,2461908.549947423,2461908.5176367387,25.0,9409,-32.79716829582364,4.21875,0.3185460865497589,9,6,True,0.44433740297033497,False
incl88_j2_node190,0.0,2461908.565289124,2461908.5642300826,2461908.5319193983,25.0,3010,29.999999999999993,7.03125,-0.338856965303421,8,4,True,0.4429940942155966,False
incl88_j2_node190,0.0,2461922.3408221556,2461922.339763114,2461922.30745243,25.0,5697,3.5833216984719627,2.8125,-0.5747841000556946,7,4,True,0.4463068174250187,True
incl88_j2_node190,0.0,2461923.326810528,2461923.3257514867,2461923.2934408025,25.0,7869,-15.713861048008212,-8.4375,0.5696518421173096,12,7,True,0.5595886531380617,True
incl88_j2_node190,0.0,2461951.296145551,2461951.2950865095,2461951.2627758253,25.0,5049,10.806922874860334,-19.6875,-0.12812495231628418,7,4,True,0.41955814718172024,False
incl88_j2_node190,0.0,2461952.2785648624,2461952.277505821,2461952.245195137,25.0,5428,7.180755781458274,-32.34375000000006,0.08246035128831863,7,4,True,0.5320206637901911,False
incl88_j2_node190,0.0,2461953.3358041663,2461953.334745125,2461953.3024344407,25.0,2735,34.228866327812575,-47.81250000000006,-0.3635012209415436,7,3,True,0.6493597905690287,False
incl88_j2_node190,0.0,2462027.5374790975,2462027.536420056,2462027.504109372,25.0,6995,-8.385538647081319,53.4375,0.15686240792274475,12,7,True,0.3952349759010875,False
incl88_j2_node190,0.0,2462027.6129487935,2462027.611889752,2462027.579579068,25.0,4050,19.47122063449069,52.03125,0.5893112421035767,10,4,True,0.38725224479493503,False
incl88_j2_node190,0.0,2462028.5233639497,2462028.5223049084,2462028.489994224,25.0,8910,-27.27961273597809,40.78125,-0.09393903613090515,11,7,True,0.2923547321275774,False
incl88_j2_node190,0.0,2462028.5986939827,2462028.5976349413,2462028.565324257,25.0,5966,1.1937484371410676,39.375,0.41663384437561035,9,6,True,0.2846940635074594,False
incl88_j2_node190,0.0,2462029.5721073803,2462029.571048339,2462029.5387376547,25.0,2377,37.16889965599944,25.3125,0.39508044719696045,11,7,True,0.19042298291891158,False
incl88_j2_node190,0.0,2462029.5867549647,2462029.5856959233,2462029.553385239,25.0,8905,-27.27961273597809,26.71875,-0.09603965282440186,9,6,True,0.18908849101574668,False
incl88_j2_node190,0.0,2462054.6095154793,2462054.608456438,2462054.5761457537,25.0,5331,7.180755781458274,54.84375,-0.11430463194847107,15,6,True,0.6471286036563151,False
incl88_j2_node190,0.0,2462055.422940021,2462055.4218809796,2462055.3895702953,25.0,3279,27.27961273597809,43.59375,0.052628062665462494,12,5,True,0.563223304761746,False
incl88_j2_node190,0.0,2462055.4375882866,2462055.436529245,2462055.404218561,25.0,9808,-37.168899655999454,45.0,-0.43133437633514404,13,7,True,0.5616697020425877,False
incl88_j2_node190,0.0,2462055.513121865,2462055.512062824,2462055.4797521397,25.0,7119,-9.594068226860458,43.59375,0.0674990639090538,13,7,True,0.5536387607791198,False
incl88_j2_node190,0.0,2462055.5886036153,2462055.587544574,2462055.5552338897,25.0,4175,18.209956864283,42.1875,0.493457555770874,18,7,True,0.545581646469261,False
incl88_j2_node190,0.0,2462055.602245214,2462055.6011861726,2462055.5688754884,25.0,10191,-41.81031489577862,43.59375,-0.004143563564866781,15,6,True,0.5441222740820426,False
incl88_j2_node190,0.0,2462056.496105904,2462056.495046863,2462056.4627361787,25.0,7755,-15.713861048008212,30.9375,0.20569825172424316,13,7,True,0.4469593476003064,False
incl88_j2_node190,0.0,2462056.572154564,2462056.5710955225,2462056.5387848383,25.0,5066,9.594068226860458,29.53125,0.5780184864997864,14,7,True,0.4386128053595727,False
incl88_j2_node190,0.0,2462056.5845664544,2462056.583507413,2462056.551196729,25.0,10438,-44.99388015045713,31.5,0.5027183890342712,16,7,True,0.437250315773785,False
incl88_j2_node190,0.0,2462057.5606391323,2462057.559580091,2462057.5272694067,25.0,8262,-20.74237995448715,16.875,0.05432325229048729,12,7,True,0.3308671365934146,False
incl88_j2_node190,0.0,2462058.612496475,2462058.611437434,2462058.5791267497,25.0,3008,29.999999999999993,1.40625,0.10512431710958481,9,6,True,0.2224627257594034,False
incl88_j2_node190,0.0,2462058.6270942925,2462058.626035251,2462058.593724567,25.0,9537,-34.22886632781257,2.8125,-0.3457949459552765,6,4,True,0.22103931729141604,False
incl88_j2_node190,0.0,2462084.464886625,2462084.4638275835,2462084.4315168993,25.0,4679,13.24801490567694,19.6875,-0.44008010625839233,14,7,True,0.6037211712785309,False
incl88_j2_node190,0.0,2462084.478133732,2462084.4770746906,2462084.4447640064,25.0,10435,-44.99388015045713,22.5,0.310376912355423,14,7,True,0.6022959221263395,False
incl88_j2_node190,0.0,2462084.553838843,2462084.5527798017,2462084.5204691174,25.0,8007,-18.209956864283015,19.6875,-0.2221403568983078,16,7,True,0.5941267871607996,False
incl88_j2_node190,0.0,2462084.6293206527,2462084.6282616113,2462084.595950927,25.0,5062,9.594068226860458,18.28125,0.19909213483333588,14,6,True,0.585942422937012,False
incl88_j2_node190,0.0,2462085.5221510064,2462085.521091965,2462085.488781281,25.0,2114,40.228184728061095,5.625,0.37282195687294006,13,7,True,0.4869221427550753,False
incl88_j2_node190,0.0,2462085.5362998433,2462085.535240802,2462085.502930118,25.0,8386,-22.02431283704216,7.03125,-0.026938993483781815,13,7,True,0.48533134548581214,False
incl88_j2_node190,0.0,2462085.6106392913,2462085.60958025,2462085.577269566,25.0,4930,10.806922874860334,5.625,0.5422022342681885,17,7,True,0.4769680715463528,False
incl88_j2_node190,0.0,2462085.622963722,2462085.6219046805,2462085.5895939963,25.0,10306,-43.40685848593699,7.258064516129025,0.31200727820396423,15,6,True,0.4755808392257632,False
incl88_j2_node190,0.0,2462086.5899679135,2462086.588908872,2462086.556598188,25.0,4029,20.742379954487134,-8.4375,-0.23516125977039337,13,7,True,0.3670994870248311,False
incl88_j2_node190,0.0,2462086.6038352083,2462086.602776167,2462086.570465483,25.0,10174,-40.22818472806108,-5.625,0.5235424041748047,13,7,True,0.3655630387612826,False
incl88_j2_node190,0.0,2462087.5792932934,2462087.578234252,2462087.545923568,25.0,7609,-13.248014905676953,-19.6875,0.5295109748840332,11,7,True,0.26089670645678625,False
incl88_j2_node190,0.0,2462088.6328530977,2462088.6317940564,2462088.599483372,25.0,3123,29.999999999999993,-35.15625,0.3102165162563324,8,6,True,0.1602844356856211,False
incl88_j2_node190,0.0,2462088.6468058233,2462088.645746782,2462088.6134360977,25.0,9396,-31.388166464348544,-33.75000000000006,-0.027767028659582138,6,5,True,0.15907219350344143,False
incl88_j2_node190,0.0,2462100.2211054293,2462100.220046388,2462100.187735704,25.0,3133,29.999999999999993,-7.03125,0.24568802118301392,14,7,True,0.5684490878323603,True
incl88_j2_node190,0.0,2462100.298543088,2462100.297484047,2462100.2651733626,25.0,5053,10.806922874860334,-8.4375,0.011293661780655384,17,7,True,0.5756898887686205,True
incl88_j2_node190,0.0,2462125.1655357503,2462125.164476709,2462125.1321660248,25.0,4936,10.806922874860334,22.5,0.35563957691192627,5,3,True,0.1357903274679239,False
incl88_j2_node190,0.0,2462126.220579488,2462126.219520447,2462126.1872097626,25.0,8771,-25.944479772370016,8.4375,-0.5836928486824036,6,3,True,0.21500797320111903,False
incl88_j2_node190,0.0,2462127.2148810592,2462127.213822018,2462127.1815113337,25.0,3134,29.999999999999993,-4.21875,0.5546644330024719,12,7,True,0.29908442037718797,False
incl88_j2_node190,0.0,2462128.185228187,2462128.1841691458,2462128.1518584616,25.0,8249,-19.47122063449069,-18.28125,0.29604190587997437,13,7,True,0.3868492521987621,False
incl88_j2_node190,0.0,2462128.1984558553,2462128.197396814,2462128.1650861297,25.0,2362,38.68218745348943,-15.46875,-0.5702006220817566,13,7,True,0.38807196935493066,False
incl88_j2_node190,0.0,2462128.27646001,2462128.2754009687,2462128.2430902845,25.0,3897,22.02431283704216,-18.28125,0.35570812225341797,12,6,True,0.3952932634858868,False
incl88_j2_node190,0.0,2462129.1628018008,2462129.1617427594,2462129.129432075,25.0,9909,-37.168899655999454,-30.9375,-0.5088204145431519,10,5,True,0.4782794557956032,False
incl88_j2_node190,0.0,2462129.175105524,2462129.1740464824,2462129.141735798,25.0,4405,16.957763300004146,-29.53125,-0.393264502286911,13,7,True,0.4794387274703498,False
incl88_j2_node190,0.0,2462129.25386446,2462129.252805419,2462129.2204947346,25.0,5813,3.5833216984719627,-30.9375,-0.4545639753341675,13,7,True,0.48686119062807415,False
incl88_j2_node190,0.0,2462129.332116022,2462129.3310569804,2462129.298746296,25.0,7476,-12.024699180565818,-32.34375000000006,-0.5375635623931885,14,5,True,0.4942378264448848,False
incl88_j2_node190,0.0,2462129.3447187115,2462129.34365967,2462129.311348986,25.0,1973,43.406858485936986,-30.48387096774195,-0.4475136697292328,12,4,True,0.49542596146791373,False
incl88_j2_node190,0.0,2462130.234362418,2462130.2333033765,2462130.2009926923,25.0,6320,-1.1937484371410818,-45.0,0.5036217570304871,14,7,True,0.5790299435114765,False
incl88_j2_node190,0.0,2462130.2434291765,2462130.242370135,2462130.210059451,25.0,2352,38.68218745348943,-43.59375,0.2896808385848999,14,7,True,0.5798760540951464,False
incl88_j2_node190,0.0,2462130.325577299,2462130.3245182578,2462130.2922075735,25.0,2224,40.228184728061095,-45.0,0.5865917205810547,18,7,True,0.5875333643037193,False
incl88_j2_node190,0.0,2462155.1870051934,2462155.185946152,2462155.153635468,25.0,4539,15.713861048008212,-14.0625,0.22356636822223663,8,6,True,0.1488467405558943,False
incl88_j2_node190,0.0,2462155.187572702,2462155.1865136605,2462155.1542029763,25.0,4283,18.209956864283,-14.0625,0.2887183129787445,8,6,True,0.14888553753564981,False
incl88_j2_node190,0.0,2462156.2438173695,2462156.242758328,2462156.210447644,25.0,7606,-13.248014905676953,-28.125,-0.5227537751197815,8,5,True,0.22725108235742794,False
incl88_j2_node190,0.0,2462157.2242736365,2462157.223214595,2462157.190903911,25.0,8113,-18.209956864283015,-42.18750000000006,0.384977251291275,12,7,True,0.309146302403393,False
incl88_j2_node190,0.0,2462158.201215943,2462158.2001569015,2462158.1678462173,25.0,10028,-38.68218745348943,-54.84375,-0.5060358643531799,13,7,True,0.3970380187619273,False
incl88_j2_node190,0.0,2462158.2094599362,2462158.208400895,2462158.1760902107,25.0,6444,-2.388015463268786,-54.84375,0.519183337688446,13,7,True,0.39779971857571583,False
incl88_j2_node190,0.0,2462158.2859064615,2462158.28484742,2462158.252536736,25.0,8876,-25.944479772370016,-56.25,0.14977234601974487,15,7,True,0.40487618844468115,False
incl88_j2_node190,0.0,2462185.200489613,2462185.199430572,2462185.1671198877,25.0,7725,-14.477512185929939,-52.03125,0.5457850694656372,9,5,True,0.16012305862073925,False
incl88_j2_node190,0.0,2462185.2125830543,2462185.211524013,2462185.1792133288,25.0,2350,38.68218745348943,-49.21875000000006,-0.5016973614692688,8,6,True,0.16095791988419805,False
incl88_j2_node200,0.0,2461552.5622129953,2461552.561153954,2461552.5288432697,25.0,8654,-24.62431835216408,40.78125,-0.4187927842140198,7,3,True,0.6449038356116668,False
incl88_j2_node200,0.0,2461553.54858458,2461553.5475255386,2461553.5152148544,25.0,6474,-3.583321698471977,28.125,0.008444016799330711,9,5,True,0.5528208547318433,False
incl88_j2_node200,0.0,2461553.549127935,2461553.5480688936,2461553.5157582094,25.0,6218,-1.1937484371410818,28.125,0.09110160917043686,9,5,True,0.5527689709640227,False
incl88_j2_node200,0.0,2461554.533170831,2461554.5321117896,2461554.4998011054,25.0,5061,9.594068226860458,15.46875,0.14594121277332306,8,5,True,0.4575650761159939,False
incl88_j2_node200,0.0,2461556.5657415567,2461556.5646825153,2461556.532371831,25.0,10543,-44.99388015045713,-13.5,-0.18324096500873566,5,3,True,0.2630143486168068,False
incl88_j2_node200,0.0,2461597.2727676015,2461597.27170856,2461597.239397876,25.0,6972,-7.180755781458288,-9.84375,-0.43827611207962036,5,2,True,0.5006242225265879,False
incl88_j2_node200,0.0,2461646.600836428,2461646.5997773865,2461646.5674667023,25.0,8277,-20.74237995448715,59.0625,-0.01686725951731205,3,2,True,0.10116067275480403,False
incl88_j2_node200,0.0,2461674.5725788455,2461674.571519804,2461674.53920912,25.0,6609,-4.780191847199163,49.21875,0.4647116959095001,12,7,True,0.21494609225172256,False
incl88_j2_node200,0.0,2461701.4760095063,2461701.474950465,2461701.4426397807,25.0,2770,32.79716829582364,52.03125,0.2706163227558136,13,7,True,0.47320202337830375,False
incl88_j2_node200,0.0,2461701.489970783,2461701.4889117414,2461701.456601057,25.0,9043,-28.630989836924357,53.4375,-0.3691349923610687,14,7,True,0.47161003058928885,False
incl88_j2_node200,0.0,2461701.564723204,2461701.5636641625,2461701.5313534783,25.0,5842,2.388015463268772,52.03125,0.31254976987838745,14,7,True,0.463088198555213,False
incl88_j2_node200,0.0,2461702.536979286,2461702.5359202446,2461702.5036095604,25.0,1872,43.406858485936986,36.29032258064515,-0.5881633162498474,13,7,True,0.35370844169598853,False
incl88_j2_node200,0.0,2461702.549869518,2461702.5488104764,2461702.516499792,25.0,7502,-13.248014905676953,39.375,0.13238225877285004,12,7,True,0.3522906307232379,False
incl88_j2_node200,0.0,2461702.6239353474,2461702.622876306,2461702.590565622,25.0,3917,20.742379954487134,36.5625,-0.4651648700237274,11,6,True,0.3441678123396634,False
incl88_j2_node200,0.0,2461702.637108838,2461702.636049797,2461702.6037391126,25.0,9806,-37.168899655999454,39.375,0.21342407166957855,8,4,True,0.34272740733388085,False
incl88_j2_node200,0.0,2461703.6121575357,2461703.6110984944,2461703.57878781,25.0,6985,-8.385538647081319,25.3125,0.28369325399398804,9,6,True,0.2408122441077459,False
incl88_j2_node200,0.0,2461729.4523231415,2461729.4512641,2461729.418953416,25.0,3151,28.630989836924343,42.1875,0.05840442702174187,14,7,True,0.6236729030564198,False
incl88_j2_node200,0.0,2461729.4656494167,2461729.4645903753,2461729.432279691,25.0,9167,-30.000000000000014,43.59375,-0.4483802318572998,14,7,True,0.622193551083985,False
incl88_j2_node200,0.0,2461729.5403613797,2461729.5393023384,2461729.506991654,25.0,5967,1.1937484371410676,42.1875,0.21701852977275848,17,7,True,0.6138803254250301,False
incl88_j2_node200,0.0,2461729.614645456,2461729.6135864146,2461729.5812757304,25.0,2638,34.228866327812575,39.375,-0.2823057174682617,17,7,True,0.6055838072833275,False
incl88_j2_node200,0.0,2461729.6283326163,2461729.627273575,2461729.5949628907,25.0,8783,-25.944479772370016,42.1875,0.36090677976608276,15,6,True,0.6040519779538145,False
incl88_j2_node200,0.0,2461730.5197624164,2461730.518703375,2461730.486392691,25.0,4938,10.806922874860334,28.125,-0.5626609325408936,13,7,True,0.5029861011074929,False
incl88_j2_node200,0.0,2461730.59378712,2461730.592728079,2461730.5604173946,25.0,1748,44.993880150457116,25.5,-0.46917611360549927,16,7,True,0.4945508446550897,False
incl88_j2_node200,0.0,2461730.6070337687,2461730.6059747273,2461730.573664043,25.0,7498,-13.248014905676953,28.125,-0.23282718658447266,17,7,True,0.49304183670601365,False
incl88_j2_node200,0.0,2461731.5808986346,2461731.5798395933,2461731.547528909,25.0,3909,20.742379954487134,14.0625,-0.23419088125228882,13,7,True,0.38352479824246044,False
incl88_j2_node200,0.0,2461731.59407207,2461731.5930130286,2461731.5607023444,25.0,9798,-37.168899655999454,16.875,0.44179999828338623,13,7,True,0.38207546821888005,False
incl88_j2_node200,0.0,2461732.5731079835,2461732.572048942,2461732.539738258,25.0,8769,-25.944479772370016,2.8125,-0.039942726492881775,9,5,True,0.2785684287303487,False
incl88_j2_node200,0.0,2461732.6454328243,2461732.644373783,2461732.6120630987,25.0,4416,15.713861048008212,0.0,-0.41369959712028503,7,5,True,0.2713232826946419,False
incl88_j2_node200,0.0,2461733.62145119,2461733.620392149,2461733.5880814646,25.0,2235,40.228184728061095,-14.0625,-0.3897848427295685,8,4,True,0.18065316694743214,False
incl88_j2_node200,0.0,2461733.635319108,2461733.634260067,2461733.6019493826,25.0,8380,-20.74237995448715,-11.25,0.13099223375320435,8,6,True,0.17947095185216988,False
incl88_j2_node200,0.0,2461772.2011657557,2461772.2001067144,2461772.16779603,25.0,5062,9.594068226860458,18.28125,0.1352687031030655,9,6,True,0.2009690924344392,False
incl88_j2_node200,0.0,2461772.2017184217,2461772.2006593803,2461772.168348696,25.0,4806,12.024699180565818,18.28125,0.20918385684490204,9,6,True,0.20101080583819136,False
incl88_j2_node200,0.0,2461773.1841495316,2461773.1830904903,2461773.150779806,25.0,4418,15.713861048008212,5.625,0.013819573447108269,12,7,True,0.2799850317831136,False
incl88_j2_node200,0.0,2461773.2634628657,2461773.2624038244,2461773.23009314,25.0,5569,4.780191847199163,4.21875,-0.006298369262367487,7,4,True,0.28674563527961344,False
incl88_j2_node200,0.0,2461774.171669276,2461774.1706102346,2461774.1382995504,25.0,2109,41.81031489577859,-7.03125,0.5899267196655273,12,7,True,0.3675846598462674,False
incl88_j2_node200,0.0,2461774.2371473545,2461774.236088313,2461774.203777629,25.0,9276,-30.000000000000014,-9.84375,-0.07123515754938126,12,7,True,0.37362971724925514,False
incl88_j2_node200,0.0,2461774.250473603,2461774.249414562,2461774.2171038776,25.0,3261,28.630989836924343,-8.4375,0.42851534485816956,12,7,True,0.3748631937547064,False
incl88_j2_node200,0.0,2461775.222544853,2461775.2214858118,2461775.1891751275,25.0,7608,-13.248014905676953,-22.5,0.19710978865623474,13,7,True,0.46728547440448603,False
incl88_j2_node200,0.0,2461775.302348109,2461775.3012890676,2461775.2689783834,25.0,8503,-22.02431283704216,-23.90625,0.2125832587480545,16,7,True,0.47504788043710877,False
incl88_j2_node200,0.0,2461775.3144895933,2461775.313430552,2461775.2811198677,25.0,3000,31.38816646434855,-22.5,0.5199752449989319,16,7,True,0.4762306401181506,False
incl88_j2_node200,0.0,2461776.202144596,2461776.2010855544,2461776.16877487,25.0,8499,-22.02431283704216,-35.15625,-0.3847895860671997,14,7,True,0.5635795353327194,False
incl88_j2_node200,0.0,2461776.28050188,2461776.279442839,2461776.2471321546,25.0,9907,-37.168899655999454,-36.5625,-0.576269268989563,16,7,True,0.5713341536061345,False
incl88_j2_node200,0.0,2461776.2945462065,2461776.293487165,2461776.261176481,25.0,3635,24.62431835216408,-35.15625,0.01735146902501583,16,7,True,0.572724093509935,False
incl88_j2_node200,0.0,2461776.374319064,2461776.3732600226,2461776.3409493384,25.0,4531,15.713861048008212,-36.5625,0.029942387714982033,14,6,True,0.5806185632279519,False
incl88_j2_node200,0.0,2461802.2134353113,2461802.21237627,2461802.1800655858,25.0,8889,-25.944479772370016,-19.6875,0.12393797188997269,12,7,True,0.2150929111821272,False
incl88_j2_node200,0.0,2461802.22553395,2461802.224474909,2461802.1921642246,25.0,3385,27.27961273597809,-18.28125,0.41458284854888916,10,7,True,0.21604673932914092,False
incl88_j2_node200,0.0,2461803.196498658,2461803.1954396167,2461803.1631289325,25.0,8244,-19.47122063449069,-32.34375000000006,0.04658083990216255,11,7,True,0.2977107581664607,False
incl88_j2_node200,0.0,2461803.277421317,2461803.2763622757,2461803.2440515915,25.0,8628,-23.31795706533424,-33.75000000000006,0.219580739736557,10,6,True,0.30493976710370424,False
incl88_j2_node200,0.0,2461803.289541425,2461803.288482384,2461803.2561716996,25.0,3124,29.999999999999993,-32.34375000000006,0.502886176109314,9,5,True,0.30602764593692217,False
incl88_j2_node200,0.0,2461804.1893374063,2461804.188278365,2461804.1559676807,25.0,3120,29.999999999999993,-43.59375,-0.05512365326285362,11,5,True,0.39019498026785054,False
incl88_j2_node200,0.0,2461804.2574972906,2461804.2564382493,2461804.224127565,25.0,9263,-30.000000000000014,-46.40625,-0.29193413257598877,12,7,True,0.396816216466328,False
incl88_j2_node200,0.0,2461804.3369712783,2461804.335912237,2461804.3036015527,25.0,10159,-40.22818472806108,-47.81250000000006,-0.3737271726131439,10,4,True,0.40457458035387417,False
incl88_j2_node200,0.0,2461805.2554084565,2461805.254349415,2461805.222038731,25.0,2091,41.81031489577859,-57.65625000000006,0.375916063785553,13,7,True,0.49670403579828193,False
incl88_j2_node200,0.0,2461805.3361517545,2461805.335092713,2461805.302782029,25.0,2475,37.16889965599944,-59.0625,0.4665036201477051,17,7,True,0.5049735390064516,False
incl88_j2_node200,0.0,2461832.2349663815,2461832.23390734,2461832.201596656,25.0,8364,-20.74237995448715,-56.25,0.06423211842775345,12,7,True,0.24175831117992824,False
incl88_j2_node200,0.0,2461832.248834148,2461832.2477751067,2461832.2154644225,25.0,2221,40.228184728061095,-53.43750000000006,-0.4894093871116638,12,7,True,0.24294563121246995,False
incl88_j2_node200,0.0,2461879.598763285,2461879.597704244,2461879.5653935596,25.0,7373,-12.024699180565818,37.96875,0.11180692166090012,3,1,True,0.36869299662198346,False
incl88_j2_node200,0.0,2461906.519676212,2461906.518617171,2461906.4863064867,25.0,3279,27.27961273597809,43.59375,-0.05464286729693413,10,5,True,0.636040454702294,False
incl88_j2_node200,0.0,2461907.572151053,2461907.571092012,2461907.5387813277,25.0,8266,-20.74237995448715,28.125,-0.07631611078977585,7,3,True,0.5370186612293308,False
incl88_j2_node200,0.0,2461908.5589986313,2461908.55793959,2461908.5256289057,25.0,5829,2.388015463268772,15.46875,0.2722218632698059,8,4,True,0.44358567460058324,False
incl88_j2_node200,0.0,2461909.549555514,2461909.5484964726,2461909.5161857884,25.0,1985,41.81031489577859,4.21875,-0.041086647659540176,5,3,True,0.3519086514017461,False
incl88_j2_node200,0.0,2461951.3005030807,2461951.2994440394,2461951.267133355,25.0,7101,-8.385538647081319,-8.4375,0.584997296333313,7,4,True,0.4200554329428811,False
incl88_j2_node200,0.0,2461952.280455005,2461952.2793959635,2461952.2470852793,25.0,6328,-1.1937484371410818,-22.5,-0.3029119372367859,7,4,True,0.5322357888335331,False
incl88_j2_node200,0.0,2461953.3376831133,2461953.336624072,2461953.3043133877,25.0,3507,25.944479772370002,-36.5625,0.4215877950191498,7,3,True,0.6495610184096449,False
incl88_j2_node200,0.0,2462028.5218665795,2462028.520807538,2462028.488496854,25.0,8274,-20.74237995448715,50.625,-0.014996509999036789,11,7,True,0.29250738103721435,False
incl88_j2_node200,0.0,2462028.5962204593,2462028.595161418,2462028.5628507338,25.0,4817,12.024699180565818,49.21875,0.5373296737670898,9,6,True,0.28494499137511936,False
incl88_j2_node200,0.0,2462028.6088211304,2462028.607762089,2462028.575451405,25.0,10321,-43.40685848593699,50.80645161290323,0.26643767952919006,7,4,True,0.28366732079485324,False
incl88_j2_node200,0.0,2462029.5835551503,2462029.582496109,2462029.5501854247,25.0,7501,-13.248014905676953,36.5625,0.19076432287693024,9,6,True,0.18937972528422123,False
incl88_j2_node200,0.0,2462055.424411874,2462055.4233528324,2462055.391042148,25.0,3923,20.742379954487134,53.4375,-0.3177623748779297,12,5,True,0.5630672774594364,False
incl88_j2_node200,0.0,2462055.438279075,2462055.4372200337,2462055.4049093495,25.0,10068,-40.22818472806108,56.25,0.48056313395500183,13,7,True,0.5615964164806674,False
incl88_j2_node200,0.0,2462055.5128340307,2462055.5117749893,2462055.479464305,25.0,6995,-8.385538647081319,53.4375,-0.040950462222099304,13,7,True,0.5536694231185323,False
incl88_j2_node200,0.0,2462055.5877238284,2462055.586664787,2462055.554354103,25.0,3794,22.02431283704216,52.03125,0.42126497626304626,18,7,True,0.5456757310262306,False
incl88_j2_node200,0.0,2462055.60051037,2462055.5994513286,2462055.5671406444,25.0,9555,-34.22886632781257,53.4375,0.19560933113098145,15,6,True,0.544307923914455,False
incl88_j2_node200,0.0,2462056.494702225,2462056.4936431837,2462056.4613324995,25.0,7118,-9.594068226860458,40.78125,0.2428373098373413,14,7,True,0.44711337354918945,False
incl88_j2_node200,0.0,2462056.568717093,2462056.567658052,2462056.5353473676,25.0,3533,24.62431835216408,37.96875,-0.505114734172821,13,7,True,0.43899013779223717,False
incl88_j2_node200,0.0,2462056.5817786125,2462056.580719571,2462056.548408887,25.0,9422,-32.79716829582364,40.78125,0.5172626972198486,15,7,True,0.43755634822341116,False
incl88_j2_node200,0.0,2462057.556999735,2462057.5559406937,2462057.5236300095,25.0,6601,-4.780191847199163,26.71875,0.36491504311561584,12,7,True,0.331257468614072,False
incl88_j2_node200,0.0,2462057.630887307,2462057.629828266,2462057.5975175817,25.0,3016,29.999999999999993,23.90625,-0.33636474609375,8,4,True,0.3233473311225172,False
incl88_j2_node200,0.0,2462058.6220364682,2462058.620977427,2462058.5886667427,25.0,7364,-12.024699180565818,12.65625,0.16732800006866455,7,5,True,0.2215322315492124,False
incl88_j2_node200,0.0,2462084.459096021,2462084.4580369797,2462084.4257262954,25.0,2250,38.68218745348943,29.53125,0.1663178652524948,14,7,True,0.6043437949083484,False
incl88_j2_node200,0.0,2462084.472602616,2462084.4715435747,2462084.4392328905,25.0,8267,-20.74237995448715,30.9375,-0.10311108082532883,14,7,True,0.6028911856157381,False
incl88_j2_node200,0.0,2462084.5469564563,2462084.545897415,2462084.5135867307,25.0,4810,12.024699180565818,29.53125,0.41401514410972595,17,7,True,0.5948711108993797,False
incl88_j2_node200,0.0,2462084.559553106,2462084.5584940645,2462084.5261833803,25.0,10314,-43.40685848593699,30.48387096774195,-0.24080823361873627,16,7,True,0.5935085463945895,False
incl88_j2_node200,0.0,2462084.6322994963,2462084.631240455,2462084.5989297708,25.0,6474,-3.583321698471977,28.125,-0.2997243106365204,13,6,True,0.5856186806318766,False
incl88_j2_node200,0.0,2462085.5256795273,2462085.524620486,2462085.4923098017,25.0,3525,24.62431835216408,15.46875,-0.28106606006622314,13,7,True,0.48652544370199746,False
incl88_j2_node200,0.0,2462085.539056924,2462085.537997883,2462085.5056871986,25.0,9542,-34.22886632781257,16.875,-0.4614577889442444,13,7,True,0.48502131239442564,False
incl88_j2_node200,0.0,2462085.6141651114,2462085.61310607,2462085.580795386,25.0,6597,-4.780191847199163,15.46875,-0.011693362146615982,16,7,True,0.47657122504087523,False
incl88_j2_node200,0.0,2462086.5172991212,2462086.51624008,2462086.4839293957,25.0,8129,-19.47122063449069,4.21875,0.22994258999824524,9,4,True,0.375165805028897,False
incl88_j2_node200,0.0,2462086.590241313,2462086.5891822716,2462086.5568715874,25.0,4032,19.47122063449069,1.40625,-0.4451603293418884,13,7,True,0.3670691832617961,False
incl88_j2_node200,0.0,2462086.6034686374,2462086.602409596,2462086.570098912,25.0,9921,-38.68218745348943,4.21875,0.5206912755966187,13,7,True,0.3656036448016444,False
incl88_j2_node200,0.0,2462087.578447619,2462087.5773885776,2462087.5450778934,25.0,7228,-9.594068226860458,-9.84375,0.4967133700847626,11,7,True,0.2609836040888338,False
incl88_j2_node200,0.0,2462088.6305137873,2462088.629454746,2462088.5971440617,25.0,2231,40.228184728061095,-25.3125,0.4218234717845917,7,5,True,0.16048812143642505,False
incl88_j2_node200,0.0,2462088.6446628254,2462088.643603784,2462088.6112931,25.0,8503,-22.02431283704216,-23.90625,0.1495608687400818,6,5,True,0.15925823937876998,False
incl88_j2_node200,0.0,2462125.1608855496,2462125.1598265083,2462125.127515824,25.0,7115,-9.594068226860458,32.34375,-0.0029217631090432405,3,2,True,0.1354698041553106,False
incl88_j2_node200,0.0,2462126.216225982,2462126.215166941,2462126.1828562566,25.0,10433,-44.99388015045713,16.5,0.41470763087272644,6,3,True,0.21465729743006962,False
incl88_j2_node200,0.0,2462127.2133476525,2462127.212288611,2462127.179977927,25.0,3650,23.31795706533424,5.625,0.48345184326171875,12,7,True,0.29894945727340777,False
incl88_j2_node200,0.0,2462128.183132445,2462128.1820734036,2462128.1497627194,25.0,9149,-28.630989836924357,-8.4375,0.1985715925693512,13,7,True,0.3866555738159864,False
incl88_j2_node200,0.0,2462128.1964592207,2462128.1954001794,2462128.163089495,25.0,3133,29.999999999999993,-7.03125,0.36522144079208374,13,7,True,0.3878873631456099,False
incl88_j2_node200,0.0,2462128.276738549,2462128.2756795078,2462128.2433688235,25.0,3773,23.31795706533424,-8.4375,0.49164673686027527,12,6,True,0.39531908084639866,False
incl88_j2_node200,0.0,2462129.1644146196,2462129.163355578,2462129.131044894,25.0,9272,-30.000000000000014,-21.09375,-0.12423179298639297,11,5,True,0.47843141364727904,False
incl88_j2_node200,0.0,2462129.177131028,2462129.1760719866,2462129.1437613023,25.0,3513,25.944479772370002,-19.6875,-0.023168886080384254,13,7,True,0.47962958318785304,False
incl88_j2_node200,0.0,2462129.2563233967,2462129.2552643553,2462129.222953671,25.0,4664,14.477512185929925,-21.09375,-0.028491642326116562,13,7,True,0.4870929661143851,False
incl88_j2_node200,0.0,2462129.3260369813,2462129.32497794,2462129.2926672557,25.0,10039,-38.68218745348943,-23.90625,0.1375214010477066,15,6,True,0.49366472334105194,False
incl88_j2_node200,0.0,2462129.3356463164,2462129.334587275,2462129.302276591,25.0,5816,3.5833216984719627,-22.5,0.017024626955389977,14,5,True,0.49457064762120806,False
incl88_j2_node200,0.0,2462130.2265132987,2462130.2254542573,2462130.193143573,25.0,9779,-35.68533471265205,-35.15625,-0.28462910652160645,14,7,True,0.5782973218662557,False
incl88_j2_node200,0.0,2462130.2376373163,2462130.236578275,2462130.204267591,25.0,4788,13.24801490567694,-33.75000000000006,-0.37001535296440125,14,7,True,0.5793355851730548,False
incl88_j2_node200,0.0,2462130.3169673365,2462130.315908295,2462130.283597611,25.0,5939,2.388015463268772,-35.15625,-0.33183228969573975,18,7,True,0.5867315526486827,False
incl88_j2_node200,0.0,2462155.1789963995,2462155.177937358,2462155.145626674,25.0,8254,-19.47122063449069,-4.21875,-0.4966312646865845,7,5,True,0.1482994474377091,False
incl88_j2_node200,0.0,2462155.1918708794,2462155.190811838,2462155.158501154,25.0,2495,37.16889965599944,-2.8125,-0.2958783209323883,8,6,True,0.14917965128774133,False
incl88_j2_node200,0.0,2462156.2484412333,2462156.247382192,2462156.2150715077,25.0,5433,7.180755781458274,-18.28125,0.14489686489105225,6,4,True,0.2276187662986488,False
incl88_j2_node200,0.0,2462157.2209445005,2462157.219885459,2462157.187574775,25.0,9524,-32.79716829582364,-32.34375000000006,0.1186627596616745,12,7,True,0.3088562028621027,False
incl88_j2_node200,0.0,2462157.230858083,2462157.2297990415,2462157.1974883573,25.0,5045,10.806922874860334,-30.9375,-0.08024634420871735,12,7,True,0.30972030837659065,False
incl88_j2_node200,0.0,2462158.2034835215,2462158.20242448,2462158.170113796,25.0,9136,-28.630989836924357,-45.0,-0.03466305509209633,13,7,True,0.39724750443052775,False
incl88_j2_node200,0.0,2462158.2155891783,2462158.214530137,2462158.1822194527,25.0,3632,24.62431835216408,-43.59375,-0.017819656059145927,13,7,True,0.3983662266574935,False
incl88_j2_node200,0.0,2462158.294802067,2462158.2937430255,2462158.2614323413,25.0,4784,13.24801490567694,-45.0,-0.012184569612145424,15,7,True,0.4057011575979524,False
incl88_j2_node200,0.0,2462159.1827924084,2462159.181733367,2462159.149422683,25.0,10027,-38.68218745348943,-57.65625000000006,-0.5734102129936218,11,5,True,0.4893024334456309,False
incl88_j2_node200,0.0,2462159.196299573,2462159.1952405316,2462159.1629298474,25.0,4012,20.742379954487134,-56.25,-0.4226323068141937,13,7,True,0.49058845275978946,False
incl88_j2_node200,0.0,2462159.275015965,2462159.2739569237,2462159.2416462395,25.0,5419,7.180755781458274,-57.65625000000006,-0.48264259099960327,13,7,True,0.4980885102122826,False
incl88_j2_node200,0.0,2462159.35931824,2462159.3582591987,2462159.3259485145,25.0,4267,18.209956864283,-59.0625,0.12032969295978546,12,5,True,0.5061299967187657,False
incl88_j2_node200,0.0,2462185.197869088,2462185.1968100467,2462185.1644993625,25.0,8881,-25.944479772370016,-42.18750000000006,0.38204070925712585,9,5,True,0.1599423925187083,False
incl88_j2_node200,0.0,2462185.2129173046,2462185.2118582632,2462185.179547579,25.0,2226,40.228184728061095,-39.375,-0.39050403237342834,8,6,True,0.1609810195558276,False
incl88_j2_node200,0.0,2462186.2693397184,2462186.268280677,2462186.235969993,25.0,5164,9.594068226860458,-54.84375,-0.06078990548849106,7,5,True,0.24023383368087559,False
incl88_j2_node210,0.0,2461552.561918227,2461552.5608591856,2461552.5285485014,25.0,8786,-25.944479772370016,50.625,-0.3286014199256897,7,3,True,0.6449305951719402,False
incl88_j2_node210,0.0,2461553.546115857,2461553.5450568157,2461553.5127461315,25.0,7629,-14.477512185929939,37.96875,-0.2180199772119522,10,6,True,0.5530565875820768,False
incl88_j2_node210,0.0,2461554.52742841,2461554.5263693687,2461554.4940586844,25.0,7753,-15.713861048008212,25.3125,-0.5679975152015686,7,4,True,0.4581250961936027,False
incl88_j2_node210,0.0,2461554.539111842,2461554.5380528006,2461554.5057421164,25.0,2505,35.68533471265204,26.71875,0.008061014115810394,9,6,True,0.45698566956414366,False
incl88_j2_node210,0.0,2461582.5025112825,2461582.501452241,2461582.469141557,25.0,7877,-16.957763300004146,15.46875,-0.5325555205345154,13,7,True,0.6194848800484858,False
incl88_j2_node210,0.0,2461583.4811318857,2461583.4800728443,2461583.44776216,25.0,9152,-30.000000000000014,1.40625,-0.008022850379347801,10,6,True,0.5238609919766469,True
incl88_j2_node210,0.0,2461583.561300489,2461583.5602414478,2461583.5279307636,25.0,9792,-37.168899655999454,0.0,-0.03752223029732704,8,3,True,0.515832278297133,True
incl88_j2_node210,0.0,2461584.5516169635,2461584.550557922,2461584.518247238,25.0,6076,1.1937484371410676,-11.25,-0.2310745120048523,7,4,True,0.41541523302939654,True
incl88_j2_node210,0.0,2461585.5329391803,2461585.531880139,2461585.4995694547,25.0,6199,0.0,-23.90625,-0.5899282097816467,9,6,True,0.3162419299011259,True
incl88_j2_node210,0.0,2461596.2827293533,2461596.281670312,2461596.2493596277,25.0,3012,29.999999999999993,12.65625,0.366251140832901,4,1,True,0.3928870426756033,True
incl88_j2_node210,0.0,2461597.280643519,2461597.2795844777,2461597.2472737934,25.0,10176,-41.81031489577862,1.40625,-0.5029383301734924,6,3,True,0.5014743163203651,True
incl88_j2_node210,0.0,2461674.5756265353,2461674.574567494,2461674.54225681,25.0,8021,-18.209956864283015,59.0625,-0.12874101102352142,12,7,True,0.21465063854284638,False
incl88_j2_node210,0.0,2461702.5468571503,2461702.545798109,2461702.5134874247,25.0,6097,0.0,49.21875,0.4000535309314728,12,7,True,0.35262189002487376,False
incl88_j2_node210,0.0,2461702.6236409578,2461702.6225819164,2461702.590271232,25.0,3792,22.02431283704216,46.40625,-0.5647040009498596,12,6,True,0.3442000193714989,False
incl88_j2_node210,0.0,2461703.6017976226,2461703.6007385813,2461703.568427897,25.0,2380,37.16889965599944,33.75,0.27637946605682373,11,7,True,0.241836466008802,False
incl88_j2_node210,0.0,2461703.6180332717,2461703.6169742304,2461703.584663546,25.0,9549,-34.22886632781257,36.5625,0.4801337420940399,10,6,True,0.24023208881117886,False
incl88_j2_node210,0.0,2461729.462400356,2461729.4613413145,2461729.4290306303,25.0,7763,-15.713861048008212,53.4375,-0.13766491413116455,14,7,True,0.6225543040485246,False
incl88_j2_node210,0.0,2461729.5395426773,2461729.538483636,2461729.506172952,25.0,5586,4.780191847199163,52.03125,0.17018896341323853,17,7,True,0.6139715930142337,False
incl88_j2_node210,0.0,2461729.6165328273,2461729.615473786,2461729.5831631017,25.0,3410,25.944479772370002,50.625,0.4989887475967407,17,7,True,0.6053726338875991,False
incl88_j2_node210,0.0,2461729.6326572197,2461729.6315981783,2461729.599287494,25.0,10445,-44.99388015045713,52.5,-0.14729727804660797,14,6,True,0.6035678036206379,False
incl88_j2_node210,0.0,2461730.5269341,2461730.5258750585,2461730.4935643743,25.0,8270,-20.74237995448715,39.375,-0.2983933687210083,13,7,True,0.5021687165715281,False
incl88_j2_node210,0.0,2461730.6040200307,2461730.6029609893,2461730.570650305,25.0,6093,0.0,37.96875,0.01769321598112583,16,7,True,0.4933851336031035,False
incl88_j2_node210,0.0,2461731.5794095905,2461731.578350549,2461731.546039865,25.0,3272,27.27961273597809,23.90625,-0.15015336871147156,13,7,True,0.3836886881554304,False
incl88_j2_node210,0.0,2461732.5624891454,2461732.561430104,2461732.52911942,25.0,3908,20.742379954487134,11.25,-0.08781056851148605,8,4,True,0.2796375197210345,False
incl88_j2_node210,0.0,2461732.577435046,2461732.5763760046,2461732.5440653204,25.0,10432,-44.99388015045713,13.5,-0.19088877737522125,11,6,True,0.27813309682293014,False
incl88_j2_node210,0.0,2461732.6549005276,2461732.653841486,2461732.621530802,25.0,8772,-25.944479772370016,11.25,-0.466497004032135,5,4,True,0.2703796368231354,False
incl88_j2_node210,0.0,2461733.6327826325,2461733.631723591,2461733.599412907,25.0,7231,-9.594068226860458,-1.40625,0.34950941801071167,9,6,True,0.17968686230431172,False
incl88_j2_node210,0.0,2461758.5769324107,2461758.5758733694,2461758.543562685,25.0,4938,10.806922874860334,28.125,0.2861158549785614,18,7,True,0.647654227839,False
incl88_j2_node210,0.0,2461758.6533995704,2461758.652340529,2461758.620029845,25.0,2633,34.228866327812575,25.3125,-0.488973468542099,14,6,True,0.6392311402067266,True
incl88_j2_node210,0.0,2461758.669635276,2461758.6685762345,2461758.6362655503,25.0,9802,-37.168899655999454,28.125,-0.21035519242286682,11,4,True,0.6374385420254232,False
incl88_j2_node210,0.0,2461759.487980527,2461759.4869214855,2461759.4546108013,25.0,9926,-38.68218745348943,18.28125,0.49292609095573425,12,6,True,0.5458538459907281,False
incl88_j2_node210,0.0,2461759.565404262,2461759.5643452206,2461759.5320345364,25.0,8133,-19.47122063449069,15.46875,-0.30117204785346985,14,7,True,0.5371296138916558,False
incl88_j2_node210,0.0,2461759.643049945,2461759.6419909038,2461759.6096802196,25.0,6213,-1.1937484371410818,14.0625,-0.07660599052906036,16,7,True,0.528381923202609,False
incl88_j2_node210,0.0,2461760.5375647936,2461760.5365057522,2461760.504195068,25.0,3776,22.02431283704216,1.40625,-0.10586004704236984,12,6,True,0.4285879589067481,True
incl88_j2_node210,0.0,2461760.5528075285,2461760.551748487,2461760.519437803,25.0,10429,-44.99388015045713,4.5,0.3927377760410309,14,7,True,0.4269157248391734,True
incl88_j2_node210,0.0,2461760.6305699334,2461760.629510892,2461760.597200208,25.0,8896,-27.27961273597809,1.40625,-0.5371450185775757,15,7,True,0.4184056481868894,True
incl88_j2_node210,0.0,2461761.6078741183,2461761.606815077,2461761.5745043927,25.0,7100,-8.385538647081319,-11.25,0.34174081683158875,12,7,True,0.31534673230604915,True
incl88_j2_node210,0.0,2461762.66549971,2461762.6644406687,2461762.6321299844,25.0,4406,16.957763300004146,-26.71875,-0.2856265902519226,6,5,True,0.2152666117655589,True
incl88_j2_node210,0.0,2461772.197077454,2461772.1960184127,2461772.1637077285,25.0,6986,-8.385538647081319,28.125,-0.2515130043029785,9,6,True,0.2006605208389602,False
incl88_j2_node210,0.0,2461773.178944495,2461773.1778854537,2461773.1455747695,25.0,6853,-7.180755781458288,15.46875,-0.5334919691085815,11,7,True,0.27954320748379113,False
incl88_j2_node210,0.0,2461773.2567687524,2461773.255709711,2461773.223399027,25.0,8644,-24.62431835216408,12.65625,0.5604451894760132,8,4,True,0.2861730008192044,False
incl88_j2_node210,0.0,2461774.165737705,2461774.1646786635,2461774.1323679793,25.0,4417,15.713861048008212,2.8125,-0.14953257143497467,10,5,True,0.36703832421465094,False
incl88_j2_node210,0.0,2461774.237453226,2461774.2363941846,2461774.2040835004,25.0,9024,-28.630989836924357,0.0,0.12430931627750397,12,7,True,0.3736580216558316,False
incl88_j2_node210,0.0,2461775.2193530663,2461775.218294025,2461775.1859833407,25.0,9019,-27.27961273597809,-12.65625,-0.11197534203529358,13,7,True,0.4669754579308273,False
incl88_j2_node210,0.0,2461775.233332797,2461775.2322737556,2461775.1999630714,25.0,2748,34.228866327812575,-11.25,0.4558725357055664,13,7,True,0.4683336066462635,False
incl88_j2_node210,0.0,2461775.3084416273,2461775.307382586,2461775.2750719017,25.0,5691,4.780191847199163,-12.65625,-0.1662093847990036,16,7,True,0.4756414231641243,False
incl88_j2_node210,0.0,2461776.204687124,2461776.2036280828,2461776.1713173985,25.0,7351,-10.806922874860348,-25.3125,0.11849111318588257,14,7,True,0.5638311405813767,False
incl88_j2_node210,0.0,2461776.280834069,2461776.2797750277,2461776.2474643434,25.0,9782,-35.68533471265205,-26.71875,-0.3901730477809906,16,7,True,0.571367029738872,False
incl88_j2_node210,0.0,2461776.2930848254,2461776.292025784,2461776.2597151,25.0,4279,18.209956864283,-25.3125,-0.05792325362563133,16,7,True,0.5725794639655122,False
incl88_j2_node210,0.0,2461776.369114955,2461776.3680559136,2461776.3357452294,25.0,6966,-7.180755781458288,-26.71875,-0.5190839171409607,14,6,True,0.5801036025005182,False
incl88_j2_node210,0.0,2461802.220690002,2461802.219630961,2461802.1873202766,25.0,5565,5.979156796301311,-8.4375,-0.09301147609949112,11,7,True,0.21566465491997283,False
incl88_j2_node210,0.0,2461803.1931409673,2461803.192081926,2461803.1597712417,25.0,9656,-34.22886632781257,-22.5,-0.29042354226112366,11,7,True,0.2974121327754816,False
incl88_j2_node210,0.0,2461803.2111548353,2461803.210095794,2461803.1777851097,25.0,1853,44.993880150457116,-19.5,-0.3203161954879761,12,7,True,0.299015581141937,False
incl88_j2_node210,0.0,2461803.29151683,2461803.290457789,2461803.2581471046,25.0,2360,38.68218745348943,-21.09375,-0.22914518415927887,9,5,True,0.30620505489955047,False
incl88_j2_node210,0.0,2461804.189020593,2461804.187961552,2461804.1556508676,25.0,3252,28.630989836924343,-33.75000000000006,0.02008790895342827,11,5,True,0.39016426994587916,False
incl88_j2_node210,0.0,2461804.2664939123,2461804.265434871,2461804.2331241868,25.0,5171,9.594068226860458,-35.15625,-0.29447701573371887,12,7,True,0.39769246234938727,False
incl88_j2_node210,0.0,2461805.239083659,2461805.2380246175,2461805.2057139333,25.0,9262,-30.000000000000014,-49.21875000000006,-0.42109230160713196,13,7,True,0.4950346081481145,False
incl88_j2_node210,0.0,2461805.250618714,2461805.2495596725,2461805.2172489883,25.0,4015,20.742379954487134,-47.81250000000006,-0.2435363233089447,13,7,True,0.4962141173663733,False
incl88_j2_node210,0.0,2461805.3287900677,2461805.3277310263,2461805.295420342,25.0,5678,4.780191847199163,-49.21875000000006,-0.4367642104625702,17,7,True,0.5042187447172704,False
incl88_j2_node210,0.0,2461832.234077806,2461832.2330187648,2461832.2007080805,25.0,8751,-24.62431835216408,-46.40625,0.09129635989665985,12,7,True,0.2416823215810519,False
incl88_j2_node210,0.0,2461832.246809667,2461832.2457506256,2461832.2134399414,25.0,2992,31.38816646434855,-45.0,0.4170209467411041,12,7,True,0.24277216216981723,False
incl88_j2_node210,0.0,2461833.2280865456,2461833.2270275042,2461833.19471682,25.0,3115,29.999999999999993,-57.65625000000006,0.09728550910949707,13,7,True,0.3322343930101386,False
incl88_j2_node210,0.0,2461833.3089626743,2461833.307903633,2461833.275592949,25.0,3499,25.944479772370002,-59.0625,0.25409603118896484,12,6,True,0.34004753996945636,False
incl88_j2_node210,0.0,2461879.5919784904,2461879.590919449,2461879.558608765,25.0,10192,-41.81031489577862,46.40625,0.4342452883720398,4,1,True,0.36931320900846537,False
incl88_j2_node210,0.0,2461906.518180106,2461906.5171210645,2461906.4848103803,25.0,3923,20.742379954487134,53.4375,-0.13623447716236115,10,5,True,0.6361792346229425,False
incl88_j2_node210,0.0,2461907.570037341,2461907.5689783,2461907.5366676156,25.0,9165,-30.000000000000014,37.96875,-0.19294634461402893,7,3,True,0.5372191903776768,False
incl88_j2_node210,0.0,2461908.567950543,2461908.5668915017,2461908.5345808174,25.0,1993,41.81031489577859,26.71875,0.27687180042266846,7,3,True,0.44274383382338917,False
incl88_j2_node210,0.0,2461936.5305236056,2461936.5294645643,2461936.49715388,25.0,7621,-14.477512185929939,15.46875,0.0348210334777832,10,6,True,0.610269350757856,True
incl88_j2_node210,0.0,2461937.519541804,2461937.518482763,2461937.4861720786,25.0,4161,18.209956864283,2.8125,0.5864511132240295,11,7,True,0.517285419897149,True
incl88_j2_node210,0.0,2461951.2887062314,2461951.28764719,2461951.255336506,25.0,1983,43.406858485936986,-1.4516129032258505,-0.5479809641838074,6,3,True,0.41870927156372567,False
incl88_j2_node210,0.0,2461952.2733558505,2461952.272296809,2461952.239986125,25.0,3131,29.999999999999993,-12.65625,0.3804159164428711,7,3,True,0.5314277010588181,False
incl88_j2_node210,0.0,2461952.290045155,2461952.288986114,2461952.2566754296,25.0,10424,-43.40685848593699,-10.161290322580612,0.4605683386325836,7,4,True,0.5333271519440806,False
incl88_j2_node210,0.0,2462028.5894312505,2462028.588372209,2462028.556061525,25.0,2004,41.81031489577859,57.65625,-0.00965852290391922,9,6,True,0.28563387919439037,False
incl88_j2_node210,0.0,2462028.604830459,2462028.603771418,2462028.5714607337,25.0,8789,-25.944479772370016,59.0625,-0.5678181648254395,8,5,True,0.28407180483120825,False
incl88_j2_node210,0.0,2462029.5861233836,2462029.5850643422,2462029.552753658,25.0,8656,-24.62431835216408,46.40625,-0.24385960400104523,9,6,True,0.18914595897348468,False
incl88_j2_node210,0.0,2462056.4944113228,2462056.4933522814,2462056.461041597,25.0,6994,-8.385538647081319,50.625,0.1318945437669754,14,7,True,0.44714529431110944,False
incl88_j2_node210,0.0,2462056.571015096,2462056.5699560544,2462056.5376453702,25.0,4561,14.477512185929925,49.21875,0.36924833059310913,14,7,True,0.43873788664939367,False
incl88_j2_node210,0.0,2462057.5471018185,2462057.546042777,2462057.513732093,25.0,2252,38.68218745348943,35.15625,0.05637333542108536,12,7,True,0.33231950650723485,False
incl88_j2_node210,0.0,2462057.563027045,2462057.561968004,2462057.5296573197,25.0,9293,-31.388166464348544,36.5625,-0.45325174927711487,12,7,True,0.3306110285798067,False
incl88_j2_node210,0.0,2462058.6179294777,2462058.6168704364,2462058.584559752,25.0,5448,5.979156796301311,22.5,0.47069400548934937,9,6,True,0.22193266301498532,False
incl88_j2_node210,0.0,2462059.6107431836,2462059.6096841423,2462059.577373458,25.0,10307,-43.40685848593699,10.16129032258064,-0.2753005921840668,5,3,True,0.13259312797355174,False
incl88_j2_node210,0.0,2462084.472876353,2462084.471817312,2462084.4395066276,25.0,8398,-22.02431283704216,40.78125,-0.2548650801181793,14,7,True,0.6028617379145368,False
incl88_j2_node210,0.0,2462084.549399555,2462084.548340514,2462084.5160298296,25.0,5966,1.1937484371410676,39.375,-0.01016157679259777,16,7,True,0.5946069629942187,False
incl88_j2_node210,0.0,2462084.624653018,2462084.6235939767,2462084.5912832925,25.0,3021,29.999999999999993,37.96875,0.3814171552658081,14,6,True,0.5864496399451562,False
incl88_j2_node210,0.0,2462084.6406139745,2462084.639554933,2462084.607244249,25.0,10062,-40.22818472806108,39.375,-0.11254779249429703,11,5,True,0.5847146854178709,False
incl88_j2_node210,0.0,2462085.5351163195,2462085.534057278,2462085.501746594,25.0,7881,-16.957763300004146,26.71875,-0.13353796303272247,13,7,True,0.48546442475938745,False
incl88_j2_node210,0.0,2462085.61115681,2462085.6100977687,2462085.5777870845,25.0,5193,8.385538647081319,25.3125,0.15472321212291718,17,7,True,0.47690982498580786,False
incl88_j2_node210,0.0,2462086.5164274867,2462086.5153684453,2462086.483057761,25.0,7749,-15.713861048008212,14.0625,0.20538035035133362,9,4,True,0.3752626968083571,False
incl88_j2_node210,0.0,2462086.5946552027,2462086.5935961613,2462086.561285477,25.0,6084,0.0,12.65625,0.2725467383861542,13,7,True,0.3665800569818625,False
incl88_j2_node210,0.0,2462087.569426178,2462087.5683671366,2462087.5360564524,25.0,3135,29.999999999999993,-1.40625,-0.02167046070098877,8,4,True,0.26191133052763627,False
incl88_j2_node210,0.0,2462087.5857553715,2462087.58469633,2462087.552385646,25.0,10176,-41.81031489577862,1.40625,0.5646308064460754,11,7,True,0.26023280138036375,False
incl88_j2_node210,0.0,2462088.642096242,2462088.6410372006,2462088.6087265164,25.0,7355,-10.806922874860348,-14.0625,0.32023218274116516,6,5,True,0.15948105917535657,False
incl88_j2_node210,0.0,2462113.4304272565,2462113.429368215,2462113.397057531,25.0,8646,-24.62431835216408,18.28125,-0.05992170795798302,13,5,True,0.6473600754476875,True
incl88_j2_node210,0.0,2462113.508536368,2462113.507477327,2462113.4751666426,25.0,6982,-8.385538647081319,16.875,0.029535971581935883,15,7,True,0.638911660999234,True
incl88_j2_node210,0.0,2462113.5878862077,2462113.5868271664,2462113.554516482,25.0,5829,2.388015463268772,15.46875,-0.042087193578481674,18,7,True,0.6302781026922146,True
incl88_j2_node210,0.0,2462113.6655142047,2462113.6644551633,2462113.632144479,25.0,3909,20.742379954487134,14.0625,0.08030791580677032,11,4,True,0.621784911726131,True
incl88_j2_node210,0.0,2462114.571927724,2462114.5708686826,2462114.5385579984,25.0,6977,-8.385538647081319,2.8125,0.024072185158729553,14,7,True,0.5200716772030495,True
incl88_j2_node210,0.0,2462125.1611399367,2462125.1600808953,2462125.127770211,25.0,6991,-8.385538647081319,42.1875,0.19113390147686005,3,2,True,0.13548733823266382,False
incl88_j2_node210,0.0,2462127.2008923846,2462127.1998333433,2462127.167522659,25.0,9285,-31.388166464348544,14.0625,0.5666638016700745,12,7,True,0.29785362114688496,False
incl88_j2_node210,0.0,2462127.2096626945,2462127.208603653,2462127.176292969,25.0,5317,7.180755781458274,15.46875,0.23539690673351288,12,7,True,0.29862512499853083,False
incl88_j2_node210,0.0,2462128.1915300624,2462128.190471021,2462128.158160337,25.0,5185,8.385538647081319,2.8125,-0.052365079522132874,13,7,True,0.3874317058886241,False
incl88_j2_node210,0.0,2462128.268133853,2462128.2670748117,2462128.2347641275,25.0,7616,-14.477512185929939,1.40625,-0.25767600536346436,12,7,True,0.3945215999023156,False
incl88_j2_node210,0.0,2462129.1653166926,2462129.164257651,2462129.131946967,25.0,8892,-25.944479772370016,-11.25,0.1659766435623169,11,5,True,0.47851640591179123,False
incl88_j2_node210,0.0,2462129.173950481,2462129.17289144,2462129.1405807557,25.0,4924,12.024699180565818,-9.84375,-0.2775394916534424,13,7,True,0.4793298947561064,False
incl88_j2_node210,0.0,2462129.25000676,2462129.2489477186,2462129.2166370344,25.0,7612,-13.248014905676953,-11.25,-0.5424602031707764,12,7,True,0.48649757229882595,False
incl88_j2_node210,0.0,2462129.328616524,2462129.3275574828,2462129.2952467985,25.0,9019,-27.27961273597809,-12.65625,-0.5440081357955933,15,6,True,0.4939079096292861,False
incl88_j2_node210,0.0,2462130.160586883,2462130.1595278415,2462130.1272171573,25.0,2744,34.228866327812575,-22.5,0.030872786417603493,12,5,True,0.572138648856615,False
incl88_j2_node210,0.0,2462130.237897762,2462130.2368387207,2462130.2045280365,25.0,4663,14.477512185929925,-23.90625,-0.20921091735363007,14,7,True,0.5793598887365781,False
incl88_j2_node210,0.0,2462130.314501443,2462130.3134424016,2462130.2811317174,25.0,7095,-8.385538647081319,-25.3125,-0.4309232831001282,18,7,True,0.5865018890078478,False
incl88_j2_node210,0.0,2462155.1752848984,2462155.174225857,2462155.141915173,25.0,9665,-35.68533471265205,4.21875,0.4706757664680481,6,5,True,0.14804602370347725,False
incl88_j2_node210,0.0,2462156.2420781828,2462156.2410191414,2462156.208708457,25.0,8381,-20.74237995448715,-8.4375,-0.34790146350860596,8,5,True,0.22711288697917484,False
incl88_j2_node210,0.0,2462156.2542485194,2462156.253189478,2462156.220878794,25.0,2877,32.79716829582364,-7.03125,-0.3621259331703186,6,4,True,0.22808077902390594,False
incl88_j2_node210,0.0,2462157.23519809,2462157.2341390485,2462157.2018283643,25.0,3128,29.999999999999993,-21.09375,0.4929254651069641,12,7,True,0.31009883172672625,False
incl88_j2_node210,0.0,2462158.2031531194,2462158.202094078,2462158.169783394,25.0,9267,-30.000000000000014,-35.15625,0.10476111620664597,13,7,True,0.39721697574364523,False
incl88_j2_node210,0.0,2462158.283321815,2462158.2822627737,2462158.2499520895,25.0,9907,-37.168899655999454,-36.5625,0.15761442482471466,15,7,True,0.4046365742665433,False
incl88_j2_node210,0.0,2462158.2923158733,2462158.291256832,2462158.2589461477,25.0,5939,2.388015463268772,-35.15625,-0.1360166072845459,16,7,True,0.405470550223805,False
incl88_j2_node210,0.0,2462159.189104993,2462159.1880459515,2462159.1557352673,25.0,7343,-10.806922874860348,-47.81250000000006,0.3119981586933136,13,7,True,0.48990341790282754,False
incl88_j2_node210,0.0,2462159.2659072457,2462159.2648482043,2462159.23253752,25.0,9518,-32.79716829582364,-49.21875000000006,0.026113733649253845,13,7,True,0.4972201806342825,False
incl88_j2_node210,0.0,2462159.3452935736,2462159.344234532,2462159.311923848,25.0,10410,-43.40685848593699,-50.806451612903174,0.08603335171937943,14,6,True,0.5047916071044942,False
incl88_j2_node210,0.0,2462159.3643087526,2462159.363249711,2462159.330939027,25.0,2223,40.228184728061095,-47.81250000000006,-0.3425808250904083,12,5,True,0.5066062995505044,False
incl88_j2_node210,0.0,2462185.19563655,2462185.1945775086,2462185.1622668244,25.0,9780,-35.68533471265205,-32.34375000000006,0.25694310665130615,8,4,True,0.1597884753059732,False
incl88_j2_node210,0.0,2462186.1952119544,2462186.194152913,2462186.161842229,25.0,1969,43.406858485936986,-42.096774193548356,-0.5145937204360962,8,4,True,0.23429122727335422,False
incl88_j2_node210,0.0,2462186.2773688035,2462186.276309762,2462186.243999078,25.0,1845,44.993880150457116,-43.5,-0.2206599861383438,5,4,True,0.24088068145426167,False
incl88_j2_node210,0.0,2462187.244012211,2462187.2429531696,2462187.2106424854,25.0,8363,-20.74237995448715,-59.0625,0.4190753102302551,12,7,True,0.32295943930224574,False
incl88_j2_node220,0.0,2461552.559363069,2461552.5583040277,2461552.5259933434,25.0,9813,-37.168899655999454,59.0625,0.5090121626853943,7,3,True,0.6451625568159853,False
incl88_j2_node220,0.0,2461553.5538421087,2461553.5527830673,2461553.520472383,25.0,4049,19.47122063449069,49.21875,-0.2366197556257248,8,4,True,0.5523187246660177,False
incl88_j2_node220,0.0,2461554.5218567336,2461554.5207976922,2461554.488487008,25.0,10060,-40.22818472806108,33.75,-0.13713271915912628,7,4,True,0.45866844719000704,False
incl88_j2_node220,0.0,2461556.566480709,2461556.5654216674,2461556.533110983,25.0,10178,-41.81031489577862,7.03125,-0.43985632061958313,5,3,True,0.26294689291248025,False
incl88_j2_node220,0.0,2461582.5107994685,2461582.509740427,2461582.477429743,25.0,4041,19.47122063449069,26.71875,-0.4841024875640869,12,7,True,0.6186976818321248,False
incl88_j2_node220,0.0,2461583.491810252,2461583.4907512106,2461583.4584405264,25.0,4292,16.957763300004146,12.65625,0.456300288438797,12,7,True,0.5227928925806541,False
incl88_j2_node220,0.0,2461583.564460857,2461583.5634018155,2461583.5310911313,25.0,8516,-23.31795706533424,11.25,-0.5915817022323608,8,3,True,0.515515323830105,False
incl88_j2_node220,0.0,2461584.5486191167,2461584.5475600753,2461584.515249391,25.0,7487,-12.024699180565818,-1.40625,-0.5203564763069153,8,5,True,0.41572072160465,False
incl88_j2_node220,0.0,2461585.5302004237,2461585.5291413823,2461585.496830698,25.0,7482,-12.024699180565818,-15.46875,0.5434467196464539,9,6,True,0.31651438161561396,False
incl88_j2_node220,0.0,2461702.539394843,2461702.5383358016,2461702.5060251174,25.0,2772,32.79716829582364,57.65625,-0.006765739992260933,12,7,True,0.3534426834684541,False
incl88_j2_node220,0.0,2461702.6184172155,2461702.617358174,2461702.58504749,25.0,1758,44.993880150457116,55.5,-0.30328890681266785,12,6,True,0.34477154775326285,False
incl88_j2_node220,0.0,2461702.6319386074,2461702.630879566,2461702.598568882,25.0,7636,-14.477512185929939,57.65625,-0.5215540528297424,9,5,True,0.343292548092518,False
incl88_j2_node220,0.0,2461703.6099743457,2461703.6089153043,2461703.57660462,25.0,5968,1.1937484371410676,45.0,0.27361249923706055,10,6,True,0.2410280142684123,False
incl88_j2_node220,0.0,2461729.6146363113,2461729.61357727,2461729.5812665857,25.0,2645,34.228866327812575,59.0625,-0.5490445494651794,17,7,True,0.6055848304684048,False
incl88_j2_node220,0.0,2461730.526069857,2461730.525010816,2461730.4927001316,25.0,7889,-16.957763300004146,49.21875,-0.3278297781944275,13,7,True,0.5022672167879783,False
incl88_j2_node220,0.0,2461730.6021108753,2461730.601051834,2461730.5687411497,25.0,5201,8.385538647081319,47.8125,0.11618208885192871,16,7,True,0.4936026148124648,False
incl88_j2_node220,0.0,2461731.577826724,2461731.5767676826,2461731.5444569984,25.0,2636,34.228866327812575,33.75,-0.030903175473213196,13,7,True,0.38386290453017363,False
incl88_j2_node220,0.0,2461731.5927498033,2461731.591690762,2461731.5593800778,25.0,9293,-31.388166464348544,36.5625,0.4455617368221283,13,7,True,0.3822208762862024,False
incl88_j2_node220,0.0,2461732.573708164,2461732.5726491227,2461732.5403384385,25.0,9032,-28.630989836924357,22.5,-0.3943973481655121,10,6,True,0.27850804649023647,False
incl88_j2_node220,0.0,2461732.64954502,2461732.6484859786,2461732.6161752944,25.0,6343,-2.388015463268786,21.09375,0.10122564435005188,6,5,True,0.27091330847406925,False
incl88_j2_node220,0.0,2461733.627299344,2461733.626240303,2461733.5939296186,25.0,4546,14.477512185929925,7.03125,-0.4551607370376587,9,6,True,0.18015419699675134,False
incl88_j2_node220,0.0,2461758.5695108185,2461758.568451777,2461758.536141093,25.0,1872,43.406858485936986,36.29032258064515,-0.1696225106716156,19,7,True,0.6484699394459608,False
incl88_j2_node220,0.0,2461758.5846869457,2461758.5836279043,2461758.55131722,25.0,8526,-23.31795706533424,39.375,0.4425576329231262,18,7,True,0.6468015709016254,False
incl88_j2_node220,0.0,2461758.6592724295,2461758.658213388,2461758.625902704,25.0,5197,8.385538647081319,36.5625,-0.26225849986076355,12,5,True,0.6385828680447745,False
incl88_j2_node220,0.0,2461759.4755989425,2461759.474539901,2461759.442229217,25.0,4425,15.713861048008212,25.3125,-0.4586021900177002,10,4,True,0.547248981260982,False
incl88_j2_node220,0.0,2461759.5514700636,2461759.5504110223,2461759.518100338,25.0,1992,41.81031489577859,23.90625,0.19399923086166382,14,7,True,0.5386997079704263,False
incl88_j2_node220,0.0,2461759.565686566,2461759.5646275245,2461759.5323168403,25.0,8265,-20.74237995448715,25.3125,-0.4803522825241089,14,7,True,0.5370978046809685,False
incl88_j2_node220,0.0,2461759.64114159,2461759.640082549,2461759.6077718646,25.0,5320,7.180755781458274,23.90625,0.015852250158786774,16,7,True,0.5285968794887986,False
incl88_j2_node220,0.0,2461760.5354319206,2461760.534372879,2461760.502062195,25.0,2884,31.38816646434855,11.25,0.06700905412435532,12,6,True,0.42882203643230155,False
incl88_j2_node220,0.0,2461760.5500196903,2461760.548960649,2461760.5166499647,25.0,9412,-32.79716829582364,12.65625,-0.5468377470970154,14,7,True,0.4272214453683132,False
incl88_j2_node220,0.0,2461760.625181761,2461760.6241227197,2461760.5918120355,25.0,6468,-3.583321698471977,11.25,0.016117360442876816,14,7,True,0.4189941321601702,False
incl88_j2_node220,0.0,2461761.600656529,2461761.5995974876,2461761.5672868034,25.0,3775,23.31795706533424,-2.8125,-0.21793730556964874,12,7,True,0.31607574470243327,False
incl88_j2_node220,0.0,2461761.6151090125,2461761.614049971,2461761.581739287,25.0,10048,-40.22818472806108,0.0,0.30483055114746094,12,7,True,0.3146165258749839,False
incl88_j2_node220,0.0,2461802.21401846,2461802.2129594185,2461802.1806487343,25.0,8512,-23.31795706533424,0.0,0.5204986929893494,12,7,True,0.21513884153407115,False
incl88_j2_node220,0.0,2461802.226464129,2461802.2254050877,2461802.1930944035,25.0,2881,31.38816646434855,2.8125,-0.419976145029068,9,6,True,0.21612015007371937,False
incl88_j2_node220,0.0,2461803.2080469453,2461803.206987904,2461803.1746772197,25.0,3004,31.38816646434855,-11.25,0.5083924531936646,12,7,True,0.2987387192442402,False
incl88_j2_node220,0.0,2461803.2742635775,2461803.273204536,2461803.240893852,25.0,9915,-37.168899655999454,-14.0625,0.006957038771361113,10,6,True,0.3046565711884745,False
incl88_j2_node220,0.0,2461803.292949106,2461803.2918900647,2461803.2595793805,25.0,1856,44.993880150457116,-10.5,-0.39357301592826843,8,4,True,0.30633369989292614,False
incl88_j2_node220,0.0,2461804.263493722,2461804.2624346805,2461804.2301239963,25.0,6583,-3.583321698471977,-25.3125,-0.5337402820587158,12,7,True,0.3974001982700249,False
incl88_j2_node220,0.0,2461804.273103304,2461804.272044263,2461804.2397335786,25.0,2359,38.68218745348943,-23.90625,-0.36972981691360474,12,7,True,0.398336515659511,False
incl88_j2_node220,0.0,2461805.2497516964,2461805.248692655,2461805.216381971,25.0,4402,16.957763300004146,-37.96875000000006,-0.22704607248306274,13,7,True,0.49612545242953343,False
incl88_j2_node220,0.0,2461805.3178192195,2461805.316760178,2461805.284449494,25.0,10413,-43.40685848593699,-42.096774193548356,0.4937519133090973,15,7,True,0.5030942129734746,False
incl88_j2_node220,0.0,2461805.3379289797,2461805.3368699383,2461805.304559254,25.0,1847,44.993880150457116,-37.5,-0.4155401587486267,17,7,True,0.5051557858779779,False
incl88_j2_node220,0.0,2461806.2241947865,2461806.223135745,2461806.190825061,25.0,7725,-14.477512185929939,-52.03125,-0.09264463186264038,14,7,True,0.5967439985021481,False
incl88_j2_node220,0.0,2461806.3008381724,2461806.299779131,2461806.267468447,25.0,9901,-37.168899655999454,-53.43750000000006,-0.49791812896728516,17,7,True,0.6046816500456749,False
incl88_j2_node220,0.0,2461806.3142921748,2461806.3132331334,2461806.280922449,25.0,3885,22.02431283704216,-52.03125,-0.05910255014896393,17,7,True,0.6060744459161483,False
incl88_j2_node220,0.0,2461806.3919006153,2461806.390841574,2461806.3585308897,25.0,5805,3.5833216984719627,-53.43750000000006,-0.31354662775993347,16,7,True,0.6141043570953304,False
incl88_j2_node220,0.0,2461831.2485745405,2461831.247515499,2461831.215204815,25.0,10295,-41.81031489577862,-23.90625,-0.11276256293058395,5,4,True,0.16361209481662944,False
incl88_j2_node220,0.0,2461832.2385870046,2461832.2375279632,2461832.205217279,25.0,6707,-4.780191847199163,-35.15625,-0.5176947116851807,12,7,True,0.24206805969191003,False
incl88_j2_node220,0.0,2461833.2220787215,2461833.22101968,2461833.188708996,25.0,5807,3.5833216984719627,-47.81250000000006,-0.5977810621261597,12,7,True,0.3316564122426825,False
incl88_j2_node220,0.0,2461833.230770968,2461833.2297119265,2461833.1974012423,25.0,2095,41.81031489577859,-46.40625,-0.45603644847869873,12,7,True,0.3324927174504036,False
incl88_j2_node220,0.0,2461833.3115134113,2461833.31045437,2461833.278143686,25.0,2479,37.16889965599944,-47.81250000000006,-0.41453996300697327,12,6,True,0.3402949343249355,False
incl88_j2_node220,0.0,2461861.277068168,2461861.2760091266,2461861.2436984424,25.0,6827,-5.979156796301311,-59.0625,-0.488057404756546,6,5,True,0.19905088608038907,False
incl88_j2_node220,0.0,2461879.5952761522,2461879.594217111,2461879.5619064267,25.0,8916,-27.27961273597809,57.65625,-0.028811054304242134,4,1,True,0.369011753906949,False
incl88_j2_node220,0.0,2461908.5485610506,2461908.547502009,2461908.515191325,25.0,10315,-43.40685848593699,33.38709677419354,0.5950239896774292,8,5,True,0.44456744127436915,False
incl88_j2_node220,0.0,2461908.5686667296,2461908.5676076883,2461908.535297004,25.0,1752,44.993880150457116,37.5,-0.19602614641189575,7,3,True,0.4426764889120544,False
incl88_j2_node220,0.0,2461936.5335267526,2461936.5324677113,2461936.500157027,25.0,6217,-1.1937484371410818,25.3125,0.554104208946228,10,6,True,0.609991399575604,False
incl88_j2_node220,0.0,2461936.542593521,2461936.5415344797,2461936.5092237955,25.0,2249,38.68218745348943,26.71875,0.3028944432735443,10,6,True,0.6091520588022196,False
incl88_j2_node220,0.0,2461937.5153920967,2461937.5143330554,2461937.482022371,25.0,6084,0.0,12.65625,0.2662850618362427,11,7,True,0.5176798552452575,False
incl88_j2_node220,0.0,2461938.501697095,2461938.5006380538,2461938.4683273695,25.0,3904,20.742379954487134,0.0,0.48288610577583313,8,4,True,0.423775415804326,False
incl88_j2_node220,0.0,2461939.5556640713,2461939.55460503,2461939.522294346,25.0,8379,-20.74237995448715,-14.0625,-0.5774917006492615,6,3,True,0.3251688528156862,False
incl88_j2_node220,0.0,2461940.5521949786,2461940.551135937,2461940.518825253,25.0,1851,44.993880150457116,-25.5,-0.029741959646344185,6,4,True,0.2368126466322518,False
incl88_j2_node220,0.0,2461953.337043334,2461953.3359842924,2461953.303673608,25.0,3258,28.630989836924343,-16.875,0.18168167769908905,7,3,True,0.6494925005367944,True
incl88_j2_node220,0.0,2462029.57805758,2462029.576998539,2462029.5446878546,25.0,4948,10.806922874860334,56.25,0.49553507566452026,10,7,True,0.1898804829230365,False
incl88_j2_node220,0.0,2462056.4822559757,2462056.4811969344,2462056.44888625,25.0,1759,44.993880150457116,58.5,-0.2708264887332916,13,7,True,0.44847901154426495,False
incl88_j2_node220,0.0,2462056.5729268193,2462056.571867778,2462056.5395570938,25.0,5461,5.979156796301311,59.0625,0.005025290884077549,14,7,True,0.43852803360067766,False
incl88_j2_node220,0.0,2462057.554246635,2462057.553187594,2462057.5208769096,25.0,5328,7.180755781458274,46.40625,0.34836870431900024,12,7,True,0.331552835644068,False
incl88_j2_node220,0.0,2462057.628880136,2462057.627821095,2462057.5955104106,25.0,2255,38.68218745348943,43.59375,-0.34849730134010315,9,4,True,0.32356179039792055,False
incl88_j2_node220,0.0,2462058.6198112746,2462058.618752233,2462058.586441549,25.0,6347,-2.388015463268786,32.34375,0.1174817755818367,7,5,True,0.22174913027159793,False
incl88_j2_node220,0.0,2462084.4583483166,2462084.4572892752,2462084.424978591,25.0,2001,41.81031489577859,49.21875,-0.044738829135894775,14,7,True,0.6044241542022655,False
incl88_j2_node220,0.0,2462084.4725654265,2462084.471506385,2462084.439195701,25.0,8274,-20.74237995448715,50.625,-0.3481661081314087,14,7,True,0.6028951863409615,False
incl88_j2_node220,0.0,2462084.547471072,2462084.5464120307,2462084.5141013465,25.0,5073,9.594068226860458,49.21875,0.031039396300911903,17,7,True,0.5948154706316058,False
incl88_j2_node220,0.0,2462084.623004848,2462084.621945807,2462084.5896351226,25.0,2385,37.16889965599944,47.8125,0.40227317810058594,15,6,True,0.586628689087588,False
incl88_j2_node220,0.0,2462084.637652825,2462084.6365937837,2462084.6042830995,25.0,8913,-27.27961273597809,49.21875,0.1768338680267334,12,5,True,0.5850366682074964,False
incl88_j2_node220,0.0,2462085.531514933,2462085.5304558915,2462085.4981452073,25.0,6221,-1.1937484371410818,36.5625,0.09826760739088058,13,7,True,0.4858693582995636,False
incl88_j2_node220,0.0,2462085.6055910033,2462085.604531962,2462085.5722212777,25.0,2764,32.79716829582364,35.15625,0.555427610874176,17,7,True,0.47753625437943636,False
incl88_j2_node220,0.0,2462085.619553429,2462085.6184943877,2462085.5861837035,25.0,9037,-28.630989836924357,36.5625,0.42180824279785156,16,7,True,0.4759647229557844,False
incl88_j2_node220,0.0,2462086.5227015,2462086.5216424586,2462086.4893317744,25.0,10312,-43.40685848593699,24.67741935483872,-0.03966717794537544,10,5,True,0.3745652958509069,False
incl88_j2_node220,0.0,2462086.5976443593,2462086.596585318,2462086.564274634,25.0,7496,-13.248014905676953,22.5,-0.18452732264995575,13,7,True,0.3662488380087259,False
incl88_j2_node220,0.0,2462087.5745970984,2462087.573538057,2462087.541227373,25.0,5315,7.180755781458274,9.84375,0.5959003567695618,10,6,True,0.2613794931627309,False
incl88_j2_node220,0.0,2462087.6478003343,2462087.646741293,2462087.6144306087,25.0,1742,44.993880150457116,7.5,0.36054277420043945,5,4,True,0.2538832103990748,False
incl88_j2_node220,0.0,2462088.641799512,2462088.6407404705,2462088.6084297863,25.0,7230,-9.594068226860458,-4.21875,0.20817288756370544,6,5,True,0.15950681999625776,False
incl88_j2_node220,0.0,2462113.43010907,2462113.429050029,2462113.3967393446,25.0,8522,-23.31795706533424,28.125,-0.14456963539123535,12,4,True,0.6473943800871781,False
incl88_j2_node220,0.0,2462113.5049784416,2462113.5039194003,2462113.471608716,25.0,5321,7.180755781458274,26.71875,0.2330133020877838,15,7,True,0.6392975589728149,False
incl88_j2_node220,0.0,2462113.578901785,2462113.5778427436,2462113.5455320594,25.0,1992,41.81031489577859,23.90625,-0.3613777160644531,18,7,True,0.6312581428016167,False
incl88_j2_node220,0.0,2462113.5914169927,2462113.5903579514,2462113.558047267,25.0,7497,-13.248014905676953,25.3125,-0.5384770631790161,18,7,True,0.6298928370504607,False
incl88_j2_node220,0.0,2462114.4786979337,2462114.4776388924,2462114.445328208,25.0,1988,41.81031489577859,12.65625,0.11300437897443771,10,4,True,0.5306841161917949,False
incl88_j2_node220,0.0,2462114.493500578,2462114.492441537,2462114.4601308526,25.0,8517,-23.31795706533424,14.0625,-0.14729860424995422,13,7,True,0.5290004767438562,False
incl88_j2_node220,0.0,2462114.5689147445,2462114.567855703,2462114.535545019,25.0,5572,4.780191847199163,12.65625,0.17252840101718903,14,7,True,0.520414943475951,False
incl88_j2_node220,0.0,2462114.642292822,2462114.6412337804,2462114.608923096,25.0,1987,41.81031489577859,9.84375,-0.37212926149368286,15,6,True,0.5120502404784377,False
incl88_j2_node220,0.0,2462114.654808072,2462114.6537490305,2462114.6214383463,25.0,7492,-13.248014905676953,11.25,-0.5430582165718079,12,6,True,0.5106226691498922,False
incl88_j2_node220,0.0,2462115.5496899597,2462115.5486309184,2462115.516320234,25.0,5184,8.385538647081319,0.0,0.565264880657196,14,7,True,0.4086809708347868,False
incl88_j2_node220,0.0,2462115.5618235623,2462115.560764521,2462115.5284538367,25.0,10428,-44.99388015045713,1.5,0.4132484197616577,14,7,True,0.4073111026184034,False
incl88_j2_node220,0.0,2462115.6372444197,2462115.6361853783,2462115.603874694,25.0,7999,-16.957763300004146,-1.40625,-0.31236204504966736,14,7,True,0.3988102561622834,False
incl88_j2_node220,0.0,2462116.6141724265,2462116.613113385,2462116.580802701,25.0,5819,3.5833216984719627,-14.0625,0.4558295011520386,12,7,True,0.29205145830598367,False
incl88_j2_node220,0.0,2462128.1804565904,2462128.179397549,2462128.147086865,25.0,10052,-40.22818472806108,11.25,0.17369194328784943,13,7,True,0.3864083097658949,True
incl88_j2_node220,0.0,2462128.2738554296,2462128.2727963882,2462128.240485704,25.0,4932,10.806922874860334,11.25,0.46116334199905396,12,6,True,0.3950518485849287,True
incl88_j2_node220,0.0,2462129.1692915503,2462129.168232509,2462129.1359218247,25.0,6976,-8.385538647081319,0.0,-0.593877375125885,13,7,True,0.4788909181719921,True
incl88_j2_node220,0.0,2462129.2438481944,2462129.242789153,2462129.210478469,25.0,10175,-40.22818472806108,-2.8125,0.1721857488155365,12,7,True,0.48591709039951503,True
incl88_j2_node220,0.0,2462129.324560981,2462129.3235019394,2462129.291191255,25.0,10546,-44.99388015045713,-4.5,0.4416879713535309,15,6,True,0.4935255740545198,True
incl88_j2_node220,0.0,2462130.1622871202,2462130.161228079,2462130.1289173947,25.0,2107,41.81031489577859,-12.65625,0.3187253475189209,12,5,True,0.5722975881538664,True
incl88_j2_node220,0.0,2462130.243030259,2462130.2419712176,2462130.2096605333,25.0,2491,37.16889965599944,-14.0625,0.4547991156578064,14,7,True,0.5798388290204413,True
incl88_j2_node220,0.0,2462130.30615848,2462130.3050994384,2462130.272788754,25.0,10542,-44.99388015045713,-16.5,-0.2534843683242798,18,7,True,0.5857247250612195,True
incl88_j2_node220,0.0,2462130.319673492,2462130.3186144507,2462130.2863037665,25.0,4666,14.477512185929925,-15.46875,0.2361987978219986,18,7,True,0.586983593375692,True
incl88_j2_node220,0.0,2462155.181196416,2462155.1801373744,2462155.14782669,25.0,7109,-9.594068226860458,15.46875,0.06504759937524796,7,5,True,0.14844966597927797,False
incl88_j2_node220,0.0,2462156.249498581,2462156.2484395397,2462156.2161288555,25.0,4800,12.024699180565818,1.40625,0.5268318057060242,6,4,True,0.22770284965471646,False
incl88_j2_node220,0.0,2462157.2188550043,2462157.217795963,2462157.1854852787,25.0,10299,-41.81031489577862,-12.65625,0.17258846759796143,12,7,True,0.30867415327723585,False
incl88_j2_node220,0.0,2462157.230265378,2462157.2292063367,2462157.1968956525,25.0,5308,8.385538647081319,-11.25,0.1377706229686737,12,7,True,0.3096686143045827,False
incl88_j2_node220,0.0,2462158.213241745,2462158.2121827034,2462158.179872019,25.0,4663,14.477512185929925,-23.90625,-0.03992629423737526,13,7,True,0.39814926019131636,False
incl88_j2_node220,0.0,2462158.2909362377,2462158.2898771963,2462158.257566512,25.0,6583,-3.583321698471977,-25.3125,-0.1152331680059433,16,7,True,0.40534261294709717,False
incl88_j2_node220,0.0,2462158.3016142664,2462158.300555225,2462158.268244541,25.0,1975,43.406858485936986,-24.677419354838776,0.38790014386177063,14,7,True,0.4063331074596586,False
incl88_j2_node220,0.0,2462159.200683361,2462159.1996243196,2462159.1673136353,25.0,2227,40.228184728061095,-36.5625,0.3032386004924774,14,7,True,0.49100589917298626,False
incl88_j2_node220,0.0,2462159.276631378,2462159.2755723367,2462159.2432616525,25.0,4658,14.477512185929925,-37.96875000000006,-0.033399760723114014,13,7,True,0.4982425166985403,False
incl88_j2_node220,0.0,2462159.346345008,2462159.3452859665,2462159.3129752823,25.0,10033,-38.68218745348943,-40.78125,0.275239497423172,14,6,True,0.5048919376888331,False
incl88_j2_node220,0.0,2462159.355954252,2462159.354895211,2462159.3225845266,25.0,5810,3.5833216984719627,-39.375,0.04539532959461212,14,6,True,0.5058089431900744,False
incl88_j2_node220,0.0,2462160.2481118706,2462160.2470528292,2462160.214742145,25.0,9261,-30.000000000000014,-52.03125,-0.0026994545478373766,14,7,True,0.5910687730664196,False
incl88_j2_node220,0.0,2462160.2585045397,2462160.2574454984,2462160.225134814,25.0,4526,15.713861048008212,-50.625,-0.3117504119873047,14,7,True,0.5920592600397163,False
incl88_j2_node220,0.0,2462160.335646203,2462160.3345871614,2462160.302276477,25.0,6701,-4.780191847199163,-52.03125,-0.4554920792579651,18,7,True,0.5994060515660319,False
incl88_j2_node220,0.0,2462185.1993032615,2462185.19824422,2462185.165933536,25.0,8248,-19.47122063449069,-21.09375,-0.4001142978668213,9,5,True,0.16004126831649174,False
incl88_j2_node220,0.0,2462185.2121777837,2462185.2111187424,2462185.178808058,25.0,2489,37.16889965599944,-19.6875,-0.37176060676574707,8,6,True,0.1609299120880115,False
incl88_j2_node220,0.0,2462186.268202409,2462186.267143368,2462186.2348326836,25.0,5683,4.780191847199163,-35.15625,0.11102046072483063,7,5,True,0.24014226047606252,False
incl88_j2_node220,0.0,2462187.2399138426,2462187.2388548013,2462187.206544117,25.0,10030,-38.68218745348943,-49.21875000000006,0.07613242417573929,12,7,True,0.32259534230999376,False
incl88_j2_node220,0.0,2462187.250613722,2462187.2495546807,2462187.2172439964,25.0,5295,8.385538647081319,-47.81250000000006,-0.128664031624794,12,7,True,0.3235462494721739,False
incl88_j2_node230,0.0,2461553.5416290862,2461553.540570045,2461553.5082593607,25.0,9556,-34.22886632781257,56.25,0.525864839553833,10,6,True,0.5534849927705154,False
incl88_j2_node230,0.0,2461553.552994377,2461553.5519353356,2461553.5196246514,25.0,4437,15.713861048008212,59.0625,-0.2298472374677658,8,4,True,0.5523996930843105,False
incl88_j2_node230,0.0,2461554.5215030583,2461554.520444017,2461554.4881333327,25.0,10191,-41.81031489577862,43.59375,-0.09274261444807053,6,4,True,0.4587029361748901,False
incl88_j2_node230,0.0,2461554.536021291,2461554.5349622495,2461554.5026515652,25.0,3792,22.02431283704216,46.40625,-0.28662389516830444,9,6,True,0.4572870858832727,False
incl88_j2_node230,0.0,2461582.501368613,2461582.5003095716,2461582.4679988874,25.0,8396,-22.02431283704216,35.15625,-0.40906232595443726,13,7,True,0.6195933913713778,False
incl88_j2_node230,0.0,2461583.4849545974,2461583.483895556,2461583.451584872,25.0,7496,-13.248014905676953,22.5,-0.4147427976131439,11,7,True,0.523478668805467,False
incl88_j2_node230,0.0,2461583.497837125,2461583.4967780835,2461583.4644673993,25.0,1868,43.406858485936986,24.67741935483872,-0.18561749160289764,12,7,True,0.5221898768760951,False
incl88_j2_node230,0.0,2461584.5457494417,2461584.5446904004,2461584.512379716,25.0,8642,-24.62431835216408,7.03125,0.4956335723400116,8,5,True,0.4160131526848271,False
incl88_j2_node230,0.0,2461584.5608583614,2461584.55979932,2461584.527488636,25.0,1987,41.81031489577859,9.84375,0.30991479754447937,7,3,True,0.41447352491269196,False
incl88_j2_node230,0.0,2461585.531861073,2461585.5308020315,2461585.4984913473,25.0,6718,-4.780191847199163,-4.21875,-0.43823936581611633,9,6,True,0.31634918009854973,False
incl88_j2_node230,0.0,2461657.222259443,2461657.2212004014,2461657.188889717,25.0,2733,34.228866327812575,-53.43750000000006,-0.009001295082271099,6,3,True,0.5938018170019657,False
incl88_j2_node230,0.0,2461657.235044918,2461657.2339858767,2461657.2016751925,25.0,8493,-22.02431283704216,-52.03125,-0.5553625226020813,8,5,True,0.5950201229293939,False
incl88_j2_node230,0.0,2461703.6075108657,2461703.6064518243,2461703.57414114,25.0,4819,12.024699180565818,54.84375,0.4465562701225281,11,7,True,0.2412714861524913,False
incl88_j2_node230,0.0,2461703.6201125155,2461703.619053474,2461703.58674279,25.0,10323,-43.40685848593699,56.61290322580646,0.11036371439695358,9,6,True,0.24002688524797103,False
incl88_j2_node230,0.0,2461730.5246679615,2461730.52360892,2461730.491298236,25.0,7253,-10.806922874860348,59.0625,-0.29351431131362915,13,7,True,0.5024269947865364,False
incl88_j2_node230,0.0,2461730.603467775,2461730.6024087337,2461730.5700980495,25.0,5844,2.388015463268772,57.65625,-0.22141657769680023,16,7,True,0.4934480437407305,False
incl88_j2_node230,0.0,2461731.5781463673,2461731.577087326,2461731.5447766418,25.0,2767,32.79716829582364,43.59375,-0.21884189546108246,13,7,True,0.38382772334768295,False
incl88_j2_node230,0.0,2461731.591208722,2461731.5901496806,2461731.5578389964,25.0,8656,-24.62431835216408,46.40625,0.5786632895469666,13,7,True,0.3823903533155648,False
incl88_j2_node230,0.0,2461732.5710517457,2461732.5699927043,2461732.53768202,25.0,7883,-16.957763300004146,32.34375,-0.1740237921476364,8,4,True,0.27877530024533076,False
incl88_j2_node230,0.0,2461732.6454278403,2461732.644368799,2461732.6120581147,25.0,4427,15.713861048008212,30.9375,0.4822311997413635,7,5,True,0.2713237798662721,False
incl88_j2_node230,0.0,2461733.6203614813,2461733.61930244,2461733.5869917558,25.0,1745,44.993880150457116,16.5,0.2134496569633484,8,4,True,0.18074616886464878,False
incl88_j2_node230,0.0,2461733.633880513,2461733.6328214714,2461733.600510787,25.0,7622,-14.477512185929939,18.28125,-0.10342404991388321,9,6,True,0.17959339354856405,False
incl88_j2_node230,0.0,2461758.574077603,2461758.5730185616,2461758.5407078774,25.0,3665,23.31795706533424,47.8125,0.35408902168273926,18,7,True,0.6479680172286437,False
incl88_j2_node230,0.0,2461758.5874883253,2461758.586429284,2461758.5541185997,25.0,9681,-35.68533471265205,49.21875,-0.1355249434709549,18,7,True,0.6464934253945203,False
incl88_j2_node230,0.0,2461758.6625391254,2461758.661480084,2461758.6291694,25.0,6737,-5.979156796301311,47.8125,0.555838406085968,12,5,True,0.6382222011299956,False
incl88_j2_node230,0.0,2461759.477813254,2461759.4767542128,2461759.4444435285,25.0,5453,5.979156796301311,36.5625,0.47118663787841797,10,4,True,0.5469994790994466,False
incl88_j2_node230,0.0,2461759.55182239,2461759.5507633486,2461759.5184526644,25.0,2124,40.228184728061095,33.75,0.009916869923472404,14,7,True,0.538660007749668,False
incl88_j2_node230,0.0,2461759.5648202407,2461759.5637611994,2461759.531450515,25.0,7884,-16.957763300004146,35.15625,-0.5173689723014832,14,7,True,0.5371954197505462,False
incl88_j2_node230,0.0,2461759.639196849,2461759.6381378076,2461759.6058271234,25.0,4428,15.713861048008212,33.75,0.11705255508422852,16,7,True,0.5288159379364875,False
incl88_j2_node230,0.0,2461759.6522708395,2461759.651211798,2461759.618901114,25.0,10188,-41.81031489577862,35.15625,-0.35532328486442566,13,6,True,0.5273433131566618,False
incl88_j2_node230,0.0,2461760.54557238,2461760.5445133387,2461760.5122026545,25.0,7496,-13.248014905676953,22.5,-0.10117105394601822,13,7,True,0.4277093094563399,False
incl88_j2_node230,0.0,2461760.620509032,2461760.619449991,2461760.5871393066,25.0,4295,16.957763300004146,21.09375,0.4574477970600128,13,7,True,0.41950464230029066,False
incl88_j2_node230,0.0,2461760.6328122914,2461760.63175325,2461760.599442566,25.0,9800,-37.168899655999454,22.5,0.06649071723222733,15,7,True,0.41816075839988764,False
incl88_j2_node230,0.0,2461761.6073136474,2461761.606254606,2461761.573943922,25.0,6723,-5.979156796301311,8.4375,0.1089388057589531,12,7,True,0.3154033165415274,False
incl88_j2_node230,0.0,2461762.661889011,2461762.6608299697,2461762.6285192855,25.0,2877,32.79716829582364,-7.03125,-0.0336654968559742,6,5,True,0.21558297776807372,False
incl88_j2_node230,0.0,2461802.2124934206,2461802.211434379,2461802.179123695,25.0,9155,-30.000000000000014,9.84375,0.41825082898139954,12,7,True,0.2150187253373047,False
incl88_j2_node230,0.0,2461802.226776106,2461802.2257170645,2461802.1934063802,25.0,2756,32.79716829582364,12.65625,-0.24316129088401794,9,6,True,0.21614477161964513,False
incl88_j2_node230,0.0,2461803.195604483,2461803.194545442,2461803.1622347576,25.0,8639,-23.31795706533424,-2.8125,0.37501823902130127,11,7,True,0.29763119177336017,False
incl88_j2_node230,0.0,2461803.274592671,2461803.2735336297,2461803.2412229455,25.0,9790,-35.68533471265205,-4.21875,0.19937127828598022,10,6,True,0.30468608530735114,False
incl88_j2_node230,0.0,2461803.2895310055,2461803.288471964,2461803.25616128,25.0,3135,29.999999999999993,-1.40625,-0.34279441833496094,9,5,True,0.3060267101607851,False
incl88_j2_node230,0.0,2461804.190945246,2461804.1898862044,2461804.15757552,25.0,2491,37.16889965599944,-14.0625,0.5387204885482788,12,6,True,0.3903508364010755,False
incl88_j2_node230,0.0,2461804.2693024254,2461804.268243384,2461804.2359327,25.0,3898,22.02431283704216,-15.46875,0.37020307779312134,12,7,True,0.39796611537139687,False
incl88_j2_node230,0.0,2461804.336224911,2461804.3351658694,2461804.3028551852,25.0,10421,-43.40685848593699,-18.870967741935488,0.32280850410461426,10,4,True,0.40450152701265296,False
incl88_j2_node230,0.0,2461805.2437038617,2461805.2426448204,2461805.210334136,25.0,7221,-9.594068226860458,-29.53125,0.5234768390655518,13,7,True,0.49550698427413026,False
incl88_j2_node230,0.0,2461805.3217871394,2461805.320728098,2461805.288417414,25.0,8885,-25.944479772370016,-30.9375,0.29080405831336975,16,7,True,0.503500885956588,False
incl88_j2_node230,0.0,2461805.3354740525,2461805.334415011,2461805.302104327,25.0,2742,34.228866327812575,-28.125,-0.4396418333053589,17,7,True,0.5049040435578233,False
incl88_j2_node230,0.0,2461806.223339587,2461806.2222805456,2461806.1899698614,25.0,8113,-18.209956864283015,-42.18750000000006,-0.05236663669347763,14,7,True,0.5966554034389989,False
incl88_j2_node230,0.0,2461806.301823438,2461806.300764397,2461806.2684537126,25.0,9520,-32.79716829582364,-43.59375,-0.22178500890731812,17,7,True,0.6047836521596441,False
incl88_j2_node230,0.0,2461806.3145783683,2461806.313519327,2461806.2812086428,25.0,3761,23.31795706533424,-42.18750000000006,0.11992170661687851,17,7,True,0.6061040704368099,False
incl88_j2_node230,0.0,2461806.3921648124,2461806.391105771,2461806.358795087,25.0,5680,4.780191847199163,-43.59375,-0.1244375929236412,16,7,True,0.6141316781947066,False
incl88_j2_node230,0.0,2461831.2478464027,2461831.2467873613,2461831.214476677,25.0,10543,-44.99388015045713,-13.5,-0.5093435645103455,5,4,True,0.16355926313689684,False
incl88_j2_node230,0.0,2461832.238305754,2461832.2372467127,2461832.2049360285,25.0,6839,-5.979156796301311,-25.3125,-0.3949517607688904,12,7,True,0.24204398404613278,False
incl88_j2_node230,0.0,2461833.211740151,2461833.2106811097,2461833.1783704255,25.0,10289,-41.81031489577862,-40.78125,0.5847980380058289,11,6,True,0.3306626335428624,False
incl88_j2_node230,0.0,2461833.222887405,2461833.221828364,2461833.1895176796,25.0,5426,7.180755781458274,-37.96875000000006,-0.33931100368499756,12,7,True,0.3317341691889281,False
incl88_j2_node230,0.0,2461833.3027818194,2461833.301722778,2461833.269412094,25.0,6322,-1.1937484371410818,-39.375,-0.2554677128791809,12,7,True,0.33944830629328715,False
incl88_j2_node230,0.0,2461834.2075593886,2461834.2065003472,2461834.174189663,25.0,4014,20.742379954487134,-50.625,-0.23256322741508484,11,5,True,0.43048650146318085,False
incl88_j2_node230,0.0,2461834.281626215,2461834.280567174,2461834.2482564896,25.0,7597,-13.248014905676953,-53.43750000000006,0.4695761501789093,12,7,True,0.4381944045717538,False
incl88_j2_node230,0.0,2461834.293097475,2461834.2920384337,2461834.2597277495,25.0,2478,37.16889965599944,-50.625,-0.5562416911125183,12,7,True,0.43939101664272584,False
incl88_j2_node230,0.0,2461834.361430074,2461834.3603710327,2461834.3280603485,25.0,8492,-22.02431283704216,-54.84375,0.4916854500770569,13,6,True,0.4465345740639115,False
incl88_j2_node230,0.0,2461860.223478758,2461860.2224197164,2461860.190109032,25.0,2484,37.16889965599944,-33.75000000000006,-0.28457167744636536,5,3,True,0.12054375489324055,False
incl88_j2_node230,0.0,2461861.281704483,2461861.2806454417,2461861.2483347575,25.0,4654,14.477512185929925,-49.21875000000006,0.2352653443813324,6,5,True,0.19943433289282847,False
incl88_j2_node230,0.0,2461907.57123084,2461907.5701717986,2461907.5378611144,25.0,8660,-24.62431835216408,57.65625,0.2773440480232239,7,3,True,0.5371059631419273,False
incl88_j2_node230,0.0,2461908.560058719,2461908.5589996777,2461908.5266889934,25.0,5328,7.180755781458274,46.40625,-0.5446428656578064,8,4,True,0.4434859757840294,False
incl88_j2_node230,0.0,2461909.5491590686,2461909.5481000273,2461909.515789343,25.0,2124,40.228184728061095,33.75,0.1757279485464096,5,3,True,0.3519445818230595,False
incl88_j2_node230,0.0,2461936.53908833,2461936.538029289,2461936.5057186047,25.0,3661,23.31795706533424,36.5625,-0.033849816769361496,10,6,True,0.6094765691474232,False
incl88_j2_node230,0.0,2461937.5106653115,2461937.50960627,2461937.477295586,25.0,8264,-20.74237995448715,22.5,-0.12516462802886963,12,7,True,0.5181291060864608,False
incl88_j2_node230,0.0,2461937.522200267,2461937.5211412255,2461937.4888305413,25.0,3016,29.999999999999993,23.90625,-0.1167994812130928,11,7,True,0.5170327268778538,False
incl88_j2_node230,0.0,2461939.5541640646,2461939.553105023,2461939.520794339,25.0,9022,-27.27961273597809,-4.21875,-0.5833721160888672,6,3,True,0.32530630685348594,False
incl88_j2_node230,0.0,2461940.540595178,2461940.5395361367,2461940.5072254525,25.0,6842,-5.979156796301311,-16.875,-0.36317169666290283,6,4,True,0.23780051798285456,False
incl88_j2_node230,0.0,2461940.5514589786,2461940.550399937,2461940.518089253,25.0,2106,41.81031489577859,-15.46875,-0.2008490264415741,6,4,True,0.23687528528903418,False
incl88_j2_node230,0.0,2462011.2499983395,2462011.248939298,2462011.216628614,25.0,2861,32.79716829582364,-52.03125,0.5231814980506897,6,3,True,0.5736846286400031,False
incl88_j2_node230,0.0,2462011.2633504593,2462011.262291418,2462011.2299807337,25.0,8878,-25.944479772370016,-50.625,0.4578482210636139,6,2,True,0.5750773554627189,False
incl88_j2_node230,0.0,2462057.555043223,2462057.5539841815,2462057.5216734973,25.0,5716,3.5833216984719627,56.25,0.10920209437608719,12,7,True,0.33146736926836895,False
incl88_j2_node230,0.0,2462057.6295484393,2462057.628489398,2462057.5961787137,25.0,2515,35.68533471265204,54.84375,0.5392583012580872,8,4,True,0.3234903845084127,False
incl88_j2_node230,0.0,2462058.6195191112,2462058.61846007,2462058.5861493857,25.0,6223,-1.1937484371410818,42.1875,-0.007406050805002451,8,5,True,0.22177760862755036,False
incl88_j2_node230,0.0,2462059.6099871825,2462059.608928141,2462059.576617457,25.0,10059,-40.22818472806108,30.9375,0.47237902879714966,5,3,True,0.13265461329670547,False
incl88_j2_node230,0.0,2462084.5466194316,2462084.54556039,2462084.513249706,25.0,4693,13.24801490567694,59.0625,-0.0416012741625309,17,7,True,0.5949075500453642,False
incl88_j2_node230,0.0,2462084.6275742133,2462084.626515172,2462084.5942044877,25.0,4308,16.957763300004146,57.65625,-0.2655797600746155,14,6,True,0.5861322269116789,False
incl88_j2_node230,0.0,2462085.5213541565,2462085.520295115,2462085.487984431,25.0,1875,43.406858485936986,45.0,-0.139470636844635,13,7,True,0.48701172320231706,False
incl88_j2_node230,0.0,2462085.533953207,2462085.5328941657,2462085.5005834815,25.0,7376,-12.024699180565818,46.40625,-0.29412975907325745,13,7,True,0.4855952030417314,False
incl88_j2_node230,0.0,2462085.6077222317,2462085.6066631903,2462085.574352506,25.0,3664,23.31795706533424,45.0,0.1855379343032837,17,7,True,0.47729638547011194,False
incl88_j2_node230,0.0,2462085.621133343,2462085.6200743015,2462085.5877636173,25.0,9680,-35.68533471265205,46.40625,0.09666858613491058,16,7,True,0.47578687805538156,False
incl88_j2_node230,0.0,2462086.5843873443,2462086.583328303,2462086.5510176187,25.0,1750,44.993880150457116,31.5,0.30272454023361206,13,7,True,0.3677180409751052,False
incl88_j2_node230,0.0,2462086.5967915705,2462086.595732529,2462086.563421845,25.0,7115,-9.594068226860458,32.34375,-0.2460770159959793,13,7,True,0.36634333284575804,False
incl88_j2_node230,0.0,2462087.5706040408,2462087.5695449994,2462087.537234315,25.0,3526,24.62431835216408,18.28125,-0.490363746881485,8,4,True,0.26179011928826845,False
incl88_j2_node230,0.0,2462087.5839816392,2462087.582922598,2462087.5506119137,25.0,9543,-34.22886632781257,19.6875,-0.4871402084827423,11,7,True,0.2604149534354986,False
incl88_j2_node230,0.0,2462088.6382385134,2462088.637179472,2462088.604868788,25.0,5442,5.979156796301311,5.625,0.4052330255508423,7,6,True,0.15981618946871168,False
incl88_j2_node230,0.0,2462113.424789005,2462113.4237299636,2462113.3914192794,25.0,6093,0.0,37.96875,0.24504880607128143,12,4,True,0.647967952109374,False
incl88_j2_node230,0.0,2462113.4991275296,2462113.498068488,2462113.465757804,25.0,2764,32.79716829582364,35.15625,-0.567403256893158,15,7,True,0.6399319982355283,False
incl88_j2_node230,0.0,2462113.510723118,2462113.509664077,2462113.4773533926,25.0,8013,-18.209956864283015,36.5625,-0.4648265540599823,15,7,True,0.6386743774469055,False
incl88_j2_node230,0.0,2462113.5850950647,2462113.5840360234,2462113.551725339,25.0,4556,14.477512185929925,35.15625,-0.08155271410942078,18,7,True,0.6305826582187507,False
incl88_j2_node230,0.0,2462113.6603194717,2462113.6592604304,2462113.626949746,25.0,1871,43.406858485936986,33.38709677419354,0.08018451929092407,12,5,True,0.6223546883154744,False
incl88_j2_node230,0.0,2462114.485447646,2462114.4843886048,2462114.4520779205,25.0,4808,12.024699180565818,23.90625,0.4900868535041809,12,6,True,0.5299164748043097,False
incl88_j2_node230,0.0,2462114.4969670665,2462114.495908025,2462114.463597341,25.0,9928,-38.68218745348943,23.90625,-0.5999642014503479,14,7,True,0.5286061120750152,False
incl88_j2_node230,0.0,2462114.5697060977,2462114.5686470564,2462114.536336372,25.0,5960,1.1937484371410676,22.5,-0.060941245406866074,14,7,True,0.5203247903954752,False
incl88_j2_node230,0.0,2462114.6443240866,2462114.6432650452,2462114.610954361,25.0,2759,32.79716829582364,21.09375,0.33044153451919556,15,6,True,0.5118185563987002,False
incl88_j2_node230,0.0,2462114.6582861524,2462114.657227111,2462114.624916427,25.0,9032,-28.630989836924357,22.5,0.27666985988616943,11,5,True,0.5102258897653472,False
incl88_j2_node230,0.0,2462115.552113086,2462115.5510540446,2462115.5187433604,25.0,6339,-2.388015463268786,9.84375,0.18044643104076385,14,7,True,0.4084073731694575,False
incl88_j2_node230,0.0,2462115.623862582,2462115.6228035404,2462115.590492856,25.0,1986,41.81031489577859,7.03125,-0.28176912665367126,13,7,True,0.40031670303749367,False
incl88_j2_node230,0.0,2462115.6358231525,2462115.634764111,2462115.602453427,25.0,7235,-10.806922874860348,8.4375,-0.32117757201194763,14,7,True,0.3989702153915233,False
incl88_j2_node230,0.0,2462116.612230389,2462116.6111713476,2462116.5788606633,25.0,4926,12.024699180565818,-4.21875,0.4732862114906311,12,7,True,0.29225539109969595,False
incl88_j2_node230,0.0,2462116.62410784,2462116.6230487986,2462116.5907381144,25.0,10175,-40.22818472806108,-2.8125,0.4417675733566284,12,7,True,0.2910085158136635,False
incl88_j2_node230,0.0,2462155.1814446994,2462155.180385658,2462155.148074974,25.0,6985,-8.385538647081319,25.3125,0.2512294352054596,8,6,True,0.14846661894340105,False
incl88_j2_node230,0.0,2462156.2376027005,2462156.236543659,2462156.204232975,25.0,10052,-40.22818472806108,11.25,-0.4445417523384094,9,6,True,0.22675726614335834,False
incl88_j2_node230,0.0,2462156.251172295,2462156.2501132535,2462156.2178025693,25.0,4036,19.47122063449069,12.65625,-0.5284533500671387,6,4,True,0.22783595502945214,False
incl88_j2_node230,0.0,2462157.2348463265,2462157.233787285,2462157.201476601,25.0,3136,28.630989836924343,0.0,-0.5667093396186829,12,7,True,0.3100681518969566,False
incl88_j2_node230,0.0,2462158.2043259107,2462158.2032668693,2462158.170956185,25.0,8762,-24.62431835216408,-15.46875,0.5902139544487,13,7,True,0.39732534000711983,False
incl88_j2_node230,0.0,2462158.2187226466,2462158.217663605,2462158.185352921,25.0,2363,38.68218745348943,-12.65625,-0.5043167471885681,13,7,True,0.39865591163514624,False
incl88_j2_node230,0.0,2462158.28613131,2462158.2850722685,2462158.2527615842,25.0,8762,-24.62431835216408,-15.46875,-0.39276236295700073,15,7,True,0.40489703922322384,False
incl88_j2_node230,0.0,2462159.1862151953,2462159.185156154,2462159.15284547,25.0,8630,-23.31795706533424,-28.125,0.33029595017433167,13,7,True,0.48962829385251994,False
incl88_j2_node230,0.0,2462159.1989705283,2462159.197911487,2462159.1656008027,25.0,2870,32.79716829582364,-26.71875,0.21032100915908813,14,7,True,0.49084279459350866,False
incl88_j2_node230,0.0,2462159.2763270685,2462159.275268027,2462159.242957343,25.0,4790,13.24801490567694,-28.125,0.07472439855337143,13,7,True,0.4982135051123211,False
incl88_j2_node230,0.0,2462159.278029933,2462159.2769708917,2462159.2446602075,25.0,4022,20.742379954487134,-28.125,0.23334188759326935,14,7,True,0.4983758488958438,False
incl88_j2_node230,0.0,2462159.3578468123,2462159.356787771,2462159.324477087,25.0,4917,12.024699180565818,-29.53125,0.36660778522491455,13,6,True,0.5059895660461087,False
incl88_j2_node230,0.0,2462160.182250629,2462160.181191588,2462160.1488809036,25.0,2226,40.228184728061095,-39.375,0.14304998517036438,13,5,True,0.584788320768568,False
incl88_j2_node230,0.0,2462160.263016046,2462160.2619570047,2462160.2296463205,25.0,2609,35.68533471265204,-40.78125,0.28542405366897583,14,7,True,0.5924891777854457,False
incl88_j2_node230,0.0,2462160.327202179,2462160.3261431376,2462160.2938324534,25.0,10288,-41.81031489577862,-43.59375,0.0807688906788826,18,7,True,0.5986023412281145,False
incl88_j2_node230,0.0,2462160.3438376975,2462160.342778656,2462160.310467972,25.0,2993,31.38816646434855,-42.18750000000006,0.46228018403053284,18,7,True,0.6001856094465823,False
incl88_j2_node230,0.0,2462185.1959241023,2462185.194865061,2462185.1625543768,25.0,9660,-34.22886632781257,-11.25,-0.5259070992469788,8,4,True,0.1598082999441366,False
incl88_j2_node230,0.0,2462185.211158059,2462185.2100990177,2462185.1777883335,25.0,2876,32.79716829582364,-9.84375,-0.41774889826774597,9,7,True,0.16085944007085815,False
incl88_j2_node230,0.0,2462186.268995083,2462186.2679360416,2462186.2356253574,25.0,5303,8.385538647081319,-25.3125,0.32961687445640564,7,5,True,0.24020608453492176,False
incl88_j2_node230,0.0,2462187.240898952,2462187.2398399105,2462187.2075292263,25.0,9650,-34.22886632781257,-39.375,0.3681829273700714,12,7,True,0.3226828589077314,False
incl88_j2_node230,0.0,2462187.2536857077,2462187.2526266663,2462187.220315982,25.0,3890,22.02431283704216,-37.96875000000006,0.29278963804244995,12,7,True,0.32381945679689916,False
incl88_j2_node230,0.0,2462188.224069657,2462188.2230106154,2462188.1906999312,25.0,9005,-27.27961273597809,-52.03125,0.2860628664493561,13,7,True,0.4132436407053645,False
incl88_j2_node230,0.0,2462188.2361682076,2462188.2351091662,2462188.202798482,25.0,3502,25.944479772370002,-50.625,0.08608251065015793,13,7,True,0.41439313683767687,False
incl88_j2_node230,0.0,2462188.31649495,2462188.3154359087,2462188.2831252245,25.0,4141,19.47122063449069,-52.03125,0.2473587989807129,15,7,True,0.42204327172015565,False
incl88_j2_node240,0.0,2461554.520776453,2461554.5197174116,2461554.4874067274,25.0,10445,-44.99388015045713,52.5,0.532687783241272,6,4,True,0.45877379179310984,False
incl88_j2_node240,0.0,2461554.539820393,2461554.5387613517,2461554.5064506675,25.0,2260,38.68218745348943,57.65625,-0.5858013033866882,9,6,True,0.4569165657552022,False
incl88_j2_node240,0.0,2461582.5028052777,2461582.5017462363,2461582.469435552,25.0,7760,-15.713861048008212,45.0,-0.03842328116297722,13,7,True,0.6194569613864923,False
incl88_j2_node240,0.0,2461583.4835453476,2461583.482486306,2461583.450175622,25.0,8139,-19.47122063449069,32.34375,-0.4723586142063141,11,7,True,0.5236196129679025,False
incl88_j2_node240,0.0,2461583.493274492,2461583.492215451,2461583.4599047666,25.0,3660,23.31795706533424,33.75,-0.33611589670181274,12,7,True,0.5226464115371968,False
incl88_j2_node240,0.0,2461584.5524426023,2461584.551383561,2461584.519072877,25.0,5574,4.780191847199163,18.28125,0.3611849248409271,7,4,True,0.4153310987818467,False
incl88_j2_node240,0.0,2461585.5337638934,2461585.532704852,2461585.500394168,25.0,5698,3.5833216984719627,5.625,0.003127234522253275,9,6,True,0.31615988738307904,False
incl88_j2_node240,0.0,2461612.437136841,2461612.4360777996,2461612.4037671154,25.0,9539,-34.22886632781257,8.4375,0.025227922946214676,13,7,True,0.5808528824038314,True
incl88_j2_node240,0.0,2461612.4454638585,2461612.444404817,2461612.412094133,25.0,5827,2.388015463268772,9.84375,0.022626211866736412,14,7,True,0.5800083958810219,False
incl88_j2_node240,0.0,2461612.5214227485,2461612.520363707,2461612.488053023,25.0,8515,-23.31795706533424,8.4375,-0.5163615345954895,14,7,True,0.5722849128181894,False
incl88_j2_node240,0.0,2461613.501172098,2461613.5001130565,2461613.4678023723,25.0,9406,-31.388166464348544,-5.625,0.14978598058223724,12,7,True,0.47012783777954636,True
incl88_j2_node240,0.0,2461614.485470447,2461614.484411406,2461614.4521007217,25.0,8249,-19.47122063449069,-18.28125,0.3373100459575653,11,7,True,0.3654969229729858,True
incl88_j2_node240,0.0,2461614.4973633606,2461614.4963043192,2461614.463993635,25.0,2874,32.79716829582364,-15.46875,-0.44437912106513977,12,7,True,0.36423883093529363,False
incl88_j2_node240,0.0,2461614.5722430865,2461614.571184045,2461614.538873361,25.0,5945,2.388015463268772,-18.28125,0.035821568220853806,8,4,True,0.3563271205801868,True
incl88_j2_node240,0.0,2461615.553564754,2461615.5525057125,2461615.5201950283,25.0,6069,1.1937484371410676,-30.9375,-0.3218674957752228,9,6,True,0.2552306548335039,True
incl88_j2_node240,0.0,2461657.223835355,2461657.222776314,2461657.1904656296,25.0,3376,27.27961273597809,-43.59375,-0.4244045317173004,6,3,True,0.593952038919015,False
incl88_j2_node240,0.0,2461657.24027158,2461657.2392125386,2461657.2069018544,25.0,10534,-44.99388015045713,-40.5,-0.1274556964635849,7,4,True,0.5955179073345684,False
incl88_j2_node240,0.0,2461685.2107097525,2461685.209650711,2461685.177340027,25.0,8622,-23.31795706533424,-50.625,0.513390302658081,4,2,True,0.42627083859776194,False
incl88_j2_node240,0.0,2461731.5850574886,2461731.5839984473,2461731.551687763,25.0,5843,2.388015463268772,54.84375,-0.059540633112192154,13,7,True,0.3830670902219102,False
incl88_j2_node240,0.0,2461732.5674654045,2461732.566406363,2461732.534095679,25.0,6223,-1.1937484371410818,42.1875,0.15111927688121796,8,4,True,0.2791363660893186,False
incl88_j2_node240,0.0,2461732.6445688484,2461732.643509807,2461732.611199123,25.0,4046,19.47122063449069,40.78125,0.442455917596817,8,6,True,0.2714094669280888,False
incl88_j2_node240,0.0,2461733.6231272505,2461733.622068209,2461733.589757525,25.0,2761,32.79716829582364,26.71875,-0.09543891996145248,7,4,True,0.18051012247453546,False
incl88_j2_node240,0.0,2461733.6380450963,2461733.636986055,2461733.6046753707,25.0,9418,-32.79716829582364,29.53125,0.39813774824142456,9,6,True,0.17923893761965481,False
incl88_j2_node240,0.0,2461758.5829458833,2461758.581886842,2461758.5495761577,25.0,7765,-15.713861048008212,59.0625,0.4140406847000122,18,7,True,0.6469930250032434,False
incl88_j2_node240,0.0,2461758.659258826,2461758.658199785,2461758.6258891006,25.0,5204,8.385538647081319,56.25,-0.5711713433265686,12,5,True,0.6385843696538299,False
incl88_j2_node240,0.0,2461759.4775333074,2461759.476474266,2461759.444163582,25.0,5328,7.180755781458274,46.40625,0.3509683907032013,10,4,True,0.5470310226934529,False
incl88_j2_node240,0.0,2461759.5541371303,2461759.553078089,2461759.5207674047,25.0,3023,29.999999999999993,43.59375,-0.5289492011070251,14,7,True,0.538399182087194,False
incl88_j2_node240,0.0,2461759.569756851,2461759.5686978097,2461759.5363871255,25.0,9936,-38.68218745348943,46.40625,-0.10995654761791229,15,7,True,0.5366391764414574,False
incl88_j2_node240,0.0,2461759.6469048373,2461759.645845796,2461759.613535112,25.0,8016,-18.209956864283015,45.0,0.32761380076408386,15,6,True,0.5279477098576382,False
incl88_j2_node240,0.0,2461760.5414701607,2461760.5404111193,2461760.508100435,25.0,5579,4.780191847199163,32.34375,0.274486243724823,13,7,True,0.42815937962295664,False
incl88_j2_node240,0.0,2461760.6184607726,2461760.617401731,2461760.585091047,25.0,3403,25.944479772370002,30.9375,0.5658949017524719,12,7,True,0.4197284485533597,False
incl88_j2_node240,0.0,2461760.6338587804,2461760.632799739,2461760.600489055,25.0,10187,-41.81031489577862,32.34375,-0.22804030776023865,15,7,True,0.4180465067109778,False
incl88_j2_node240,0.0,2461761.610370356,2461761.6093113148,2461761.5770006306,25.0,8134,-19.47122063449069,18.28125,-0.43566426634788513,12,7,True,0.3150947161854356,False
incl88_j2_node240,0.0,2461762.670970983,2461762.6699119415,2461762.6376012573,25.0,6849,-7.180755781458288,4.21875,-0.08585583418607712,5,4,True,0.21478755081720885,False
incl88_j2_node240,0.0,2461788.5220543584,2461788.520995317,2461788.488684633,25.0,8008,-18.209956864283015,22.5,-0.42660605907440186,15,7,True,0.587870869174256,True
incl88_j2_node240,0.0,2461788.59917288,2461788.5981138386,2461788.5658031544,25.0,5831,2.388015463268772,21.09375,-0.16790081560611725,16,7,True,0.5793965571209491,True
incl88_j2_node240,0.0,2461789.5725149424,2461789.571455901,2461789.539145217,25.0,2242,38.68218745348943,7.03125,-0.00035275568370707333,14,7,True,0.4729141126719611,True
incl88_j2_node240,0.0,2461789.5881336657,2461789.5870746244,2461789.55476394,25.0,9155,-30.000000000000014,9.84375,0.4681633710861206,13,7,True,0.4712267563521254,True
incl88_j2_node240,0.0,2461789.6647379654,2461789.663678924,2461789.63136824,25.0,6850,-7.180755781458288,7.03125,-0.4436878263950348,11,5,True,0.46296667995987906,True
incl88_j2_node240,0.0,2461790.647711215,2461790.6466521737,2461790.6143414895,25.0,7614,-13.248014905676953,-5.625,-0.297993004322052,10,6,True,0.3601164185227534,True
incl88_j2_node240,0.0,2461802.220394554,2461802.2193355127,2461802.1870248285,25.0,5575,4.780191847199163,21.09375,0.33105775713920593,11,7,True,0.21564136121051,False
incl88_j2_node240,0.0,2461803.1910358984,2461803.189976857,2461803.157666173,25.0,10306,-43.40685848593699,7.258064516129025,-0.3865886628627777,12,7,True,0.2972249527821656,False
incl88_j2_node240,0.0,2461803.2096976237,2461803.2086385824,2461803.176327898,25.0,2243,38.68218745348943,9.84375,-0.15068550407886505,12,7,True,0.2988857270461477,True
incl88_j2_node240,0.0,2461803.2892118595,2461803.288152818,2461803.255842134,25.0,3139,28.630989836924343,8.4375,-0.263615220785141,9,5,True,0.30599804800646374,False
incl88_j2_node240,0.0,2461804.254786713,2461804.2537276717,2461804.2214169875,25.0,10301,-41.81031489577862,-7.03125,-0.1602732241153717,12,7,True,0.39655234991707655,False
incl88_j2_node240,0.0,2461804.2745184386,2461804.2734593973,2461804.241148713,25.0,1858,44.993880150457116,-4.5,0.31076857447624207,12,7,True,0.3984744654594209,False
incl88_j2_node240,0.0,2461805.2480638106,2461805.2470047693,2461805.214694085,25.0,5177,9.594068226860458,-18.28125,-0.15756730735301971,13,7,True,0.49595284194069367,False
incl88_j2_node240,0.0,2461805.3226691172,2461805.321610076,2461805.2892993917,25.0,8504,-22.02431283704216,-21.09375,0.5756970047950745,16,7,True,0.503591292559052,False
incl88_j2_node240,0.0,2461806.2218742846,2461806.220815243,2461806.188504559,25.0,8756,-24.62431835216408,-32.34375000000006,-0.10308141261339188,14,7,True,0.5965035974517237,False
incl88_j2_node240,0.0,2461806.2316134027,2461806.2305543614,2461806.198243677,25.0,4277,18.209956864283,-30.9375,-0.2026403844356537,14,7,True,0.5975125287787542,False
incl88_j2_node240,0.0,2461806.3081885437,2461806.3071295023,2461806.274818818,25.0,6708,-4.780191847199163,-32.34375000000006,-0.5691643953323364,17,7,True,0.6054426038770129,False
incl88_j2_node240,0.0,2461806.3829566413,2461806.3818976,2461806.3495869157,25.0,9779,-35.68533471265205,-35.15625,0.0779944434762001,17,7,True,0.6131793725728175,False
incl88_j2_node240,0.0,2461830.2045421186,2461830.203483077,2461830.171172393,25.0,1864,43.406858485936986,13.064516129032256,-0.017250942066311836,3,2,True,0.0958872543870637,False
incl88_j2_node240,0.0,2461832.240196505,2461832.2391374637,2461832.2068267795,25.0,5946,2.388015463268772,-15.46875,-0.004976202268153429,12,7,True,0.24220583638506377,False
incl88_j2_node240,0.0,2461833.2215175447,2461833.2204585033,2461833.188147819,25.0,6070,1.1937484371410676,-28.125,-0.357796847820282,12,7,True,0.3316024536786715,False
incl88_j2_node240,0.0,2461833.2977368957,2461833.2966778544,2461833.26436717,25.0,8629,-23.31795706533424,-30.9375,0.5878210663795471,12,7,True,0.33895944586108545,False
incl88_j2_node240,0.0,2461833.309556367,2461833.3084973255,2461833.2761866413,25.0,3254,28.630989836924343,-28.125,-0.5129045248031616,12,6,True,0.340105121822067,False
incl88_j2_node240,0.0,2461834.208432058,2461834.2073730165,2461834.1750623323,25.0,3633,24.62431835216408,-40.78125,0.030056778341531754,11,5,True,0.43057711672327326,False
incl88_j2_node240,0.0,2461834.28599411,2461834.284935069,2461834.2526243846,25.0,5553,5.979156796301311,-42.18750000000006,-0.21570996940135956,12,7,True,0.4386499287106968,False
incl88_j2_node240,0.0,2461834.362581167,2461834.3615221255,2461834.3292114413,25.0,7984,-16.957763300004146,-43.59375,-0.5297731161117554,13,6,True,0.446655125990935,False
incl88_j2_node240,0.0,2461835.2590894005,2461835.258030359,2461835.225719675,25.0,9388,-31.388166464348544,-56.25,-0.24903765320777893,15,7,True,0.5422288258579607,False
incl88_j2_node240,0.0,2461835.339229648,2461835.3381706066,2461835.3058599224,25.0,10027,-38.68218745348943,-57.65625000000006,-0.221896693110466,17,7,True,0.550878800462083,False
incl88_j2_node240,0.0,2461835.3582487246,2461835.3571896832,2461835.324878999,25.0,1841,44.993880150457116,-55.5,0.36527708172798157,17,7,True,0.5529327211270848,False
incl88_j2_node240,0.0,2461861.2715818384,2461861.270522797,2461861.238212113,25.0,9265,-30.000000000000014,-40.78125,0.4110473394393921,8,6,True,0.19859751502584433,False
incl88_j2_node240,0.0,2461862.2515461673,2461862.250487126,2461862.2181764417,25.0,9901,-37.168899655999454,-53.43750000000006,-0.10977116227149963,12,7,True,0.2861228734082803,False
incl88_j2_node240,0.0,2461908.548536677,2461908.5474776356,2461908.5151669513,25.0,10322,-43.40685848593699,53.70967741935485,0.39100024104118347,8,5,True,0.44456973429142416,False
incl88_j2_node240,0.0,2461908.5661873464,2461908.565128305,2461908.532817621,25.0,2644,34.228866327812575,56.25,0.3555540442466736,7,3,True,0.44290963195172334,False
incl88_j2_node240,0.0,2461936.529055055,2461936.527996014,2461936.4956853297,25.0,8272,-20.74237995448715,45.0,0.3265070915222168,10,6,True,0.610405269961802,False
incl88_j2_node240,0.0,2461937.513181138,2461937.5121220965,2461937.4798114123,25.0,7115,-9.594068226860458,32.34375,0.32730960845947266,11,7,True,0.5178899948220556,False
incl88_j2_node240,0.0,2461937.5218731794,2461937.520814138,2461937.488503454,25.0,3148,28.630989836924343,33.75,-0.03426448255777359,11,7,True,0.517063819553067,False
incl88_j2_node240,0.0,2461939.550478238,2461939.549419197,2461939.5171085126,25.0,10305,-43.40685848593699,4.354838709677409,0.09394872933626175,7,4,True,0.32564405980485167,False
incl88_j2_node240,0.0,2461940.5360357845,2461940.534976743,2461940.502666059,25.0,8893,-25.944479772370016,-8.4375,0.571898877620697,5,3,True,0.23818908073276115,False
incl88_j2_node240,0.0,2461966.4684653515,2461966.46740631,2461966.435095626,25.0,7875,-16.957763300004146,9.84375,-0.09937039762735367,12,7,True,0.5882902005347194,True
incl88_j2_node240,0.0,2461966.544977049,2461966.5439180075,2461966.5116073233,25.0,10051,-40.22818472806108,8.4375,-0.4305111765861511,13,6,True,0.5810563191166567,True
incl88_j2_node240,0.0,2461966.5629098844,2461966.561850843,2461966.529540159,25.0,2243,38.68218745348943,9.84375,0.3079599440097809,11,4,True,0.5793572008379643,True
incl88_j2_node240,0.0,2461967.534076218,2461967.5330171767,2461967.5007064925,25.0,6974,-7.180755781458288,-4.21875,0.15334166586399078,10,7,True,0.4857328351560133,True
incl88_j2_node240,0.0,2461968.5260950606,2461968.5250360193,2461968.492725335,25.0,2362,38.68218745348943,-15.46875,-0.18235084414482117,10,7,True,0.38872694395016955,True
incl88_j2_node240,0.0,2462011.2532910663,2462011.252232025,2462011.2199213407,25.0,4273,18.209956864283,-42.18750000000006,0.031955476850271225,6,3,True,0.5740281790830162,False
incl88_j2_node240,0.0,2462058.6107741343,2462058.609715093,2462058.5774044087,25.0,2386,37.16889965599944,50.625,-0.43252766132354736,9,6,True,0.22263088806422243,False
incl88_j2_node240,0.0,2462058.625738196,2462058.6246791547,2462058.5923684705,25.0,9043,-28.630989836924357,53.4375,0.49151021242141724,7,5,True,0.22117140897620624,False
incl88_j2_node240,0.0,2462085.528743868,2462085.527684827,2462085.4953741427,25.0,4948,10.806922874860334,56.25,0.05792613327503204,13,7,True,0.48618093074515384,False
incl88_j2_node240,0.0,2462085.605545988,2462085.6044869465,2462085.5721762623,25.0,2771,32.79716829582364,54.84375,0.26551440358161926,17,7,True,0.47754132085384055,False
incl88_j2_node240,0.0,2462085.6221419303,2462085.621082889,2462085.5887722047,25.0,10068,-40.22818472806108,56.25,-0.14376312494277954,15,6,True,0.475673345170262,False
incl88_j2_node240,0.0,2462086.5886950195,2462086.587635978,2462086.555325294,25.0,3407,25.944479772370002,42.1875,0.3824208676815033,13,7,True,0.3672405753713066,False
incl88_j2_node240,0.0,2462086.604093804,2462086.6030347627,2462086.5707240785,25.0,10191,-41.81031489577862,43.59375,0.053809765726327896,13,7,True,0.36553439336982935,False
incl88_j2_node240,0.0,2462087.5794708403,2462087.578411799,2462087.5461011147,25.0,7626,-14.477512185929939,29.53125,-0.185495525598526,11,7,True,0.2608784625457745,False
incl88_j2_node240,0.0,2462088.635149525,2462088.6340904837,2462088.6017797994,25.0,4037,19.47122063449069,15.46875,0.5287522673606873,7,6,True,0.16008475672817377,False
incl88_j2_node240,0.0,2462088.6494359737,2462088.6483769324,2462088.616066248,25.0,10309,-43.40685848593699,15.967741935483872,-0.41887882351875305,5,4,True,0.15884418016853963,False
incl88_j2_node240,0.0,2462113.4991109227,2462113.4980518813,2462113.465741197,25.0,2768,32.79716829582364,46.40625,0.47295278310775757,15,7,True,0.6399337983635381,False
incl88_j2_node240,0.0,2462113.5143450866,2462113.5132860453,2462113.480975361,25.0,9553,-34.22886632781257,47.8125,0.27374622225761414,15,7,True,0.6382813587982914,False
incl88_j2_node240,0.0,2462113.5922192624,2462113.591160221,2462113.558849537,25.0,7888,-16.957763300004146,46.40625,0.4548862874507904,18,7,True,0.6298052545442956,False
incl88_j2_node240,0.0,2462114.480696381,2462114.4796373397,2462114.4473266555,25.0,2763,32.79716829582364,32.34375,-0.445383220911026,11,5,True,0.5304568528107698,False
incl88_j2_node240,0.0,2462114.495612945,2462114.4945539036,2462114.4622432194,25.0,9420,-32.79716829582364,35.15625,0.5883362293243408,13,7,True,0.5287601677037076,False
incl88_j2_node240,0.0,2462114.571038072,2462114.5699790306,2462114.5376683464,25.0,6603,-4.780191847199163,32.34375,-0.3397722840309143,14,7,True,0.5201730410315132,False
incl88_j2_node240,0.0,2462114.6481798417,2462114.6471208003,2462114.614810116,25.0,4427,15.713861048008212,30.9375,-0.21574994921684265,13,6,True,0.5113787590902449,False
incl88_j2_node240,0.0,2462115.5440870337,2462115.5430279924,2462115.510717308,25.0,2758,32.79716829582364,18.28125,-0.45565536618232727,13,7,True,0.4093137614459627,False
incl88_j2_node240,0.0,2462115.5590035697,2462115.5579445283,2462115.525633844,25.0,9415,-32.79716829582364,21.09375,0.5872412323951721,14,7,True,0.40762943000297003,False
incl88_j2_node240,0.0,2462115.634974094,2462115.6339150527,2462115.6016043685,25.0,6854,-7.180755781458288,18.28125,-0.39477846026420593,14,7,True,0.3990657742586859,False
incl88_j2_node240,0.0,2462116.6113666645,2462116.610307623,2462116.577996939,25.0,4418,15.713861048008212,5.625,0.3926067054271698,12,7,True,0.2923461506112639,False
incl88_j2_node240,0.0,2462116.625167698,2462116.624108657,2462116.5917979726,25.0,10430,-44.99388015045713,7.5,0.5075116753578186,12,7,True,0.29089729950541077,False
incl88_j2_node240,0.0,2462155.1868984243,2462155.185839383,2462155.1535286987,25.0,4429,15.713861048008212,36.5625,-0.491697758436203,8,6,True,0.14883944140812916,False
incl88_j2_node240,0.0,2462156.2392629194,2462156.238203878,2462156.205893194,25.0,9415,-32.79716829582364,21.09375,-0.13214248418807983,8,5,True,0.22688918677632375,False
incl88_j2_node240,0.0,2462157.219863287,2462157.218804246,2462157.1864935616,25.0,9795,-37.168899655999454,8.4375,-0.4922669231891632,12,7,True,0.3087620010087311,False
incl88_j2_node240,0.0,2462157.2307624845,2462157.229703443,2462157.197392759,25.0,4931,10.806922874860334,8.4375,0.47252357006073,12,7,True,0.30971197054967436,False
incl88_j2_node240,0.0,2462158.212632121,2462158.2115730797,2462158.1792623955,25.0,4926,12.024699180565818,-4.21875,0.18414545059204102,13,7,True,0.3980929144391434,False
incl88_j2_node240,0.0,2462158.2897929153,2462158.288733874,2462158.25642319,25.0,7102,-8.385538647081319,-5.625,0.0984199121594429,16,7,True,0.4052365896379756,False
incl88_j2_node240,0.0,2462159.1870619627,2462159.1860029213,2462159.153692237,25.0,8249,-19.47122063449069,-18.28125,0.5845521688461304,13,7,True,0.48970890887429497,False
incl88_j2_node240,0.0,2462159.198623681,2462159.1975646396,2462159.1652539554,25.0,3002,31.38816646434855,-16.875,0.28863292932510376,14,7,True,0.49080976604480725,False
incl88_j2_node240,0.0,2462159.276022338,2462159.2749632965,2462159.2426526123,25.0,4921,12.024699180565818,-18.28125,0.19080506265163422,13,7,True,0.49818445343326634,False
incl88_j2_node240,0.0,2462159.3526330553,2462159.351574014,2462159.3192633297,25.0,7353,-10.806922874860348,-19.6875,0.05211373791098595,14,6,True,0.5054919939063045,False
incl88_j2_node240,0.0,2462159.3619110617,2462159.3608520203,2462159.328541336,25.0,3129,29.999999999999993,-18.28125,-0.39548465609550476,12,5,True,0.5063774513821235,False
incl88_j2_node240,0.0,2462160.2540688883,2462160.253009847,2462160.2206991627,25.0,6581,-3.583321698471977,-30.9375,-0.4425772428512573,14,7,True,0.5916365301796378,False
incl88_j2_node240,0.0,2462160.3288971516,2462160.3278381103,2462160.295527426,25.0,9652,-34.22886632781257,-33.75000000000006,0.46001866459846497,18,7,True,0.5987636757186064,False
incl88_j2_node240,0.0,2462160.341684035,2462160.3406249937,2462160.3083143095,25.0,3892,22.02431283704216,-32.34375000000006,0.39564505219459534,18,7,True,0.5999806705333404,False
incl88_j2_node240,0.0,2462185.205850937,2462185.2047918956,2462185.1724812114,25.0,5183,9.594068226860458,-1.40625,0.49106740951538086,10,7,True,0.16049296528202606,False
incl88_j2_node240,0.0,2462186.2608645563,2462186.259805515,2462186.2274948307,25.0,9018,-27.27961273597809,-15.46875,-0.2358437329530716,9,6,True,0.23955170978391038,False
incl88_j2_node240,0.0,2462186.2735733935,2462186.272514352,2462186.240203668,25.0,3259,28.630989836924343,-14.0625,-0.4159979522228241,7,5,True,0.2405748305689724,False
incl88_j2_node240,0.0,2462187.255785049,2462187.2547260076,2462187.2224153234,25.0,2998,31.38816646434855,-28.125,0.589569091796875,12,7,True,0.32400617772602447,False
incl88_j2_node240,0.0,2462188.2237347295,2462188.222675688,2462188.190365004,25.0,9137,-28.630989836924357,-42.18750000000006,0.4032927453517914,13,7,True,0.4132118245900124,False
incl88_j2_node240,0.0,2462188.304912704,2462188.3038536627,2462188.2715429785,25.0,9393,-31.388166464348544,-42.18750000000006,-0.59489506483078,15,7,True,0.42093827598147765,False
incl88_j2_node240,0.0,2462188.3150534183,2462188.313994377,2462188.2816836927,25.0,4785,13.24801490567694,-42.18750000000006,0.26006799936294556,15,7,True,0.4219057007772435,False
incl88_j2_node240,0.0,2462189.2126518833,2462189.211592842,2462189.1792821577,25.0,5805,3.5833216984719627,-53.43750000000006,-0.5713358521461487,13,7,True,0.5091383475074498,False
incl88_j2_node240,0.0,2462189.286497592,2462189.2854385506,2462189.2531278664,25.0,9388,-31.388166464348544,-56.25,0.3306703269481659,14,7,True,0.5164218519821614,False
incl88_j2_node240,0.0,2462189.3679742967,2462189.3669152553,2462189.334604571,25.0,9515,-32.79716829582364,-57.65625000000006,0.5645788908004761,16,7,True,0.5244700837973773,False
incl88_j2_node240,0.0,2462189.3773379033,2462189.376278862,2462189.3439681777,25.0,5292,8.385538647081319,-56.25,0.1714562475681305,14,6,True,0.5253957523044186,False
incl88_j2_node250,0.0,2461536.284169012,2461536.283109971,2461536.2507992866,25.0,8748,-24.62431835216408,-54.84375,0.2922685742378235,11,7,True,0.23636229400141795,False
incl88_j2_node250,0.0,2461536.293908435,2461536.2928493936,2461536.2605387093,25.0,4269,18.209956864283,-53.43750000000006,0.47291135787963867,9,6,True,0.23732985656840494,False
incl88_j2_node250,0.0,2461582.5122802784,2461582.511221237,2461582.478910553,25.0,3412,25.944479772370002,56.25,0.19388872385025024,12,7,True,0.618556992303553,False
incl88_j2_node250,0.0,2461583.480511679,2461583.4794526375,2461583.4471419533,25.0,9422,-32.79716829582364,40.78125,0.4092749059200287,10,6,True,0.5239230210917284,False
incl88_j2_node250,0.0,2461583.5647660727,2461583.5637070313,2461583.531396347,25.0,8398,-22.02431283704216,40.78125,-0.10874054580926895,8,3,True,0.5154847084739238,False
incl88_j2_node250,0.0,2461584.5612358823,2461584.560176841,2461584.527866157,25.0,1870,43.406858485936986,30.48387096774195,-0.09119534492492676,7,3,True,0.41443505556352095,False
incl88_j2_node250,0.0,2461585.5318684494,2461585.530809408,2461585.498498724,25.0,6597,-4.780191847199163,15.46875,-0.1249653697013855,9,6,True,0.316348446284877,False
incl88_j2_node250,0.0,2461612.4419147284,2461612.440855687,2461612.408545003,25.0,7495,-13.248014905676953,19.6875,-0.3417035639286041,13,7,True,0.5803683583497052,False
incl88_j2_node250,0.0,2461612.5205246797,2461612.5194656383,2461612.487154954,25.0,8902,-27.27961273597809,18.28125,-0.5045400261878967,14,7,True,0.5723764202996975,False
incl88_j2_node250,0.0,2461612.5308669256,2461612.5298078842,2461612.4974972,25.0,4167,18.209956864283,19.6875,-0.333261102437973,14,7,True,0.571322151989905,False
incl88_j2_node250,0.0,2461613.510767377,2461613.5097083356,2461613.4773976514,25.0,4930,10.806922874860334,5.625,0.46263858675956726,12,7,True,0.46911067094449543,False
incl88_j2_node250,0.0,2461614.481454767,2461614.4803957255,2461614.4480850413,25.0,9917,-37.168899655999454,-8.4375,-0.2179514765739441,9,5,True,0.3659218085382383,False
incl88_j2_node250,0.0,2461614.5692482046,2461614.568189163,2461614.535878479,25.0,7357,-10.806922874860348,-8.4375,-0.24771025776863098,8,4,True,0.35664322260633957,False
incl88_j2_node250,0.0,2461614.57981751,2461614.578758469,2461614.5464477846,25.0,2621,35.68533471265204,-7.03125,0.07729179412126541,8,3,True,0.3555277839698754,False
incl88_j2_node250,0.0,2461615.549148973,2461615.5480899317,2461615.5157792475,25.0,8120,-18.209956864283015,-22.5,0.5422714948654175,9,6,True,0.2556701332176101,False
incl88_j2_node250,0.0,2461657.2278605867,2461657.2268015454,2461657.194490861,25.0,5172,9.594068226860458,-32.34375000000006,0.1331579089164734,7,4,True,0.594335641303426,False
incl88_j2_node250,0.0,2461685.1995071275,2461685.198448086,2461685.166137402,25.0,3505,25.944479772370002,-42.18750000000006,0.571074366569519,4,2,True,0.4251955473848727,False
incl88_j2_node250,0.0,2461685.215630149,2461685.2145711076,2461685.1822604234,25.0,10534,-44.99388015045713,-40.5,-0.24994254112243652,5,2,True,0.4267431568509877,False
incl88_j2_node250,0.0,2461686.264655699,2461686.2635966577,2461686.2312859735,25.0,4268,18.209956864283,-56.25,0.32939237356185913,6,2,True,0.5272888530874611,False
incl88_j2_node250,0.0,2461732.5661029727,2461732.5650439314,2461732.532733247,25.0,5586,4.780191847199163,52.03125,0.1738927811384201,8,4,True,0.27927355052680136,False
incl88_j2_node250,0.0,2461732.643689546,2461732.6426305044,2461732.61031982,25.0,3666,23.31795706533424,50.625,0.4117964208126068,8,6,True,0.27149718004378154,False
incl88_j2_node250,0.0,2461733.6227961658,2461733.6217371244,2461733.58942644,25.0,2637,34.228866327812575,36.5625,-0.17011742293834686,8,4,True,0.18053837912277237,False
incl88_j2_node250,0.0,2461733.638364052,2461733.6373050106,2461733.6049943264,25.0,9550,-34.22886632781257,39.375,0.2107660472393036,9,6,True,0.1792117906769884,False
incl88_j2_node250,0.0,2461759.4859807566,2461759.484921715,2461759.452611031,25.0,9172,-30.000000000000014,57.65625,0.3586443066596985,12,6,True,0.5460791788828526,False
incl88_j2_node250,0.0,2461759.562585597,2461759.5615265556,2461759.5292158714,25.0,6867,-7.180755781458288,54.84375,-0.5451444387435913,14,7,True,0.5374472147580731,False
incl88_j2_node250,0.0,2461759.6397425407,2461759.6386834993,2461759.606372815,25.0,4691,13.24801490567694,53.4375,-0.26005688309669495,16,7,True,0.5287544688184274,False
incl88_j2_node250,0.0,2461760.5350901755,2461760.534031134,2461760.50172045,25.0,2766,32.79716829582364,40.78125,-0.28202542662620544,11,5,True,0.4288595532844158,False
incl88_j2_node250,0.0,2461760.550663642,2461760.5496046008,2461760.5172939165,25.0,9679,-35.68533471265205,43.59375,0.13717667758464813,14,7,True,0.4271508281835446,False
incl88_j2_node250,0.0,2461760.62849207,2461760.6274330285,2461760.5951223443,25.0,8015,-18.209956864283015,42.1875,0.4838506281375885,14,7,True,0.41863257340893223,False
incl88_j2_node250,0.0,2461761.6056696116,2461761.6046105702,2461761.572299886,25.0,5962,1.1937484371410676,28.125,0.008639462292194366,12,7,True,0.3155692957084506,False
incl88_j2_node250,0.0,2461762.665196215,2461762.6641371734,2461762.631826489,25.0,4165,18.209956864283,14.0625,0.4904334545135498,6,5,True,0.21529320373071686,False
incl88_j2_node250,0.0,2461788.5151781314,2461788.51411909,2461788.481808406,25.0,4811,12.024699180565818,32.34375,0.2754477560520172,15,7,True,0.5886261912204047,False
incl88_j2_node250,0.0,2461788.5915913433,2461788.590532302,2461788.5582216177,25.0,2506,35.68533471265204,29.53125,-0.4949035346508026,16,7,True,0.5802298909558881,False
incl88_j2_node250,0.0,2461788.607820793,2461788.6067617517,2461788.5744510675,25.0,9675,-35.68533471265205,32.34375,-0.1402113437652588,18,7,True,0.5784459631914095,False
incl88_j2_node250,0.0,2461789.580758371,2461789.5796993296,2461789.5473886454,25.0,5830,2.388015463268772,18.28125,-0.004855498671531677,13,7,True,0.4720234103190415,False
incl88_j2_node250,0.0,2461789.657801659,2461789.6567426175,2461789.6244319333,25.0,3654,23.31795706533424,16.875,0.2819457948207855,13,6,True,0.4637134926660323,False
incl88_j2_node250,0.0,2461789.673334623,2461789.672275582,2461789.6399648977,25.0,10434,-44.99388015045713,19.5,0.3991435766220093,10,4,True,0.46204140806871963,False
incl88_j2_node250,0.0,2461790.651205303,2461790.650146262,2461790.6178355776,25.0,9026,-28.630989836924357,5.625,0.38085559010505676,9,6,True,0.3597637344392747,False
incl88_j2_node250,0.0,2461805.320534631,2461805.31947559,2461805.2871649056,25.0,9404,-31.388166464348544,-11.25,0.36927008628845215,16,7,True,0.503372498352157,True
incl88_j2_node250,0.0,2461806.300470971,2461806.2994119297,2461806.2671012455,25.0,10039,-38.68218745348943,-23.90625,-0.16556978225708008,17,7,True,0.6046436346013951,True
incl88_j2_node250,0.0,2461806.386640171,2461806.3855811297,2461806.3532704455,25.0,8247,-19.47122063449069,-23.90625,-0.5068212151527405,17,7,True,0.6135603312082698,True
incl88_j2_node250,0.0,2461831.248904825,2461831.247845784,2461831.2155350996,25.0,10050,-40.22818472806108,5.625,0.32788050174713135,5,4,True,0.16363605939452067,False
incl88_j2_node250,0.0,2461832.2377398415,2461832.2366808,2461832.204370116,25.0,7102,-8.385538647081319,-5.625,-0.15211421251296997,12,7,True,0.24199554071962426,False
incl88_j2_node250,0.0,2461833.2190576694,2461833.217998628,2461833.185687944,25.0,7225,-9.594068226860458,-18.28125,-0.5012535452842712,12,7,True,0.33136593049996405,False
incl88_j2_node250,0.0,2461833.294919065,2461833.293860024,2461833.2615493396,25.0,9784,-35.68533471265205,-21.09375,0.2624413073062897,13,7,True,0.3386865044820411,False
incl88_j2_node250,0.0,2461833.3060431494,2461833.304984108,2461833.272673424,25.0,4793,13.24801490567694,-19.6875,0.4551153779029846,12,6,True,0.33976441356640336,False
incl88_j2_node250,0.0,2461834.2743925788,2461834.2733335374,2461834.241022853,25.0,10536,-44.99388015045713,-34.50000000000006,0.1974271535873413,13,7,True,0.43744020642135784,False
incl88_j2_node250,0.0,2461834.2930778824,2461834.292018841,2461834.259708157,25.0,2485,37.16889965599944,-30.9375,-0.31694328784942627,12,7,True,0.4393889718172574,False
incl88_j2_node250,0.0,2461834.3732464183,2461834.372187377,2461834.3398766927,25.0,3124,29.999999999999993,-32.34375000000006,-0.32344549894332886,10,4,True,0.4477724935220093,False
incl88_j2_node250,0.0,2461835.2697871495,2461835.268728108,2461835.236417424,25.0,4528,15.713861048008212,-45.0,-0.092408686876297,15,7,True,0.5433830118596084,False
incl88_j2_node250,0.0,2461835.3458358184,2461835.344776777,2461835.312466093,25.0,7215,-9.594068226860458,-46.40625,-0.4897822141647339,17,7,True,0.5515921771128756,False
incl88_j2_node250,0.0,2461836.24250424,2461836.2414451987,2461836.2091345144,25.0,8619,-23.31795706533424,-59.0625,-0.14554190635681152,15,7,True,0.6482009776645175,False
incl88_j2_node250,0.0,2461836.2522331257,2461836.2511740844,2461836.2188634,25.0,4139,19.47122063449069,-57.65625000000006,-0.2812652885913849,15,7,True,0.6492394157155864,False
incl88_j2_node250,0.0,2461861.274542311,2461861.27348327,2461861.2411725856,25.0,7989,-16.957763300004146,-29.53125,-0.32346218824386597,8,6,True,0.19884214346454904,False
incl88_j2_node250,0.0,2461862.2549736695,2461862.253914628,2461862.221603944,25.0,8496,-22.02431283704216,-43.59375,0.5470739603042603,12,7,True,0.286450527269442,False
incl88_j2_node250,0.0,2461862.2674451186,2461862.2663860773,2461862.234075393,25.0,2865,32.79716829582364,-40.78125,-0.46877363324165344,12,7,True,0.28764370896275154,False
incl88_j2_node250,0.0,2461863.248392111,2461863.24733307,2461863.2150223856,25.0,3116,29.999999999999993,-54.84375,0.3635396361351013,14,7,True,0.38658879063706375,False
incl88_j2_node250,0.0,2461863.324733158,2461863.3236741167,2461863.2913634325,25.0,5548,5.979156796301311,-56.25,-0.006028478499501944,15,7,True,0.3946547922167215,False
incl88_j2_node250,0.0,2461890.243797867,2461890.2427388257,2461890.2104281415,25.0,2478,37.16889965599944,-50.625,-0.27036619186401367,8,4,True,0.16149842053970961,False
incl88_j2_node250,0.0,2461936.540888134,2461936.5398290926,2461936.5075184084,25.0,2900,31.38816646434855,56.25,0.4442421495914459,10,6,True,0.6093099434306071,False
incl88_j2_node250,0.0,2461937.5100474283,2461937.508988387,2461937.4766777027,25.0,8527,-23.31795706533424,42.1875,0.10093977302312851,12,7,True,0.5181878314675126,False
incl88_j2_node250,0.0,2461938.4969379967,2461938.4958789553,2461938.463568271,25.0,6090,0.0,29.53125,0.4104008078575134,8,4,True,0.42422715952930634,False
incl88_j2_node250,0.0,2461939.5603287662,2461939.559269725,2461939.5269590407,25.0,6085,0.0,15.46875,0.4165852963924408,6,3,True,0.324741524340407,False
incl88_j2_node250,0.0,2461940.5443769367,2461940.5433178954,2461940.511007211,25.0,4929,10.806922874860334,2.8125,0.36767810583114624,6,4,True,0.23747832228397647,False
incl88_j2_node250,0.0,2461966.4692900386,2461966.468230997,2461966.435920313,25.0,7495,-13.248014905676953,19.6875,0.14708149433135986,12,7,True,0.588212363343432,False
incl88_j2_node250,0.0,2461966.5459910086,2461966.5449319673,2461966.512621283,25.0,9670,-35.68533471265205,18.28125,-0.17437826097011566,13,6,True,0.5809602799670632,False
incl88_j2_node250,0.0,2461966.5625484623,2461966.561489421,2461966.5291787367,25.0,2375,37.16889965599944,19.6875,0.38145148754119873,11,4,True,0.5793914548859245,False
incl88_j2_node250,0.0,2461967.525463369,2461967.524404328,2461967.4920936436,25.0,10429,-44.99388015045713,4.5,0.12040525674819946,10,7,True,0.4865731899262574,False
incl88_j2_node250,0.0,2461967.5444850503,2461967.543426009,2461967.5111153247,25.0,2242,38.68218745348943,7.03125,0.1774536818265915,11,6,True,0.4847170983643322,False
incl88_j2_node250,0.0,2461968.5156518575,2461968.514592816,2461968.482282132,25.0,6973,-7.180755781458288,-7.03125,-0.009507560171186924,12,7,True,0.38974477132513075,False
incl88_j2_node250,0.0,2461969.5744756954,2461969.573416654,2461969.54110597,25.0,9016,-27.27961273597809,-21.09375,-0.4998007118701935,6,3,True,0.28828270240278503,False
incl88_j2_node250,0.0,2461970.566976154,2461970.565917113,2461970.5336064287,25.0,4020,20.742379954487134,-33.75000000000006,0.37084758281707764,6,3,True,0.1992484561794523,False
incl88_j2_node250,0.0,2462011.2479085787,2462011.2468495374,2462011.214538853,25.0,2100,41.81031489577859,-32.34375000000006,0.4803367257118225,6,3,True,0.5734665283234588,False
incl88_j2_node250,0.0,2462011.2645444507,2462011.2634854093,2462011.231174725,25.0,9397,-31.388166464348544,-30.9375,0.038705818355083466,6,2,True,0.575201861640769,False
incl88_j2_node250,0.0,2462040.2154490747,2462040.2143900334,2462040.182079349,25.0,6700,-4.780191847199163,-54.84375,-0.3996175229549408,8,6,True,0.5182444038381269,False
incl88_j2_node250,0.0,2462086.5169043317,2462086.5158452904,2462086.483534606,25.0,8019,-18.209956864283015,53.4375,-0.40727391839027405,9,4,True,0.37520969022588824,False
incl88_j2_node250,0.0,2462086.5929337335,2462086.591874692,2462086.559564008,25.0,5330,7.180755781458274,52.03125,-0.18315660953521729,13,7,True,0.3667708075276417,False
incl88_j2_node250,0.0,2462087.5708607035,2462087.569801662,2462087.537490978,25.0,3662,23.31795706533424,39.375,0.47229012846946716,8,4,True,0.2617637253754745,False
incl88_j2_node250,0.0,2462087.5856630476,2462087.5846040063,2462087.552293322,25.0,10190,-41.81031489577862,40.78125,0.1834876835346222,11,7,True,0.26024228078315437,False
incl88_j2_node250,0.0,2462088.6392773353,2462088.638218294,2462088.6059076097,25.0,5961,1.1937484371410676,25.3125,-0.005101845134049654,7,5,True,0.15972587075452552,False
incl88_j2_node250,0.0,2462113.4291621572,2462113.428103116,2462113.3957924317,25.0,8148,-19.47122063449069,57.65625,-0.46447744965553284,12,4,True,0.6474964695836484,False
incl88_j2_node250,0.0,2462113.505177889,2462113.5041188477,2462113.4718081634,25.0,5460,5.979156796301311,56.25,-0.25827327370643616,15,7,True,0.6392759282800102,False
incl88_j2_node250,0.0,2462113.583330256,2462113.5822712146,2462113.5499605304,25.0,3795,22.02431283704216,54.84375,-0.20228806138038635,18,7,True,0.6307751680211515,False
incl88_j2_node250,0.0,2462113.6616880484,2462113.660629007,2462113.628318323,25.0,2387,37.16889965599944,53.4375,-0.07955635339021683,12,5,True,0.6222045954358073,False
incl88_j2_node250,0.0,2462114.489214893,2462114.4881558516,2462114.4558451674,25.0,6607,-4.780191847199163,43.59375,-0.16847974061965942,13,7,True,0.5294879771711255,False
incl88_j2_node250,0.0,2462114.5652144672,2462114.564155426,2462114.5318447417,25.0,3919,20.742379954487134,42.1875,0.06124662980437279,14,7,True,0.5208364888285404,False
incl88_j2_node250,0.0,2462114.642936813,2462114.641877772,2462114.6095670876,25.0,2254,38.68218745348943,40.78125,0.20820364356040955,15,6,True,0.5119767874314646,False
incl88_j2_node250,0.0,2462114.6601751344,2462114.659116093,2462114.626805409,25.0,9807,-37.168899655999454,42.1875,-0.19388587772846222,11,5,True,0.5100103946961663,False
incl88_j2_node250,0.0,2462115.553698755,2462115.5526397135,2462115.5203290293,25.0,7114,-9.594068226860458,29.53125,-0.2736339569091797,14,7,True,0.4082283336647412,False
incl88_j2_node250,0.0,2462115.629747032,2462115.628687991,2462115.5963773066,25.0,4426,15.713861048008212,28.125,-0.06009279191493988,15,7,True,0.39965416825001915,False
incl88_j2_node250,0.0,2462116.607459316,2462116.6064002747,2462116.5740895905,25.0,2757,32.79716829582364,15.46875,0.5850809812545776,12,7,True,0.29275675060272804,False
incl88_j2_node250,0.0,2462116.622048136,2462116.6209890945,2462116.5886784103,25.0,9286,-31.388166464348544,16.875,0.5024099349975586,12,7,True,0.29122465100757855,False
incl88_j2_node250,0.0,2462143.5276949615,2462143.52663592,2462143.494325236,25.0,6471,-3.583321698471977,19.6875,-0.19648882746696472,15,7,True,0.5621803451287237,False
incl88_j2_node250,0.0,2462143.605947117,2462143.6048880755,2462143.5725773913,25.0,4806,12.024699180565818,18.28125,-0.1990460604429245,17,7,True,0.553272167789152,False
incl88_j2_node250,0.0,2462144.583141117,2462144.5820820755,2462144.5497713913,25.0,2882,31.38816646434855,5.625,0.49343857169151306,13,7,True,0.44192459325089145,False
incl88_j2_node250,0.0,2462144.598386169,2462144.5973271276,2462144.5650164434,25.0,9666,-35.68533471265205,7.03125,0.35398417711257935,13,7,True,0.44020243635366724,False
incl88_j2_node250,0.0,2462144.6737012044,2462144.672642163,2462144.640331479,25.0,6849,-7.180755781458288,4.21875,-0.5958809852600098,10,4,True,0.431708592179881,False
incl88_j2_node250,0.0,2462145.65667278,2462145.6556137386,2462145.6233030544,25.0,7613,-13.248014905676953,-8.4375,-0.3954728841781616,8,6,True,0.3240648408166448,False
incl88_j2_node250,0.0,2462156.2436750545,2462156.242616013,2462156.210305329,25.0,7499,-13.248014905676953,30.9375,0.46084097027778625,8,5,True,0.22723977405634405,True
incl88_j2_node250,0.0,2462158.2000049446,2462158.198945903,2462158.166635219,25.0,10305,-43.40685848593699,4.354838709677409,0.19401901960372925,13,7,True,0.39692615887796845,True
incl88_j2_node250,0.0,2462158.2090583094,2462158.207999268,2462158.175688584,25.0,6466,-3.583321698471977,5.625,0.026108158752322197,13,7,True,0.3977626070436957,True
incl88_j2_node250,0.0,2462158.293301307,2462158.292242266,2462158.2599315816,25.0,5313,7.180755781458274,4.21875,0.5596054196357727,15,7,True,0.4055619475727982,True
incl88_j2_node250,0.0,2462159.188176336,2462159.187117295,2462159.1548066107,25.0,7741,-14.477512185929939,-7.03125,-0.5007209777832031,13,7,True,0.4898150008377991,True
incl88_j2_node250,0.0,2462159.2654867824,2462159.264427741,2462159.232117057,25.0,9661,-34.22886632781257,-8.4375,-0.5667974352836609,13,7,True,0.4971800994393877,True
incl88_j2_node250,0.0,2462159.3469534856,2462159.3458944443,2462159.31358376,25.0,9788,-35.68533471265205,-9.84375,-0.3299882113933563,14,6,True,0.5049500001929962,True
incl88_j2_node250,0.0,2462159.35451804,2462159.3534589987,2462159.3211483145,25.0,6460,-2.388015463268786,-9.84375,0.3790605962276459,14,6,True,0.50567187902311,True
incl88_j2_node250,0.0,2462160.255941048,2462160.2548820064,2462160.222571322,25.0,5688,4.780191847199163,-21.09375,-0.12159357219934464,14,7,True,0.5918149543227904,True
incl88_j2_node250,0.0,2462160.2640016023,2462160.262942561,2462160.2306318767,25.0,2233,40.228184728061095,-19.6875,-0.48196402192115784,14,7,True,0.592583095039522,True
incl88_j2_node250,0.0,2462160.3465170627,2462160.3454580214,2462160.313147337,25.0,1976,43.406858485936986,-21.774193548387075,0.3604511618614197,17,7,True,0.600440573356981,True
incl88_j2_node250,0.0,2462185.195865698,2462185.194806657,2462185.1624959726,25.0,9539,-34.22886632781257,8.4375,-0.23960833251476288,8,4,True,0.15980427340260436,False
incl88_j2_node250,0.0,2462186.261734945,2462186.2606759034,2462186.228365219,25.0,8638,-23.31795706533424,-5.625,-0.006850055884569883,9,6,True,0.23962173281551707,False
incl88_j2_node250,0.0,2462186.2720431103,2462186.270984069,2462186.2386733848,25.0,3902,22.02431283704216,-4.21875,-0.45472508668899536,7,5,True,0.24045151360147143,False
incl88_j2_node250,0.0,2462187.2564078397,2462187.2553487984,2462187.223038114,25.0,2746,34.228866327812575,-16.875,-0.40694141387939453,12,7,True,0.32406157041351447,False
incl88_j2_node250,0.0,2462188.224919662,2462188.2238606205,2462188.1915499363,25.0,8629,-23.31795706533424,-30.9375,-0.5995740294456482,13,7,True,0.41332438615599665,False
incl88_j2_node250,0.0,2462188.3051991626,2462188.304140121,2462188.271829437,25.0,9268,-30.000000000000014,-32.34375000000006,-0.4292810261249542,15,7,True,0.42096559486169416,False
incl88_j2_node250,0.0,2462188.3147465815,2462188.31368754,2462188.281376856,25.0,4916,12.024699180565818,-32.34375000000006,0.38255563378334045,15,7,True,0.4218764181650666,False
incl88_j2_node250,0.0,2462189.2128948686,2462189.211835827,2462189.179525143,25.0,5680,4.780191847199163,-43.59375,-0.3956258296966553,13,7,True,0.5091622950488899,False
incl88_j2_node250,0.0,2462189.2867839113,2462189.28572487,2462189.2534141857,25.0,9263,-30.000000000000014,-46.40625,0.5091860890388489,14,7,True,0.5164501146576503,False
incl88_j2_node250,0.0,2462189.2989040115,2462189.29784497,2462189.265534286,25.0,3760,23.31795706533424,-45.0,0.2930743992328644,15,7,True,0.5176465753322766,False
incl88_j2_node250,0.0,2462189.377583651,2462189.3765246095,2462189.3442139253,25.0,5167,9.594068226860458,-46.40625,0.3433587849140167,14,6,True,0.5254200491965084,False
incl88_j2_node250,0.0,2462190.2680602367,2462190.2670011953,2462190.234690511,25.0,9387,-31.388166464348544,-59.0625,0.19549603760242462,15,7,True,0.6136978506586436,False
incl88_j2_node250,0.0,2462190.2784871776,2462190.277428136,2462190.245117452,25.0,4651,14.477512185929925,-57.65625000000006,-0.18912741541862488,15,7,True,0.6147293176294403,False
incl88_j2_node250,0.0,2462190.3647716753,2462190.363712634,2462190.3314019497,25.0,2731,34.228866327812575,-59.0625,0.5080779194831848,17,7,True,0.6232576231727193,False
incl88_j2_node260,0.0,2461536.2844708003,2461536.283411759,2461536.2511010747,25.0,8624,-23.31795706533424,-45.0,0.49362072348594666,11,7,True,0.23639224746759777,False
incl88_j2_node260,0.0,2461536.2969174646,2461536.295858423,2461536.263547739,25.0,2993,31.38816646434855,-42.18750000000006,-0.1571679711341858,8,6,True,0.2376290892095687,False
incl88_j2_node260,0.0,2461537.2657686984,2461537.264709657,2461537.232398973,25.0,8747,-24.62431835216408,-57.65625000000006,0.15291370451450348,11,6,True,0.33947076872954196,False
incl88_j2_node260,0.0,2461537.3466548785,2461537.345595837,2461537.313285153,25.0,9131,-28.630989836924357,-59.0625,0.2777997553348541,7,4,True,0.34837297790660765,False
incl88_j2_node260,0.0,2461583.479522677,2461583.478463636,2461583.4461529516,25.0,9810,-37.168899655999454,50.625,0.33749130368232727,10,6,True,0.5240219167566512,False
incl88_j2_node260,0.0,2461583.561997732,2461583.560938691,2461583.5286280066,25.0,9554,-34.22886632781257,50.625,-0.4145750403404236,8,3,True,0.5157623562153718,False
incl88_j2_node260,0.0,2461584.55551067,2461584.5544516286,2461584.5221409444,25.0,4174,18.209956864283,39.375,-0.24034491181373596,7,3,True,0.415018456524238,False
incl88_j2_node260,0.0,2461584.55608641,2461584.5550273685,2461584.5227166843,25.0,3918,20.742379954487134,39.375,-0.14554740488529205,7,3,True,0.41495978747468476,False
incl88_j2_node260,0.0,2461585.5404162244,2461585.539357183,2461585.507046499,25.0,2761,32.79716829582364,26.71875,0.043204475194215775,9,6,True,0.31549826853131246,False
incl88_j2_node260,0.0,2461612.4421943612,2461612.44113532,2461612.4088246357,25.0,7370,-12.024699180565818,29.53125,-0.14643332362174988,13,7,True,0.5803399972167052,False
incl88_j2_node260,0.0,2461612.452709582,2461612.451650541,2461612.4193398566,25.0,2635,34.228866327812575,30.9375,0.13152605295181274,14,7,True,0.5792731890749387,False
incl88_j2_node260,0.0,2461612.5335456273,2461612.532486586,2461612.5001759017,25.0,3018,29.999999999999993,29.53125,0.24508234858512878,14,7,True,0.571048985938612,False
incl88_j2_node260,0.0,2461613.504463905,2461613.5034048636,2461613.4710941794,25.0,7877,-16.957763300004146,15.46875,-0.305501252412796,12,7,True,0.46977889717988497,False
incl88_j2_node260,0.0,2461613.5154543724,2461613.514395331,2461613.482084647,25.0,2886,31.38816646434855,16.875,0.024873685091733932,12,7,True,0.4686137598565358,False
incl88_j2_node260,0.0,2461614.4901791024,2461614.489120061,2461614.456809377,25.0,5953,1.1937484371410676,2.8125,-0.01588566042482853,11,7,True,0.3649987733971911,False
incl88_j2_node260,0.0,2461614.567853402,2461614.5667943605,2461614.5344836763,25.0,7872,-16.957763300004146,1.40625,-0.29903095960617065,7,4,True,0.3567904584774688,False
incl88_j2_node260,0.0,2461614.5801562294,2461614.579097188,2461614.546786504,25.0,2369,37.16889965599944,2.8125,0.2597046494483948,8,3,True,0.35549204382300814,False
incl88_j2_node260,0.0,2461615.5530263274,2461615.551967286,2461615.519656602,25.0,6332,-1.1937484371410818,-11.25,-0.08813398331403732,9,6,True,0.2552842374004173,False
incl88_j2_node260,0.0,2461657.221242146,2461657.2201831047,2461657.1878724205,25.0,2359,38.68218745348943,-23.90625,-0.2079681009054184,5,3,True,0.5937048310271699,False
incl88_j2_node260,0.0,2461657.233899832,2461657.2328407904,2461657.200530106,25.0,7992,-16.957763300004146,-21.09375,0.503865659236908,8,5,True,0.5949110399345178,False
incl88_j2_node260,0.0,2461685.201545149,2461685.2004861077,2461685.1681754235,25.0,4404,16.957763300004146,-32.34375000000006,0.14556902647018433,5,3,True,0.42539115850086195,False
incl88_j2_node260,0.0,2461685.2152670166,2461685.214207975,2461685.181897291,25.0,10417,-43.40685848593699,-30.48387096774195,-0.16959919035434723,5,2,True,0.4267082990974606,False
incl88_j2_node260,0.0,2461686.26378539,2461686.262726349,2461686.2304156646,25.0,3887,22.02431283704216,-46.40625,0.30091699957847595,6,2,True,0.527206018248387,False
incl88_j2_node260,0.0,2461687.250653648,2461687.2495946065,2461687.2172839222,25.0,6315,-1.1937484371410818,-59.0625,-0.11182490736246109,12,7,True,0.6196077531331698,False
incl88_j2_node260,0.0,2461713.174252569,2461713.173193528,2461713.1408828436,25.0,3249,28.630989836924343,-42.18750000000006,0.4455559551715851,4,2,True,0.25861717917371985,False
incl88_j2_node260,0.0,2461733.621069158,2461733.6200101166,2461733.5876994324,25.0,2000,41.81031489577859,46.40625,0.016033979132771492,8,4,True,0.18068577174243744,False
incl88_j2_node260,0.0,2461733.633583601,2461733.6325245597,2461733.6002138755,25.0,7505,-13.248014905676953,47.8125,-0.5200695395469666,9,6,True,0.1796186642836492,False
incl88_j2_node260,0.0,2461760.539253311,2461760.53819427,2461760.5058835857,25.0,4562,14.477512185929925,52.03125,0.2508018910884857,12,6,True,0.4284026591337564,False
incl88_j2_node260,0.0,2461760.5524113555,2461760.551352314,2461760.51904163,25.0,10322,-43.40685848593699,53.70967741935485,-0.08457060903310776,14,7,True,0.4269591700527846,False
incl88_j2_node260,0.0,2461760.6276371838,2461760.6265781424,2461760.594267458,25.0,7634,-14.477512185929939,52.03125,0.4568423330783844,14,7,True,0.418725936257246,False
incl88_j2_node260,0.0,2461761.6020814413,2461761.6010224,2461761.5687117158,25.0,4301,16.957763300004146,37.96875,0.31537532806396484,12,7,True,0.3159317830256908,False
incl88_j2_node260,0.0,2461761.615079233,2461761.6140201916,2461761.5817095074,25.0,10062,-40.22818472806108,39.375,-0.16354945302009583,12,7,True,0.31461953017338656,False
incl88_j2_node260,0.0,2461762.6698671654,2461762.668808124,2461762.63649744,25.0,6344,-2.388015463268786,23.90625,-0.2568640410900116,5,4,True,0.21488415506170805,False
incl88_j2_node260,0.0,2461788.517086423,2461788.5160273816,2461788.4837166974,25.0,5711,3.5833216984719627,42.1875,-0.11860739439725876,15,7,True,0.5884165744821124,False
incl88_j2_node260,0.0,2461788.591245551,2461788.59018651,2461788.5578758256,25.0,2382,37.16889965599944,39.375,-0.5509831309318542,16,7,True,0.5802678984714785,False
incl88_j2_node260,0.0,2461788.6050036624,2461788.603944621,2461788.571633937,25.0,8527,-23.31795706533424,42.1875,0.13735425472259521,17,7,True,0.5787556350226535,False
incl88_j2_node260,0.0,2461789.574467584,2461789.5734085427,2461789.5410978585,25.0,3017,29.999999999999993,26.71875,-0.5905514359474182,14,7,True,0.4727031061638824,False
incl88_j2_node260,0.0,2461789.586894683,2461789.5858356417,2461789.5535249575,25.0,8650,-24.62431835216408,29.53125,0.38638970255851746,13,7,True,0.4713605684616481,False
incl88_j2_node260,0.0,2461789.6609099447,2461789.6598509033,2461789.627540219,25.0,5065,9.594068226860458,26.71875,-0.27275407314300537,13,6,True,0.4633787783110331,False
incl88_j2_node260,0.0,2461790.6358881937,2461790.6348291524,2461790.602518468,25.0,2244,38.68218745348943,12.65625,-0.24605916440486908,12,7,True,0.3613107148230539,False
incl88_j2_node260,0.0,2461790.6491161236,2461790.648057082,2461790.615746398,25.0,8133,-19.47122063449069,15.46875,0.5602405071258545,10,6,True,0.3599746107626483,False
incl88_j2_node260,0.0,2461831.2478198814,2461831.24676084,2461831.214450156,25.0,10433,-44.99388015045713,16.5,-0.4986596703529358,5,4,True,0.16355733883362766,False
incl88_j2_node260,0.0,2461832.2374554253,2461832.236396384,2461832.2040856997,25.0,7105,-9.594068226860458,4.21875,-0.03327212110161781,12,7,True,0.2419711940902479,False
incl88_j2_node260,0.0,2461833.220955709,2461833.2198966676,2461833.1875859834,25.0,6333,-1.1937484371410818,-8.4375,-0.11489395797252655,12,7,True,0.3315484317537703,False
incl88_j2_node260,0.0,2461833.231093499,2461833.2300344575,2461833.1977237733,25.0,1981,43.406858485936986,-7.258064516129025,0.2140282392501831,12,7,True,0.33252377165862645,False
incl88_j2_node260,0.0,2461833.3008449553,2461833.299785914,2461833.2674752297,25.0,7228,-9.594068226860458,-9.84375,-0.028529295697808266,12,7,True,0.3392605740524828,False
incl88_j2_node260,0.0,2461834.2049985654,2461834.203939524,2461834.17162884,25.0,5176,9.594068226860458,-21.09375,-0.12596304714679718,10,4,True,0.43022059364358467,False
incl88_j2_node260,0.0,2461834.282161651,2461834.28110261,2461834.2487919256,25.0,7352,-10.806922874860348,-22.5,-0.3769703209400177,12,7,True,0.4382502437163773,False
incl88_j2_node260,0.0,2461834.293411607,2461834.2923525656,2461834.2600418814,25.0,2360,38.68218745348943,-21.09375,-0.13179747760295868,12,7,True,0.4394238015493742,False
incl88_j2_node260,0.0,2461834.363125084,2461834.3620660426,2461834.3297553584,25.0,7735,-14.477512185929939,-23.90625,-0.16270481050014496,12,5,True,0.4467121027026742,False
incl88_j2_node260,0.0,2461835.260305985,2461835.2592469435,2461835.2269362593,25.0,8883,-25.944479772370016,-36.5625,0.1984516680240631,15,7,True,0.5423600783918269,False
incl88_j2_node260,0.0,2461835.274660243,2461835.273601202,2461835.2412905176,25.0,2484,37.16889965599944,-33.75000000000006,-0.4449388384819031,14,7,True,0.5439088256101412,False
incl88_j2_node260,0.0,2461835.3405468916,2461835.33948785,2461835.307177166,25.0,9522,-32.79716829582364,-37.96875000000006,0.23902641236782074,17,7,True,0.5510210383990298,False
incl88_j2_node260,0.0,2461836.241594776,2461836.2405357347,2461836.2082250505,25.0,9006,-27.27961273597809,-49.21875000000006,-0.12903131544589996,15,7,True,0.6481038799149439,False
incl88_j2_node260,0.0,2461836.254929513,2461836.253870472,2461836.2215597876,25.0,2991,31.38816646434855,-47.81250000000006,0.23955070972442627,15,7,True,0.6495271441414137,False
incl88_j2_node260,0.0,2461861.2695872895,2461861.268528248,2461861.236217564,25.0,10040,-38.68218745348943,-21.09375,0.3284129798412323,8,6,True,0.1984328837865042,False
incl88_j2_node260,0.0,2461861.280287615,2461861.2792285737,2461861.2469178895,25.0,5305,8.385538647081319,-19.6875,0.5236262083053589,6,5,True,0.19931709572230036,False
incl88_j2_node260,0.0,2461862.2638265113,2461862.26276747,2461862.2304567858,25.0,4404,16.957763300004146,-32.34375000000006,0.44018620252609253,12,7,True,0.28729729116640224,False
incl88_j2_node260,0.0,2461862.2649778635,2461862.263918822,2461862.231608138,25.0,3892,22.02431283704216,-32.34375000000006,0.5738638639450073,12,7,True,0.2874074508273303,False
incl88_j2_node260,0.0,2461863.248696311,2461863.2476372696,2461863.2153265853,25.0,2992,31.38816646434855,-45.0,0.5389689803123474,14,7,True,0.386620840206947,False
incl88_j2_node260,0.0,2461863.3260949887,2461863.3250359474,2461863.292725263,25.0,4911,12.024699180565818,-46.40625,0.31345656514167786,15,7,True,0.3947990669883612,False
incl88_j2_node260,0.0,2461863.3277868917,2461863.3267278504,2461863.294417166,25.0,4143,19.47122063449069,-46.40625,0.5125925540924072,15,7,True,0.39497832764795293,False
incl88_j2_node260,0.0,2461864.305226961,2461864.30416792,2461864.2718572356,25.0,6059,1.1937484371410676,-59.0625,-0.3011484742164612,13,7,True,0.501399212869227,False
incl88_j2_node260,0.0,2461864.3130712365,2461864.312012195,2461864.279701511,25.0,2603,35.68533471265204,-57.65625000000006,-0.48212942481040955,13,7,True,0.5022700160509025,False
incl88_j2_node260,0.0,2461891.298450985,2461891.2973919436,2461891.2650812594,25.0,6316,-1.1937484371410818,-56.25,0.01471610739827156,9,6,True,0.25430322611751977,False
incl88_j2_node260,0.0,2461891.3000807078,2461891.2990216664,2461891.266710982,25.0,5548,5.979156796301311,-56.25,0.20670337975025177,9,6,True,0.25445937332537494,False
incl88_j2_node260,0.0,2461937.520047396,2461937.5189883546,2461937.4866776704,25.0,3923,20.742379954487134,53.4375,0.02068743109703064,11,7,True,0.5172373627448974,False
incl88_j2_node260,0.0,2461938.4971925113,2461938.49613347,2461938.4638227858,25.0,5966,1.1937484371410676,39.375,0.5944334864616394,8,4,True,0.42420300009141193,False
incl88_j2_node260,0.0,2461939.550806807,2461939.5497477655,2461939.5174370813,25.0,10184,-41.81031489577862,23.90625,0.490220844745636,7,4,True,0.32561395120715164,False
incl88_j2_node260,0.0,2461940.5374831567,2461940.5364241153,2461940.504113431,25.0,8132,-19.47122063449069,12.65625,-0.24737772345542908,5,3,True,0.23806573211410556,False
incl88_j2_node260,0.0,2461966.462784425,2461966.4617253835,2461966.4294146993,25.0,10186,-41.81031489577862,29.53125,-0.481697142124176,13,7,True,0.5888262782022029,False
incl88_j2_node260,0.0,2461966.4747451446,2461966.4736861032,2461966.441375419,25.0,4939,10.806922874860334,30.9375,-0.49419963359832764,12,7,True,0.587697444023562,False
incl88_j2_node260,0.0,2461966.549367165,2461966.548308124,2461966.5159974396,25.0,8266,-20.74237995448715,28.125,0.39857685565948486,13,6,True,0.5806405008592898,False
incl88_j2_node260,0.0,2461967.4546889993,2461967.453629958,2461967.4213192738,25.0,5702,3.5833216984719627,16.875,0.4035191237926483,10,5,True,0.4934742832209593,False
incl88_j2_node260,0.0,2461967.5334926737,2461967.5324336323,2461967.500122948,25.0,7109,-9.594068226860458,15.46875,0.3971445858478546,10,7,True,0.48578977387732164,False
incl88_j2_node260,0.0,2461967.5434560096,2461967.542396968,2461967.510086284,25.0,2630,34.228866327812575,16.875,0.17154242098331451,10,6,True,0.48481752667418787,False
incl88_j2_node260,0.0,2461968.5169942114,2461968.51593517,2461968.483624486,25.0,6209,-1.1937484371410818,2.8125,0.2928546369075775,12,7,True,0.38961393456234145,False
incl88_j2_node260,0.0,2461969.5038610077,2461969.5028019664,2461969.470491282,25.0,3900,22.02431283704216,-9.84375,0.5394349098205566,9,5,True,0.29489511410168057,False
incl88_j2_node260,0.0,2461970.5520179877,2461970.5509589463,2461970.518648262,25.0,10539,-44.99388015045713,-25.5,0.10022032260894775,8,6,True,0.20052410136430468,False
incl88_j2_node260,0.0,2461970.5638787085,2461970.562819667,2461970.530508983,25.0,5431,7.180755781458274,-23.90625,0.18859080970287323,7,4,True,0.19951236102244163,False
incl88_j2_node260,0.0,2462011.255479514,2462011.254420473,2462011.2221097886,25.0,5304,8.385538647081319,-22.5,-0.5061041712760925,6,2,True,0.5742564819663778,False
incl88_j2_node260,0.0,2462040.2058963277,2462040.2048372864,2462040.172526602,25.0,2480,37.16889965599944,-45.0,0.42593175172805786,7,5,True,0.5172675419525034,False
incl88_j2_node260,0.0,2462040.2199413767,2462040.2188823353,2462040.186571651,25.0,8752,-24.62431835216408,-43.59375,0.33501189947128296,8,6,True,0.5187036425164667,False
incl88_j2_node260,0.0,2462041.268593728,2462041.2675346867,2462041.2352240025,25.0,2219,40.228184728061095,-59.0625,0.4897017180919647,10,6,True,0.623073711253409,False
incl88_j2_node260,0.0,2462041.2827431387,2462041.2816840974,2462041.249373413,25.0,8491,-22.02431283704216,-57.65625000000006,0.40272703766822815,10,6,True,0.6244348295648143,False
incl88_j2_node260,0.0,2462068.186968651,2462068.18590961,2462068.1535989256,25.0,4908,12.024699180565818,-54.84375,-0.23670212924480438,8,6,True,0.35103712833181133,False
incl88_j2_node260,0.0,2462087.5669874647,2462087.5659284233,2462087.533617739,25.0,2129,40.228184728061095,47.8125,-0.37985920906066895,8,4,True,0.26216230888477837,False
incl88_j2_node260,0.0,2462087.578865485,2462087.5778064434,2462087.545495759,25.0,7377,-12.024699180565818,49.21875,-0.434950053691864,11,7,True,0.26094066610584854,False
incl88_j2_node260,0.0,2462088.6314171865,2462088.630358145,2462088.598047461,25.0,2508,35.68533471265204,35.15625,0.5904000401496887,7,5,True,0.16040946168016912,False
incl88_j2_node260,0.0,2462088.643376317,2462088.6423172755,2462088.6100065913,25.0,7884,-16.957763300004146,35.15625,-0.5409541130065918,6,5,True,0.15936992855381335,False
incl88_j2_node260,0.0,2462114.4845337705,2462114.483474729,2462114.451164045,25.0,4435,15.713861048008212,53.4375,0.11809472739696503,12,6,True,0.5300204130543235,False
incl88_j2_node260,0.0,2462114.497608677,2462114.4965496357,2462114.4642389514,25.0,10195,-41.81031489577862,54.84375,0.048512451350688934,14,7,True,0.528533117371563,False
incl88_j2_node260,0.0,2462114.57291844,2462114.571859399,2462114.5395487146,25.0,7507,-13.248014905676953,53.4375,0.5563721656799316,14,7,True,0.5199587984576886,False
incl88_j2_node260,0.0,2462114.6469865413,2462114.6459275,2462114.613616816,25.0,3922,20.742379954487134,50.625,-0.3808406591415405,14,6,True,0.5115148784547103,False
incl88_j2_node260,0.0,2462114.661204132,2462114.6601450904,2462114.627834406,25.0,10194,-41.81031489577862,52.03125,-0.43506374955177307,11,5,True,0.5098930024696036,False
incl88_j2_node260,0.0,2462115.5523077017,2462115.5512486603,2462115.518937976,25.0,6478,-3.583321698471977,39.375,-0.3036756217479706,14,7,True,0.40838539892546516,False
incl88_j2_node260,0.0,2462115.6270942744,2462115.626035233,2462115.593724549,25.0,3277,27.27961273597809,37.96875,0.06944773346185684,14,7,True,0.39995281281655015,False
incl88_j2_node260,0.0,2462115.641742179,2462115.640683138,2462115.6083724536,25.0,9806,-37.168899655999454,39.375,-0.0673929825425148,13,6,True,0.39830410517043247,False
incl88_j2_node260,0.0,2462116.6146128685,2462116.613553827,2462116.581243143,25.0,5961,1.1937484371410676,25.3125,-0.21000227332115173,12,7,True,0.29200520760956067,False
incl88_j2_node260,0.0,2462143.5187470326,2462143.5176879913,2462143.485377307,25.0,2506,35.68533471265204,29.53125,0.4698350429534912,15,7,True,0.563198029633422,False
incl88_j2_node260,0.0,2462143.532158603,2462143.5310995616,2462143.4987888774,25.0,8523,-23.31795706533424,30.9375,0.5693142414093018,15,7,True,0.5616725904353426,False
incl88_j2_node260,0.0,2462143.6061963444,2462143.605137303,2462143.572826619,25.0,4938,10.806922874860334,28.125,-0.37254148721694946,17,7,True,0.553243772851108,False
incl88_j2_node260,0.0,2462144.5814566948,2462144.5803976534,2462144.548086969,25.0,2245,38.68218745348943,15.46875,0.5205715298652649,13,7,True,0.4421149377267988,False
incl88_j2_node260,0.0,2462144.5935334293,2462144.592474388,2462144.5601637037,25.0,7621,-14.477512185929939,15.46875,-0.5666394829750061,13,7,True,0.44075054140694364,False
incl88_j2_node260,0.0,2462144.669032307,2462144.6679732655,2462144.6356625813,25.0,4677,13.24801490567694,14.0625,-0.32653287053108215,11,5,True,0.43223443606982787,False
incl88_j2_node260,0.0,2462145.6509032887,2462145.6498442474,2462145.617533563,25.0,4800,12.024699180565818,1.40625,-0.04397048056125641,10,6,True,0.32467370085588015,False
incl88_j2_node260,0.0,2462185.200322102,2462185.1992630605,2462185.1669523763,25.0,7622,-14.477512185929939,18.28125,0.3235974609851837,9,5,True,0.16011150993125653,False
incl88_j2_node260,0.0,2462185.2120620613,2462185.21100302,2462185.1786923357,25.0,2375,37.16889965599944,19.6875,0.04508034512400627,8,6,True,0.16092191464175556,False
incl88_j2_node260,0.0,2462186.257142513,2462186.2560834717,2462186.2237727875,25.0,10305,-43.40685848593699,4.354838709677409,-0.4259227216243744,9,6,True,0.23925232839554245,False
incl88_j2_node260,0.0,2462187.240819392,2462187.2397603504,2462187.207449666,25.0,9661,-34.22886632781257,-8.4375,-0.3847053647041321,12,7,True,0.32267579085686504,False
incl88_j2_node260,0.0,2462187.2541967575,2462187.253137716,2462187.220827032,25.0,3645,24.62431835216408,-7.03125,-0.5377799868583679,12,7,True,0.32386491089763914,False
incl88_j2_node260,0.0,2462188.2263353853,2462188.225276344,2462188.19296566,25.0,7992,-16.957763300004146,-21.09375,-0.34326353669166565,13,7,True,0.4134588715004057,False
incl88_j2_node260,0.0,2462188.2393337307,2462188.2382746893,2462188.205964005,25.0,2233,40.228184728061095,-19.6875,-0.34835854172706604,13,7,True,0.4146940267326369,False
incl88_j2_node260,0.0,2462188.307848651,2462188.3067896096,2462188.2744789254,25.0,8120,-18.209956864283015,-22.5,-0.058281540870666504,15,7,True,0.4212183110147818,False
incl88_j2_node260,0.0,2462189.205575248,2462189.204516207,2462189.1722055227,25.0,9011,-27.27961273597809,-35.15625,0.43057212233543396,12,6,True,0.5084409636286018,False
incl88_j2_node260,0.0,2462189.2209187355,2462189.219859694,2462189.18754901,25.0,2228,40.228184728061095,-33.75000000000006,0.48473379015922546,14,7,True,0.5099531590532531,False
incl88_j2_node260,0.0,2462189.2864394095,2462189.285380368,2462189.253069684,25.0,9395,-31.388166464348544,-36.5625,0.5969987511634827,14,7,True,0.5164161087651193,False
incl88_j2_node260,0.0,2462189.3003930827,2462189.2993340413,2462189.267023357,25.0,3123,29.999999999999993,-35.15625,0.55750572681427,15,7,True,0.5177935910111618,False
incl88_j2_node260,0.0,2462189.3809761805,2462189.379917139,2462189.347606455,25.0,3635,24.62431835216408,-35.15625,-0.5224893093109131,13,6,True,0.5257554661248677,False
incl88_j2_node260,0.0,2462190.203592499,2462190.2025334574,2462190.170222773,25.0,1844,44.993880150457116,-46.49999999999994,0.42279738187789917,13,5,True,0.6073169093140167,False
incl88_j2_node260,0.0,2462190.273264137,2462190.2722050957,2462190.2398944115,25.0,7087,-8.385538647081319,-47.81250000000006,-0.49225154519081116,15,7,True,0.6142126586814801,False
incl88_j2_node260,0.0,2462190.351372419,2462190.3503133776,2462190.3180026934,25.0,8750,-24.62431835216408,-49.21875000000006,-0.47915077209472656,17,7,True,0.6219341401612122,False
incl88_j2_node260,0.0,2462190.366112327,2462190.365053286,2462190.3327426016,25.0,2223,40.228184728061095,-47.81250000000006,-0.3333466053009033,17,7,True,0.6233900234297873,False
incl88_j2_node260,0.0,2462190.431633681,2462190.4305746397,2462190.3982639555,25.0,9390,-31.388166464348544,-50.625,-0.32335779070854187,11,5,True,0.6298563286425749,False
incl88_j2_node270,0.0,2461536.2841790747,2461536.2831200333,2461536.250809349,25.0,8755,-24.62431835216408,-35.15625,0.5867013335227966,11,7,True,0.23636329272965517,False
incl88_j2_node270,0.0,2461536.295386957,2461536.2943279156,2461536.2620172314,25.0,3636,24.62431835216408,-32.34375000000006,-0.31021547317504883,9,6,True,0.23747688805304534,False
incl88_j2_node270,0.0,2461537.274664415,2461537.2736053737,2461537.2412946895,25.0,4655,14.477512185929925,-46.40625,0.33394649624824524,12,7,True,0.3404475084852151,False
incl88_j2_node270,0.0,2461538.254328223,2461538.2532691816,2461538.2209584974,25.0,5547,5.979156796301311,-59.0625,-0.27540916204452515,10,4,True,0.4505789040846053,False
incl88_j2_node270,0.0,2461584.541139763,2461584.5400807215,2461584.5077700373,25.0,10443,-44.99388015045713,46.5,0.0131775988265872,9,6,True,0.41648289959843676,False
incl88_j2_node270,0.0,2461584.5598304174,2461584.558771376,2461584.526460692,25.0,2386,37.16889965599944,50.625,-0.527666449546814,7,3,True,0.4145782723369973,False
incl88_j2_node270,0.0,2461585.529109595,2461585.5280505535,2461585.4957398693,25.0,7884,-16.957763300004146,35.15625,-0.22763516008853912,9,6,True,0.31662289734926724,False
incl88_j2_node270,0.0,2461612.441918069,2461612.4408590277,2461612.4085483435,25.0,7502,-13.248014905676953,39.375,-0.03270651772618294,13,7,True,0.580368019541951,False
incl88_j2_node270,0.0,2461612.5199104883,2461612.518851447,2461612.4865407627,25.0,9165,-30.000000000000014,37.96875,-0.3155113756656647,14,7,True,0.5724390024838527,False
incl88_j2_node270,0.0,2461612.529743534,2461612.5286844927,2461612.4963738085,25.0,4686,13.24801490567694,39.375,-0.2159481942653656,14,7,True,0.5714367121349218,False
incl88_j2_node270,0.0,2461613.5116157946,2461613.5105567533,2461613.478246069,25.0,4553,14.477512185929925,26.71875,-0.48060718178749084,12,7,True,0.4690207237879088,False
incl88_j2_node270,0.0,2461614.4814582192,2461614.480399178,2461614.4480884937,25.0,9796,-37.168899655999454,11.25,0.040414344519376755,9,5,True,0.3659214432501152,False
incl88_j2_node270,0.0,2461614.5622006725,2461614.561141631,2461614.528830947,25.0,10179,-41.81031489577862,9.84375,0.08029275387525558,9,6,True,0.3573871923828881,False
incl88_j2_node270,0.0,2461614.5812117807,2461614.5801527393,2461614.547842055,25.0,1988,41.81031489577859,12.65625,0.5543656349182129,8,3,True,0.3553806667789352,False
incl88_j2_node270,0.0,2461615.55001147,2461615.5489524286,2461615.5166417444,25.0,7743,-14.477512185929939,-1.40625,-0.3700254559516907,9,6,True,0.2555842667956523,False
incl88_j2_node270,0.0,2461641.3999720276,2461641.3989129863,2461641.366602302,25.0,6982,-8.385538647081319,16.875,-0.11250223219394684,14,7,True,0.6290593494773126,False
incl88_j2_node270,0.0,2461641.476860076,2461641.475801035,2461641.4434903506,25.0,9157,-30.000000000000014,15.46875,-0.5175970792770386,13,7,True,0.6211897806426279,False
incl88_j2_node270,0.0,2461641.4866933874,2461641.485634346,2461641.453323662,25.0,4678,13.24801490567694,16.875,-0.4685497283935547,14,7,True,0.620179842595614,False
incl88_j2_node270,0.0,2461641.563565438,2461641.562506397,2461641.5301957126,25.0,6981,-8.385538647081319,14.0625,0.5301908254623413,16,7,True,0.6122574943002885,False
incl88_j2_node270,0.0,2461642.4616973647,2461642.4606383233,2461642.428327639,25.0,7745,-15.713861048008212,2.8125,-0.34421125054359436,14,7,True,0.5167463858134572,False
incl88_j2_node270,0.0,2461642.5402495107,2461642.5391904693,2461642.506879785,25.0,9152,-30.000000000000014,1.40625,-0.5123518109321594,15,7,True,0.5081922756778745,True
incl88_j2_node270,0.0,2461642.5495285117,2461642.5484694703,2461642.516158786,25.0,4929,10.806922874860334,2.8125,-0.5478634238243103,15,7,True,0.5071803191575233,False
incl88_j2_node270,0.0,2461643.531664078,2461643.5306050368,2461643.4982943526,25.0,4796,13.24801490567694,-11.25,0.5965383052825928,12,7,True,0.3991426970761347,False
incl88_j2_node270,0.0,2461644.5000189347,2461644.4989598934,2461644.466649209,25.0,10539,-44.99388015045713,-25.5,-0.3155077397823334,8,5,True,0.29431985483847234,True
incl88_j2_node270,0.0,2461644.582539143,2461644.5814801017,2461644.5491694175,25.0,10294,-41.81031489577862,-26.71875,-0.07758326828479767,9,6,True,0.2856469464721988,True
incl88_j2_node270,0.0,2461644.600159398,2461644.5991003565,2461644.5667896722,25.0,2615,35.68533471265204,-23.90625,0.10299313068389893,6,3,True,0.2838024245488123,False
incl88_j2_node270,0.0,2461645.5703495946,2461645.569290553,2461645.536979869,25.0,7730,-14.477512185929939,-37.96875000000006,-0.5966807007789612,9,6,True,0.1874398622097173,True
incl88_j2_node270,0.0,2461657.2278562505,2461657.226797209,2461657.194486525,25.0,5179,9.594068226860458,-12.65625,-0.17619499564170837,7,4,True,0.5943352280622969,False
incl88_j2_node270,0.0,2461685.198263986,2461685.1972049447,2461685.1648942605,25.0,3000,31.38816646434855,-22.5,0.4641365110874176,4,2,True,0.4250762295483336,False
incl88_j2_node270,0.0,2461685.214187738,2461685.2131286967,2461685.1808180124,25.0,10040,-38.68218745348943,-21.09375,-0.4477004110813141,5,2,True,0.42660469707234017,False
incl88_j2_node270,0.0,2461686.26348805,2461686.2624290087,2461686.2301183245,25.0,3763,23.31795706533424,-36.5625,0.19769859313964844,6,2,True,0.5271777177879327,False
incl88_j2_node270,0.0,2461687.249292733,2461687.248233692,2461687.2159230076,25.0,5678,4.780191847199163,-49.21875000000006,-0.08279645442962646,12,7,True,0.6194829793509247,False
incl88_j2_node270,0.0,2461713.1745545357,2461713.1734954943,2461713.14118481,25.0,3380,27.27961273597809,-32.34375000000006,0.2655620574951172,4,2,True,0.25864282812869305,False
incl88_j2_node270,0.0,2461715.2249221946,2461715.2238631533,2461715.191552469,25.0,5803,3.5833216984719627,-59.0625,-0.17841045558452606,10,7,True,0.443993052218286,False
incl88_j2_node270,0.0,2461733.625566884,2461733.6245078426,2461733.5921971584,25.0,3796,22.02431283704216,57.65625,0.38160935044288635,8,5,True,0.18030191034403437,False
incl88_j2_node270,0.0,2461760.615184966,2461760.6141259247,2461760.5818152404,25.0,2133,40.228184728061095,59.0625,-0.4646299481391907,12,7,True,0.42008647819222356,False
incl88_j2_node270,0.0,2461761.6109380764,2461761.609879035,2461761.577568351,25.0,8401,-22.02431283704216,49.21875,0.3572264313697815,12,7,True,0.31503740008172615,False
incl88_j2_node270,0.0,2461762.6690463345,2461762.667987293,2461762.635676609,25.0,5964,1.1937484371410676,33.75,-0.3079589307308197,6,5,True,0.21495599278894326,False
incl88_j2_node270,0.0,2461788.5195226683,2461788.518463627,2461788.4861529428,25.0,6866,-7.180755781458288,52.03125,-0.5800721645355225,15,7,True,0.588148964510995,False
incl88_j2_node270,0.0,2461788.5966794994,2461788.595620458,2461788.563309774,25.0,4690,13.24801490567694,50.625,-0.3040027618408203,16,7,True,0.5796706229086475,False
incl88_j2_node270,0.0,2461788.6727005355,2461788.671641494,2461788.63933081,25.0,2257,38.68218745348943,49.21875,0.24658063054084778,11,4,True,0.5713130266951149,False
incl88_j2_node270,0.0,2461789.5848625936,2461789.583803552,2461789.551492868,25.0,7758,-15.713861048008212,39.375,0.5380260348320007,13,7,True,0.47158003736561427,False
incl88_j2_node270,0.0,2461789.6606257684,2461789.659566727,2461789.627256043,25.0,4941,10.806922874860334,36.5625,-0.3866727352142334,13,6,True,0.4634093759469661,False
incl88_j2_node270,0.0,2461790.637860647,2461790.6368016056,2461790.6044909214,25.0,3016,29.999999999999993,23.90625,0.49045461416244507,12,7,True,0.3611113820670882,False
incl88_j2_node270,0.0,2461790.653821116,2461790.6527620745,2461790.6204513903,25.0,10057,-40.22818472806108,25.3125,-0.3010166585445404,9,6,True,0.3594997012160358,False
incl88_j2_node270,0.0,2461817.561652596,2461817.5605935548,2461817.5282828705,25.0,8394,-22.02431283704216,29.53125,0.3004700243473053,13,7,True,0.6362708395287446,True
incl88_j2_node270,0.0,2461817.640352399,2461817.6392933577,2461817.6069826735,25.0,6986,-8.385538647081319,28.125,0.4112687110900879,15,6,True,0.6279868416003909,True
incl88_j2_node270,0.0,2461818.617577161,2461818.61651812,2461818.5842074356,25.0,4933,10.806922874860334,14.0625,-0.12607520818710327,13,7,True,0.5246964587927008,True
incl88_j2_node270,0.0,2461819.6054785936,2461819.6044195523,2461819.572108868,25.0,7872,-16.957763300004146,1.40625,-0.5777409076690674,7,3,True,0.4224913170470452,True
incl88_j2_node270,0.0,2461832.2331216536,2461832.232062612,2461832.199751928,25.0,9029,-28.630989836924357,14.0625,-0.4353010952472687,12,7,True,0.24160055288512167,False
incl88_j2_node270,0.0,2461832.245830389,2461832.244771348,2461832.2124606636,25.0,3269,27.27961273597809,15.46875,-0.15432924032211304,12,7,True,0.24268825207254555,False
incl88_j2_node270,0.0,2461833.2265236545,2461833.225464613,2461833.193153929,25.0,3649,23.31795706533424,2.8125,-0.578656017780304,13,7,True,0.33208401510363095,False
incl88_j2_node270,0.0,2461833.3016563193,2461833.300597278,2461833.2682865937,25.0,6720,-5.979156796301311,0.0,0.22764268517494202,12,7,True,0.33933921622345004,False
incl88_j2_node270,0.0,2461834.204714615,2461834.2036555735,2461834.1713448893,25.0,5308,8.385538647081319,-11.25,-0.006078237202018499,10,4,True,0.430191109113949,False
incl88_j2_node270,0.0,2461834.279604554,2461834.278545513,2461834.2462348286,25.0,8507,-22.02431283704216,-12.65625,-0.5379237532615662,13,7,True,0.43798357111618813,False
incl88_j2_node270,0.0,2461834.356531891,2461834.3554728497,2461834.3231621655,25.0,10422,-43.40685848593699,-15.9677419354839,0.5383493304252625,13,6,True,0.446021661577914,False
incl88_j2_node270,0.0,2461835.2563246535,2461835.255265612,2461835.222954928,25.0,10418,-43.40685848593699,-27.580645161290363,0.3332898020744324,15,7,True,0.5419305650834909,False
incl88_j2_node270,0.0,2461835.2743139076,2461835.2732548662,2461835.240944182,25.0,2615,35.68533471265204,-23.90625,-0.375334233045578,14,7,True,0.543871454055136,False
incl88_j2_node270,0.0,2461835.350727221,2461835.3496681796,2461835.3173574954,25.0,4918,12.024699180565818,-26.71875,0.42242494225502014,17,7,True,0.5521204105372852,False
incl88_j2_node270,0.0,2461836.2488768003,2461836.247817759,2461836.2155070747,25.0,5682,4.780191847199163,-37.96875000000006,-0.42076238989830017,14,7,True,0.6488812058764813,False
incl88_j2_node270,0.0,2461860.2208845466,2461860.2198255053,2461860.187514821,25.0,3394,25.944479772370002,5.625,-0.1660173386335373,5,3,True,0.12037279263682714,False
incl88_j2_node270,0.0,2461861.2825176273,2461861.281458586,2461861.249147902,25.0,4285,18.209956864283,-8.4375,-0.40867289900779724,6,5,True,0.1995016156202556,False
incl88_j2_node270,0.0,2461862.2624186543,2461862.261359613,2461862.2290489287,25.0,5048,10.806922874860334,-22.5,0.4289275109767914,12,7,True,0.28716259220001683,False
incl88_j2_node270,0.0,2461863.231690128,2461863.2306310865,2461863.1983204023,25.0,10415,-43.40685848593699,-36.290322580645125,-0.4268753230571747,11,5,True,0.3848300959514246,False
incl88_j2_node270,0.0,2461863.2514269515,2461863.25036791,2461863.218057226,25.0,1972,43.406858485936986,-33.38709677419354,-0.30365613102912903,14,7,True,0.3869085520797221,False
incl88_j2_node270,0.0,2461863.3197842776,2461863.318725236,2461863.286414552,25.0,7859,-15.713861048008212,-36.5625,-0.2974703013896942,13,7,True,0.39413053662672975,False
incl88_j2_node270,0.0,2461864.231943766,2461864.2308847248,2461864.1985740406,25.0,2351,38.68218745348943,-46.40625,-0.48095783591270447,12,5,True,0.493272174925234,False
incl88_j2_node270,0.0,2461864.3099476374,2461864.308888596,2461864.276577912,25.0,3886,22.02431283704216,-49.21875000000006,0.4327075183391571,13,7,True,0.5019232510352392,False
incl88_j2_node270,0.0,2461864.385928138,2461864.384869097,2461864.3525584126,25.0,6574,-3.583321698471977,-50.625,0.046267230063676834,14,6,True,0.5103653944063605,False
incl88_j2_node270,0.0,2461890.243105318,2461890.2420462766,2461890.2097355924,25.0,2741,34.228866327812575,-30.9375,-0.11497028172016144,8,4,True,0.16144339907574087,False
incl88_j2_node270,0.0,2461891.29979612,2461891.2987370784,2461891.266426394,25.0,5679,4.780191847199163,-46.40625,0.3303171694278717,9,6,True,0.2544320863960387,False
incl88_j2_node270,0.0,2461892.2890971745,2461892.288038133,2461892.255727449,25.0,2347,38.68218745348943,-57.65625000000006,-0.20146562159061432,12,7,True,0.3551195898833741,False
incl88_j2_node270,0.0,2461939.5547029814,2461939.55364394,2461939.521333256,25.0,8652,-24.62431835216408,35.15625,0.04760913923382759,6,3,True,0.3252569228597073,False
incl88_j2_node270,0.0,2461940.5383207854,2461940.537261744,2461940.50495106,25.0,7752,-15.713861048008212,22.5,-0.006189993117004633,6,4,True,0.23799434732805597,False
incl88_j2_node270,0.0,2461966.469808704,2461966.468749663,2461966.4364389786,25.0,7246,-10.806922874860348,39.375,0.5089382529258728,12,7,True,0.5881634096667862,False
incl88_j2_node270,0.0,2461966.548467186,2461966.5474081445,2461966.5150974602,25.0,8653,-24.62431835216408,37.96875,0.41743606328964233,13,6,True,0.5807257441145618,False
incl88_j2_node270,0.0,2461966.5582063375,2461966.557147296,2461966.524836612,25.0,4174,18.209956864283,39.375,0.1675492227077484,11,4,True,0.5798029832604013,False
incl88_j2_node270,0.0,2461967.45916337,2461967.4581043287,2461967.4257936445,25.0,3658,23.31795706533424,28.125,-0.29171502590179443,10,5,True,0.4930382444225774,False
incl88_j2_node270,0.0,2461967.5362063795,2461967.535147338,2461967.502836654,25.0,5833,2.388015463268772,26.71875,-0.5507432818412781,9,6,True,0.48552498261396626,False
incl88_j2_node270,0.0,2461968.5156172467,2461968.5145582054,2461968.482247521,25.0,6852,-7.180755781458288,12.65625,0.29383155703544617,12,7,True,0.38974814477023595,False
incl88_j2_node270,0.0,2461969.5744418004,2461969.573382759,2461969.541072075,25.0,9023,-27.27961273597809,-1.40625,-0.23586545884609222,6,3,True,0.288285869421511,False
incl88_j2_node270,0.0,2461970.567833053,2461970.5667740116,2461970.5344633274,25.0,3643,24.62431835216408,-12.65625,-0.5223066806793213,6,3,True,0.19917544772381746,False
incl88_j2_node270,0.0,2461995.5118360445,2461995.510777003,2461995.478466319,25.0,5702,3.5833216984719627,16.875,-0.45493075251579285,16,7,True,0.6452861081518213,True
incl88_j2_node270,0.0,2461995.584368361,2461995.58330932,2461995.5509986356,25.0,9797,-37.168899655999454,14.0625,0.09067006409168243,13,4,True,0.638524564092991,True
incl88_j2_node270,0.0,2461996.4890371347,2461996.4879780933,2461996.455667409,25.0,7745,-15.713861048008212,2.8125,0.14391270279884338,12,7,True,0.5514020263903914,True
incl88_j2_node270,0.0,2461996.574683531,2461996.57362449,2461996.5413138056,25.0,5953,1.1937484371410676,2.8125,-0.5076354146003723,15,6,True,0.5429286133925195,True
incl88_j2_node270,0.0,2461997.4697761666,2461997.4687171252,2461997.436406441,25.0,8252,-19.47122063449069,-9.84375,-0.2578350603580475,13,7,True,0.4528930403924603,True
incl88_j2_node270,0.0,2461997.560427927,2461997.5593688856,2461997.5270582014,25.0,4156,19.47122063449069,-9.84375,-0.33613884449005127,12,6,True,0.44367873265006,True
incl88_j2_node270,0.0,2461999.529413352,2461999.5283543104,2461999.496043626,25.0,1848,44.993880150457116,-34.50000000000006,-0.49413004517555237,11,7,True,0.24735837476210787,True
incl88_j2_node270,0.0,2462011.2615088914,2462011.26044985,2462011.228139166,25.0,8124,-18.209956864283015,-11.25,0.09502092003822327,6,2,True,0.574885321728196,False
incl88_j2_node270,0.0,2462040.212137711,2462040.2110786694,2462040.178767985,25.0,5171,9.594068226860458,-35.15625,-0.37705427408218384,8,6,True,0.5179058173958884,False
incl88_j2_node270,0.0,2462041.206139564,2462041.2050805227,2462041.1727698385,25.0,10532,-44.99388015045713,-46.49999999999994,-0.21541650593280792,9,5,True,0.6170484991777148,False
incl88_j2_node270,0.0,2462041.283610859,2462041.2825518176,2462041.2502411334,25.0,8879,-25.944479772370016,-47.81250000000006,0.14456242322921753,10,6,True,0.6245182585849716,False
incl88_j2_node270,0.0,2462068.1918639624,2462068.190804921,2462068.158494237,25.0,7216,-9.594068226860458,-43.59375,0.5263398289680481,8,6,True,0.3515180712126269,False
incl88_j2_node270,0.0,2462069.181137525,2462069.1800784837,2462069.1477677994,25.0,10408,-43.40685848593699,-56.61290322580646,-0.376197874546051,10,6,True,0.44952083466516385,False
incl88_j2_node270,0.0,2462069.2586706914,2462069.25761165,2462069.225300966,25.0,8747,-24.62431835216408,-57.65625000000006,0.14593550562858582,7,3,True,0.45721300241464713,False
incl88_j2_node270,0.0,2462087.575296424,2462087.5742373825,2462087.5419266983,25.0,5717,3.5833216984719627,59.0625,-0.2495936155319214,10,6,True,0.2613075780558439,False
incl88_j2_node270,0.0,2462088.636491007,2462088.635431966,2462088.6031212816,25.0,4688,13.24801490567694,45.0,-0.03486494719982147,7,6,True,0.1599681236644242,False
incl88_j2_node270,0.0,2462096.162856499,2462096.161797458,2462096.1294867736,25.0,5164,9.594068226860458,-54.84375,-0.4956148564815521,3,1,True,0.19363028200674354,False
incl88_j2_node270,0.0,2462115.5470456528,2462115.5459866114,2462115.513675927,25.0,4049,19.47122063449069,49.21875,0.05775611847639084,14,7,True,0.40897961682428186,False
incl88_j2_node270,0.0,2462115.624128133,2462115.6230690917,2462115.5907584075,25.0,2129,40.228184728061095,47.8125,0.28390756249427795,13,7,True,0.40028679911597853,False
incl88_j2_node270,0.0,2462115.640724571,2462115.6396655296,2462115.6073548454,25.0,9425,-32.79716829582364,49.21875,-0.0973634198307991,14,7,True,0.3984186009163099,False
incl88_j2_node270,0.0,2462116.615944896,2462116.6148858545,2462116.5825751703,25.0,6604,-4.780191847199163,35.15625,-0.49037349224090576,12,7,True,0.2918653318005691,False
incl88_j2_node270,0.0,2462143.522690839,2462143.521631798,2462143.4893211136,25.0,4174,18.209956864283,39.375,-0.030922023579478264,15,7,True,0.5627495159644786,False
incl88_j2_node270,0.0,2462143.6005186145,2462143.599459573,2462143.567148889,25.0,2509,35.68533471265204,37.96875,0.10211122781038284,16,7,True,0.5538905794603044,False
incl88_j2_node270,0.0,2462143.617075825,2462143.6160167838,2462143.5837060995,25.0,9806,-37.168899655999454,39.375,-0.22487184405326843,17,7,True,0.5520041854821189,False
incl88_j2_node270,0.0,2462144.5940777226,2462144.5930186813,2462144.560707997,25.0,7881,-16.957763300004146,26.71875,0.5754261016845703,13,7,True,0.4406890645022164,False
incl88_j2_node270,0.0,2462144.673380881,2462144.6723218397,2462144.6400111555,25.0,6729,-5.979156796301311,25.3125,0.5151050090789795,10,4,True,0.4317446692207554,False
incl88_j2_node270,0.0,2462145.654966576,2462145.6539075347,2462145.6215968505,25.0,6724,-5.979156796301311,11.25,-0.5657397508621216,9,6,True,0.32424483836558654,False
incl88_j2_node270,0.0,2462185.195138257,2462185.1940792156,2462185.1617685314,25.0,9802,-37.168899655999454,28.125,-0.07640523463487625,8,4,True,0.15975415244326416,False
incl88_j2_node270,0.0,2462186.261079173,2462186.2600201317,2462186.2277094475,25.0,8773,-25.944479772370016,14.0625,0.19926497340202332,9,6,True,0.23956897578115735,False
incl88_j2_node270,0.0,2462186.2719839416,2462186.2709249,2462186.238614216,25.0,3781,22.02431283704216,15.46875,-0.16003623604774475,7,5,True,0.24044674551961098,False
incl88_j2_node270,0.0,2462187.2550778105,2462187.254018769,2462187.221708085,25.0,3137,28.630989836924343,2.8125,-0.28475403785705566,12,7,True,0.3239432741038797,False
incl88_j2_node270,0.0,2462188.2348714587,2462188.2338124174,2462188.201501733,25.0,4028,20.742379954487134,-11.25,0.5332493782043457,13,7,True,0.4142699085195495,False
incl88_j2_node270,0.0,2462188.3124990594,2462188.311440018,2462188.279129334,25.0,5947,2.388015463268772,-12.65625,0.5074058175086975,15,7,True,0.4216619636887944,False
incl88_j2_node270,0.0,2462189.207898863,2462189.2068398218,2462189.1745291376,25.0,7991,-16.957763300004146,-23.90625,-0.5121934413909912,13,7,True,0.5086699337737297,False
incl88_j2_node270,0.0,2462189.2205392877,2462189.2194802463,2462189.187169562,25.0,2359,38.68218745348943,-23.90625,0.5901487469673157,14,7,True,0.5099157567682681,False
incl88_j2_node270,0.0,2462189.29826122,2462189.2972021787,2462189.2648914945,25.0,4023,20.742379954487134,-25.3125,0.5407907962799072,15,7,True,0.5175831167054856,False
incl88_j2_node270,0.0,2462189.3748037955,2462189.373744754,2462189.34143407,25.0,6454,-2.388015463268786,-26.71875,0.4173666536808014,14,6,True,0.5251452211667016,False
incl88_j2_node270,0.0,2462189.3831297406,2462189.3820706992,2462189.349760015,25.0,2743,34.228866327812575,-25.3125,-0.11977208405733109,13,6,True,0.5259683883609269,False
incl88_j2_node270,0.0,2462190.274598423,2462190.2735393816,2462190.2412286974,25.0,6450,-2.388015463268786,-37.96875000000006,-0.2264872044324875,15,7,True,0.6143446451563733,False
incl88_j2_node270,0.0,2462190.3528014417,2462190.3517424003,2462190.319431716,25.0,8114,-18.209956864283015,-39.375,-0.22321586310863495,17,7,True,0.6220753061684345,False
incl88_j2_node270,0.0,2462190.3664433686,2462190.3653843272,2462190.333073643,25.0,2098,41.81031489577859,-37.96875000000006,-0.1489018350839615,17,7,True,0.6234227164404836,False
incl88_j2_node280,0.0,2461536.284195565,2461536.283136524,2461536.2508258396,25.0,8759,-24.62431835216408,-23.90625,-0.5406438112258911,11,7,True,0.2363649294772064,False
incl88_j2_node280,0.0,2461536.295690926,2461536.2946318844,2461536.2623212,25.0,3512,25.944479772370002,-22.5,-0.12255806475877762,9,6,True,0.2375071161994689,False
incl88_j2_node280,0.0,2461537.276394008,2461537.275334967,2461537.2430242826,25.0,3891,22.02431283704216,-35.15625,-0.5739983320236206,13,7,True,0.3406374773670807,False
incl88_j2_node280,0.0,2461538.254604863,2461538.2535458216,2461538.2212351374,25.0,5422,7.180755781458274,-49.21875000000006,-0.07965035736560822,10,4,True,0.45061043207404006,False
incl88_j2_node280,0.0,2461538.328564438,2461538.3275053967,2461538.2951947125,25.0,9005,-27.27961273597809,-52.03125,0.34906578063964844,13,7,True,0.4590419095143482,False
incl88_j2_node280,0.0,2461584.546947325,2461584.5458882838,2461584.5135775995,25.0,8148,-19.47122063449069,57.65625,0.14012305438518524,8,5,True,0.41589108367250693,False
incl88_j2_node280,0.0,2461584.5560915363,2461584.555032495,2461584.5227218107,25.0,3925,20.742379954487134,59.0625,0.13705171644687653,7,3,True,0.41495926508288045,False
incl88_j2_node280,0.0,2461585.537975745,2461585.5369167035,2461585.5046060192,25.0,3792,22.02431283704216,46.40625,-0.11200914531946182,9,6,True,0.315740965717887,False
incl88_j2_node280,0.0,2461612.438115348,2461612.4370563067,2461612.4047456225,25.0,9169,-30.000000000000014,49.21875,-0.45512112975120544,13,7,True,0.5807536824039972,False
incl88_j2_node280,0.0,2461612.5172188617,2461612.5161598204,2461612.483849136,25.0,10192,-41.81031489577862,46.40625,0.43885669112205505,14,7,True,0.572713261982631,False
incl88_j2_node280,0.0,2461612.535882167,2461612.5348231257,2461612.5025124415,25.0,2130,40.228184728061095,50.625,-0.23021599650382996,14,7,True,0.5708107083861061,False
incl88_j2_node280,0.0,2461613.5083179376,2461613.5072588963,2461613.474948212,25.0,6092,0.0,35.15625,0.5756030082702637,12,7,True,0.46937035448793923,False
incl88_j2_node280,0.0,2461614.4907244965,2461614.489665455,2461614.457354771,25.0,5704,3.5833216984719627,22.5,0.3748185634613037,11,7,True,0.3649410774823536,False
incl88_j2_node280,0.0,2461614.567285477,2461614.566226436,2461614.5339157516,25.0,8135,-19.47122063449069,21.09375,-0.08132417500019073,7,4,True,0.35685040879675,False
incl88_j2_node280,0.0,2461614.5776107577,2461614.5765517163,2461614.544241032,25.0,3400,25.944479772370002,22.5,0.08960632979869843,7,3,True,0.3557606306106012,False
incl88_j2_node280,0.0,2461615.562095233,2461615.5610361914,2461615.528725507,25.0,2243,38.68218745348943,9.84375,0.3047100603580475,9,6,True,0.25438207976366417,False
incl88_j2_node280,0.0,2461641.3991455464,2461641.398086505,2461641.365775821,25.0,7369,-12.024699180565818,26.71875,-0.0764583945274353,14,7,True,0.6291436772748187,False
incl88_j2_node280,0.0,2461641.4755577017,2461641.4744986603,2461641.442187976,25.0,9672,-35.68533471265205,23.90625,0.5684707760810852,13,7,True,0.6213234934524129,False
incl88_j2_node280,0.0,2461641.4864154328,2461641.4853563914,2461641.453045707,25.0,4809,12.024699180565818,26.71875,-0.3604309558868408,14,7,True,0.6202083955091245,False
incl88_j2_node280,0.0,2461641.56273894,2461641.5616798988,2461641.5293692145,25.0,7368,-12.024699180565818,23.90625,0.5588667988777161,16,7,True,0.6123429027103243,False
incl88_j2_node280,0.0,2461642.460264375,2461642.4592053336,2461642.4268946494,25.0,8388,-22.02431283704216,12.65625,-0.3987206816673279,14,7,True,0.516902223600004,False
incl88_j2_node280,0.0,2461642.5368399564,2461642.535780915,2461642.503470231,25.0,10431,-44.99388015045713,10.5,-0.34885454177856445,15,7,True,0.508564055032814,False
incl88_j2_node280,0.0,2461642.5569339623,2461642.555874921,2461642.5235642367,25.0,1864,43.406858485936986,13.064516129032256,0.45164230465888977,15,7,True,0.5063724527190852,False
incl88_j2_node280,0.0,2461643.5297410623,2461643.528682021,2461643.4963713367,25.0,5695,4.780191847199163,-1.40625,0.4839121103286743,12,7,True,0.3993543397845134,False
incl88_j2_node280,0.0,2461644.5003766604,2461644.499317619,2461644.467006935,25.0,10422,-43.40685848593699,-15.9677419354839,0.09432367235422134,8,5,True,0.2942821307284661,False
incl88_j2_node280,0.0,2461644.5828980715,2461644.58183903,2461644.549528346,25.0,10170,-40.22818472806108,-16.875,0.11398206651210785,9,6,True,0.2856093411703044,False
incl88_j2_node280,0.0,2461644.6015613666,2461644.600502325,2461644.568191641,25.0,2107,41.81031489577859,-12.65625,-0.5856476426124573,6,3,True,0.2836557891318573,False
incl88_j2_node280,0.0,2461645.571182973,2461645.570123932,2461645.5378132476,25.0,7350,-10.806922874860348,-28.125,-0.3280699849128723,9,6,True,0.1873624449729196,False
incl88_j2_node280,0.0,2461685.199796272,2461685.1987372306,2461685.1664265464,25.0,3643,24.62431835216408,-12.65625,0.10375578701496124,4,2,True,0.4252232997426191,False
incl88_j2_node280,0.0,2461685.2152644712,2461685.21420543,2461685.1818947457,25.0,10424,-43.40685848593699,-10.161290322580612,0.06639004498720169,5,2,True,0.4267080547390052,False
incl88_j2_node280,0.0,2461686.2649293016,2461686.26387026,2461686.231559576,25.0,4406,16.957763300004146,-26.71875,-0.1587618887424469,6,2,True,0.5273148942386564,False
incl88_j2_node280,0.0,2461687.2501042318,2461687.2490451904,2461687.216734506,25.0,6066,1.1937484371410676,-39.375,-0.349799782037735,12,7,True,0.619557380594195,False
incl88_j2_node280,0.0,2461713.176034057,2461713.1749750157,2461713.1426643315,25.0,4024,20.742379954487134,-22.5,-0.0903661698102951,3,1,True,0.25876856855537,False
incl88_j2_node280,0.0,2461715.2230003066,2461715.2219412653,2461715.189630581,25.0,4910,12.024699180565818,-49.21875000000006,-0.07124307006597519,10,7,True,0.44381280741805834,False
incl88_j2_node280,0.0,2461743.193958206,2461743.1928991647,2461743.1605884805,25.0,2987,31.38816646434855,-59.0625,0.4748234152793884,9,6,True,0.27139232826498744,False
incl88_j2_node280,0.0,2461743.209882722,2461743.2088236804,2461743.176512996,25.0,10027,-38.68218745348943,-57.65625000000006,-0.3703768849372864,8,5,True,0.2727296373307067,False
incl88_j2_node280,0.0,2461761.6106402487,2461761.6095812074,2461761.577270523,25.0,8277,-20.74237995448715,59.0625,0.2510891854763031,12,7,True,0.31506746829679555,False
incl88_j2_node280,0.0,2461762.668768158,2461762.667709117,2461762.6353984326,25.0,5839,2.388015463268772,43.59375,-0.42749929428100586,6,5,True,0.2149803383004457,False
incl88_j2_node280,0.0,2461789.5788205722,2461789.577761531,2461789.5454508467,25.0,4945,10.806922874860334,47.8125,-0.2166091352701187,13,7,True,0.4722327544948171,False
incl88_j2_node280,0.0,2461789.656258552,2461789.6551995105,2461789.6228888263,25.0,3024,29.999999999999993,46.40625,0.09143287688493729,13,6,True,0.4638796634967428,False
incl88_j2_node280,0.0,2461789.6715239612,2461789.67046492,2461789.6381542357,25.0,9809,-37.168899655999454,47.8125,-0.5864604115486145,10,4,True,0.4622362717190931,False
incl88_j2_node280,0.0,2461790.6479648566,2461790.646905815,2461790.614595131,25.0,7628,-14.477512185929939,35.15625,0.41906556487083435,10,6,True,0.36009081662028136,False
incl88_j2_node280,0.0,2461817.5533426846,2461817.5522836433,2461817.519972959,25.0,4557,14.477512185929925,37.96875,-0.15671232342720032,14,7,True,0.6371445887897185,False
incl88_j2_node280,0.0,2461817.6306539867,2461817.6295949453,2461817.597284261,25.0,2637,34.228866327812575,36.5625,0.17662884294986725,18,7,True,0.6290085326647783,False
incl88_j2_node280,0.0,2461817.646543409,2461817.645484368,2461817.6131736836,25.0,9677,-35.68533471265205,37.96875,-0.5586068034172058,14,6,True,0.6273345204736613,False
incl88_j2_node280,0.0,2461818.623041238,2461818.621982197,2461818.5896715126,25.0,7497,-13.248014905676953,25.3125,0.4220179319381714,12,7,True,0.5241212814984931,False
incl88_j2_node280,0.0,2461819.6114876904,2461819.610428649,2461819.578117965,25.0,10308,-43.40685848593699,13.064516129032256,-0.01409553736448288,7,3,True,0.42188437648348615,False
incl88_j2_node280,0.0,2461834.2837837776,2461834.2827247363,2461834.250414052,25.0,6591,-3.583321698471977,-2.8125,0.13166610896587372,12,7,True,0.4384194108087516,True
incl88_j2_node280,0.0,2461834.365852215,2461834.3647931735,2461834.3324824893,25.0,6462,-2.388015463268786,-4.21875,0.4906095862388611,11,5,True,0.4469977766635566,True
incl88_j2_node280,0.0,2461835.2678211937,2461835.2667621523,2461835.234451468,25.0,5434,7.180755781458274,-15.46875,0.1216714158654213,15,7,True,0.5431708931861575,True
incl88_j2_node280,0.0,2461835.3405283205,2461835.339469279,2461835.307158595,25.0,9529,-32.79716829582364,-18.28125,0.48388561606407166,17,7,True,0.5510190330761527,True
incl88_j2_node280,0.0,2461836.24335017,2461836.2422911287,2461836.2099804445,25.0,8245,-19.47122063449069,-29.53125,0.3954884707927704,15,7,True,0.6482912922463147,True
incl88_j2_node280,0.0,2461861.2681323206,2461861.2670732792,2461861.234762595,25.0,10547,-44.99388015045713,-1.5,0.3289159834384918,9,6,True,0.19831278979135447,False
incl88_j2_node280,0.0,2461861.286476324,2461861.2854172825,2461861.2531065983,25.0,2496,35.68533471265204,1.40625,0.3003292977809906,5,4,True,0.19982924383399708,False
incl88_j2_node280,0.0,2461862.270187056,2461862.269128015,2461862.2368173306,25.0,1856,44.993880150457116,-10.5,-0.15715482831001282,12,7,True,0.2879062699990952,False
incl88_j2_node280,0.0,2461863.239641478,2461863.2385824365,2461863.2062717522,25.0,7095,-8.385538647081319,-25.3125,-0.26528501510620117,13,7,True,0.3856670938840234,False
incl88_j2_node280,0.0,2461863.3134790906,2461863.312420049,2461863.280109365,25.0,10418,-43.40685848593699,-27.580645161290363,-0.2905968427658081,12,7,True,0.3934628867698614,False
incl88_j2_node280,0.0,2461864.2287308373,2461864.227671796,2461864.195361112,25.0,3634,24.62431835216408,-37.96875000000006,0.35837218165397644,11,4,True,0.4929162236069781,False
incl88_j2_node280,0.0,2461864.305205877,2461864.3041468356,2461864.2718361514,25.0,6066,1.1937484371410676,-39.375,0.009442286565899849,13,7,True,0.5013968725924418,False
incl88_j2_node280,0.0,2461864.3137303186,2461864.312671277,2461864.280360593,25.0,2354,38.68218745348943,-37.96875000000006,-0.09242714196443558,13,7,True,0.5023431868536866,False
incl88_j2_node280,0.0,2461864.393244455,2461864.3921854137,2461864.3598747295,25.0,3250,28.630989836924343,-39.375,-0.19097156822681427,12,5,True,0.5111790232316153,False
incl88_j2_node280,0.0,2461865.288158057,2461865.2870990154,2461865.254788331,25.0,5421,7.180755781458274,-52.03125,-0.13840284943580627,15,7,True,0.6109039218759051,False
incl88_j2_node280,0.0,2461865.365314809,2461865.364255768,2461865.3319450836,25.0,7597,-13.248014905676953,-53.43750000000006,-0.38634955883026123,18,7,True,0.6194484572405328,False
incl88_j2_node280,0.0,2461890.241515212,2461890.240456171,2461890.2081454867,25.0,3384,27.27961273597809,-21.09375,-0.20929986238479614,8,4,True,0.1613170688187022,False
incl88_j2_node280,0.0,2461891.3031309405,2461891.302071899,2461891.269761215,25.0,4147,19.47122063449069,-35.15625,-0.4607563316822052,8,6,True,0.25475183644784716,False
incl88_j2_node280,0.0,2461892.2830217755,2461892.281962734,2461892.24965205,25.0,4910,12.024699180565818,-49.21875000000006,0.3666602075099945,12,7,True,0.3544699471478315,False
incl88_j2_node280,0.0,2461939.553151675,2461939.5520926337,2461939.5197819495,25.0,9296,-31.388166464348544,45.0,-0.030720040202140808,6,3,True,0.32539907777974253,False
incl88_j2_node280,0.0,2461940.5374524333,2461940.536393392,2461940.5040827077,25.0,8139,-19.47122063449069,32.34375,0.03020619787275791,5,3,True,0.23806835043805702,False
incl88_j2_node280,0.0,2461966.46895814,2461966.4678990985,2461966.4355884143,25.0,7633,-14.477512185929939,49.21875,0.5508432984352112,12,7,True,0.5882436892404472,False
incl88_j2_node280,0.0,2461966.479385804,2461966.4783267626,2461966.4460160783,25.0,2898,31.38816646434855,50.625,0.3673236668109894,12,7,True,0.58725929703126,False
incl88_j2_node280,0.0,2461966.557905217,2461966.556846176,2461966.5245354916,25.0,4305,16.957763300004146,49.21875,0.29161056876182556,11,4,True,0.5798315221870718,False
incl88_j2_node280,0.0,2461967.4600465624,2461967.458987521,2461967.426676837,25.0,3277,27.27961273597809,37.96875,-0.02272774465382099,11,6,True,0.4929521674272511,False
incl88_j2_node280,0.0,2461967.5359186917,2461967.5348596503,2461967.502548966,25.0,5965,1.1937484371410676,36.5625,-0.42603322863578796,9,6,True,0.48555305637751656,False
incl88_j2_node280,0.0,2461968.5188720888,2461968.5178130474,2461968.485502363,25.0,5320,7.180755781458274,23.90625,-0.586322009563446,12,7,True,0.3894309013295665,False
incl88_j2_node280,0.0,2461969.507276804,2461969.506217763,2461969.4739070786,25.0,2372,37.16889965599944,11.25,0.02982150763273239,9,5,True,0.2945745710511677,False
incl88_j2_node280,0.0,2461970.556621995,2461970.5555629535,2461970.5232522693,25.0,8766,-24.62431835216408,-4.21875,-0.32840290665626526,8,5,True,0.2001311540879385,False
incl88_j2_node280,0.0,2461995.500777306,2461995.4997182647,2461995.4674075805,25.0,10436,-44.99388015045713,25.5,-0.4448779821395874,15,7,True,0.646313738135584,False
incl88_j2_node280,0.0,2461995.582937991,2461995.5818789494,2461995.549568265,25.0,10312,-43.40685848593699,24.67741935483872,-0.5863381028175354,13,4,True,0.6386582398890339,False
incl88_j2_node280,0.0,2461996.4169974397,2461996.4159383983,2461996.383627714,25.0,3269,27.27961273597809,15.46875,-0.2567669749259949,11,5,True,0.5585036935896457,False
incl88_j2_node280,0.0,2461996.4945029444,2461996.493443903,2461996.461133219,25.0,5189,8.385538647081319,14.0625,-0.4914730191230774,12,7,True,0.5508622526682708,False
incl88_j2_node280,0.0,2461996.5825008834,2461996.581441842,2461996.549131158,25.0,2500,35.68533471265204,12.65625,0.5365802049636841,13,4,True,0.5421536263340485,False
incl88_j2_node280,0.0,2461997.4670523647,2461997.4659933234,2461997.433682639,25.0,9280,-31.388166464348544,0.0,-0.4332190155982971,13,7,True,0.4531697704495125,False
incl88_j2_node280,0.0,2461997.5485292724,2461997.547470231,2461997.515159547,25.0,9535,-32.79716829582364,-1.40625,-0.19654510915279388,14,7,True,0.44488862590011274,False
incl88_j2_node280,0.0,2461997.5578929624,2461997.556833921,2461997.524523237,25.0,5184,8.385538647081319,0.0,-0.4842134416103363,12,7,True,0.4439365075563545,False
incl88_j2_node280,0.0,2461998.537842702,2461998.5367836608,2461998.5044729766,25.0,6075,1.1937484371410676,-14.0625,0.4158669710159302,12,7,True,0.3445276224599961,False
incl88_j2_node280,0.0,2461999.526302026,2461999.5252429848,2461999.4929323005,25.0,2999,31.38816646434855,-25.3125,-0.37951433658599854,11,7,True,0.24765282793072468,False
incl88_j2_node280,0.0,2462000.5726852412,2462000.5716262,2462000.5393155157,25.0,10413,-43.40685848593699,-42.096774193548356,-0.010053427889943123,8,6,True,0.1544819959152865,True
incl88_j2_node280,0.0,2462000.591004074,2462000.5899450327,2462000.5576343485,25.0,2482,37.16889965599944,-39.375,-0.17010074853897095,7,4,True,0.15297646047491298,False
incl88_j2_node280,0.0,2462040.2123911562,2462040.211332115,2462040.1790214307,25.0,5303,8.385538647081319,-25.3125,-0.5516535639762878,8,6,True,0.5179317321638766,False
incl88_j2_node280,0.0,2462041.2036741623,2462041.202615121,2462041.1703044367,25.0,9651,-34.22886632781257,-36.5625,0.034498460590839386,8,4,True,0.616810094487418,False
incl88_j2_node280,0.0,2462041.281548545,2462041.280489504,2462041.2481788197,25.0,7986,-16.957763300004146,-37.96875000000006,0.22293858230113983,10,6,True,0.6243199725554316,False
incl88_j2_node280,0.0,2462068.189933472,2462068.1888744305,2462068.1565637463,25.0,6324,-1.1937484371410818,-33.75000000000006,0.5665296912193298,8,6,True,0.35132839584300424,False
incl88_j2_node280,0.0,2462069.178706618,2462069.1776475767,2462069.1453368925,25.0,9519,-32.79716829582364,-46.40625,0.05070994049310684,9,5,True,0.449279567370066,False
incl88_j2_node280,0.0,2462069.2566236,2462069.255564559,2462069.2232538746,25.0,7855,-15.713861048008212,-47.81250000000006,0.21180294454097748,7,3,True,0.4570099844422018,False
incl88_j2_node280,0.0,2462088.6356266174,2462088.634567576,2462088.602256892,25.0,4307,16.957763300004146,54.84375,-0.08076824247837067,7,6,True,0.1600432766839815,False
incl88_j2_node280,0.0,2462096.1644774256,2462096.1634183843,2462096.1311077,25.0,5936,2.388015463268772,-43.59375,0.5954182744026184,3,1,True,0.1937629942502152,False
incl88_j2_node280,0.0,2462115.5423080437,2462115.5412490023,2462115.508938318,25.0,2133,40.228184728061095,59.0625,0.44882136583328247,13,7,True,0.40951469134294133,False
incl88_j2_node280,0.0,2462115.6282401015,2462115.62718106,2462115.594870376,25.0,3796,22.02431283704216,57.65625,-0.3074232041835785,14,7,True,0.39982381685588647,False
incl88_j2_node280,0.0,2462116.605330019,2462116.6042709774,2462116.571960293,25.0,1999,41.81031489577859,43.59375,-0.5692756772041321,12,7,True,0.29298050578729445,False
incl88_j2_node280,0.0,2462116.6216585054,2462116.620599464,2462116.58828878,25.0,9168,-30.000000000000014,46.40625,0.09448640048503876,12,7,True,0.2912655368995772,False
incl88_j2_node280,0.0,2462143.5292660175,2462143.528206976,2462143.495896292,25.0,7250,-10.806922874860348,50.625,0.570407509803772,15,7,True,0.5620016451425965,False
incl88_j2_node280,0.0,2462143.607522228,2462143.6064631864,2462143.574152502,25.0,5585,4.780191847199163,49.21875,0.5999777317047119,17,7,True,0.5530927125739248,False
incl88_j2_node280,0.0,2462144.583378164,2462144.5823191227,2462144.5500084385,25.0,3020,29.999999999999993,35.15625,0.12286961078643799,13,7,True,0.4418978062412985,False
incl88_j2_node280,0.0,2462144.600059511,2462144.59900047,2462144.5666897856,25.0,10316,-43.40685848593699,36.29032258064515,-0.49013596773147583,13,7,True,0.4400134819481092,False
incl88_j2_node280,0.0,2462145.646132895,2462145.6450738534,2462145.612763169,25.0,2759,32.79716829582364,21.09375,0.18286657333374023,11,7,True,0.32517733873644045,False
incl88_j2_node280,0.0,2462145.662728862,2462145.6616698205,2462145.6293591363,25.0,10056,-40.22818472806108,22.5,-0.2058986872434616,8,6,True,0.3234260830811192,False
incl88_j2_node280,0.0,2462172.571151699,2462172.5700926576,2462172.5377819734,25.0,8649,-24.62431835216408,26.71875,0.18669462203979492,13,7,True,0.5959075530519172,False
incl88_j2_node280,0.0,2462172.6498101754,2462172.648751134,2462172.61644045,25.0,7241,-10.806922874860348,25.3125,0.20605243742465973,15,6,True,0.5870882894881437,False
incl88_j2_node280,0.0,2462173.624228032,2462173.6231689905,2462173.5908583063,25.0,3908,20.742379954487134,11.25,-0.17410483956336975,13,7,True,0.4776030334132928,False
incl88_j2_node280,0.0,2462174.610533117,2462174.6094740755,2462174.5771633913,25.0,6207,0.0,-1.40625,-0.3272125720977783,7,3,True,0.3700681367901235,False
incl88_j2_node280,0.0,2462186.263092433,2462186.2620333917,2462186.2297227075,25.0,7880,-16.957763300004146,23.90625,0.5440360307693481,9,6,True,0.23973094319432986,True
incl88_j2_node280,0.0,2462187.2426448353,2462187.241585794,2462187.2092751097,25.0,8772,-25.944479772370016,11.25,0.02532918006181717,12,7,True,0.3228379623031531,True
incl88_j2_node280,0.0,2462187.2523988523,2462187.251339811,2462187.2190291267,25.0,4292,16.957763300004146,12.65625,-0.4175155460834503,12,7,True,0.32370500047317713,True
incl88_j2_node280,0.0,2462188.2360332087,2462188.2349741673,2462188.202663483,25.0,3392,25.944479772370002,0.0,-0.4798683226108551,13,7,True,0.4143803080870723,True
incl88_j2_node280,0.0,2462188.3089198526,2462188.3078608112,2462188.275550127,25.0,7615,-13.248014905676953,-2.8125,0.3239176273345947,15,7,True,0.4213205044939903,False
incl88_j2_node280,0.0,2462189.20583058,2462189.2047715387,2462189.1724608545,25.0,8891,-25.944479772370016,-14.0625,-0.556007981300354,12,6,True,0.5084661241503132,False
incl88_j2_node280,0.0,2462189.2182290056,2462189.217169964,2462189.18485928,25.0,3259,28.630989836924343,-14.0625,0.5524594187736511,14,7,True,0.5096880315190466,True
incl88_j2_node280,0.0,2462189.295153398,2462189.2940943567,2462189.2617836725,25.0,5434,7.180755781458274,-15.46875,0.4411151707172394,14,7,True,0.5172763015889846,False
incl88_j2_node280,0.0,2462189.3706075577,2462189.3695485163,2462189.337237832,25.0,8378,-20.74237995448715,-16.875,0.15221524238586426,15,6,True,0.5247303895650803,False
incl88_j2_node280,0.0,2462190.2035441683,2462190.202485127,2462190.1701744427,25.0,1851,44.993880150457116,-25.5,-0.2337188720703125,13,5,True,0.6073121235744267,True
incl88_j2_node280,0.0,2462190.2709776605,2462190.269918619,2462190.237607935,25.0,8118,-18.209956864283015,-28.125,-0.40161842107772827,15,7,True,0.6139864721149345,False
incl88_j2_node280,0.0,2462190.347413804,2462190.3463547626,2462190.3140440783,25.0,10293,-41.81031489577862,-29.53125,-0.5994836091995239,17,7,True,0.6215430768592086,False
incl88_j2_node280,0.0,2462190.4368038676,2462190.435744826,2462190.403434142,25.0,7093,-8.385538647081319,-30.9375,0.4420222043991089,11,4,True,0.630366170455997,False
incl88_j2_node290,0.0,2461536.2844958142,2461536.283436773,2461536.2511260887,25.0,8635,-23.31795706533424,-14.0625,-0.34359195828437805,11,7,True,0.23639473015563162,False
incl88_j2_node290,0.0,2461536.296615225,2461536.2955561834,2461536.263245499,25.0,3131,29.999999999999993,-12.65625,0.16409757733345032,8,6,True,0.23759903303943453,False
incl88_j2_node290,0.0,2461537.264871109,2461537.2638120675,2461537.2315013832,25.0,9142,-28.630989836924357,-28.125,0.429625540971756,10,5,True,0.3393722328461631,False
incl88_j2_node290,0.0,2461537.3443854917,2461537.3433264503,2461537.311015766,25.0,10037,-38.68218745348943,-29.53125,0.24050116539001465,6,4,True,0.34812258816940533,False
incl88_j2_node290,0.0,2461538.326321999,2461538.3252629577,2461538.2929522735,25.0,9905,-37.168899655999454,-42.18750000000006,0.06387393921613693,13,7,True,0.458786207788093,False
incl88_j2_node290,0.0,2461538.334774149,2461538.3337151078,2461538.3014044235,25.0,6193,0.0,-40.78125,0.1557493954896927,13,7,True,0.45975000764809754,False
incl88_j2_node290,0.0,2461539.3182715094,2461539.317212468,2461539.284901784,25.0,5293,8.385538647081319,-53.43750000000006,0.12023798376321793,13,7,True,0.5711984255461913,False
incl88_j2_node290,0.0,2461539.394312816,2461539.393253775,2461539.3609430906,25.0,7980,-16.957763300004146,-54.84375,-0.4057362973690033,11,4,True,0.5796718215173714,False
incl88_j2_node290,0.0,2461566.310941184,2461566.3098821426,2461566.2775714584,25.0,5806,3.5833216984719627,-50.625,0.3434942066669464,5,4,True,0.31816701580084966,False
incl88_j2_node290,0.0,2461585.5324219284,2461585.531362887,2461585.499052203,25.0,6355,-2.388015463268786,54.84375,0.584978461265564,9,6,True,0.3162933861709305,False
incl88_j2_node290,0.0,2461585.5424814955,2461585.541422454,2461585.50911177,25.0,2004,41.81031489577859,57.65625,-0.31607306003570557,9,6,True,0.31529288452523063,False
incl88_j2_node290,0.0,2461612.51794104,2461612.5168819986,2461612.4845713144,25.0,9940,-38.68218745348943,57.65625,-0.36346352100372314,14,7,True,0.5726396766503687,False
incl88_j2_node290,0.0,2461612.5280945534,2461612.527035512,2461612.494724828,25.0,5461,5.979156796301311,59.0625,-0.15877340734004974,15,7,True,0.5716048393393296,False
incl88_j2_node290,0.0,2461613.509960619,2461613.5089015774,2461613.476590893,25.0,5328,7.180755781458274,46.40625,-0.4343736171722412,12,7,True,0.46919620146255914,False
incl88_j2_node290,0.0,2461614.4821272646,2461614.4810682232,2461614.448757539,25.0,9547,-34.22886632781257,30.9375,0.43916505575180054,10,6,True,0.36585065383229204,False
incl88_j2_node290,0.0,2461614.495218447,2461614.4941594056,2461614.4618487214,25.0,3660,23.31795706533424,33.75,-0.16561205685138702,11,7,True,0.36446569470981943,False
incl88_j2_node290,0.0,2461614.5744501953,2461614.573391154,2461614.5410804697,25.0,4811,12.024699180565818,32.34375,-0.26139503717422485,7,3,True,0.3560941865755397,False
incl88_j2_node290,0.0,2461615.544849412,2461615.5437903707,2461615.5114796865,25.0,9798,-37.168899655999454,16.875,0.3078189790248871,9,6,True,0.2560982873272799,False
incl88_j2_node290,0.0,2461615.557448119,2461615.5563890776,2461615.5240783934,25.0,4167,18.209956864283,19.6875,-0.34758687019348145,9,6,True,0.25484424772267156,False
incl88_j2_node290,0.0,2461641.396580747,2461641.3955217055,2461641.3632110213,25.0,8525,-23.31795706533424,36.5625,-0.29924869537353516,12,5,True,0.6294053513660353,False
incl88_j2_node290,0.0,2461641.474888364,2461641.4738293225,2461641.4415186383,25.0,9932,-38.68218745348943,35.15625,-0.54670250415802,13,7,True,0.6213922133355693,False
incl88_j2_node290,0.0,2461641.4878194304,2461641.486760389,2461641.454449705,25.0,4173,18.209956864283,36.5625,0.0012531025568023324,14,7,True,0.6200641328781318,False
incl88_j2_node290,0.0,2461641.5665659495,2461641.565506908,2461641.533196224,25.0,5580,4.780191847199163,35.15625,-0.12782177329063416,15,6,True,0.6119472657347136,False
incl88_j2_node290,0.0,2461642.4554031715,2461642.45434413,2461642.422033446,25.0,10311,-43.40685848593699,21.774193548387103,-0.41740211844444275,14,7,True,0.5174307691370305,False
incl88_j2_node290,0.0,2461642.4655370605,2461642.464478019,2461642.432167335,25.0,5960,1.1937484371410676,22.5,0.5182467699050903,14,7,True,0.5163288184570395,False
incl88_j2_node290,0.0,2461642.543774447,2461642.5427154056,2461642.5104047214,25.0,7623,-14.477512185929939,21.09375,0.3163544237613678,15,7,True,0.5078078888496285,False
incl88_j2_node290,0.0,2461643.518430732,2461643.517371691,2461643.4850610066,25.0,10430,-44.99388015045713,7.5,-0.3268660008907318,12,7,True,0.40059929417150864,False
incl88_j2_node290,0.0,2461643.527841565,2461643.526782524,2461643.4944718396,25.0,6467,-3.583321698471977,8.4375,0.3701685070991516,12,7,True,0.399563405999995,False
incl88_j2_node290,0.0,2461644.511878294,2461644.5108192526,2461644.4785085684,25.0,5438,7.180755781458274,-4.21875,0.3989003896713257,11,7,True,0.29307003340725335,False
incl88_j2_node290,0.0,2461644.5825386583,2461644.581479617,2461644.5491689327,25.0,10301,-41.81031489577862,-7.03125,0.1611604541540146,9,6,True,0.28564699725489473,False
incl88_j2_node290,0.0,2461644.591773285,2461644.5907142437,2461644.5584035595,25.0,6334,-1.1937484371410818,-5.625,0.4551580548286438,7,4,True,0.28467993852401346,False
incl88_j2_node290,0.0,2461645.5747221536,2461645.5736631122,2461645.541352428,25.0,5689,4.780191847199163,-18.28125,0.3296263515949249,9,6,True,0.18703374119450122,False
incl88_j2_node290,0.0,2461685.195154758,2461685.194095717,2461685.1617850326,25.0,1858,44.993880150457116,-4.5,-0.5217846035957336,3,1,True,0.4247778051149923,False
incl88_j2_node290,0.0,2461685.2086842516,2461685.2076252103,2461685.175314526,25.0,7743,-14.477512185929939,-1.40625,0.08966783434152603,4,2,True,0.42607641074147523,False
incl88_j2_node290,0.0,2461686.1961265467,2461686.1950675054,2461686.162756821,25.0,10171,-40.22818472806108,-14.0625,-0.49644356966018677,8,5,True,0.5207616641332984,False
incl88_j2_node290,0.0,2461687.240138469,2461687.2390794274,2461687.206768743,25.0,1849,44.993880150457116,-31.5,-0.49967291951179504,13,7,True,0.6186435494614315,False
incl88_j2_node290,0.0,2461687.254517724,2461687.2534586824,2461687.2211479982,25.0,8118,-18.209956864283015,-28.125,0.2660219371318817,12,7,True,0.6199619105013694,False
incl88_j2_node290,0.0,2461714.1656331965,2461714.164574155,2461714.132263471,25.0,7735,-14.477512185929939,-23.90625,0.3507048785686493,7,4,True,0.3459739041995189,False
incl88_j2_node290,0.0,2461715.2204303565,2461715.219371315,2461715.187060631,25.0,3762,23.31795706533424,-39.375,0.1429111510515213,10,7,True,0.4435718053430601,False
incl88_j2_node290,0.0,2461715.23452163,2461715.233462589,2461715.2011519047,25.0,10034,-38.68218745348943,-37.96875000000006,-0.47453588247299194,9,6,True,0.44489339326079635,False
incl88_j2_node290,0.0,2461716.2078629825,2461716.206803941,2461716.174493257,25.0,6445,-2.388015463268786,-52.03125,-0.35162174701690674,13,7,True,0.5364379560028585,False
incl88_j2_node290,0.0,2461716.283225399,2461716.2821663576,2461716.2498556734,25.0,3501,25.944479772370002,-53.43750000000006,0.22353249788284302,13,6,True,0.5435104284243653,False
incl88_j2_node290,0.0,2461716.297232566,2461716.2961735246,2461716.2638628404,25.0,9773,-35.68533471265205,-52.03125,-0.3777643144130707,13,6,True,0.5448241236175954,False
incl88_j2_node290,0.0,2461743.199995321,2461743.19893628,2461743.1666255957,25.0,5678,4.780191847199163,-49.21875000000006,-0.5045759081840515,9,6,True,0.27189910361024433,False
incl88_j2_node290,0.0,2461762.6605087724,2461762.659449731,2461762.627139047,25.0,2258,38.68218745348943,52.03125,-0.5231184959411621,7,6,True,0.21570394055744643,False
incl88_j2_node290,0.0,2461771.1693077395,2461771.168248698,2461771.135938014,25.0,2987,31.38816646434855,-59.0625,0.2929307222366333,4,2,True,0.12914583303008195,False
incl88_j2_node290,0.0,2461789.572482572,2461789.5714235306,2461789.5391128464,25.0,2260,38.68218745348943,57.65625,0.5286945700645447,14,7,True,0.4729176106951324,False
incl88_j2_node290,0.0,2461789.5871703797,2461789.5861113383,2461789.553800654,25.0,8789,-25.944479772370016,59.0625,-0.10206049680709839,13,7,True,0.4713307927747997,False
incl88_j2_node290,0.0,2461789.6636172836,2461789.662558242,2461789.630247558,25.0,6356,-2.388015463268786,57.65625,0.31675541400909424,11,5,True,0.46308732485993986,False
incl88_j2_node290,0.0,2461790.637209906,2461790.6361508644,2461790.60384018,25.0,2767,32.79716829582364,43.59375,0.33194735646247864,12,7,True,0.361177144856909,False
incl88_j2_node290,0.0,2461790.651171379,2461790.6501123374,2461790.617801653,25.0,9040,-28.630989836924357,45.0,-0.19177992641925812,9,6,True,0.359767158695519,False
incl88_j2_node290,0.0,2461817.5547175603,2461817.553658519,2461817.5213478347,25.0,5201,8.385538647081319,47.8125,-0.48881444334983826,14,7,True,0.637000043084345,False
incl88_j2_node290,0.0,2461817.6296343515,2461817.62857531,2461817.596264626,25.0,2256,38.68218745348943,46.40625,0.22147367894649506,18,7,True,0.6291159338879888,False
incl88_j2_node290,0.0,2461817.6437255936,2461817.642666552,2461817.610355868,25.0,8529,-23.31795706533424,47.8125,-0.34450915455818176,15,6,True,0.6276314220698118,False
incl88_j2_node290,0.0,2461818.617558588,2461818.6164995464,2461818.5841888622,25.0,4940,10.806922874860334,33.75,-0.42162007093429565,13,7,True,0.5246984141514176,False
incl88_j2_node290,0.0,2461819.6057540355,2461819.604694994,2461819.57238431,25.0,8008,-18.209956864283015,22.5,0.41511473059654236,7,3,True,0.4224634964153634,False
incl88_j2_node290,0.0,2461861.2692049015,2461861.26814586,2461861.235835176,25.0,10051,-40.22818472806108,8.4375,0.5831382274627686,8,6,True,0.19840132123948218,False
incl88_j2_node290,0.0,2461861.279176022,2461861.2781169806,2461861.2458062964,25.0,5700,3.5833216984719627,11.25,-0.5406010150909424,6,5,True,0.19922511818568794,False
incl88_j2_node290,0.0,2461862.26380591,2461862.2627468687,2461862.2304361844,25.0,4415,16.957763300004146,-1.40625,-0.44239118695259094,12,7,True,0.28729532010728986,False
incl88_j2_node290,0.0,2461863.234397606,2461863.2333385646,2461863.2010278804,25.0,9402,-31.388166464348544,-16.875,0.44369417428970337,12,6,True,0.3851150523963262,False
incl88_j2_node290,0.0,2461863.246843166,2461863.245784125,2461863.2134734406,25.0,3771,23.31795706533424,-14.0625,-0.5241617560386658,14,7,True,0.3864255984496634,False
incl88_j2_node290,0.0,2461863.3230625703,2461863.322003529,2461863.2896928447,25.0,6330,-1.1937484371410818,-16.875,0.41514065861701965,13,7,True,0.39447780719919323,False
incl88_j2_node290,0.0,2461864.226698016,2461864.2256389745,2461864.1933282902,25.0,4534,15.713861048008212,-28.125,0.2586563229560852,11,4,True,0.49269103620410415,False
incl88_j2_node290,0.0,2461864.3043832583,2461864.303324217,2461864.2710135328,25.0,6453,-2.388015463268786,-29.53125,0.06250029802322388,13,7,True,0.5013055651347996,False
incl88_j2_node290,0.0,2461864.3133775825,2461864.312318541,2461864.280007857,25.0,2486,37.16889965599944,-28.125,-0.009781069122254848,13,7,True,0.502304024914835,False
incl88_j2_node290,0.0,2461864.395517681,2461864.3944586394,2461864.362147955,25.0,2357,38.68218745348943,-29.53125,0.3005242347717285,11,5,True,0.5114318419849287,False
incl88_j2_node290,0.0,2461865.280312066,2461865.2792530246,2461865.2469423404,25.0,9008,-27.27961273597809,-43.59375,0.3251928389072418,15,7,True,0.6100339634092617,False
incl88_j2_node290,0.0,2461865.292410966,2461865.2913519247,2461865.2590412404,25.0,3505,25.944479772370002,-42.18750000000006,0.5542283654212952,15,7,True,0.6113754185333328,False
incl88_j2_node290,0.0,2461865.3710460057,2461865.3699869644,2461865.33767628,25.0,4912,12.024699180565818,-43.59375,0.47675737738609314,18,7,True,0.6200823359403058,False
incl88_j2_node290,0.0,2461891.2888242337,2461891.2877651923,2461891.255454508,25.0,10418,-43.40685848593699,-27.580645161290363,-0.13388924300670624,11,7,True,0.25338145750576724,False
incl88_j2_node290,0.0,2461891.2992309406,2461891.2981718993,2461891.265861215,25.0,5942,2.388015463268772,-26.71875,0.5779127478599548,9,6,True,0.2543779370580338,False
incl88_j2_node290,0.0,2461892.2816383424,2461892.280579301,2461892.248268617,25.0,5554,5.979156796301311,-39.375,0.3600318133831024,12,7,True,0.3543220630955153,False
incl88_j2_node290,0.0,2461893.2534208647,2461893.2523618233,2461893.220051139,25.0,9901,-37.168899655999454,-53.43750000000006,0.03212838992476463,10,4,True,0.46158674944573796,False
incl88_j2_node290,0.0,2461893.265160837,2461893.264101796,2461893.2317911116,25.0,4653,14.477512185929925,-52.03125,0.2827385663986206,13,7,True,0.4629136124034774,False
incl88_j2_node290,0.0,2461893.3433980793,2461893.342339038,2461893.3100283537,25.0,6317,-1.1937484371410818,-53.43750000000006,0.16641955077648163,13,7,True,0.47176798730552005,False
incl88_j2_node290,0.0,2461939.5546735334,2461939.553614492,2461939.521303808,25.0,8659,-24.62431835216408,54.84375,0.30240964889526367,6,3,True,0.32525962134574654,False
incl88_j2_node290,0.0,2461940.539406327,2461940.5383472857,2461940.5060366015,25.0,7247,-10.806922874860348,42.1875,0.4163616895675659,6,4,True,0.2379018348024958,False
incl88_j2_node290,0.0,2461940.5493201693,2461940.548261128,2461940.5159504437,25.0,2767,32.79716829582364,43.59375,0.2563968300819397,6,4,True,0.23705733308189936,False
incl88_j2_node290,0.0,2461966.553766491,2461966.5527074495,2461966.5203967653,25.0,6229,-1.1937484371410818,59.0625,-0.014380929991602898,12,5,True,0.580223689523961,False
incl88_j2_node290,0.0,2461967.4546490265,2461967.453589985,2461967.421279301,25.0,5713,3.5833216984719627,47.8125,-0.5324546098709106,10,5,True,0.4934781786699198,False
incl88_j2_node290,0.0,2461967.5309113557,2461967.5298523144,2461967.49754163,25.0,8272,-20.74237995448715,45.0,0.5008106827735901,10,7,True,0.48604164321547627,False
incl88_j2_node290,0.0,2461967.5430821567,2461967.5420231153,2461967.509712431,25.0,2768,32.79716829582364,46.40625,0.5650184750556946,10,6,True,0.4848540125201273,False
incl88_j2_node290,0.0,2461968.515037862,2461968.5139788208,2461968.4816681365,25.0,7115,-9.594068226860458,32.34375,0.5239928364753723,12,7,True,0.3898046163211787,False
incl88_j2_node290,0.0,2461969.502108568,2461969.5010495265,2461969.4687388423,25.0,4551,14.477512185929925,21.09375,-0.5316272377967834,8,5,True,0.2950595654758617,False
incl88_j2_node290,0.0,2461970.560295817,2461970.5592367756,2461970.5269260914,25.0,6978,-8.385538647081319,5.625,0.24732115864753723,7,4,True,0.19981786874918586,False
incl88_j2_node290,0.0,2461970.5703154095,2461970.569256368,2461970.536945684,25.0,2498,35.68533471265204,7.03125,0.13922832906246185,6,3,True,0.19896394894983296,False
incl88_j2_node290,0.0,2461995.520493402,2461995.519434361,2461995.4871236766,25.0,1997,41.81031489577859,37.96875,-0.22444532811641693,16,7,True,0.6444810514963775,False
incl88_j2_node290,0.0,2461995.585646725,2461995.5845876834,2461995.552276999,25.0,9292,-31.388166464348544,33.75,0.5042634010314941,13,4,True,0.6384050329041365,False
incl88_j2_node290,0.0,2461996.4841305227,2461996.4830714813,2461996.450760797,25.0,9800,-37.168899655999454,22.5,-0.2255760133266449,13,7,True,0.5518864703631989,False
incl88_j2_node290,0.0,2461996.4936681325,2461996.492609091,2461996.460298407,25.0,5576,4.780191847199163,23.90625,-0.42875218391418457,12,7,True,0.550944704365852,False
incl88_j2_node290,0.0,2461996.5735652195,2461996.572506178,2461996.540195494,25.0,6472,-3.583321698471977,22.5,-0.32020261883735657,15,6,True,0.5430394579047169,False
incl88_j2_node290,0.0,2461997.470314158,2461997.469255117,2461997.4369444326,25.0,7875,-16.957763300004146,9.84375,0.07734502106904984,13,7,True,0.45283838207708677,False
incl88_j2_node290,0.0,2461997.4813048034,2461997.480245762,2461997.447935078,25.0,2884,31.38816646434855,11.25,0.03564321622252464,13,7,True,0.45172169227121706,False
incl88_j2_node290,0.0,2461997.559824221,2461997.5587651795,2461997.5264544953,25.0,4291,16.957763300004146,9.84375,-0.0900186225771904,12,6,True,0.4437401221951466,False
incl88_j2_node290,0.0,2461998.5313597447,2461998.5303007034,2461998.497990019,25.0,9022,-27.27961273597809,-4.21875,-0.20765434205532074,12,7,True,0.34517928298383393,False
incl88_j2_node290,0.0,2461998.543458348,2461998.542399307,2461998.5100886226,25.0,3519,25.944479772370002,-2.8125,-0.12240256369113922,12,7,True,0.34396325071719325,False
incl88_j2_node290,0.0,2461999.527943609,2461999.5268845675,2461999.4945738832,25.0,2362,38.68218745348943,-15.46875,0.025771593675017357,11,7,True,0.2474974518110838,False
incl88_j2_node290,0.0,2462000.5800826037,2462000.5790235624,2462000.546712878,25.0,7349,-10.806922874860348,-30.9375,-0.05628439784049988,7,5,True,0.15387346544570396,False
incl88_j2_node290,0.0,2462040.2044149283,2462040.203355887,2462040.1710452028,25.0,1978,43.406858485936986,-15.9677419354839,-0.03281380981206894,6,4,True,0.5171160288776275,False
incl88_j2_node290,0.0,2462040.2184223086,2462040.217363267,2462040.185052583,25.0,8123,-18.209956864283015,-14.0625,0.0291356910020113,8,6,True,0.51854835957292,False
incl88_j2_node290,0.0,2462041.204666439,2462041.2036073976,2462041.1712967134,25.0,10038,-38.68218745348943,-26.71875,-0.25626373291015625,9,5,True,0.6169060477811266,False
incl88_j2_node290,0.0,2462041.280686815,2462041.2796277734,2462041.2473170892,25.0,7606,-13.248014905676953,-28.125,0.15500518679618835,10,6,True,0.6242371194438574,False
incl88_j2_node290,0.0,2462068.1849215287,2462068.1838624873,2462068.151551803,25.0,4023,20.742379954487134,-25.3125,-0.4138317406177521,8,6,True,0.3508360363143883,False
incl88_j2_node290,0.0,2462068.1998702777,2462068.1988112363,2462068.166500552,25.0,10540,-44.99388015045713,-22.5,0.3082086145877838,6,3,True,0.3523048012055878,False
incl88_j2_node290,0.0,2462069.2471318026,2462069.2460727612,2462069.213762077,25.0,3506,25.944479772370002,-39.375,-0.27089574933052063,9,5,True,0.45606859301194874,False
incl88_j2_node290,0.0,2462069.2618206013,2462069.26076156,2462069.2284508757,25.0,10034,-38.68218745348943,-37.96875000000006,-0.5314041972160339,7,3,True,0.4575253748315532,False
incl88_j2_node290,0.0,2462070.237083727,2462070.2360246857,2462070.2037140015,25.0,7342,-10.806922874860348,-50.625,0.48461997509002686,12,7,True,0.5532069454594446,False
incl88_j2_node290,0.0,2462070.3117053495,2462070.310646308,2462070.278335624,25.0,4013,20.742379954487134,-53.43750000000006,-0.4299406409263611,12,3,True,0.5604006240934452,False
incl88_j2_node290,0.0,2462096.169135081,2462096.1680760398,2462096.1357653555,25.0,8116,-18.209956864283015,-33.75000000000006,-0.050534509122371674,4,2,True,0.19414443899472045,False
incl88_j2_node290,0.0,2462116.608000136,2462116.6069410946,2462116.5746304104,25.0,3027,29.999999999999993,54.84375,0.08611541986465454,12,7,True,0.2926999190624555,False
incl88_j2_node290,0.0,2462116.622598104,2462116.621539063,2462116.5892283786,25.0,9556,-34.22886632781257,56.25,-0.18973170220851898,12,7,True,0.291166940020627,False
incl88_j2_node290,0.0,2462143.5997914304,2462143.598732389,2462143.566421705,25.0,2260,38.68218745348943,57.65625,0.019818348810076714,16,7,True,0.5539734184581323,False
incl88_j2_node290,0.0,2462143.6138831135,2462143.612824072,2462143.580513388,25.0,8533,-23.31795706533424,59.0625,-0.2157171666622162,17,7,True,0.5523679815260556,False
incl88_j2_node290,0.0,2462144.591809949,2462144.5907509075,2462144.5584402233,25.0,6864,-7.180755781458288,46.40625,0.4905785024166107,13,7,True,0.44094520529639125,False
incl88_j2_node290,0.0,2462144.666373486,2462144.665314445,2462144.6330037606,25.0,3535,24.62431835216408,43.59375,-0.415094256401062,11,5,True,0.432533932595211,False
incl88_j2_node290,0.0,2462145.6488482673,2462145.647789226,2462145.6154785417,25.0,3915,20.742379954487134,30.9375,-0.23218095302581787,10,6,True,0.32489063869207063,False
incl88_j2_node290,0.0,2462145.6634341823,2462145.662375141,2462145.6300644567,25.0,10315,-43.40685848593699,33.38709677419354,0.30360785126686096,7,5,True,0.3233517233755748,False
incl88_j2_node290,0.0,2462172.5696710437,2462172.5686120023,2462172.536301318,25.0,8013,-18.209956864283015,36.5625,0.17761069536209106,13,7,True,0.5960734102303595,False
incl88_j2_node290,0.0,2462172.6462458447,2462172.6451868033,2462172.612876119,25.0,5580,4.780191847199163,35.15625,0.3951231837272644,15,6,True,0.5874882590603049,False
incl88_j2_node290,0.0,2462173.556991219,2462173.5559321777,2462173.5236214935,25.0,10312,-43.40685848593699,24.67741935483872,0.33122238516807556,8,3,True,0.485112557259601,False
incl88_j2_node290,0.0,2462173.6336360904,2462173.632577049,2462173.600266365,25.0,8264,-20.74237995448715,22.5,0.11048143357038498,11,7,True,0.4765534629005528,False
incl88_j2_node290,0.0,2462174.61862317,2462174.6175641287,2462174.5852534445,25.0,9667,-35.68533471265205,9.84375,-0.005636726971715689,7,3,True,0.36921352926269807,False
incl88_j2_node300,0.0,2461536.2842018735,2461536.283142832,2461536.250832148,25.0,8766,-24.62431835216408,-4.21875,-0.23603789508342743,11,7,True,0.23636555558244432,False
incl88_j2_node300,0.0,2461536.293374319,2461536.2923152777,2461536.2600045935,25.0,4543,15.713861048008212,-2.8125,-0.23393434286117554,9,6,True,0.23727674147224745,False
incl88_j2_node300,0.0,2461537.27581997,2461537.2747609285,2461537.2424502443,25.0,4154,19.47122063449069,-15.46875,-0.39827290177345276,13,7,True,0.3405744281910225,False
incl88_j2_node300,0.0,2461538.254065172,2461538.2530061305,2461538.2206954462,25.0,5685,4.780191847199163,-29.53125,0.1463807374238968,10,4,True,0.45054892482618003,False
incl88_j2_node300,0.0,2461538.326661692,2461538.3256026506,2461538.2932919664,25.0,9780,-35.68533471265205,-32.34375000000006,0.27036941051483154,13,7,True,0.4588249416908401,False
incl88_j2_node300,0.0,2461539.3072235947,2461539.3061645534,2461539.273853869,25.0,10160,-40.22818472806108,-45.0,-0.17639140784740448,13,7,True,0.5699647384702621,False
incl88_j2_node300,0.0,2461539.387937295,2461539.3868782534,2461539.354567569,25.0,10532,-44.99388015045713,-46.49999999999994,-0.08235187828540802,12,5,True,0.578962633678678,False
incl88_j2_node300,0.0,2461566.309043413,2461566.3079843717,2461566.2756736875,25.0,6705,-4.780191847199163,-40.78125,0.22303541004657745,6,4,True,0.31796186960035716,False
incl88_j2_node300,0.0,2461567.2985459985,2461567.297486957,2461567.265176273,25.0,3117,29.999999999999993,-52.03125,-0.21416039764881134,12,7,True,0.42745120917332236,False
incl88_j2_node300,0.0,2461613.50272664,2461613.5016675987,2461613.4693569145,25.0,8659,-24.62431835216408,54.84375,0.03013860061764717,12,7,True,0.4699630520364378,False
incl88_j2_node300,0.0,2461614.4846162796,2461614.4835572382,2461614.451246554,25.0,8527,-23.31795706533424,42.1875,-0.21572434902191162,11,7,True,0.36558729956632047,False
incl88_j2_node300,0.0,2461614.4955152725,2461614.494456231,2461614.462145547,25.0,3535,24.62431835216408,43.59375,0.019699113443493843,12,7,True,0.36443429999083077,False
incl88_j2_node300,0.0,2461614.57253361,2461614.5714745685,2461614.5391638842,25.0,5711,3.5833216984719627,42.1875,-0.39308857917785645,8,4,True,0.3562964593253646,False
incl88_j2_node300,0.0,2461615.552487607,2461615.5514285658,2461615.5191178815,25.0,6474,-3.583321698471977,28.125,0.4599137008190155,9,6,True,0.25533784919317426,False
incl88_j2_node300,0.0,2461641.392007546,2461641.3909485047,2461641.3586378205,25.0,10319,-43.40685848593699,45.0,0.19317124783992767,12,5,True,0.6298716963221168,False
incl88_j2_node300,0.0,2461641.410327424,2461641.4092683825,2461641.3769576983,25.0,2385,37.16889965599944,47.8125,0.5056543946266174,14,7,True,0.62800238311094,False
incl88_j2_node300,0.0,2461641.4898782484,2461641.488819207,2461641.456508523,25.0,3280,27.27961273597809,46.40625,0.4465179145336151,14,7,True,0.6198525238787614,False
incl88_j2_node300,0.0,2461641.5652086455,2461641.564149604,2461641.53183892,25.0,6224,-1.1937484371410818,45.0,-0.16456684470176697,16,7,True,0.612087599969122,False
incl88_j2_node300,0.0,2461642.4614139353,2461642.460354894,2461642.4280442097,25.0,7883,-16.957763300004146,32.34375,0.07045608013868332,14,7,True,0.5167772087910851,False
incl88_j2_node300,0.0,2461642.5386210973,2461642.537562056,2461642.505251372,25.0,9803,-37.168899655999454,30.9375,-0.360791951417923,15,7,True,0.5083698386125167,False
incl88_j2_node300,0.0,2461642.548703973,2461642.547644932,2461642.5153342476,25.0,5323,7.180755781458274,32.34375,-0.2109604924917221,15,7,True,0.5072702478519228,False
incl88_j2_node300,0.0,2461643.5322342617,2461643.5311752204,2461643.498864536,25.0,4423,15.713861048008212,19.6875,-0.23381219804286957,12,7,True,0.39907994397659974,False
incl88_j2_node300,0.0,2461644.500742256,2461644.499683215,2461644.4673725306,25.0,10177,-41.81031489577862,4.21875,0.03922038897871971,8,5,True,0.29424357665277034,False
incl88_j2_node300,0.0,2461644.582897064,2461644.5818380225,2461644.5495273382,25.0,10049,-40.22818472806108,2.8125,0.35910311341285706,9,6,True,0.2856094467688224,False
incl88_j2_node300,0.0,2461644.6008503917,2461644.5997913503,2461644.567480666,25.0,2242,38.68218745348943,7.03125,-0.5169760584831238,6,3,True,0.283730151761354,False
incl88_j2_node300,0.0,2461645.571182124,2461645.5701230825,2461645.5378123983,25.0,7357,-10.806922874860348,-8.4375,-0.019604938104748726,9,6,True,0.18736252385837923,False
incl88_j2_node300,0.0,2461670.6009346102,2461670.599875569,2461670.5675648847,25.0,7623,-14.477512185929939,21.09375,-0.5102647542953491,15,6,True,0.6464789683168661,False
incl88_j2_node300,0.0,2461671.413759245,2461671.4127002037,2461671.3803895195,25.0,9795,-37.168899655999454,8.4375,0.307721346616745,12,5,True,0.5590313221803195,True
incl88_j2_node300,0.0,2461671.4998717634,2461671.498812722,2461671.466502038,25.0,8003,-18.209956864283015,8.4375,0.09968839585781097,13,7,True,0.549514848524793,False
incl88_j2_node300,0.0,2461671.5114667835,2461671.510407742,2461671.478097058,25.0,2755,32.79716829582364,9.84375,0.41015031933784485,14,7,True,0.5482306211283764,False
incl88_j2_node300,0.0,2461671.586629178,2461671.5855701366,2461671.5532594523,25.0,5699,3.5833216984719627,8.4375,-0.25947514176368713,16,7,True,0.5398906994044556,False
incl88_j2_node300,0.0,2461672.482312324,2461672.4812532826,2461672.4489425984,25.0,7742,-14.477512185929939,-4.21875,-0.08072177320718765,14,7,True,0.4392577889332668,False
incl88_j2_node300,0.0,2461672.5596235655,2461672.558564524,2461672.52625384,25.0,9662,-34.22886632781257,-5.625,-0.44789424538612366,14,7,True,0.43053922103686626,True
incl88_j2_node300,0.0,2461672.5701390696,2461672.569080028,2461672.536769344,25.0,4926,12.024699180565818,-4.21875,-0.29647520184516907,14,7,True,0.4293538649675293,False
incl88_j2_node300,0.0,2461673.5525690434,2461673.551510002,2461673.519199318,25.0,4538,15.713861048008212,-16.875,-0.477321058511734,12,7,True,0.3202520789603184,False
incl88_j2_node300,0.0,2461674.616524776,2461674.6154657346,2461674.5831550504,25.0,4277,18.209956864283,-30.9375,-0.38194501399993896,6,4,True,0.21069912290562226,False
incl88_j2_node300,0.0,2461685.1985685155,2461685.197509474,2461685.16519879,25.0,3010,29.999999999999993,7.03125,0.017410125583410263,4,2,True,0.42510545855558096,False
incl88_j2_node300,0.0,2461686.189718178,2461686.1886591366,2461686.1563484524,25.0,7486,-12.024699180565818,-4.21875,0.3280775249004364,7,4,True,0.5201507726300154,True
incl88_j2_node300,0.0,2461686.2679700125,2461686.266910971,2461686.234600287,25.0,5822,3.5833216984719627,-5.625,0.4980010390281677,6,2,True,0.5276042577324587,False
incl88_j2_node300,0.0,2461687.254229773,2461687.2531707315,2461687.2208600473,25.0,7993,-16.957763300004146,-18.28125,0.15900778770446777,12,7,True,0.6199355196941292,True
incl88_j2_node300,0.0,2461714.169469431,2461714.1684103897,2461714.1360997055,25.0,9403,-31.388166464348544,-14.0625,-0.35931098461151123,7,5,True,0.34632212138053947,False
incl88_j2_node300,0.0,2461715.228740933,2461715.2276818915,2461715.1953712073,25.0,7606,-13.248014905676953,-28.125,0.2326006293296814,10,7,True,0.44435119916168586,False
incl88_j2_node300,0.0,2461716.2048619865,2461716.203802945,2461716.171492261,25.0,5041,10.806922874860334,-42.18750000000006,-0.09917447715997696,13,7,True,0.5361561770848675,False
incl88_j2_node300,0.0,2461716.282917767,2461716.2818587255,2461716.2495480413,25.0,3376,27.27961273597809,-43.59375,0.13196994364261627,13,6,True,0.5434815730331085,False
incl88_j2_node300,0.0,2461717.1790403347,2461717.1779812933,2461717.145670609,25.0,1964,43.406858485936986,-56.61290322580646,-0.14326508343219757,15,7,True,0.6266704406088418,False
incl88_j2_node300,0.0,2461717.1954243304,2461717.194365289,2461717.162054605,25.0,9133,-28.630989836924357,-53.43750000000006,0.2870756983757019,15,7,True,0.6281692726644651,False
incl88_j2_node300,0.0,2461717.2734498535,2461717.272390812,2461717.240080128,25.0,7468,-12.024699180565818,-54.84375,0.5789514780044556,15,7,True,0.6352928620826335,False
incl88_j2_node300,0.0,2461717.3503258335,2461717.349266792,2461717.316956108,25.0,5163,9.594068226860458,-57.65625000000006,-0.4628787040710449,14,5,True,0.642287641552621,False
incl88_j2_node300,0.0,2461743.1951838243,2461743.194124783,2461743.1618140987,25.0,3506,25.944479772370002,-39.375,0.036624886095523834,9,6,True,0.27149516240954297,False
incl88_j2_node300,0.0,2461744.17244881,2461744.171389769,2461744.1390790846,25.0,1842,44.993880150457116,-52.5,0.572265625,11,7,True,0.35675673508793765,False
incl88_j2_node300,0.0,2461744.188573558,2461744.1875145165,2461744.1552038323,25.0,8878,-25.944479772370016,-50.625,0.06637518852949142,12,7,True,0.3582111205432456,False
incl88_j2_node300,0.0,2461744.266109036,2461744.2650499945,2461744.2327393102,25.0,6957,-7.180755781458288,-52.03125,0.37442919611930847,9,4,True,0.36522294791193793,False
incl88_j2_node300,0.0,2461771.1736990055,2461771.172639964,2461771.14032928,25.0,4910,12.024699180565818,-49.21875000000006,-0.4773632884025574,5,3,True,0.12942400497906278,False
incl88_j2_node300,0.0,2461790.6421975335,2461790.641138492,2461790.608827808,25.0,4947,10.806922874860334,53.4375,-0.5194030404090881,11,7,True,0.36067323942089774,False
incl88_j2_node300,0.0,2461817.5498019457,2461817.5487429043,2461817.51643222,25.0,3028,29.999999999999993,57.65625,0.07838474959135056,14,7,True,0.6375168396750435,False
incl88_j2_node300,0.0,2461817.6285566855,2461817.627497644,2461817.59518696,25.0,1879,43.406858485936986,56.61290322580646,0.5618487000465393,18,7,True,0.6292294476814864,False
incl88_j2_node300,0.0,2461817.6455610874,2461817.644502046,2461817.612191362,25.0,9301,-31.388166464348544,59.0625,0.4712064862251282,15,6,True,0.6274380236589913,False
incl88_j2_node300,0.0,2461818.6230249284,2461818.621965887,2461818.589655203,25.0,7504,-13.248014905676953,45.0,0.10608983039855957,12,7,True,0.5241229982713915,False
incl88_j2_node300,0.0,2461819.6114756633,2461819.610416622,2461819.5781059377,25.0,10315,-43.40685848593699,33.38709677419354,0.18041321635246277,7,3,True,0.42188559128506886,False
incl88_j2_node300,0.0,2461847.586469797,2461847.5854107556,2461847.5531000714,25.0,10184,-41.81031489577862,23.90625,0.5029845237731934,10,5,True,0.591011173276782,True
incl88_j2_node300,0.0,2461861.2736323695,2461861.272573328,2461861.240262644,25.0,8263,-20.74237995448715,19.6875,0.26658812165260315,8,6,True,0.19876694377116277,False
incl88_j2_node300,0.0,2461862.2549340357,2461862.2538749943,2461862.22156431,25.0,8386,-22.02431283704216,7.03125,-0.07371258735656738,12,7,True,0.28644673845761953,False
incl88_j2_node300,0.0,2461862.2652426953,2461862.264183654,2461862.23187297,25.0,3651,23.31795706533424,8.4375,-0.07766687870025635,12,7,True,0.28743281045477853,False
incl88_j2_node300,0.0,2461863.2483523465,2461863.247293305,2461863.214982621,25.0,3134,29.999999999999993,-4.21875,-0.1311093270778656,14,7,True,0.3865846011610656,False
incl88_j2_node300,0.0,2461863.322783272,2461863.3217242304,2461863.289413546,25.0,6461,-2.388015463268786,-7.03125,0.5343725085258484,13,7,True,0.394448217801713,False
incl88_j2_node300,0.0,2461864.225300248,2461864.2242412064,2461864.191930522,25.0,5177,9.594068226860458,-18.28125,0.2412414401769638,10,4,True,0.4925361973396153,False
incl88_j2_node300,0.0,2461864.300782178,2461864.2997231367,2461864.2674124525,25.0,8121,-18.209956864283015,-19.6875,-0.253452330827713,14,7,True,0.5009058592708339,False
incl88_j2_node300,0.0,2461864.3775683166,2461864.3765092753,2461864.344198591,25.0,10168,-40.22818472806108,-22.5,0.43853759765625,15,6,True,0.5094358626084595,False
incl88_j2_node300,0.0,2461864.39586154,2461864.3948024986,2461864.3624918144,25.0,2233,40.228184728061095,-19.6875,0.4941973090171814,11,5,True,0.5114700845806963,False
incl88_j2_node300,0.0,2461865.2848794274,2461865.283820386,2461865.251509702,25.0,6964,-7.180755781458288,-32.34375000000006,-0.2414357215166092,15,7,True,0.6105404190163847,False
incl88_j2_node300,0.0,2461865.374512425,2461865.373453384,2461865.3411426996,25.0,3380,27.27961273597809,-32.34375000000006,-0.21463359892368317,17,7,True,0.6204656695391817,False
incl88_j2_node300,0.0,2461891.289542699,2461891.288483658,2461891.2561729737,25.0,10170,-40.22818472806108,-16.875,-0.5764116644859314,11,7,True,0.25345021109707727,False
incl88_j2_node300,0.0,2461891.3074748553,2461891.306415814,2461891.2741051298,25.0,2362,38.68218745348943,-15.46875,0.4714934527873993,7,5,True,0.25516842069543205,False
incl88_j2_node300,0.0,2461892.2901429045,2461892.289083863,2461892.256773179,25.0,1974,43.406858485936986,-27.580645161290363,-0.004035269841551781,12,7,True,0.3552314391407321,False
incl88_j2_node300,0.0,2461893.258854589,2461893.2577955476,2461893.2254848634,25.0,7601,-13.248014905676953,-42.18750000000006,-0.3501805067062378,12,6,True,0.46220081151553755,False
incl88_j2_node300,0.0,2461893.3452911186,2461893.3442320772,2461893.311921393,25.0,5424,7.180755781458274,-43.59375,0.5590404272079468,13,7,True,0.4719824719313922,False
incl88_j2_node300,0.0,2461894.24674374,2461894.2456846987,2461894.2133740145,25.0,4652,14.477512185929925,-54.84375,0.1352340281009674,11,4,True,0.5746023511415146,False
incl88_j2_node300,0.0,2461894.3216834045,2461894.320624363,2461894.288313679,25.0,7852,-15.713861048008212,-56.25,-0.41250431537628174,13,7,True,0.5831029818178726,False
incl88_j2_node300,0.0,2461894.4059634754,2461894.404904434,2461894.37259375,25.0,6699,-4.780191847199163,-57.65625000000006,0.2233302742242813,11,4,True,0.5926425356320564,False
incl88_j2_node300,0.0,2461921.3143025604,2461921.313243519,2461921.280932835,25.0,8365,-20.74237995448715,-53.43750000000006,-0.1833440363407135,7,5,True,0.33145706963489013,False
incl88_j2_node300,0.0,2461940.543763381,2461940.5427043396,2461940.5103936554,25.0,5203,8.385538647081319,53.4375,-0.3007042706012726,5,3,True,0.23753057561838764,False
incl88_j2_node300,0.0,2461967.4606359,2461967.4595768587,2461967.4272661745,25.0,3028,29.999999999999993,57.65625,0.36995500326156616,11,6,True,0.49289472804656753,False
incl88_j2_node300,0.0,2461967.536432983,2461967.5353739415,2461967.5030632573,25.0,5716,3.5833216984719627,56.25,-0.0508512444794178,9,6,True,0.48550286972829004,False
incl88_j2_node300,0.0,2461968.5177556663,2461968.516696625,2461968.4843859407,25.0,5839,2.388015463268772,43.59375,-0.4011235535144806,12,7,True,0.3895397169545407,False
incl88_j2_node300,0.0,2461969.5090297936,2461969.507970752,2461969.475660068,25.0,1750,44.993880150457116,31.5,0.1742132157087326,10,6,True,0.29441010866009615,False
incl88_j2_node300,0.0,2461970.556595308,2461970.5555362664,2461970.523225582,25.0,8645,-24.62431835216408,15.46875,-0.08540487289428711,8,5,True,0.20013343149924057,False
incl88_j2_node300,0.0,2461995.512604806,2461995.5115457647,2461995.4792350805,25.0,5328,7.180755781458274,46.40625,0.11039271205663681,16,7,True,0.6452146449495165,False
incl88_j2_node300,0.0,2461995.588634761,2461995.5875757197,2461995.5552650355,25.0,8016,-18.209956864283015,45.0,-0.24459722638130188,12,3,True,0.638125638525768,False
incl88_j2_node300,0.0,2461996.4844533955,2461996.483394354,2461996.45108367,25.0,9675,-35.68533471265205,32.34375,-0.08636926114559174,13,7,True,0.5518545960720911,False
incl88_j2_node300,0.0,2461996.5027921037,2461996.5017330623,2461996.469422378,25.0,1751,44.993880150457116,34.5,0.29341575503349304,12,7,True,0.5500433655703447,False
incl88_j2_node300,0.0,2461996.5821488737,2461996.5810898324,2461996.548779148,25.0,2636,34.228866327812575,33.75,-0.35234490036964417,13,4,True,0.5421885271138753,False
incl88_j2_node300,0.0,2461997.466378051,2461997.4653190095,2461997.4330083253,25.0,9543,-34.22886632781257,19.6875,-0.3060173988342285,13,7,True,0.45323827870345385,False
incl88_j2_node300,0.0,2461997.5551445917,2461997.5540855504,2461997.521774866,25.0,6471,-3.583321698471977,19.6875,-0.4879293739795685,12,7,True,0.4442159746067833,False
incl88_j2_node300,0.0,2461997.56308847,2461997.562029429,2461997.5297187446,25.0,2887,31.38816646434855,19.6875,0.4734741747379303,12,6,True,0.4434081879457703,False
incl88_j2_node300,0.0,2461998.5474119275,2461998.546352886,2461998.514042202,25.0,1862,43.406858485936986,7.258064516129025,0.40218880772590637,12,7,True,0.343565998238878,False
incl88_j2_node300,0.0,2461999.52937128,2461999.528312239,2461999.4960015547,25.0,1858,44.993880150457116,-4.5,-0.4016103446483612,11,7,True,0.24736235431876613,False
incl88_j2_node300,0.0,2462000.579235887,2462000.578176846,2462000.5458661616,25.0,7736,-14.477512185929939,-21.09375,-0.018369747325778008,7,5,True,0.15394306194248109,False
incl88_j2_node300,0.0,2462025.4503300665,2462025.449271025,2462025.416960341,25.0,5700,3.5833216984719627,11.25,-0.5591120719909668,14,7,True,0.6117640728167593,True
incl88_j2_node300,0.0,2462025.5248008515,2462025.52374181,2462025.491431126,25.0,9027,-28.630989836924357,8.4375,0.21221370995044708,15,7,True,0.6043920255803953,True
incl88_j2_node300,0.0,2462025.6101010656,2462025.6090420242,2462025.57673134,25.0,7491,-13.248014905676953,8.4375,-0.352592796087265,12,4,True,0.5958999990480116,True
incl88_j2_node300,0.0,2462026.4413278145,2462026.440268773,2462026.407958089,25.0,1859,44.993880150457116,-1.5,0.4782065451145172,13,7,True,0.5108888678216075,True
incl88_j2_node300,0.0,2462026.5231340225,2462026.522074981,2462026.489764297,25.0,1859,44.993880150457116,-1.5,-0.2854898273944855,13,7,True,0.5023455512296716,True
incl88_j2_node300,0.0,2462027.499500939,2462027.498441898,2462027.4661312136,25.0,3898,22.02431283704216,-15.46875,-0.32118597626686096,13,7,True,0.39925479482360005,True
incl88_j2_node300,0.0,2462027.5865172315,2462027.58545819,2462027.553147506,25.0,1854,44.993880150457116,-16.5,0.38595375418663025,12,6,True,0.3900471042115621,True
incl88_j2_node300,0.0,2462040.208964199,2462040.2079051575,2462040.1755944733,25.0,3774,23.31795706533424,-5.625,-0.387492299079895,7,5,True,0.5175813145950753,False
incl88_j2_node300,0.0,2462041.2005749904,2462041.199515949,2462041.167205265,25.0,8378,-20.74237995448715,-16.875,0.0933011993765831,8,4,True,0.6165103113709699,False
incl88_j2_node300,0.0,2462041.278203678,2462041.2771446365,2462041.2448339523,25.0,6457,-2.388015463268786,-18.28125,0.27386316657066345,10,6,True,0.6239983399156703,False
incl88_j2_node300,0.0,2462068.184022192,2462068.1829631506,2462068.1506524663,25.0,3642,24.62431835216408,-15.46875,-0.4086467921733856,8,6,True,0.3507476930668071,False
incl88_j2_node300,0.0,2462068.1998477834,2462068.198788742,2462068.166478058,25.0,10543,-44.99388015045713,-13.5,-0.4514111578464508,6,3,True,0.3523025906379499,False
incl88_j2_node300,0.0,2462069.2485838337,2462069.2475247923,2462069.215214108,25.0,4149,19.47122063449069,-29.53125,-0.5779631733894348,9,5,True,0.45621261107222055,False
incl88_j2_node300,0.0,2462070.225464492,2462070.2244054507,2462070.1920947665,25.0,2225,40.228184728061095,-42.18750000000006,0.3303839862346649,12,7,True,0.5520847035704665,False
incl88_j2_node300,0.0,2462070.242060152,2462070.2410011105,2462070.2086904263,25.0,9521,-32.79716829582364,-40.78125,-0.2839859426021576,12,7,True,0.5536873940555029,False
incl88_j2_node300,0.0,2462071.205973024,2462071.2049139827,2462071.1726032984,25.0,1841,44.993880150457116,-55.5,0.22864054143428802,14,7,True,0.6444127469219705,False
incl88_j2_node300,0.0,2462071.223335332,2462071.2222762904,2462071.189965606,25.0,9389,-31.388166464348544,-53.43750000000006,0.03042720817029476,14,7,True,0.6459970161668486,False
incl88_j2_node300,0.0,2462096.17242972,2462096.1713706786,2462096.1390599944,25.0,9527,-32.79716829582364,-23.90625,-0.581838846206665,4,2,True,0.1944144254658451,False
incl88_j2_node300,0.0,2462098.211324513,2462098.2102654716,2462098.1779547874,25.0,6830,-5.979156796301311,-50.625,0.39936262369155884,12,7,True,0.37728119312120956,False
incl88_j2_node300,0.0,2462144.583954557,2462144.5828955155,2462144.5505848313,25.0,3283,27.27961273597809,54.84375,-0.1436261236667633,13,7,True,0.44183267224484946,False
incl88_j2_node300,0.0,2462144.5996653456,2462144.5986063043,2462144.56629562,25.0,10196,-41.81031489577862,57.65625,0.4622742235660553,13,7,True,0.4400579912606677,False
incl88_j2_node300,0.0,2462145.6440436286,2462145.6429845872,2462145.610673903,25.0,1998,41.81031489577859,40.78125,0.2860090434551239,11,7,True,0.3253980348810511,False
incl88_j2_node300,0.0,2462145.6606790978,2462145.6596200564,2462145.627309372,25.0,9295,-31.388166464348544,42.1875,-0.3143911361694336,8,6,True,0.32364219061467525,False
incl88_j2_node300,0.0,2462172.5688023204,2462172.567743279,2462172.535432595,25.0,7632,-14.477512185929939,46.40625,0.09862151741981506,13,7,True,0.5961707139686949,False
incl88_j2_node300,0.0,2462172.646497383,2462172.6454383414,2462172.613127657,25.0,5712,3.5833216984719627,45.0,0.2213694155216217,15,6,True,0.5874600360772056,False
incl88_j2_node300,0.0,2462173.6223913403,2462173.621332299,2462173.5890216148,25.0,3147,28.630989836924343,30.9375,-0.16891273856163025,13,7,True,0.4778079746390894,False
incl88_j2_node300,0.0,2462174.609401549,2462174.608342508,2462174.5760318236,25.0,5574,4.780191847199163,18.28125,-0.5172450542449951,7,3,True,0.37018772453365567,False
incl88_j2_node310,0.0,2461536.284500089,2461536.2834410476,2461536.2511303634,25.0,8514,-23.31795706533424,5.625,-0.034962765872478485,11,7,True,0.23639515446107107,False
incl88_j2_node310,0.0,2461536.294808729,2461536.2937496877,2461536.2614390035,25.0,3778,22.02431283704216,7.03125,0.13003380596637726,9,6,True,0.2374193862288782,False
incl88_j2_node310,0.0,2461537.275535008,2461537.2744759666,2461537.2421652824,25.0,4286,18.209956864283,-5.625,-0.3059617280960083,13,7,True,0.3405431295531135,False
incl88_j2_node310,0.0,2461538.254338791,2461538.25327975,2461538.2209690656,25.0,5561,5.979156796301311,-19.6875,0.3391370177268982,10,4,True,0.4505801085195098,False
incl88_j2_node310,0.0,2461538.329775979,2461538.3287169375,2461538.2964062532,25.0,8504,-22.02431283704216,-21.09375,-0.27344557642936707,13,7,True,0.4591800621499549,False
incl88_j2_node310,0.0,2461539.3116596444,2461539.310600603,2461539.278289919,25.0,8372,-20.74237995448715,-33.75000000000006,-0.5251175761222839,13,7,True,0.5704601682349715,False
incl88_j2_node310,0.0,2461539.322576871,2461539.32151783,2461539.2892071456,25.0,3380,27.27961273597809,-32.34375000000006,-0.24956420063972473,13,7,True,0.5716790246232197,False
incl88_j2_node310,0.0,2461566.30133449,2461566.3002754487,2461566.2679647645,25.0,10036,-38.68218745348943,-32.34375000000006,0.33316245675086975,8,5,True,0.31712881765977485,False
incl88_j2_node310,0.0,2461567.289543856,2461567.2884848146,2461567.2561741304,25.0,7216,-9.594068226860458,-43.59375,-0.09308403730392456,11,6,True,0.4264416571181211,False
incl88_j2_node310,0.0,2461568.277451602,2461568.2763925605,2461568.2440818762,25.0,4268,18.209956864283,-56.25,0.48890239000320435,9,4,True,0.5367733451756627,False
incl88_j2_node310,0.0,2461568.352381948,2461568.3513229066,2461568.3190122223,25.0,7467,-12.024699180565818,-57.65625000000006,-0.16408976912498474,6,3,True,0.5450254544703148,False
incl88_j2_node310,0.0,2461614.4912805622,2461614.490221521,2461614.4579108367,25.0,5459,5.979156796301311,53.4375,-0.48302289843559265,11,7,True,0.364882252632736,False
incl88_j2_node310,0.0,2461614.565816386,2461614.564757345,2461614.5324466606,25.0,8786,-25.944479772370016,50.625,0.13338373601436615,8,5,True,0.3570054865433094,False
incl88_j2_node310,0.0,2461614.576721522,2461614.5756624807,2461614.5433517965,25.0,3794,22.02431283704216,52.03125,0.3666912019252777,7,3,True,0.3558544751706816,False
incl88_j2_node310,0.0,2461615.5610855874,2461615.560026546,2461615.527715862,25.0,2638,34.228866327812575,39.375,0.49593228101730347,9,6,True,0.25448249172653875,False
incl88_j2_node310,0.0,2461641.3983055125,2461641.397246471,2461641.364935787,25.0,7764,-15.713861048008212,56.25,0.2603873610496521,14,7,True,0.62922938789749,False
incl88_j2_node310,0.0,2461641.476857903,2461641.4757988616,2461641.4434881774,25.0,9171,-30.000000000000014,54.84375,0.04016520455479622,13,7,True,0.6211900037500597,False
incl88_j2_node310,0.0,2461641.4866909003,2461641.485631859,2461641.4533211747,25.0,4692,13.24801490567694,56.25,0.1322423368692398,14,7,True,0.6201800980566303,False
incl88_j2_node310,0.0,2461641.5643931497,2461641.5633341083,2461641.531023424,25.0,6611,-4.780191847199163,54.84375,-0.12257035821676254,16,7,True,0.6121719156301904,False
incl88_j2_node310,0.0,2461642.4605536456,2461642.4594946043,2461642.42718392,25.0,8271,-20.74237995448715,42.1875,0.08967801928520203,14,7,True,0.5168707653852466,False
incl88_j2_node310,0.0,2461642.5389570673,2461642.537898026,2461642.5055873417,25.0,9678,-35.68533471265205,40.78125,-0.17440813779830933,15,7,True,0.5083332043065703,False
incl88_j2_node310,0.0,2461642.5572992186,2461642.5562401772,2461642.523929493,25.0,1754,44.993880150457116,43.5,0.18974438309669495,14,7,True,0.5063325978690585,False
incl88_j2_node310,0.0,2461643.5313957473,2461643.530336706,2461643.4980260218,25.0,4810,12.024699180565818,29.53125,-0.2100939005613327,12,7,True,0.3991722289473788,False
incl88_j2_node310,0.0,2461644.500014211,2461644.4989551697,2461644.4666444855,25.0,10432,-44.99388015045713,13.5,0.4057329297065735,8,5,True,0.29432035297502696,False
incl88_j2_node310,0.0,2461644.582178456,2461644.5811194144,2461644.54880873,25.0,10308,-43.40685848593699,13.064516129032256,0.0234694704413414,9,6,True,0.2856847360402547,False
incl88_j2_node310,0.0,2461644.6019149832,2461644.600855942,2461644.5685452577,25.0,1865,43.406858485936986,15.967741935483872,0.48916587233543396,6,3,True,0.28361880346921853,False
incl88_j2_node310,0.0,2461645.5703479447,2461645.5692889034,2461645.536978219,25.0,7616,-14.477512185929939,1.40625,0.012386840768158436,9,6,True,0.18744001562162604,False
incl88_j2_node310,0.0,2461670.6017666524,2461670.600707611,2461670.568396927,25.0,7243,-10.806922874860348,30.9375,-0.24304376542568207,15,6,True,0.6463921372767235,False
incl88_j2_node310,0.0,2461671.4150811913,2461671.41402215,2461671.381711466,25.0,9287,-31.388166464348544,19.6875,-0.49887698888778687,12,5,True,0.5588855208620837,False
incl88_j2_node310,0.0,2461671.425508807,2461671.4244497656,2461671.3921390814,25.0,4551,14.477512185929925,21.09375,-0.3838323652744293,14,7,True,0.5577351125151826,False
incl88_j2_node310,0.0,2461671.5018273867,2461671.5007683453,2461671.468457661,25.0,7110,-9.594068226860458,18.28125,0.5466341972351074,13,7,True,0.5492983027214874,False
incl88_j2_node310,0.0,2461671.578030056,2461671.5769710145,2461671.5446603303,25.0,9542,-34.22886632781257,16.875,-0.05501148849725723,18,7,True,0.5408461622986038,False
incl88_j2_node310,0.0,2461672.4784703464,2461672.477411305,2461672.445100621,25.0,9282,-31.388166464348544,5.625,-0.4943399131298065,14,7,True,0.439691199376538,False
incl88_j2_node310,0.0,2461672.4888979355,2461672.487838894,2461672.45552821,25.0,4546,14.477512185929925,7.03125,-0.37655603885650635,13,7,True,0.43851489640651387,False
incl88_j2_node310,0.0,2461672.564664558,2461672.5636055167,2461672.5312948325,25.0,7361,-12.024699180565818,4.21875,0.4698159098625183,14,7,True,0.4299709591740953,False
incl88_j2_node310,0.0,2461673.548173684,2461673.547114643,2461673.5148039586,25.0,6589,-3.583321698471977,-8.4375,0.4365025460720062,12,7,True,0.32072833575157456,False
incl88_j2_node310,0.0,2461673.556447185,2461673.5553881438,2461673.5230774595,25.0,2877,32.79716829582364,-7.03125,0.2811640799045563,12,7,True,0.31983193540599064,False
incl88_j2_node310,0.0,2461674.6126481425,2461674.611589101,2461674.579278417,25.0,6072,1.1937484371410676,-22.5,0.5966695547103882,7,5,True,0.21107255545958378,False
incl88_j2_node310,0.0,2461713.1763091665,2461713.175250125,2461713.142939441,25.0,4034,19.47122063449069,7.03125,-0.5642982721328735,3,1,True,0.25879195045992454,False
incl88_j2_node310,0.0,2461715.225185979,2461715.224126938,2461715.1918162536,25.0,5945,2.388015463268772,-18.28125,0.5683525800704956,10,7,True,0.44401779170192046,False
incl88_j2_node310,0.0,2461716.201116545,2461716.200057504,2461716.1677468196,25.0,3380,27.27961273597809,-32.34375000000006,0.2867213785648346,13,7,True,0.5358044876779484,False
incl88_j2_node310,0.0,2461716.216828805,2461716.2157697636,2461716.1834590794,25.0,10293,-41.81031489577862,-29.53125,0.4613601267337799,12,7,True,0.5372797381631318,False
incl88_j2_node310,0.0,2461716.293542122,2461716.2924830806,2461716.2601723964,25.0,8244,-19.47122063449069,-32.34375000000006,-0.12626616656780243,13,6,True,0.5444780373019109,False
incl88_j2_node310,0.0,2461717.187549322,2461717.1864902806,2461717.1541795963,25.0,5552,5.979156796301311,-45.0,-0.0868433490395546,15,7,True,0.6274489811048296,False
incl88_j2_node310,0.0,2461717.2645087047,2461717.2634496633,2461717.231138979,25.0,3375,27.27961273597809,-46.40625,0.2819214463233948,15,7,True,0.6344777745285378,False
incl88_j2_node310,0.0,2461717.28022027,2461717.279161229,2461717.2468505446,25.0,10288,-41.81031489577862,-43.59375,0.45709556341171265,16,7,True,0.6359098592453085,False
incl88_j2_node310,0.0,2461717.356362847,2461717.355303806,2461717.3229931216,25.0,7983,-16.957763300004146,-46.40625,-0.05091327428817749,13,4,True,0.6428359035740189,False
incl88_j2_node310,0.0,2461743.200810107,2461743.1997510656,2461743.1674403814,25.0,6070,1.1937484371410676,-28.125,0.48090118169784546,9,6,True,0.27196751049131707,False
incl88_j2_node310,0.0,2461744.1767734247,2461744.1757143834,2461744.143403699,25.0,3505,25.944479772370002,-42.18750000000006,0.19085241854190826,12,7,True,0.3571466731359431,False
incl88_j2_node310,0.0,2461744.192896135,2461744.191837094,2461744.1595264096,25.0,10534,-44.99388015045713,-40.5,-0.5189918875694275,12,7,True,0.35860126027401473,False
incl88_j2_node310,0.0,2461744.2697687414,2461744.2687097,2461744.236399016,25.0,8625,-23.31795706533424,-42.18750000000006,-0.2900567948818207,9,3,True,0.3655546536734618,False
incl88_j2_node310,0.0,2461745.1684070486,2461745.167348007,2461745.135037323,25.0,8109,-18.209956864283015,-53.43750000000006,0.4828247129917145,13,7,True,0.4486793697408987,False
incl88_j2_node310,0.0,2461745.244699427,2461745.2436403856,2461745.2113297014,25.0,5548,5.979156796301311,-56.25,-0.46155887842178345,12,7,True,0.4558595298680639,False
incl88_j2_node310,0.0,2461771.171712958,2461771.1706539164,2461771.138343232,25.0,4018,20.742379954487134,-39.375,-0.32775750756263733,6,4,True,0.1292981955394642,False
incl88_j2_node310,0.0,2461818.609774706,2461818.6087156646,2461818.5764049804,25.0,1757,44.993880150457116,52.5,-0.16655708849430084,13,7,True,0.5255179164093859,False
incl88_j2_node310,0.0,2461818.6262059445,2461818.625146903,2461818.592836219,25.0,8915,-27.27961273597809,54.84375,-0.482808381319046,12,7,True,0.5237881649138395,False
incl88_j2_node310,0.0,2461847.567440534,2461847.5663814927,2461847.5340708084,25.0,1994,41.81031489577859,29.53125,-0.48058244585990906,7,3,True,0.5929355273264735,False
incl88_j2_node310,0.0,2461847.5837705983,2461847.582711557,2461847.5504008727,25.0,9163,-30.000000000000014,32.34375,-0.31819185614585876,9,5,True,0.591284146789375,False
incl88_j2_node310,0.0,2461849.6266532037,2461849.6255941624,2461849.593283478,25.0,8258,-20.74237995448715,5.625,0.2739085257053375,3,1,True,0.3887529453266957,False
incl88_j2_node310,0.0,2461863.2353263795,2461863.234267338,2461863.201956654,25.0,8897,-27.27961273597809,4.21875,-0.40314221382141113,12,6,True,0.38521280389039925,True
incl88_j2_node310,0.0,2461863.314877798,2461863.3138187565,2461863.2815080723,25.0,9793,-37.168899655999454,2.8125,-0.4428710639476776,13,7,True,0.3936109910983615,True
incl88_j2_node310,0.0,2461864.3049111506,2461864.3038521092,2461864.271541425,25.0,6204,0.0,-9.84375,0.4415525496006012,13,7,True,0.5013641591176146,True
incl88_j2_node310,0.0,2461864.384803618,2461864.3837445765,2461864.3514338923,25.0,7100,-8.385538647081319,-11.25,0.5079365968704224,14,6,True,0.510240347155243,True
incl88_j2_node310,0.0,2461865.2900725803,2461865.289013539,2461865.2567028548,25.0,4536,15.713861048008212,-22.5,0.5850109457969666,15,7,True,0.6111161745649643,True
incl88_j2_node310,0.0,2461865.363298473,2461865.3622394316,2461865.3299287474,25.0,8503,-22.02431283704216,-23.90625,-0.23169337213039398,18,7,True,0.6192254305756737,True
incl88_j2_node310,0.0,2461891.2895248993,2461891.288465858,2461891.2561551738,25.0,10173,-40.22818472806108,-8.4375,0.5860799551010132,11,7,True,0.2534485077394382,False
incl88_j2_node310,0.0,2461891.308908161,2461891.3078491194,2461891.275538435,25.0,1858,44.993880150457116,-4.5,0.016726946458220482,6,5,True,0.2553059829230736,False
incl88_j2_node310,0.0,2461892.279450406,2461892.2783913645,2461892.2460806803,25.0,6585,-3.583321698471977,-19.6875,0.3962089419364929,13,7,True,0.354088180507528,False
incl88_j2_node310,0.0,2461893.26185612,2461893.2607970787,2461893.2284863945,25.0,6196,0.0,-32.34375000000006,0.18541887402534485,13,7,True,0.4625400748422738,False
incl88_j2_node310,0.0,2461893.33715047,2461893.3360914285,2461893.3037807443,25.0,9140,-28.630989836924357,-33.75000000000006,-0.3738238513469696,13,7,True,0.47106021056103475,False
incl88_j2_node310,0.0,2461893.348665693,2461893.3476066515,2461893.3152959673,25.0,3892,22.02431283704216,-32.34375000000006,-0.1890711635351181,14,7,True,0.47236482500717164,False
incl88_j2_node310,0.0,2461894.325787238,2461894.3247281965,2461894.2924175123,25.0,5935,2.388015463268772,-46.40625,0.26319050788879395,13,7,True,0.5835680191187416,False
incl88_j2_node310,0.0,2461894.4017457985,2461894.400686757,2461894.368376073,25.0,8623,-23.31795706533424,-47.81250000000006,-0.20150773227214813,11,4,True,0.5921657159165933,False
incl88_j2_node310,0.0,2461921.309137523,2461921.308078482,2461921.2757677976,25.0,10412,-43.40685848593699,-45.0,0.2613754868507385,8,5,True,0.330898389574946,False
incl88_j2_node310,0.0,2461922.2958865208,2461922.2948274794,2461922.262516795,25.0,8364,-20.74237995448715,-56.25,-0.3539070188999176,13,7,True,0.4411654988670488,False
incl88_j2_node310,0.0,2461922.306200878,2461922.305141837,2461922.2728311527,25.0,3628,24.62431835216408,-54.84375,-0.3349096477031708,12,7,True,0.44234505503145966,False
incl88_j2_node310,0.0,2461968.5267075123,2461968.525648471,2461968.4933377868,25.0,2003,41.81031489577859,54.84375,-0.18686994910240173,10,7,True,0.3886672570423042,False
incl88_j2_node310,0.0,2461969.573769975,2461969.5727109336,2461969.5404002494,25.0,9165,-30.000000000000014,37.96875,0.13789133727550507,6,3,True,0.2883486418729353,False
incl88_j2_node310,0.0,2461970.5666097775,2461970.565550736,2461970.533240052,25.0,4041,19.47122063449069,26.71875,-0.04429623857140541,6,3,True,0.1992796717679569,False
incl88_j2_node310,0.0,2461995.512866348,2461995.5118073067,2461995.4794966225,25.0,5204,8.385538647081319,56.25,0.30455467104911804,16,7,True,0.6451903322659068,False
incl88_j2_node310,0.0,2461995.588907164,2461995.5878481227,2461995.5555374385,25.0,7891,-16.957763300004146,54.84375,-0.08169516175985336,12,3,True,0.6381001676861833,False
incl88_j2_node310,0.0,2461996.417262442,2461996.4162034006,2461996.3838927164,25.0,3152,28.630989836924343,45.0,0.26902586221694946,11,5,True,0.5584776176840228,False
incl88_j2_node310,0.0,2461996.4947356703,2461996.493676629,2461996.4613659447,25.0,5071,9.594068226860458,43.59375,0.024299681186676025,12,7,True,0.550839263160623,False
incl88_j2_node310,0.0,2461996.5713445055,2461996.570285464,2461996.53797478,25.0,7503,-13.248014905676953,42.1875,-0.28697678446769714,15,6,True,0.5432595700233923,False
incl88_j2_node310,0.0,2461997.4679447548,2461997.4668857134,2461997.434575029,25.0,8906,-27.27961273597809,29.53125,0.0105888107791543,13,7,True,0.4530791063151942,False
incl88_j2_node310,0.0,2461997.547495727,2461997.5464366856,2461997.5141260014,25.0,9802,-37.168899655999454,28.125,-0.0503825843334198,14,7,True,0.4449937124959841,False
incl88_j2_node310,0.0,2461997.555947702,2461997.5548886606,2461997.5225779763,25.0,6090,0.0,29.53125,-0.2380923479795456,12,7,True,0.44413431280495375,False
incl88_j2_node310,0.0,2461998.5372698414,2461998.5362108,2461998.503900116,25.0,6214,-1.1937484371410818,16.875,-0.5898065567016602,12,7,True,0.3445851966536765,False
incl88_j2_node310,0.0,2461999.5229856903,2461999.521926649,2461999.4896159647,25.0,4289,16.957763300004146,4.21875,-0.3645309805870056,9,5,True,0.2479667197742475,False
incl88_j2_node310,0.0,2462000.5816993117,2462000.5806402704,2462000.548329586,25.0,6588,-3.583321698471977,-11.25,0.43565794825553894,7,5,True,0.1537405789248213,False
incl88_j2_node310,0.0,2462025.4429914504,2462025.441932409,2462025.409621725,25.0,9031,-28.630989836924357,19.6875,0.03009381704032421,14,7,True,0.6124883712786208,False
incl88_j2_node310,0.0,2462025.453356011,2462025.4522969695,2462025.4199862853,25.0,4295,16.957763300004146,21.09375,-0.016053106635808945,14,7,True,0.6114653232692051,False
incl88_j2_node310,0.0,2462025.5293967295,2462025.528337688,2462025.496027004,25.0,6983,-8.385538647081319,19.6875,-0.40449026226997375,15,7,True,0.6039358031119763,False
incl88_j2_node310,0.0,2462025.6059593423,2462025.604900301,2462025.5725896168,25.0,9286,-31.388166464348544,16.875,0.49409130215644836,12,4,True,0.5963135008659515,False
incl88_j2_node310,0.0,2462026.4395394376,2462026.4384803963,2462026.406169712,25.0,2371,37.16889965599944,8.4375,0.3222135603427887,13,7,True,0.511075369997022,False
incl88_j2_node310,0.0,2462026.5178967714,2462026.51683773,2462026.484527046,25.0,3778,22.02431283704216,7.03125,0.1410931497812271,12,7,True,0.5028932065270723,False
incl88_j2_node310,0.0,2462026.596049265,2462026.5949902236,2462026.5626795394,25.0,5442,5.979156796301311,5.625,-0.0026920498348772526,15,6,True,0.4947111330530877,False
incl88_j2_node310,0.0,2462027.484617207,2462027.483558166,2462027.4512474816,25.0,10425,-43.40685848593699,-7.258064516129025,-0.5247264504432678,12,7,True,0.4008305829019091,False
incl88_j2_node310,0.0,2462027.5043542236,2462027.5032951823,2462027.470984498,25.0,1982,43.406858485936986,-4.354838709677324,-0.3920231759548187,13,7,True,0.39874101166000686,False
incl88_j2_node310,0.0,2462027.580706527,2462027.5796474856,2462027.5473368014,25.0,4157,19.47122063449069,-7.03125,0.0746014341711998,12,7,True,0.39066166470113334,False
incl88_j2_node310,0.0,2462028.5487204012,2462028.54766136,2462028.5153506757,25.0,10168,-40.22818472806108,-22.5,0.47732013463974,12,7,True,0.28977165612995515,False
incl88_j2_node310,0.0,2462029.61315071,2462029.6120916684,2462029.579780984,25.0,9779,-35.68533471265205,-35.15625,-0.45726272463798523,6,4,True,0.18669114712322188,False
incl88_j2_node310,0.0,2462041.272044946,2462041.2709859046,2462041.2386752204,25.0,3644,24.62431835216408,-9.84375,-0.46054866909980774,10,6,True,0.6234058803282654,True
incl88_j2_node310,0.0,2462068.194613382,2462068.193554341,2462068.1612436567,25.0,8510,-22.02431283704216,-4.21875,-0.457708477973938,8,5,True,0.35178820835040875,False
incl88_j2_node310,0.0,2462069.2438557013,2462069.24279666,2462069.2104859757,25.0,2233,40.228184728061095,-19.6875,0.030712153762578964,9,6,True,0.45574365467488065,False
incl88_j2_node310,0.0,2462069.259198151,2462069.2581391097,2462069.2258284255,25.0,9017,-27.27961273597809,-18.28125,-0.5952454209327698,7,3,True,0.45726530989224157,False
incl88_j2_node310,0.0,2462070.2376053077,2462070.2365462664,2462070.204235582,25.0,7605,-13.248014905676953,-30.9375,0.08381646871566772,12,7,True,0.5532573037509434,False
incl88_j2_node310,0.0,2462070.314214087,2462070.3131550457,2462070.2808443615,25.0,5172,9.594068226860458,-32.34375000000006,0.37291043996810913,12,3,True,0.5606420701834391,False
incl88_j2_node310,0.0,2462071.2178219594,2462071.216762918,2462071.184452234,25.0,6960,-7.180755781458288,-43.59375,0.568938136100769,14,7,True,0.6454941386665268,False
incl88_j2_node310,0.0,2462096.1657782155,2462096.164719174,2462096.13240849,25.0,6587,-3.583321698471977,-14.0625,-0.013131437823176384,5,3,True,0.19386949551826574,False
incl88_j2_node310,0.0,2462098.2021670034,2462098.201107962,2462098.168797278,25.0,2737,34.228866327812575,-42.18750000000006,0.019204113632440567,12,7,True,0.37641411972577266,False
incl88_j2_node310,0.0,2462098.218056242,2462098.2169972006,2462098.1846865164,25.0,9777,-35.68533471265205,-40.78125,-0.5667250752449036,11,7,True,0.37791870669967087,False
incl88_j2_node310,0.0,2462099.195681912,2462099.1946228705,2462099.1623121863,25.0,8109,-18.209956864283015,-53.43750000000006,0.2101474404335022,13,7,True,0.47118451208934653,False
incl88_j2_node310,0.0,2462099.2733428176,2462099.272283776,2462099.239973092,25.0,6188,0.0,-54.84375,0.3894188702106476,14,7,True,0.4786075183067739,False
incl88_j2_node310,0.0,2462126.179099438,2462126.1780403964,2462126.145729712,25.0,3373,27.27961273597809,-52.03125,-0.2588583528995514,10,7,True,0.21167429221625048,False
incl88_j2_node310,0.0,2462126.1948109427,2462126.1937519014,2462126.161441217,25.0,10286,-41.81031489577862,-49.21875000000006,0.3030364513397217,9,6,True,0.2129351007348125,False
incl88_j2_node310,0.0,2462145.6579562156,2462145.656897174,2462145.62458649,25.0,8146,-19.47122063449069,52.03125,-0.17773695290088654,8,6,True,0.3239294435768342,False
incl88_j2_node310,0.0,2462172.56522646,2462172.5641674185,2462172.5318567343,25.0,5972,1.1937484371410676,56.25,0.33737048506736755,14,7,True,0.5965712380971431,False
incl88_j2_node310,0.0,2462172.6407820205,2462172.639722979,2462172.607412295,25.0,3155,28.630989836924343,53.4375,-0.5291205644607544,16,6,True,0.588101308684441,False
incl88_j2_node310,0.0,2462172.656440655,2462172.6553816134,2462172.623070929,25.0,10068,-40.22818472806108,56.25,0.07794797420501709,13,5,True,0.586344194177079,False
incl88_j2_node310,0.0,2462173.6318958485,2462173.630836807,2462173.598526123,25.0,7503,-13.248014905676953,42.1875,-0.048991620540618896,12,7,True,0.47674758508865767,False
incl88_j2_node310,0.0,2462174.6179286717,2462174.6168696303,2462174.584558946,25.0,9418,-32.79716829582364,29.53125,-0.29126080870628357,7,3,True,0.36928688565510526,False
incl88_j2_node320,0.0,2461536.2842039564,2461536.283144915,2461536.250834231,25.0,8645,-24.62431835216408,15.46875,0.07232926040887833,11,7,True,0.23636576231220532,False
incl88_j2_node320,0.0,2461536.2956994753,2461536.294640434,2461536.2623297498,25.0,3398,25.944479772370002,16.875,0.395009309053421,9,6,True,0.23750796640776395,False
incl88_j2_node320,0.0,2461537.266678334,2461537.265619293,2461537.2333086086,25.0,8257,-20.74237995448715,2.8125,-0.08201161026954651,11,6,True,0.3395706310805205,False
incl88_j2_node320,0.0,2461537.3457373586,2461537.344678317,2461537.312367633,25.0,9408,-32.79716829582364,1.40625,-0.2229728102684021,7,4,True,0.34827174457849774,False
incl88_j2_node320,0.0,2461538.257128516,2461538.256069475,2461538.2237587906,25.0,4285,18.209956864283,-8.4375,-0.46884939074516296,10,4,True,0.4508980464307337,False
incl88_j2_node320,0.0,2461538.3345069927,2461538.3334479514,2461538.301137267,25.0,6332,-1.1937484371410818,-11.25,0.5865243077278137,13,7,True,0.4597195426174348,False
incl88_j2_node320,0.0,2461539.3163705855,2461539.315311544,2461539.28300086,25.0,6199,0.0,-23.90625,0.3075461983680725,13,7,True,0.5709861952248648,False
incl88_j2_node320,0.0,2461539.394598363,2461539.3935393216,2461539.3612286374,25.0,7863,-15.713861048008212,-25.3125,0.10712482780218124,11,4,True,0.5797035810383884,False
incl88_j2_node320,0.0,2461566.311498566,2461566.3104395247,2461566.2781288405,25.0,5561,5.979156796301311,-19.6875,-0.5149255990982056,5,4,True,0.3182272679637822,False
incl88_j2_node320,0.0,2461567.2887138305,2461567.287654789,2461567.255344105,25.0,7604,-13.248014905676953,-33.75000000000006,-0.056112807244062424,11,6,True,0.42634857695313044,False
incl88_j2_node320,0.0,2461568.2700275397,2461568.2689684983,2461568.236657814,25.0,7727,-14.477512185929939,-46.40625,-0.40278106927871704,8,3,True,0.5359542960458242,False
incl88_j2_node320,0.0,2461568.3463168894,2461568.345257848,2461568.312947164,25.0,10030,-38.68218745348943,-49.21875000000006,0.2326100766658783,8,4,True,0.5443585144789433,False
incl88_j2_node320,0.0,2461615.5430736914,2461615.54201465,2461615.509703966,25.0,10443,-44.99388015045713,46.5,0.23399564623832703,10,7,True,0.2562751151728558,False
incl88_j2_node320,0.0,2461615.5631812545,2461615.562122213,2461615.529811529,25.0,1877,43.406858485936986,50.80645161290323,-0.24330273270606995,9,6,True,0.2542740719710629,False
incl88_j2_node320,0.0,2461642.467728395,2461642.4666693537,2461642.4343586694,25.0,4947,10.806922874860334,53.4375,-0.10672423243522644,14,7,True,0.5160904723140614,False
incl88_j2_node320,0.0,2461642.545984945,2461642.5449259034,2461642.512615219,25.0,6610,-4.780191847199163,52.03125,-0.28368163108825684,15,7,True,0.5075667999038345,False
incl88_j2_node320,0.0,2461643.5198682677,2461643.5188092263,2461643.486498542,25.0,9933,-38.68218745348943,37.96875,-0.4135228395462036,12,7,True,0.4004410482116333,False
incl88_j2_node320,0.0,2461643.528392995,2461643.5273339534,2461643.495023269,25.0,6222,-1.1937484371410818,39.375,-0.48811039328575134,12,7,True,0.399502710321197,False
incl88_j2_node320,0.0,2461644.500384132,2461644.4993250906,2461644.4670144063,25.0,10312,-43.40685848593699,24.67741935483872,-0.35794511437416077,8,5,True,0.2942813428416093,False
incl88_j2_node320,0.0,2461644.5832576533,2461644.582198612,2461644.5498879277,25.0,9928,-38.68218745348943,23.90625,-0.4104953110218048,9,6,True,0.2855716674353662,False
incl88_j2_node320,0.0,2461644.5912397094,2461644.590180668,2461644.557869984,25.0,6473,-3.583321698471977,25.3125,-0.5566515922546387,8,5,True,0.28473578430216806,False
incl88_j2_node320,0.0,2461645.5728208483,2461645.571761807,2461645.5394511227,25.0,6468,-3.583321698471977,11.25,0.5289890766143799,9,6,True,0.1872103262189699,False
incl88_j2_node320,0.0,2461670.595073244,2461670.5940142027,2461670.5617035185,25.0,10062,-40.22818472806108,39.375,0.0759923979640007,15,6,True,0.6470904487731604,False
incl88_j2_node320,0.0,2461670.614457971,2461670.6133989296,2461670.5810882454,25.0,1754,44.993880150457116,43.5,-0.42882776260375977,12,4,True,0.6450669509447553,False
incl88_j2_node320,0.0,2461671.417206687,2461671.4161476456,2461671.3838369614,25.0,8394,-22.02431283704216,29.53125,-0.04283427819609642,14,7,True,0.5586510936949836,False
incl88_j2_node320,0.0,2461671.4955642717,2461671.4945052303,2461671.462194546,25.0,9802,-37.168899655999454,28.125,-0.30361407995224,13,7,True,0.5499917594665886,False
incl88_j2_node320,0.0,2461671.5084380074,2461671.507378966,2461671.475068282,25.0,4042,19.47122063449069,29.53125,0.24471966922283173,14,7,True,0.5485661601259529,False
incl88_j2_node320,0.0,2461671.585541476,2461671.5844824347,2461671.5521717505,25.0,6218,-1.1937484371410818,28.125,-0.0998111441731453,16,7,True,0.5400115804112261,False
incl88_j2_node320,0.0,2461672.482866495,2461672.4818074536,2461672.4494967693,25.0,7365,-12.024699180565818,15.46875,0.30470913648605347,14,7,True,0.43919527464631547,False
incl88_j2_node320,0.0,2461672.5620981804,2461672.561039139,2461672.528728455,25.0,8517,-23.31795706533424,14.0625,0.2156589776277542,14,7,True,0.43026025747431085,False
incl88_j2_node320,0.0,2461672.5742182466,2461672.5731592053,2461672.540848521,25.0,3013,29.999999999999993,15.46875,0.5915607213973999,15,7,True,0.42889408841716914,False
incl88_j2_node320,0.0,2461673.543394589,2461673.5423355475,2461673.5100248633,25.0,8640,-24.62431835216408,1.40625,-0.12223950028419495,12,7,True,0.32124634004499136,False
incl88_j2_node320,0.0,2461674.6039229888,2461674.6028639474,2461674.570553263,25.0,9915,-37.168899655999454,-14.0625,0.5705070495605469,9,6,True,0.21191402691464178,False
incl88_j2_node320,0.0,2461674.6137446514,2461674.61268561,2461674.580374926,25.0,5564,5.979156796301311,-11.25,-0.4964444637298584,6,4,True,0.21096692976158782,False
incl88_j2_node320,0.0,2461713.173599124,2461713.1725400826,2461713.1402293984,25.0,2886,31.38816646434855,16.875,-0.2440808266401291,4,2,True,0.2585616756530824,False
incl88_j2_node320,0.0,2461715.219518417,2461715.2184593757,2461715.1861486915,25.0,3388,27.27961273597809,-9.84375,-0.1295274943113327,10,7,True,0.4434862864492757,False
incl88_j2_node320,0.0,2461715.233839364,2461715.2327803224,2461715.200469638,25.0,9789,-35.68533471265205,-7.03125,0.37089627981185913,9,6,True,0.4448293991636594,False
incl88_j2_node320,0.0,2461716.2089504604,2461716.207891419,2461716.175580735,25.0,6968,-7.180755781458288,-21.09375,0.43241265416145325,13,7,True,0.5365400648539855,False
incl88_j2_node320,0.0,2461716.284103024,2461716.2830439825,2461716.2507332982,25.0,3895,22.02431283704216,-23.90625,-0.32620424032211304,13,6,True,0.5435927481036238,False
incl88_j2_node320,0.0,2461716.2986217705,2461716.297562729,2461716.265252045,25.0,10296,-41.81031489577862,-21.09375,0.09537659585475922,13,6,True,0.5449544019021058,False
incl88_j2_node320,0.0,2461717.1930494863,2461717.191990445,2461717.1596797607,25.0,8116,-18.209956864283015,-33.75000000000006,0.3743164837360382,15,7,True,0.6279520643461209,False
incl88_j2_node320,0.0,2461717.267131237,2461717.2660721955,2461717.2337615113,25.0,4531,15.713861048008212,-36.5625,-0.24352967739105225,15,7,True,0.6347168695232958,False
incl88_j2_node320,0.0,2461717.342630323,2461717.3415712817,2461717.3092605975,25.0,1970,43.406858485936986,-39.19354838709677,-0.43158212304115295,15,6,True,0.6415885521503364,False
incl88_j2_node320,0.0,2461717.356643499,2461717.3555844575,2461717.3232737733,25.0,8115,-18.209956864283015,-36.5625,-0.2426902800798416,13,4,True,0.6428613847489111,False
incl88_j2_node320,0.0,2461743.2005347395,2461743.199475698,2461743.167165014,25.0,5945,2.388015463268772,-18.28125,0.36209389567375183,9,6,True,0.27194439148381844,False
incl88_j2_node320,0.0,2461744.1758483853,2461744.174789344,2461744.1424786597,25.0,3124,29.999999999999993,-32.34375000000006,0.19812077283859253,11,7,True,0.35706324805559764,False
incl88_j2_node320,0.0,2461744.190445779,2461744.1893867375,2461744.1570760533,25.0,9653,-34.22886632781257,-30.9375,-0.4992290139198303,12,7,True,0.35838010025167577,False
incl88_j2_node320,0.0,2461744.266099944,2461744.2650409024,2461744.232730218,25.0,6964,-7.180755781458288,-32.34375000000006,0.06123334541916847,9,4,True,0.3652221238391635,False
incl88_j2_node320,0.0,2461745.1628981773,2461745.161839136,2461745.1295284517,25.0,5552,5.979156796301311,-45.0,-0.29160889983177185,13,7,True,0.4481614913038091,False
incl88_j2_node320,0.0,2461745.2379490267,2461745.2368899854,2461745.204579301,25.0,2607,35.68533471265204,-46.40625,0.38865870237350464,12,7,True,0.4552236427968468,False
incl88_j2_node320,0.0,2461745.2525661583,2461745.251507117,2461745.2191964327,25.0,9136,-28.630989836924357,-45.0,-0.32129326462745667,13,7,True,0.456600720745203,False
incl88_j2_node320,0.0,2461746.2279187245,2461746.226859683,2461746.194548999,25.0,6315,-1.1937484371410818,-59.0625,-0.5196903347969055,13,7,True,0.5492343428578887,False
incl88_j2_node320,0.0,2461746.3141664295,2461746.313107388,2461746.280796704,25.0,8363,-20.74237995448715,-59.0625,-0.06766486167907715,17,7,True,0.5574519283386289,False
incl88_j2_node320,0.0,2461771.1750722043,2461771.174013163,2461771.1417024788,25.0,5558,5.979156796301311,-28.125,0.42394304275512695,5,3,True,0.12951102842805665,False
incl88_j2_node320,0.0,2461773.2129647844,2461773.211905743,2461773.179595059,25.0,2476,37.16889965599944,-56.25,0.39696553349494934,12,7,True,0.28243513308337376,False
incl88_j2_node320,0.0,2461773.2276119143,2461773.226552873,2461773.1942421887,25.0,9004,-27.27961273597809,-54.84375,-0.31308531761169434,10,7,True,0.28368321871031804,False
incl88_j2_node320,0.0,2461847.566721098,2461847.5656620567,2461847.5333513725,25.0,1753,44.993880150457116,40.5,0.3947480320930481,7,3,True,0.59300827684995,False
incl88_j2_node320,0.0,2461847.5816621864,2461847.580603145,2461847.548292461,25.0,8271,-20.74237995448715,42.1875,-0.18477508425712585,9,5,True,0.591497367092486,False
incl88_j2_node320,0.0,2461849.6252247086,2461849.624165667,2461849.591854983,25.0,7621,-14.477512185929939,15.46875,0.31981584429740906,3,1,True,0.3888884707213566,False
incl88_j2_node320,0.0,2461891.288438598,2461891.287379557,2461891.2550688726,25.0,10428,-44.99388015045713,1.5,0.3590492606163025,11,7,True,0.2533445540840731,False
incl88_j2_node320,0.0,2461891.307823144,2461891.3067641025,2461891.2744534183,25.0,2114,40.228184728061095,5.625,-0.2549075782299042,7,5,True,0.2552018478722415,False
incl88_j2_node320,0.0,2461892.282173814,2461892.2811147724,2461892.248804088,25.0,5309,8.385538647081319,-8.4375,-0.4835587739944458,12,7,True,0.35437930306922805,False
incl88_j2_node320,0.0,2461893.2530557876,2461893.2519967463,2461893.219686062,25.0,10039,-38.68218745348943,-23.90625,0.2515803575515747,10,4,True,0.4615454936984331,False
incl88_j2_node320,0.0,2461893.265713297,2461893.2646542555,2461893.2323435713,25.0,4408,16.957763300004146,-21.09375,-0.5060111880302429,13,7,True,0.46297607033445975,False
incl88_j2_node320,0.0,2461893.34146888,2461893.3404098386,2461893.3080991544,25.0,7223,-9.594068226860458,-23.90625,0.36427396535873413,14,7,True,0.4715494056775828,False
incl88_j2_node320,0.0,2461894.245074208,2461894.2440151665,2461894.2117044823,25.0,5427,7.180755781458274,-35.15625,0.24209624528884888,11,4,True,0.5744128043213573,False
incl88_j2_node320,0.0,2461894.3211043547,2461894.3200453133,2461894.287734629,25.0,8115,-18.209956864283015,-36.5625,-0.21897892653942108,13,7,True,0.5830373651847736,False
incl88_j2_node320,0.0,2461894.3985845153,2461894.397525474,2461894.3652147898,25.0,9906,-37.168899655999454,-39.375,0.581935465335846,13,5,True,0.5918082848220134,False
incl88_j2_node320,0.0,2461921.3087765253,2461921.307717484,2461921.2754067997,25.0,10536,-44.99388015045713,-34.50000000000006,-0.20787450671195984,9,6,True,0.33085934531241085,False
incl88_j2_node320,0.0,2461922.296740272,2461922.2956812307,2461922.2633705465,25.0,7983,-16.957763300004146,-46.40625,-0.1107591763138771,13,7,True,0.4412631224682453,False
incl88_j2_node320,0.0,2461922.3077308545,2461922.306671813,2461922.274361129,25.0,2992,31.38816646434855,-45.0,0.0720127671957016,12,7,True,0.4425200606765725,False
incl88_j2_node320,0.0,2461923.2877872917,2461923.2867282503,2461923.254417566,25.0,3627,24.62431835216408,-57.65625000000006,-0.4580456018447876,12,7,True,0.555127011060343,False
incl88_j2_node320,0.0,2461950.278685497,2461950.2776264558,2461950.2453157715,25.0,4908,12.024699180565818,-54.84375,-0.536378026008606,3,1,True,0.306066816623871,False
incl88_j2_node320,0.0,2461970.5553555377,2461970.5542964963,2461970.521985812,25.0,9164,-30.000000000000014,35.15625,-0.039374034851789474,9,6,True,0.20023924467525708,False
incl88_j2_node320,0.0,2461970.565188514,2461970.5641294727,2461970.5318187885,25.0,4685,13.24801490567694,36.5625,-0.068165622651577,7,4,True,0.1994007645480939,False
incl88_j2_node320,0.0,2461996.4844324016,2461996.4833733602,2461996.451062676,25.0,9682,-35.68533471265205,52.03125,0.08677036315202713,13,7,True,0.5518566685870978,False
incl88_j2_node320,0.0,2461996.4939055326,2461996.4928464913,2461996.460535807,25.0,5459,5.979156796301311,53.4375,0.08399678766727448,12,7,True,0.5509212605193675,False
incl88_j2_node320,0.0,2461996.5716132754,2461996.570554234,2461996.53824355,25.0,7378,-12.024699180565818,52.03125,-0.11649973690509796,15,6,True,0.5432329301596099,False
incl88_j2_node320,0.0,2461997.468239003,2461997.4671799615,2461997.4348692773,25.0,8782,-25.944479772370016,39.375,0.16199135780334473,13,7,True,0.45304921160061684,False
incl88_j2_node320,0.0,2461997.480337689,2461997.479278648,2461997.4469679636,25.0,3278,27.27961273597809,40.78125,0.4079904556274414,13,7,True,0.451819963633333,False
incl88_j2_node320,0.0,2461997.5583932097,2461997.5573341683,2461997.525023484,25.0,4942,10.806922874860334,39.375,0.23159727454185486,11,6,True,0.4438856385233333,False
incl88_j2_node320,0.0,2461998.5283864764,2461998.527327435,2461998.495016751,25.0,10057,-40.22818472806108,25.3125,-0.3351238965988159,12,7,True,0.34547818577464345,False
incl88_j2_node320,0.0,2461999.5180297317,2461999.5169706903,2461999.484660006,25.0,6596,-4.780191847199163,12.65625,0.5432066917419434,8,5,True,0.2484360331667708,False
incl88_j2_node320,0.0,2461999.5917766443,2461999.590717603,2461999.558406919,25.0,10052,-40.22818472806108,11.25,-0.33538344502449036,6,3,True,0.24147489669568475,False
incl88_j2_node320,0.0,2462000.5866514645,2462000.585592423,2462000.553281739,25.0,4160,18.209956864283,0.0,-0.14637824892997742,7,4,True,0.15333376971027374,False
incl88_j2_node320,0.0,2462025.449765894,2462025.4487068527,2462025.4163961685,25.0,5963,1.1937484371410676,30.9375,-0.31098806858062744,14,7,True,0.6118197646378523,False
incl88_j2_node320,0.0,2462025.527439977,2462025.5263809357,2462025.4940702515,25.0,7882,-16.957763300004146,29.53125,-0.5048019289970398,15,7,True,0.6041300611309768,False
incl88_j2_node320,0.0,2462025.5415237485,2462025.540464707,2462025.508154023,25.0,1750,44.993880150457116,31.5,-0.20777226984500885,18,7,True,0.6027311808298266,False
incl88_j2_node320,0.0,2462025.612817846,2462025.6117588044,2462025.57944812,25.0,6218,-1.1937484371410818,28.125,0.2695123553276062,11,3,True,0.5956287306077559,False
incl88_j2_node320,0.0,2462026.440950591,2462026.4398915498,2462026.4075808655,25.0,1866,43.406858485936986,18.870967741935488,0.2571480870246887,13,7,True,0.510928206828156,False
incl88_j2_node320,0.0,2462026.520014382,2462026.5189553406,2462026.4866446564,25.0,2886,31.38816646434855,16.875,0.587129533290863,12,7,True,0.5026717816954052,False
incl88_j2_node320,0.0,2462026.5844503776,2462026.5833913363,2462026.551080652,25.0,10432,-44.99388015045713,13.5,0.1768583357334137,15,6,True,0.4959267493241568,False
incl88_j2_node320,0.0,2462026.604908395,2462026.6038493537,2462026.5715386695,25.0,1745,44.993880150457116,16.5,0.46525558829307556,13,4,True,0.4937823942241121,False
incl88_j2_node320,0.0,2462027.4961096314,2462027.49505059,2462027.462739906,25.0,5313,7.180755781458274,4.21875,-0.44328099489212036,13,7,True,0.3996138249083998,False
incl88_j2_node320,0.0,2462027.572413565,2462027.5713545238,2462027.5390438396,25.0,7872,-16.957763300004146,1.40625,0.5363987684249878,13,7,True,0.3915388368430486,False
incl88_j2_node320,0.0,2462027.5837349677,2462027.5826759264,2462027.550365242,25.0,2753,32.79716829582364,4.21875,-0.5439606308937073,12,6,True,0.39034135509639434,False
incl88_j2_node320,0.0,2462028.5564999874,2462028.555440946,2462028.523130262,25.0,6844,-5.979156796301311,-11.25,0.5753831267356873,12,7,True,0.28898002577465953,False
incl88_j2_node320,0.0,2462030.6119856588,2462030.6109266174,2462030.578615933,25.0,2227,40.228184728061095,-36.5625,0.37519365549087524,3,2,True,0.1043473025032192,False
incl88_j2_node320,0.0,2462068.192054322,2462068.1909952806,2462068.1586845964,25.0,7234,-10.806922874860348,5.625,-0.32899144291877747,8,6,True,0.35153677450842435,False
incl88_j2_node320,0.0,2462069.17833268,2462069.1772736385,2462069.1449629543,25.0,9406,-31.388166464348544,-5.625,0.5957637429237366,9,5,True,0.44924245405853447,False
incl88_j2_node320,0.0,2462069.2543485835,2462069.253289542,2462069.220978858,25.0,6845,-5.979156796301311,-8.4375,-0.19756872951984406,7,3,True,0.45678435658462296,False
incl88_j2_node320,0.0,2462070.2298638197,2462070.2288047783,2462070.196494094,25.0,4024,20.742379954487134,-22.5,-0.4659099280834198,12,7,True,0.5525096860490588,False
incl88_j2_node320,0.0,2462070.244814494,2462070.243755453,2462070.2114447686,25.0,10541,-44.99388015045713,-19.5,0.1606852263212204,12,7,True,0.5539532903151566,False
incl88_j2_node320,0.0,2462071.208064473,2462071.2070054314,2462071.174694747,25.0,2611,35.68533471265204,-35.15625,0.3080682158470154,14,7,True,0.6446037036927098,False
incl88_j2_node320,0.0,2462071.2226825296,2462071.2216234882,2462071.189312804,25.0,9140,-28.630989836924357,-33.75000000000006,-0.24414974451065063,14,7,True,0.645937475793071,False
incl88_j2_node320,0.0,2462096.1688049156,2462096.1677458743,2462096.13543519,25.0,7998,-16.957763300004146,-4.21875,-0.5427025556564331,4,2,True,0.194117382856286,False
incl88_j2_node320,0.0,2462098.207483583,2462098.206424542,2462098.1741138576,25.0,5045,10.806922874860334,-30.9375,0.5370720624923706,12,7,True,0.37691749568425487,False
incl88_j2_node320,0.0,2462099.1820176616,2462099.1809586203,2462099.148647936,25.0,2095,41.81031489577859,-46.40625,-0.5935541987419128,14,7,True,0.4698780812791843,False
incl88_j2_node320,0.0,2462099.1971262805,2462099.196067239,2462099.163756555,25.0,8752,-24.62431835216408,-43.59375,-0.15969836711883545,13,7,True,0.4713225995791535,False
incl88_j2_node320,0.0,2462099.2725167274,2462099.271457686,2462099.239147002,25.0,5808,3.5833216984719627,-45.0,0.33436119556427,14,7,True,0.47852858172629903,False
incl88_j2_node320,0.0,2462100.1650134567,2462100.1639544154,2462100.131643731,25.0,2603,35.68533471265204,-57.65625000000006,0.5127324461936951,15,7,True,0.563191916902339,False
incl88_j2_node320,0.0,2462100.17963108,2462100.1785720387,2462100.1462613544,25.0,9132,-28.630989836924357,-56.25,0.0034240814857184887,14,7,True,0.5645629078830549,False
incl88_j2_node320,0.0,2462100.2571051456,2462100.2560461042,2462100.22373542,25.0,7211,-9.594068226860458,-57.65625000000006,0.28173181414604187,14,7,True,0.5718177509673895,False
incl88_j2_node320,0.0,2462100.3380807857,2462100.3370217443,2462100.30471106,25.0,6827,-5.979156796301311,-59.0625,0.06295359134674072,15,6,True,0.5793789111086305,False
incl88_j2_node320,0.0,2462126.1805713507,2462126.1795123094,2462126.147201625,25.0,4017,20.742379954487134,-42.18750000000006,-0.5706886053085327,10,7,True,0.21179229225836282,False
incl88_j2_node320,0.0,2462126.195161695,2462126.194102654,2462126.1617919696,25.0,10414,-43.40685848593699,-39.19354838709677,0.183030366897583,9,6,True,0.21296326491357193,False
incl88_j2_node320,0.0,2462127.1740167947,2462127.1729577533,2462127.140647069,25.0,9389,-31.388166464348544,-53.43750000000006,-0.391901433467865,11,7,True,0.29549223939794184,False
incl88_j2_node320,0.0,2462127.249769939,2462127.2487108978,2462127.2164002135,25.0,6700,-4.780191847199163,-54.84375,0.056119099259376526,8,5,True,0.30215918155614246,False
incl88_j2_node320,0.0,2462173.6217357903,2462173.620676749,2462173.5883660647,25.0,2898,31.38816646434855,50.625,-0.23149137198925018,13,7,True,0.47788112205808236,False
incl88_j2_node320,0.0,2462173.6366585414,2462173.6355995,2462173.603288816,25.0,9555,-34.22886632781257,53.4375,0.3694104850292206,11,7,True,0.47621635848280397,False
incl88_j2_node320,0.0,2462174.620693329,2462174.6196342874,2462174.587323603,25.0,10441,-44.99388015045713,40.5,-0.031879398971796036,7,3,True,0.3689949608292011,False
incl88_j2_node330,0.0,2461536.2844998157,2461536.2834407743,2461536.25113009,25.0,8521,-23.31795706533424,25.3125,0.27584660053253174,11,7,True,0.2363951273051943,False
incl88_j2_node330,0.0,2461536.2930949535,2461536.292035912,2461536.259725228,25.0,4553,14.477512185929925,26.71875,0.15373364090919495,9,6,True,0.2372489599900542,True
incl88_j2_node330,0.0,2461537.2733038063,2461537.272244765,2461537.2399340807,25.0,5189,8.385538647081319,14.0625,-0.3580062985420227,12,7,True,0.3402980667692937,True
incl88_j2_node330,0.0,2461538.262848964,2461538.2617899226,2461538.2294792384,25.0,1860,43.406858485936986,1.4516129032257936,0.5554355382919312,10,4,True,0.45155002650408516,True
incl88_j2_node330,0.0,2461538.339498606,2461538.3384395647,2461538.3061288805,25.0,3904,20.742379954487134,0.0,0.06543683260679245,11,7,True,0.46028875845806533,False
incl88_j2_node330,0.0,2461539.3075746167,2461539.3065155754,2461539.274204891,25.0,10042,-38.68218745348943,-15.46875,0.3033877909183502,13,7,True,0.570003941536271,False
incl88_j2_node330,0.0,2461539.387941226,2461539.3868821845,2461539.3545715003,25.0,10542,-44.99388015045713,-16.5,-0.02760106511414051,12,5,True,0.578963071101635,False
incl88_j2_node330,0.0,2461566.311225357,2461566.3101663156,2461566.2778556314,25.0,5692,4.780191847199163,-9.84375,-0.40090128779411316,5,4,True,0.31819773447519567,False
incl88_j2_node330,0.0,2461567.286719926,2461567.285660885,2461567.2533502006,25.0,8503,-22.02431283704216,-23.90625,-0.1925894320011139,10,5,True,0.4261249778616004,False
incl88_j2_node330,0.0,2461568.274128296,2461568.2730692546,2461568.2407585704,25.0,5811,3.5833216984719627,-36.5625,0.3283025920391083,9,4,True,0.536406732435535,False
incl88_j2_node330,0.0,2461568.3482983676,2461568.347239326,2461568.314928642,25.0,9266,-30.000000000000014,-37.96875000000006,-0.4487214684486389,7,4,True,0.5445764515573103,False
incl88_j2_node330,0.0,2461615.544515345,2461615.5434563034,2461615.511145619,25.0,9940,-38.68218745348943,57.65625,-0.33736521005630493,10,7,True,0.2561315540434478,False
incl88_j2_node330,0.0,2461643.518423741,2461643.5173647,2461643.4850540156,25.0,10443,-44.99388015045713,46.5,0.39997419714927673,12,7,True,0.40060006371919155,False
incl88_j2_node330,0.0,2461643.537114154,2461643.5360551127,2461643.5037444285,25.0,2386,37.16889965599944,50.625,-0.2390986979007721,12,7,True,0.39854289058729475,False
incl88_j2_node330,0.0,2461644.5086136283,2461644.507554587,2461644.4752439028,25.0,6860,-7.180755781458288,35.15625,0.5592931509017944,11,7,True,0.2934139485540779,False
incl88_j2_node330,0.0,2461644.583600785,2461644.5825417438,2461644.5502310595,25.0,9804,-37.168899655999454,33.75,-0.22656972706317902,9,6,True,0.2855357171463027,False
incl88_j2_node330,0.0,2461645.5668207547,2461645.5657617133,2461645.533451029,25.0,9159,-30.000000000000014,21.09375,-0.2288571447134018,9,7,True,0.18776798478442597,False
incl88_j2_node330,0.0,2461645.5772136846,2461645.576154643,2461645.543843959,25.0,4424,15.713861048008212,22.5,-0.08522576838731766,9,6,True,0.1868023385795689,False
incl88_j2_node330,0.0,2461670.606959955,2461670.6059009135,2461670.5735902293,25.0,4818,12.024699180565818,52.03125,-0.5924518704414368,14,5,True,0.6458500593391931,False
incl88_j2_node330,0.0,2461671.416911441,2461671.4158523995,2461671.3835417153,25.0,8526,-23.31795706533424,39.375,0.056155506521463394,14,7,True,0.5586836572669007,False
incl88_j2_node330,0.0,2461671.5064683394,2461671.505409298,2461671.473098614,25.0,4942,10.806922874860334,39.375,0.11529295146465302,14,7,True,0.548784315915867,False
incl88_j2_node330,0.0,2461671.5819595284,2461671.580900487,2461671.548589803,25.0,7885,-16.957763300004146,37.96875,-0.4425312578678131,17,7,True,0.5404095832422001,False
incl88_j2_node330,0.0,2461671.592324214,2461671.5912651727,2461671.5589544885,25.0,3150,28.630989836924343,39.375,-0.27109402418136597,15,6,True,0.5392577555408401,False
incl88_j2_node330,0.0,2461672.4894583663,2461672.488399325,2461672.4560886407,25.0,4297,16.957763300004146,26.71875,0.009158390574157238,13,7,True,0.4384516790692343,False
incl88_j2_node330,0.0,2461672.5671325997,2461672.5660735583,2461672.533762874,25.0,6217,-1.1937484371410818,25.3125,-0.2616879940032959,14,7,True,0.4296927582356877,False
incl88_j2_node330,0.0,2461673.546530711,2461673.5454716696,2461673.5131609854,25.0,7236,-10.806922874860348,11.25,0.505346417427063,12,7,True,0.3209064169649652,False
incl88_j2_node330,0.0,2461673.5564449206,2461673.5553858792,2461673.523075195,25.0,2756,32.79716829582364,12.65625,0.545817494392395,12,7,True,0.3198321807403303,False
incl88_j2_node330,0.0,2461674.61347117,2461674.6124121286,2461674.5801014444,25.0,5695,4.780191847199163,-1.40625,-0.37997967004776,6,4,True,0.2109932739772838,False
incl88_j2_node330,0.0,2461700.4535001046,2461700.4524410632,2461700.420130379,25.0,9413,-32.79716829582364,15.46875,-0.2282084822654724,14,7,True,0.5889343735723498,True
incl88_j2_node330,0.0,2461700.533609255,2461700.532550214,2461700.5002395296,25.0,10053,-40.22818472806108,14.0625,-0.2497382014989853,16,7,True,0.5800011707482979,True
incl88_j2_node330,0.0,2461700.5512072523,2461700.550148211,2461700.5178375267,25.0,2374,37.16889965599944,16.875,-0.13209620118141174,16,7,True,0.5780341613152943,False
incl88_j2_node330,0.0,2461700.6289853905,2461700.627926349,2461700.595615665,25.0,4037,19.47122063449069,15.46875,-0.5620447397232056,12,5,True,0.5693218557937573,False
incl88_j2_node330,0.0,2461701.5257058735,2461701.524646832,2461701.492336148,25.0,5441,5.979156796301311,2.8125,-0.28845688700675964,13,7,True,0.4675356855157673,False
incl88_j2_node330,0.0,2461701.5996317044,2461701.598572663,2461701.566261979,25.0,9024,-28.630989836924357,0.0,0.21308501064777374,16,7,True,0.4591103241761971,True
incl88_j2_node330,0.0,2461702.5115325,2461702.5104734586,2461702.4781627744,25.0,3644,24.62431835216408,-9.84375,0.03957153856754303,10,5,True,0.3565108024514082,False
incl88_j2_node330,0.0,2461702.588550723,2461702.587491682,2461702.5551809976,25.0,5820,3.5833216984719627,-11.25,-0.35947930812835693,12,7,True,0.34804338005923985,False
incl88_j2_node330,0.0,2461703.56741381,2461703.566354769,2461703.5340440846,25.0,7095,-8.385538647081319,-25.3125,0.33955666422843933,11,7,True,0.24524598183639315,True
incl88_j2_node330,0.0,2461704.631349371,2461704.6302903295,2461704.5979796452,25.0,6834,-5.979156796301311,-39.375,0.426177054643631,7,5,True,0.14824579647727845,True
incl88_j2_node330,0.0,2461713.174529435,2461713.1734703938,2461713.1411597095,25.0,3273,27.27961273597809,26.71875,-0.5382234454154968,4,2,True,0.2586406960891516,False
incl88_j2_node330,0.0,2461715.226806971,2461715.2257479294,2461715.193437245,25.0,6592,-4.780191847199163,1.40625,0.03434087336063385,10,7,True,0.4441698191910808,False
incl88_j2_node330,0.0,2461716.203454013,2461716.2023949716,2461716.1700842874,25.0,4411,16.957763300004146,-12.65625,-0.3414629399776459,13,7,True,0.5360239752272355,False
incl88_j2_node330,0.0,2461716.2813288686,2461716.280269827,2461716.247959143,25.0,2747,34.228866327812575,-14.0625,0.000536025152541697,13,6,True,0.5433325371299141,False
incl88_j2_node330,0.0,2461716.29825869,2461716.297199649,2461716.2648889646,25.0,10172,-40.22818472806108,-11.25,0.0381583608686924,13,6,True,0.5449203525637579,True
incl88_j2_node330,0.0,2461717.194503401,2461717.1934443596,2461717.1611336754,25.0,8759,-24.62431835216408,-23.90625,0.00011703891505021602,15,7,True,0.6280850424635988,False
incl88_j2_node330,0.0,2461717.2715217564,2461717.270462715,2461717.238152031,25.0,6583,-3.583321698471977,-25.3125,0.38512396812438965,15,7,True,0.6351171306361533,False
incl88_j2_node330,0.0,2461717.3503255425,2461717.349266501,2461717.316955817,25.0,5174,9.594068226860458,-26.71875,0.4677828252315521,14,5,True,0.6422876151057565,False
incl88_j2_node330,0.0,2461743.1929590343,2461743.191899993,2461743.159589309,25.0,2620,35.68533471265204,-9.84375,0.019710104912519455,9,6,True,0.2713084938524364,False
incl88_j2_node330,0.0,2461743.209869288,2461743.2088102465,2461743.1764995623,25.0,10045,-38.68218745348943,-7.03125,0.06998765468597412,8,5,True,0.27272850804775894,False
incl88_j2_node330,0.0,2461744.1870904462,2461744.186031405,2461744.1537207207,25.0,8248,-19.47122063449069,-21.09375,-0.16923737525939941,12,7,True,0.35807731241143653,False
incl88_j2_node330,0.0,2461744.2652795496,2461744.2642205083,2461744.231909824,25.0,6584,-3.583321698471977,-22.5,0.016248628497123718,9,4,True,0.3651477655463725,False
incl88_j2_node330,0.0,2461745.1631669174,2461745.162107876,2461745.129797192,25.0,5683,4.780191847199163,-35.15625,-0.4829055666923523,13,7,True,0.44818675443176603,False
incl88_j2_node330,0.0,2461745.24015733,2461745.2390982886,2461745.2067876044,25.0,3507,25.944479772370002,-36.5625,-0.07751495391130447,12,7,True,0.455431661561688,False
incl88_j2_node330,0.0,2461745.256282773,2461745.2552237315,2461745.2229130473,25.0,10536,-44.99388015045713,-34.50000000000006,-0.504805326461792,14,7,True,0.4569509442375205,False
incl88_j2_node330,0.0,2461746.232950782,2461746.2318917406,2461746.1995810564,25.0,8623,-23.31795706533424,-47.81250000000006,-0.004664910025894642,13,7,True,0.549713860098742,False
incl88_j2_node330,0.0,2461746.3099943185,2461746.308935277,2461746.276624593,25.0,6446,-2.388015463268786,-49.21875000000006,0.3672696352005005,18,7,True,0.5570544824161017,False
incl88_j2_node330,0.0,2461771.173695654,2461771.172636613,2461771.1403259286,25.0,4921,12.024699180565818,-18.28125,0.45620137453079224,5,3,True,0.1294237926977734,False
incl88_j2_node330,0.0,2461773.2132980186,2461773.212238977,2461773.179928293,25.0,2607,35.68533471265204,-46.40625,0.2345513254404068,12,7,True,0.2824635073962845,False
incl88_j2_node330,0.0,2461773.2295282367,2461773.2284691953,2461773.196158511,25.0,9776,-35.68533471265205,-43.59375,0.41767579317092896,10,7,True,0.28384661321762006,False
incl88_j2_node330,0.0,2461774.208009454,2461774.2069504126,2461774.1746397284,25.0,8491,-22.02431283704216,-57.65625000000006,-0.001298393472097814,12,7,True,0.37093645973830547,False
incl88_j2_node330,0.0,2461774.2929199846,2461774.291860943,2461774.259550259,25.0,9771,-35.68533471265205,-57.65625000000006,0.41299310326576233,12,5,True,0.3787989791688567,False
incl88_j2_node330,0.0,2461801.2017677575,2461801.200708716,2461801.168398032,25.0,8492,-22.02431283704216,-54.84375,-0.3359878659248352,8,6,True,0.1415900836188315,False
incl88_j2_node330,0.0,2461847.578033814,2461847.576974773,2461847.5446640886,25.0,6610,-4.780191847199163,52.03125,0.15911363065242767,9,5,True,0.5918642985947579,False
incl88_j2_node330,0.0,2461849.6232901923,2461849.622231151,2461849.5899204668,25.0,6729,-5.979156796301311,25.3125,0.43373948335647583,3,1,True,0.38907203819375685,False
incl88_j2_node330,0.0,2461878.5841748253,2461878.583115784,2461878.5508051,25.0,8513,-23.31795706533424,2.8125,0.1092054545879364,5,2,True,0.46380774505569616,True
incl88_j2_node330,0.0,2461891.2930703517,2461891.2920113103,2461891.259700626,25.0,8644,-24.62431835216408,12.65625,0.2771800458431244,10,6,True,0.2537878220143943,False
incl88_j2_node330,0.0,2461892.2755443915,2461892.27448535,2461892.242174666,25.0,8256,-20.74237995448715,0.0,0.12131989002227783,13,7,True,0.35367084549980954,False
incl88_j2_node330,0.0,2461892.2858586535,2461892.284799612,2461892.252488928,25.0,3520,24.62431835216408,1.40625,0.21757236123085022,12,7,True,0.35477320385803657,False
incl88_j2_node330,0.0,2461893.267750627,2461893.2666915855,2461893.2343809013,25.0,3516,25.944479772370002,-11.25,-0.02235598862171173,14,7,True,0.4632063992359017,False
incl88_j2_node330,0.0,2461893.3452860047,2461893.3442269634,2461893.311916279,25.0,5435,7.180755781458274,-12.65625,-0.3536408841609955,13,7,True,0.4719818925536915,False
incl88_j2_node330,0.0,2461894.2529455307,2461894.2518864893,2461894.219575805,25.0,2103,41.81031489577859,-23.90625,0.31190913915634155,11,4,True,0.5753064244848128,False
incl88_j2_node330,0.0,2461894.332375535,2461894.3313164935,2461894.2990058092,25.0,2999,31.38816646434855,-25.3125,0.18086479604244232,13,7,True,0.5843144848292172,False
incl88_j2_node330,0.0,2461894.4040247183,2461894.402965677,2461894.3706549928,25.0,7606,-13.248014905676953,-28.125,0.3915806710720062,11,4,True,0.5924233778385171,False
incl88_j2_node330,0.0,2461921.3128010775,2461921.311742036,2461921.279431352,25.0,9015,-27.27961273597809,-23.90625,-0.0409797802567482,7,5,True,0.33129462682555677,False
incl88_j2_node330,0.0,2461922.3033300457,2461922.3022710043,2461922.26996032,25.0,4915,12.024699180565818,-35.15625,-0.43857815861701965,13,7,True,0.44201672157164806,False
incl88_j2_node330,0.0,2461923.283266023,2461923.2822069814,2461923.249896297,25.0,5678,4.780191847199163,-49.21875000000006,0.4042690694332123,11,6,True,0.5546097678107214,False
incl88_j2_node330,0.0,2461923.358681547,2461923.3576225056,2461923.3253118214,25.0,8622,-23.31795706533424,-50.625,-0.18530085682868958,10,4,True,0.563228773521264,False
incl88_j2_node330,0.0,2461950.2818425507,2461950.2807835094,2461950.248472825,25.0,3504,25.944479772370002,-45.0,0.10726753622293472,3,1,True,0.30640733308513374,False
incl88_j2_node330,0.0,2461970.5610883445,2461970.560029303,2461970.527718619,25.0,6608,-4.780191847199163,46.40625,-0.4577825665473938,7,4,True,0.19975028594578575,False
incl88_j2_node330,0.0,2461997.4716809415,2461997.4706219,2461997.438311216,25.0,7250,-10.806922874860348,50.625,-0.5755719542503357,13,7,True,0.4526995210133854,False
incl88_j2_node330,0.0,2461997.4822506006,2461997.481191559,2461997.448880875,25.0,2514,35.68533471265204,52.03125,-0.31647565960884094,13,7,True,0.4516255869973704,False
incl88_j2_node330,0.0,2461997.5586637272,2461997.557604686,2461997.5252940017,25.0,4817,12.024699180565818,49.21875,0.4343555271625519,11,6,True,0.44385813019709996,False
incl88_j2_node330,0.0,2461998.5394312544,2461998.538372213,2461998.506061529,25.0,5197,8.385538647081319,36.5625,0.012095111422240734,12,7,True,0.3443679682393611,False
incl88_j2_node330,0.0,2461999.525933805,2461999.5248747636,2461999.4925640794,25.0,3016,29.999999999999993,23.90625,0.39931172132492065,11,7,True,0.247687680152914,False
incl88_j2_node330,0.0,2462000.5722757024,2462000.571216661,2462000.538905977,25.0,10430,-44.99388015045713,7.5,-0.01391567476093769,8,6,True,0.15451570112999263,False
incl88_j2_node330,0.0,2462000.590615465,2462000.5895564235,2462000.5572457393,25.0,2499,35.68533471265204,9.84375,0.592180609703064,7,4,True,0.15300836170511464,False
incl88_j2_node330,0.0,2462025.453340237,2462025.4522811957,2462025.4199705115,25.0,4302,16.957763300004146,40.78125,0.3263666331768036,14,7,True,0.6114668811662464,False
incl88_j2_node330,0.0,2462025.5293812403,2462025.528322199,2462025.4960115147,25.0,6990,-8.385538647081319,39.375,-0.12080524116754532,15,7,True,0.6039373413642903,False
incl88_j2_node330,0.0,2462025.604630889,2462025.6035718475,2462025.5712611633,25.0,9805,-37.168899655999454,36.5625,0.41968828439712524,13,4,True,0.5964461029144162,False
incl88_j2_node330,0.0,2462026.43758549,2462026.4365264485,2462026.4042157643,25.0,3146,28.630989836924343,28.125,0.39716723561286926,13,7,True,0.5112791130676548,False
incl88_j2_node330,0.0,2462026.515610746,2462026.5145517047,2462026.4822410205,25.0,4809,12.024699180565818,26.71875,0.18446733057498932,12,7,True,0.5031322414149012,False
incl88_j2_node330,0.0,2462026.5916677653,2462026.590608724,2462026.5582980397,25.0,7497,-13.248014905676953,25.3125,-0.2642729580402374,15,6,True,0.49517039173654376,False
incl88_j2_node330,0.0,2462027.4997685603,2462027.498709519,2462027.4663988347,25.0,3653,23.31795706533424,14.0625,0.2372182309627533,13,7,True,0.3992264623789763,False
incl88_j2_node330,0.0,2462027.5757272467,2462027.5746682053,2462027.542357521,25.0,6340,-2.388015463268786,12.65625,-0.2506150007247925,13,7,True,0.3911883258604641,False
incl88_j2_node330,0.0,2462028.5479942006,2462028.5469351592,2462028.514624475,25.0,10427,-43.40685848593699,-1.4516129032258505,-0.5412983298301697,12,7,True,0.2898455833317318,False
incl88_j2_node330,0.0,2462028.5659779515,2462028.56491891,2462028.532608226,25.0,2496,35.68533471265204,1.40625,-0.5020630359649658,12,7,True,0.2880162050450262,False
incl88_j2_node330,0.0,2462055.470367699,2462055.4693086576,2462055.4369979734,25.0,5825,2.388015463268772,4.21875,-0.3716977536678314,14,7,True,0.5581885064839076,True
incl88_j2_node330,0.0,2462055.5518933767,2462055.5508343354,2462055.518523651,25.0,5953,1.1937484371410676,2.8125,-0.08366659283638,15,7,True,0.5495040291275811,True
incl88_j2_node330,0.0,2462056.5332149044,2462056.532155863,2462056.499845179,25.0,6204,0.0,-9.84375,-0.4386022686958313,12,7,True,0.44288693602211815,True
incl88_j2_node330,0.0,2462056.61365393,2462056.6125948885,2462056.5802842043,25.0,6844,-5.979156796301311,-11.25,-0.29633939266204834,15,6,True,0.434057147426471,True
incl88_j2_node330,0.0,2462057.524313164,2462057.5232541226,2462057.4909434384,25.0,2104,41.81031489577859,-21.09375,-0.414756715297699,12,7,True,0.3347666998040712,True
incl88_j2_node330,0.0,2462058.587702064,2462058.5866430225,2462058.5543323383,25.0,2099,41.81031489577859,-35.15625,-0.4069801867008209,12,7,True,0.22488674588811716,True
incl88_j2_node330,0.0,2462068.190678767,2462068.1896197256,2462068.1573090414,25.0,6597,-4.780191847199163,15.46875,-0.32145044207572937,8,6,True,0.3514016228837698,False
incl88_j2_node330,0.0,2462069.1814170373,2462069.180357996,2462069.1480473117,25.0,10429,-44.99388015045713,4.5,0.042374275624752045,10,6,True,0.4495485762291791,True
incl88_j2_node330,0.0,2462069.260122523,2462069.259063482,2462069.2267527976,25.0,9281,-31.388166464348544,2.8125,0.13285917043685913,7,3,True,0.45735697864283587,False
incl88_j2_node330,0.0,2462070.2375866435,2462070.236527602,2462070.204216918,25.0,7612,-13.248014905676953,-11.25,-0.26305803656578064,12,7,True,0.5532555018296867,False
incl88_j2_node330,0.0,2462070.3152888464,2462070.314229805,2462070.281919121,25.0,5691,4.780191847199163,-12.65625,-0.04438943415880203,12,3,True,0.5607454832105894,False
incl88_j2_node330,0.0,2462071.219460049,2462071.218401008,2462071.1860903236,25.0,7735,-14.477512185929939,-23.90625,0.01114198099821806,14,7,True,0.645643550354722,False
incl88_j2_node330,0.0,2462096.1693786257,2462096.1683195843,2462096.1360089,25.0,8130,-19.47122063449069,7.03125,0.5328845381736755,4,2,True,0.19416439679461162,False
incl88_j2_node330,0.0,2462098.207199266,2462098.206140225,2462098.1738295406,25.0,4920,12.024699180565818,-21.09375,0.44103577733039856,12,7,True,0.3768905762029169,False
incl88_j2_node330,0.0,2462099.1834106217,2462099.1823515804,2462099.150040896,25.0,2611,35.68533471265204,-35.15625,0.19434723258018494,13,7,True,0.47001126401586524,False
incl88_j2_node330,0.0,2462099.199640036,2462099.1985809947,2462099.1662703105,25.0,9780,-35.68533471265205,-32.34375000000006,0.46394291520118713,13,7,True,0.47156292477787426,False
incl88_j2_node330,0.0,2462099.2771735196,2462099.2761144782,2462099.243803794,25.0,7987,-16.957763300004146,-35.15625,-0.4209756851196289,14,7,True,0.4789735589081899,False
incl88_j2_node330,0.0,2462100.171751726,2462100.1706926846,2462100.1383820004,25.0,5551,5.979156796301311,-47.81250000000006,-0.5004489421844482,14,7,True,0.5638239828666817,False
incl88_j2_node330,0.0,2462100.249904436,2462100.2488453947,2462100.2165347105,25.0,3886,22.02431283704216,-49.21875000000006,-0.29300832748413086,13,7,True,0.5711442905310684,False
incl88_j2_node330,0.0,2462100.327568461,2462100.32650942,2462100.2941987356,25.0,2222,40.228184728061095,-50.625,0.09838102757930756,15,6,True,0.5783986244163503,False
incl88_j2_node330,0.0,2462100.3438534304,2462100.342794389,2462100.310483705,25.0,9391,-31.388166464348544,-47.81250000000006,0.37151360511779785,14,5,True,0.579917062174375,False
incl88_j2_node330,0.0,2462126.188292901,2462126.1872338597,2462126.1549231755,25.0,7605,-13.248014905676953,-30.9375,-0.35161304473876953,9,6,True,0.21241174211901329,False
incl88_j2_node330,0.0,2462127.1696097464,2462127.168550705,2462127.136240021,25.0,7472,-12.024699180565818,-43.59375,-0.0021108598448336124,11,7,True,0.295105455990992,False
incl88_j2_node330,0.0,2462127.247861647,2462127.2468026057,2462127.2144919215,25.0,5808,3.5833216984719627,-45.0,0.13909950852394104,8,5,True,0.30199083226238693,False
incl88_j2_node330,0.0,2462128.2249646974,2462128.223905656,2462128.191594972,25.0,3755,23.31795706533424,-59.0625,-0.29619234800338745,12,7,True,0.39052398021654533,False
incl88_j2_node330,0.0,2462155.21488266,2462155.213823619,2462155.1815129346,25.0,2220,40.228184728061095,-56.25,0.018702564761042595,5,3,True,0.15075781581346892,False
incl88_j2_node340,0.0,2461539.3886582437,2461539.3875992023,2461539.355288518,25.0,10301,-41.81031489577862,-7.03125,0.5333018898963928,12,5,True,0.5790428488421335,True
incl88_j2_node340,0.0,2461566.314273967,2461566.3132149256,2461566.2809042414,25.0,4160,18.209956864283,0.0,0.1870911717414856,5,4,True,0.31852732105159587,False
incl88_j2_node340,0.0,2461567.2979256413,2461567.2968666,2461567.2645559157,25.0,3387,27.27961273597809,-12.65625,0.19550850987434387,12,7,True,0.42738163723803346,False
incl88_j2_node340,0.0,2461568.2749433285,2461568.273884287,2461568.241573603,25.0,5430,7.180755781458274,-26.71875,0.5932448506355286,9,4,True,0.5364966432959211,False
incl88_j2_node340,0.0,2461568.34488874,2461568.343829699,2461568.3115190146,25.0,10538,-44.99388015045713,-28.5,-0.5404122471809387,8,4,True,0.5442014360330869,False
incl88_j2_node340,0.0,2461569.326835642,2461569.3257766007,2461569.2934659165,25.0,10413,-43.40685848593699,-42.096774193548356,-0.026114799082279205,11,7,True,0.6490787095475236,False
incl88_j2_node340,0.0,2461643.522454695,2461643.5213956535,2461643.4890849693,25.0,8916,-27.27961273597809,57.65625,0.28943970799446106,12,7,True,0.4001563372410307,False
incl88_j2_node340,0.0,2461644.5055319904,2461644.504472949,2461644.472162265,25.0,8272,-20.74237995448715,45.0,0.24147817492485046,9,5,True,0.2937387200469021,False
incl88_j2_node340,0.0,2461644.520122025,2461644.519062984,2461644.4867522996,25.0,1876,43.406858485936986,47.903225806451616,-0.1442221999168396,12,7,True,0.29220188932610974,False
incl88_j2_node340,0.0,2461644.5845918492,2461644.583532808,2461644.5512221237,25.0,9423,-32.79716829582364,43.59375,0.075701043009758,9,6,True,0.2854318940770226,False
incl88_j2_node340,0.0,2461645.5689213746,2461645.5678623333,2461645.535551649,25.0,8267,-20.74237995448715,30.9375,0.2465212196111679,9,6,True,0.18757266257807806,False
incl88_j2_node340,0.0,2461645.569497121,2461645.5684380797,2461645.5361273955,25.0,8011,-18.209956864283015,30.9375,0.33748069405555725,9,6,True,0.18751912786449346,False
incl88_j2_node340,0.0,2461671.414756998,2461671.4136979566,2461671.3813872724,25.0,9425,-32.79716829582364,49.21875,-0.15063343942165375,12,5,True,0.5589212771012833,False
incl88_j2_node340,0.0,2461671.426351782,2461671.4252927406,2461671.3929820564,25.0,4178,18.209956864283,50.625,0.1913025677204132,14,7,True,0.557642076690247,False
incl88_j2_node340,0.0,2461671.5050982693,2461671.504039228,2461671.4717285438,25.0,5585,4.780191847199163,49.21875,0.07754150778055191,14,7,True,0.5489360515428512,False
incl88_j2_node340,0.0,2461671.5828004987,2461671.5817414573,2461671.549430773,25.0,7505,-13.248014905676953,47.8125,-0.17432384192943573,17,7,True,0.5403161483170025,False
incl88_j2_node340,0.0,2461671.5833555325,2461671.582296491,2461671.549985807,25.0,7249,-10.806922874860348,47.8125,-0.09590443223714828,17,7,True,0.5402544819819481,False
incl88_j2_node340,0.0,2461672.481743589,2461672.4806845477,2461672.4483738635,25.0,7884,-16.957763300004146,35.15625,0.434920996427536,14,7,True,0.43932194611818054,False
incl88_j2_node340,0.0,2461672.562095328,2461672.5610362864,2461672.528725602,25.0,8524,-23.31795706533424,33.75,0.5018139481544495,14,7,True,0.4302605790644558,False
incl88_j2_node340,0.0,2461672.5745415064,2461672.573482465,2461672.541171781,25.0,2893,31.38816646434855,36.5625,-0.2968640923500061,15,7,True,0.4288576530517184,False
incl88_j2_node340,0.0,2461673.5439824862,2461673.542923445,2461673.5106127607,25.0,8391,-22.02431283704216,21.09375,0.2559187710285187,12,7,True,0.3211826180762277,False
incl88_j2_node340,0.0,2461673.5564548434,2461673.555395802,2461673.523085118,25.0,2760,32.79716829582364,23.90625,-0.5030664205551147,12,7,True,0.31983110577144164,False
incl88_j2_node340,0.0,2461674.6142887846,2461674.613229743,2461674.580919059,25.0,5187,8.385538647081319,8.4375,-0.1065671443939209,6,4,True,0.2109145139195364,False
incl88_j2_node340,0.0,2461700.4568108073,2461700.455751766,2461700.423441082,25.0,8009,-18.209956864283015,25.3125,0.44484743475914,14,7,True,0.5885658788069842,False
incl88_j2_node340,0.0,2461700.4708212917,2461700.4697622503,2461700.437451566,25.0,1869,43.406858485936986,27.580645161290306,0.41618072986602783,14,7,True,0.587005828973923,False
incl88_j2_node340,0.0,2461700.535295704,2461700.5342366626,2461700.5019259783,25.0,9416,-32.79716829582364,23.90625,0.17163699865341187,16,7,True,0.5798127568874827,False
incl88_j2_node340,0.0,2461700.6160992063,2461700.615040165,2461700.5827294807,25.0,9800,-37.168899655999454,22.5,0.24986042082309723,15,6,True,0.570767333641216,False
incl88_j2_node340,0.0,2461700.62869779,2461700.627638749,2461700.5953280646,25.0,4169,18.209956864283,25.3125,-0.4584965109825134,12,5,True,0.5693541261810139,False
incl88_j2_node340,0.0,2461701.5276346174,2461701.526575576,2461701.494264892,25.0,4548,14.477512185929925,12.65625,0.14517536759376526,13,7,True,0.4673158016541772,False
incl88_j2_node340,0.0,2461701.5962779885,2461701.595218947,2461701.562908263,25.0,10307,-43.40685848593699,10.16129032258064,-0.4959960877895355,16,7,True,0.4594924270656573,False
incl88_j2_node340,0.0,2461701.6047860538,2461701.6037270124,2461701.571416328,25.0,6724,-5.979156796301311,11.25,-0.1919514536857605,17,7,True,0.45852309302194605,False
incl88_j2_node340,0.0,2461702.508394069,2461702.5073350277,2461702.4750243435,25.0,4928,10.806922874860334,0.0,-0.286751389503479,9,4,True,0.35685670546398185,False
incl88_j2_node340,0.0,2461702.587193745,2461702.586134704,2461702.5538240196,25.0,6463,-2.388015463268786,-1.40625,-0.3948807120323181,12,7,True,0.34819219302185067,False
incl88_j2_node340,0.0,2461703.559092557,2461703.5580335157,2461703.5257228315,25.0,10542,-44.99388015045713,-16.5,-0.05413221940398216,8,4,True,0.24607351592209667,False
incl88_j2_node340,0.0,2461703.5701426733,2461703.569083632,2461703.5367729478,25.0,5819,3.5833216984719627,-14.0625,-0.520308792591095,11,7,True,0.24497473782437107,False
incl88_j2_node340,0.0,2461704.626511667,2461704.6254526256,2461704.5931419414,25.0,9013,-27.27961273597809,-29.53125,-0.15882982313632965,6,5,True,0.14864234588984873,False
incl88_j2_node340,0.0,2461743.1951684635,2461743.194109422,2461743.161798738,25.0,3392,25.944479772370002,0.0,-0.48954200744628906,9,6,True,0.27149387359399507,False
incl88_j2_node340,0.0,2461743.2082101433,2461743.207151102,2461743.1748404177,25.0,9281,-31.388166464348544,2.8125,0.23109813034534454,8,5,True,0.2725890987480824,False
incl88_j2_node340,0.0,2461744.183479937,2461744.1824208954,2461744.150110211,25.0,6588,-3.583321698471977,-11.25,0.18336543440818787,12,7,True,0.35775156893518084,False
incl88_j2_node340,0.0,2461744.257949956,2461744.256890915,2461744.2245802307,25.0,3259,28.630989836924343,-14.0625,-0.3874386250972748,10,5,True,0.3644836712106863,False
incl88_j2_node340,0.0,2461744.2709763614,2461744.26991732,2461744.237606636,25.0,9148,-28.630989836924357,-11.25,0.3380942940711975,9,3,True,0.36566410905613933,False
incl88_j2_node340,0.0,2461745.167549079,2461745.1664900375,2461745.1341793532,25.0,7735,-14.477512185929939,-23.90625,0.14519858360290527,13,7,True,0.44859870323664885,False
incl88_j2_node340,0.0,2461745.2416242943,2461745.240565253,2461745.2082545687,25.0,4150,19.47122063449069,-26.71875,-0.4476947784423828,12,7,True,0.45556984733649986,False
incl88_j2_node340,0.0,2461745.2555627073,2461745.254503666,2461745.2221929817,25.0,10295,-41.81031489577862,-23.90625,0.042399510741233826,13,7,True,0.4568830911271985,False
incl88_j2_node340,0.0,2461746.229831799,2461746.2287727576,2461746.1964620734,25.0,7218,-9.594068226860458,-37.96875000000006,0.3016614019870758,13,7,True,0.5494166462958988,False
incl88_j2_node340,0.0,2461746.3032430965,2461746.302184055,2461746.269873371,25.0,3377,27.27961273597809,-40.78125,-0.16342301666736603,18,7,True,0.556411329298782,False
incl88_j2_node340,0.0,2461746.316908497,2461746.3158494555,2461746.2835387713,25.0,9522,-32.79716829582364,-37.96875000000006,0.43550199270248413,17,7,True,0.5577131366274147,False
incl88_j2_node340,0.0,2461747.208694513,2461747.2076354716,2461747.1753247874,25.0,5933,2.388015463268772,-52.03125,-0.4001327455043793,14,7,True,0.6421113493539834,False
incl88_j2_node340,0.0,2461747.2825924223,2461747.281533381,2461747.2492226968,25.0,2477,37.16889965599944,-53.43750000000006,0.4659551978111267,17,7,True,0.64901984804052,False
incl88_j2_node340,0.0,2461771.169599742,2461771.168540701,2461771.1362300166,25.0,3132,29.999999999999993,-9.84375,-0.36483055353164673,6,4,True,0.12916433042348563,False
incl88_j2_node340,0.0,2461772.164531716,2461772.163472675,2461772.1311619906,25.0,9145,-28.630989836924357,-19.6875,0.5812246203422546,8,5,True,0.19821042120648363,False
incl88_j2_node340,0.0,2461773.22141002,2461773.2203509784,2461773.188040294,25.0,6195,0.0,-35.15625,0.2456998974084854,12,7,True,0.28315452539931757,False
incl88_j2_node340,0.0,2461774.1942096003,2461774.193150559,2461774.1608398748,25.0,2350,38.68218745348943,-49.21875000000006,0.48890259861946106,13,7,True,0.3696626927293171,False
incl88_j2_node340,0.0,2461774.2083005696,2461774.207241528,2461774.174930844,25.0,8623,-23.31795706533424,-47.81250000000006,-0.19911199808120728,12,7,True,0.37096333899106504,False
incl88_j2_node340,0.0,2461774.2837162716,2461774.2826572303,2461774.250346546,25.0,5678,4.780191847199163,-49.21875000000006,0.3900906443595886,12,6,True,0.3779447031771781,False
incl88_j2_node340,0.0,2461801.1865337137,2461801.1854746724,2461801.153163988,25.0,1844,44.993880150457116,-46.49999999999994,0.38625097274780273,6,4,True,0.14058296901449924,False
incl88_j2_node340,0.0,2461801.200331313,2461801.1992722717,2461801.1669615875,25.0,7856,-15.713861048008212,-45.0,-0.29600897431373596,8,6,True,0.14149502472445918,False
incl88_j2_node340,0.0,2461802.188223091,2461802.1871640496,2461802.1548533654,25.0,10408,-43.40685848593699,-56.61290322580646,-0.12889403104782104,9,5,True,0.21311054599686255,False
incl88_j2_node340,0.0,2461849.6257819147,2461849.6247228733,2461849.592412189,25.0,7884,-16.957763300004146,35.15625,-0.08969835937023163,3,1,True,0.38883559706747534,False
incl88_j2_node340,0.0,2461877.597011204,2461877.5959521625,2461877.5636414783,25.0,5961,1.1937484371410676,25.3125,0.44928646087646484,7,4,True,0.5591706907677362,False
incl88_j2_node340,0.0,2461878.5805075024,2461878.579448461,2461878.547137777,25.0,6852,-7.180755781458288,12.65625,0.49575623869895935,6,3,True,0.46415857480611955,False
incl88_j2_node340,0.0,2461891.2887983955,2461891.287739354,2461891.25542867,25.0,10311,-43.40685848593699,21.774193548387103,0.1700570285320282,11,7,True,0.2533789849179501,True
incl88_j2_node340,0.0,2461893.255954462,2461893.2548954207,2461893.2225847365,25.0,8895,-25.944479772370016,-2.8125,-0.23168595135211945,11,5,True,0.46187306015919943,True
incl88_j2_node340,0.0,2461893.3374480694,2461893.336389028,2461893.304078344,25.0,9022,-27.27961273597809,-4.21875,0.010479794815182686,13,7,True,0.4710939228182014,True
incl88_j2_node340,0.0,2461894.24452489,2461894.2434658487,2461894.2111551645,25.0,5690,4.780191847199163,-15.46875,0.4890121817588806,11,4,True,0.5743504386843469,True
incl88_j2_node340,0.0,2461894.329668777,2461894.3286097357,2461894.2962990515,25.0,4154,19.47122063449069,-15.46875,-0.0797300860285759,13,7,True,0.5840078190195293,True
incl88_j2_node340,0.0,2461920.2647630726,2461920.2637040312,2461920.231393347,25.0,2113,40.228184728061095,2.8125,-0.13351893424987793,6,3,True,0.22411261403305843,False
incl88_j2_node340,0.0,2461921.3217368643,2461921.320677823,2461921.2883671387,25.0,4923,12.024699180565818,-12.65625,0.03715090826153755,5,4,True,0.3322616952403146,False
incl88_j2_node340,0.0,2461922.304733567,2461922.3036745256,2461922.2713638414,25.0,4279,18.209956864283,-25.3125,-0.05809110030531883,13,7,True,0.44217724049915763,False
incl88_j2_node340,0.0,2461923.2756774267,2461923.2746183854,2461923.242307701,25.0,9138,-28.630989836924357,-39.375,-0.5413848757743835,9,4,True,0.5537414764554485,False
incl88_j2_node340,0.0,2461923.287782923,2461923.2867238815,2461923.2544131973,25.0,3634,24.62431835216408,-37.96875000000006,-0.12145859003067017,12,7,True,0.555126511296294,False
incl88_j2_node340,0.0,2461923.3653452722,2461923.364286231,2461923.3319755467,25.0,5554,5.979156796301311,-39.375,-0.4714895188808441,8,3,True,0.5639894191184691,False
incl88_j2_node340,0.0,2461950.2792378236,2461950.278178782,2461950.245868098,25.0,4659,14.477512185929925,-35.15625,-0.11829864978790283,3,1,True,0.3061263815221748,False
incl88_j2_node340,0.0,2461970.5689953347,2461970.5679362933,2461970.535625609,25.0,3028,29.999999999999993,57.65625,-0.43152180314064026,6,3,True,0.19907642037945467,False
incl88_j2_node340,0.0,2461997.4676197427,2461997.4665607014,2461997.434250017,25.0,9045,-28.630989836924357,59.0625,0.26872700452804565,13,7,True,0.4531121265557506,False
incl88_j2_node340,0.0,2461997.5572876837,2461997.5562286424,2461997.523917958,25.0,5461,5.979156796301311,59.0625,0.4162793755531311,12,7,True,0.44399805699355965,False
incl88_j2_node340,0.0,2461998.5375243155,2461998.536465274,2461998.50415459,25.0,6096,0.0,46.40625,-0.09051821380853653,12,7,True,0.344559621245736,False
incl88_j2_node340,0.0,2461999.5265775034,2461999.525518462,2461999.493207778,25.0,2764,32.79716829582364,35.15625,-0.5189303159713745,11,7,True,0.24762675394600814,False
incl88_j2_node340,0.0,2462000.5763022583,2462000.575243217,2462000.5429325327,25.0,8902,-27.27961273597809,18.28125,0.040072713047266006,8,6,True,0.15418431401789381,False
incl88_j2_node340,0.0,2462000.5872194134,2462000.586160372,2462000.553849688,25.0,3911,20.742379954487134,19.6875,0.28108230233192444,7,4,True,0.1532871463291381,False
incl88_j2_node340,0.0,2462025.4497565283,2462025.448697487,2462025.4163868027,25.0,5970,1.1937484371410676,50.625,0.003119569970294833,14,7,True,0.6118206892160438,False
incl88_j2_node340,0.0,2462025.4589911764,2462025.457932135,2462025.425621451,25.0,2002,41.81031489577859,52.03125,0.16264083981513977,14,7,True,0.6109087673438808,False
incl88_j2_node340,0.0,2462025.527994827,2462025.5269357855,2462025.4946251013,25.0,7633,-14.477512185929939,49.21875,-0.17591242492198944,15,7,True,0.6040749857316786,False
incl88_j2_node340,0.0,2462025.606577258,2462025.6055182167,2462025.5732075325,25.0,9041,-28.630989836924357,47.8125,-0.3411898910999298,12,4,True,0.5962518093270408,False
incl88_j2_node340,0.0,2462026.433810998,2462026.432751957,2462026.4004412726,25.0,4813,12.024699180565818,37.96875,0.03628337010741234,13,7,True,0.5116726389542424,False
incl88_j2_node340,0.0,2462026.512062888,2462026.511003847,2462026.4786931626,25.0,6477,-3.583321698471977,36.5625,-0.14290396869182587,12,7,True,0.5035031478475684,False
incl88_j2_node340,0.0,2462026.590251265,2462026.5891922237,2462026.5568815395,25.0,8140,-19.47122063449069,35.15625,-0.3334258794784546,15,6,True,0.4953188419205649,False
incl88_j2_node340,0.0,2462026.6038196036,2462026.602760562,2462026.570449878,25.0,2125,40.228184728061095,36.5625,0.3552395701408386,14,5,True,0.49389654270315253,False
incl88_j2_node340,0.0,2462027.4885678655,2462027.487508824,2462027.45519814,25.0,8776,-25.944479772370016,22.5,0.1419721245765686,13,7,True,0.40041229220747937,False
incl88_j2_node340,0.0,2462027.5016104416,2462027.5005514002,2462027.468240716,25.0,2889,31.38816646434855,25.3125,-0.5283756852149963,13,7,True,0.39903147040144404,False
incl88_j2_node340,0.0,2462027.581870758,2462027.5808117166,2462027.5485010324,25.0,3528,24.62431835216408,23.90625,-0.5262649059295654,11,6,True,0.3905385272692304,False
incl88_j2_node340,0.0,2462028.551957889,2462028.5508988476,2462028.5185881634,25.0,8771,-25.944479772370016,8.4375,0.1442539095878601,12,7,True,0.28944219082453126,False
incl88_j2_node340,0.0,2462028.5650004647,2462028.5639414233,2462028.531630739,25.0,2884,31.38816646434855,11.25,-0.5180889368057251,12,7,True,0.288115569969377,False
incl88_j2_node340,0.0,2462055.463616686,2462055.4625576446,2462055.4302469604,25.0,8900,-27.27961273597809,12.65625,0.14188076555728912,14,7,True,0.5589059754736702,False
incl88_j2_node340,0.0,2462055.4751188103,2462055.474059769,2462055.4417490847,25.0,3653,23.31795706533424,14.0625,0.4669357240200043,14,7,True,0.5576834288237855,False
incl88_j2_node340,0.0,2462055.5554707875,2462055.554411746,2462055.522101062,25.0,4292,16.957763300004146,12.65625,0.5726478099822998,15,7,True,0.5491221196425917,False
incl88_j2_node340,0.0,2462055.623910966,2462055.6228519245,2462055.5905412403,25.0,10179,-41.81031489577862,9.84375,0.0663183182477951,13,5,True,0.5418025141570566,False
incl88_j2_node340,0.0,2462056.5229842514,2462056.52192521,2462056.489614526,25.0,10547,-44.99388015045713,-1.5,-0.4737599492073059,13,7,True,0.4440097569741614,False
incl88_j2_node340,0.0,2462056.535117728,2462056.534058687,2462056.5017480026,25.0,5184,8.385538647081319,0.0,-0.010025689378380775,12,7,True,0.4426780954282806,False
incl88_j2_node340,0.0,2462056.613378995,2462056.6123199537,2462056.5800092695,25.0,6975,-7.180755781458288,-1.40625,-0.1898285299539566,15,6,True,0.4340873299788712,False
incl88_j2_node340,0.0,2462057.5192275946,2462057.5181685532,2462057.485857869,25.0,4155,19.47122063449069,-12.65625,0.05414802208542824,11,6,True,0.3353132063808948,False
incl88_j2_node340,0.0,2462057.5963311368,2462057.5952720954,2462057.562961411,25.0,6331,-1.1937484371410818,-14.0625,-0.3149087429046631,11,7,True,0.32704283331951844,False
incl88_j2_node340,0.0,2462057.60646719,2462057.605408149,2462057.5730974646,25.0,1979,43.406858485936986,-13.064516129032313,0.37404653429985046,11,6,True,0.3259581207500896,False
incl88_j2_node340,0.0,2462058.5820459677,2462058.5809869263,2462058.548676242,25.0,4406,16.957763300004146,-26.71875,-0.024040987715125084,12,7,True,0.22544078407901713,False
incl88_j2_node340,0.0,2462069.2431156384,2462069.242056597,2462069.209745913,25.0,1863,43.406858485936986,10.16129032258064,0.2501037120819092,9,6,True,0.45567024693543673,True
incl88_j2_node340,0.0,2462070.310478845,2462070.309419804,2462070.2771091196,25.0,3519,25.944479772370002,-2.8125,0.4961501955986023,12,3,True,0.5602825731799285,True
incl88_j2_node340,0.0,2462096.1622117604,2462096.161152719,2462096.128842035,25.0,4805,12.024699180565818,15.46875,0.009567582979798317,3,1,True,0.19357749446436634,False
incl88_j2_node340,0.0,2462097.221519517,2462097.2204604754,2462097.188149791,25.0,3008,29.999999999999993,1.40625,0.5873668193817139,6,3,True,0.2853129844232496,False
incl88_j2_node340,0.0,2462098.2096560644,2462098.208597023,2462098.176286339,25.0,6076,1.1937484371410676,-11.25,-0.031144972890615463,12,7,True,0.37712319358397456,False
incl88_j2_node340,0.0,2462099.184382368,2462099.1833233265,2462099.1510126423,25.0,2999,31.38816646434855,-25.3125,-0.03153496980667114,13,7,True,0.4701041739301982,False
incl88_j2_node340,0.0,2462099.198034819,2462099.196975778,2462099.1646650936,25.0,9144,-28.630989836924357,-22.5,0.5761809945106506,13,7,True,0.47140945954831504,False
incl88_j2_node340,0.0,2462099.2719606217,2462099.2709015803,2462099.238590896,25.0,5559,5.979156796301311,-25.3125,0.11488286405801773,14,7,True,0.47847544335112896,False
incl88_j2_node340,0.0,2462100.1650013705,2462100.163942329,2462100.131631645,25.0,2610,35.68533471265204,-37.96875000000006,0.38919597864151,15,7,True,0.5631907830416971,False
incl88_j2_node340,0.0,2462100.179008318,2462100.1779492768,2462100.1456385925,25.0,8883,-25.944479772370016,-36.5625,-0.28428176045417786,14,7,True,0.564504510396897,False
incl88_j2_node340,0.0,2462100.2538276184,2462100.252768577,2462100.220457893,25.0,5682,4.780191847199163,-37.96875000000006,0.3945537209510803,13,7,True,0.5715112260621029,False
incl88_j2_node340,0.0,2462100.3279152233,2462100.326856182,2462100.2945454977,25.0,2353,38.68218745348943,-40.78125,-0.013080727308988571,15,6,True,0.5784309633934925,False
incl88_j2_node340,0.0,2462100.3402793775,2462100.339220336,2462100.306909652,25.0,7858,-15.713861048008212,-39.375,-0.5677201151847839,14,5,True,0.5795838971532022,False
incl88_j2_node340,0.0,2462126.182548886,2462126.181489845,2462126.1491791606,25.0,4920,12.024699180565818,-21.09375,0.2653505504131317,10,7,True,0.21195088689076594,False
incl88_j2_node340,0.0,2462126.19550935,2462126.1944503086,2462126.1621396244,25.0,10541,-44.99388015045713,-19.5,-0.26580747961997986,9,6,True,0.2129911804653503,False
incl88_j2_node340,0.0,2462127.172170046,2462127.1711110044,2462127.13880032,25.0,8628,-23.31795706533424,-33.75000000000006,-0.5330058932304382,11,7,True,0.2953301599659296,False
incl88_j2_node340,0.0,2462127.2464923793,2462127.245433338,2462127.213122654,25.0,5171,9.594068226860458,-35.15625,0.18182417750358582,9,6,True,0.3018700356073711,False
incl88_j2_node340,0.0,2462128.2207609317,2462128.2197018904,2462128.187391206,25.0,2094,41.81031489577859,-49.21875000000006,0.32227906584739685,12,7,True,0.39013499981608046,False
incl88_j2_node340,0.0,2462128.2344020195,2462128.233342978,2462128.201032294,25.0,8111,-18.209956864283015,-47.81250000000006,-0.37685850262641907,12,7,True,0.39139743676319727,False
incl88_j2_node340,0.0,2462129.2220943253,2462129.221035284,2462129.1887246,25.0,10528,-44.99388015045713,-58.5,0.4600759744644165,13,7,True,0.4838667710888644,False
incl88_j2_node340,0.0,2462156.2067051986,2462156.2056461573,2462156.173335473,25.0,6699,-4.780191847199163,-57.65625000000006,0.0023999903351068497,12,7,True,0.2243074120464426,False
incl88_j2_node340,0.0,2462174.6123613934,2462174.611302352,2462174.578991668,25.0,6997,-8.385538647081319,59.0625,-0.11713529378175735,7,3,True,0.3698749293726257,False
incl88_j2_node350,0.0,2461566.3054135544,2461566.304354513,2461566.272043829,25.0,8259,-20.74237995448715,8.4375,0.4519929885864258,7,5,True,0.31756954901954937,False
incl88_j2_node350,0.0,2461566.3139871866,2461566.3129281453,2461566.280617461,25.0,4291,16.957763300004146,9.84375,0.28988635540008545,5,4,True,0.3184963059086347,False
incl88_j2_node350,0.0,2461567.2976199947,2461567.2965609534,2461567.264250269,25.0,3519,25.944479772370002,-2.8125,0.28173503279685974,12,7,True,0.4273473595052337,False
incl88_j2_node350,0.0,2461568.2771716714,2461568.27611263,2461568.243801946,25.0,4410,16.957763300004146,-15.46875,-0.31917810440063477,9,4,True,0.5367424644724514,False
incl88_j2_node350,0.0,2461568.3459595493,2461568.344900508,2461568.3125898237,25.0,10169,-40.22818472806108,-19.6875,0.5539911985397339,8,4,True,0.5443192115537424,False
incl88_j2_node350,0.0,2461569.328584379,2461569.3275253377,2461569.2952146535,25.0,9780,-35.68533471265205,-32.34375000000006,0.5253435969352722,11,7,True,0.6492586102408482,False
incl88_j2_node350,0.0,2461598.286821328,2461598.2857622867,2461598.2534516025,25.0,9260,-30.000000000000014,-54.84375,0.5632526278495789,7,4,True,0.6075861601475765,False
incl88_j2_node350,0.0,2461598.2992489175,2461598.298189876,2461598.265879192,25.0,3629,24.62431835216408,-52.03125,-0.27020469307899475,9,5,True,0.6088569455603692,False
incl88_j2_node350,0.0,2461644.509438547,2461644.5083795055,2461644.4760688213,25.0,6484,-3.583321698471977,56.25,-0.4122227728366852,11,7,True,0.29332704778118224,False
incl88_j2_node350,0.0,2461644.5867420323,2461644.585682991,2461644.5533723067,25.0,8531,-23.31795706533424,53.4375,0.5924345254898071,8,5,True,0.28520674442401917,False
incl88_j2_node350,0.0,2461644.599188202,2461644.5981291607,2461644.5658184765,25.0,2900,31.38816646434855,56.25,-0.22447125613689423,7,4,True,0.2839040043381811,False
incl88_j2_node350,0.0,2461645.572284102,2461645.5712250606,2461645.5389143764,25.0,6735,-5.979156796301311,42.1875,-0.480066180229187,9,6,True,0.18726017688949653,False
incl88_j2_node350,0.0,2461671.4119824795,2461671.410923438,2461671.378612754,25.0,10447,-44.99388015045713,58.5,-0.09368416666984558,11,5,True,0.55922728686914,False
incl88_j2_node350,0.0,2461671.502653494,2461671.5015944527,2461671.4692837684,25.0,6741,-5.979156796301311,59.0625,-0.10852237045764923,13,7,True,0.5492068111057966,False
incl88_j2_node350,0.0,2461671.5899543436,2461671.5888953023,2461671.556584618,25.0,4181,18.209956864283,59.0625,-0.37793493270874023,15,6,True,0.5395211593970782,False
incl88_j2_node350,0.0,2461672.477820341,2461672.4767612997,2461672.4444506154,25.0,9552,-34.22886632781257,45.0,-0.07270916551351547,14,7,True,0.4397645278330352,False
incl88_j2_node350,0.0,2461672.4883356113,2461672.48727657,2461672.4549658857,25.0,4816,12.024699180565818,46.40625,0.15004193782806396,13,7,True,0.43857832733114005,False
incl88_j2_node350,0.0,2461672.5671300287,2461672.5660709874,2461672.533760303,25.0,6224,-1.1937484371410818,45.0,0.05054038390517235,14,7,True,0.429693048073568,False
incl88_j2_node350,0.0,2461673.54120982,2461673.540150779,2461673.5078400946,25.0,9547,-34.22886632781257,30.9375,-0.07008998095989227,12,7,True,0.3214832266452281,False
incl88_j2_node350,0.0,2461673.5511731333,2461673.550114092,2461673.5178034077,25.0,5067,9.594068226860458,32.34375,0.07973119616508484,12,7,True,0.32040330669522693,False
incl88_j2_node350,0.0,2461674.6064804397,2461674.6054213983,2461674.573110714,25.0,8774,-25.944479772370016,16.875,0.25531700253486633,8,5,True,0.21166727193969978,False
incl88_j2_node350,0.0,2461675.6038450547,2461675.6027860134,2461675.570475329,25.0,1862,43.406858485936986,7.258064516129025,-0.2900470197200775,6,4,True,0.12389664580397293,False
incl88_j2_node350,0.0,2461700.4645254007,2461700.4634663593,2461700.431155675,25.0,4429,15.713861048008212,36.5625,0.33034607768058777,14,7,True,0.587707010821123,False
incl88_j2_node350,0.0,2461700.5343016703,2461700.533242629,2461700.5009319447,25.0,9804,-37.168899655999454,33.75,0.11107794940471649,16,7,True,0.5799238125690676,False
incl88_j2_node350,0.0,2461700.5427538273,2461700.541694786,2461700.5093841017,25.0,6092,0.0,35.15625,0.1489056944847107,15,7,True,0.5789792641785401,False
incl88_j2_node350,0.0,2461700.6231920985,2461700.622133057,2461700.589822373,25.0,6732,-5.979156796301311,33.75,0.27929848432540894,12,5,True,0.5699718022872255,False
incl88_j2_node350,0.0,2461700.6333458116,2461700.6322867703,2461700.599976086,25.0,2252,38.68218745348943,35.15625,0.4406498968601227,10,4,True,0.5688325806791009,False
incl88_j2_node350,0.0,2461701.522442158,2461701.5213831165,2461701.4890724323,25.0,6984,-8.385538647081319,22.5,-0.43670958280563354,13,7,True,0.46790776104879467,False
incl88_j2_node350,0.0,2461701.6017208737,2461701.6006618324,2461701.568351148,25.0,8135,-19.47122063449069,21.09375,-0.47081640362739563,16,7,True,0.4588723066851963,False
incl88_j2_node350,0.0,2461701.6132822023,2461701.612223161,2461701.5799124767,25.0,2888,31.38816646434855,22.5,-0.09598840773105621,15,6,True,0.4575552121219947,False
incl88_j2_node350,0.0,2461702.582131855,2461702.581072814,2461702.5487621296,25.0,8642,-24.62431835216408,7.03125,0.3550346791744232,12,7,True,0.34874742169873957,False
incl88_j2_node350,0.0,2461702.5951944822,2461702.594135441,2461702.5618247567,25.0,2755,32.79716829582364,9.84375,-0.3054661750793457,12,7,True,0.3473149923677128,False
incl88_j2_node350,0.0,2461703.5657480764,2461703.564689035,2461703.532378351,25.0,7870,-15.713861048008212,-5.625,0.3881683051586151,10,6,True,0.24541155269843284,False
incl88_j2_node350,0.0,2461704.6249326407,2461704.6238735993,2461704.591562915,25.0,9657,-34.22886632781257,-19.6875,-0.2821771204471588,7,6,True,0.1487719294272497,False
incl88_j2_node350,0.0,2461704.6338028926,2461704.6327438513,2461704.600433167,25.0,5689,4.780191847199163,-18.28125,-0.31751906871795654,6,5,True,0.14804478610190244,False
incl88_j2_node350,0.0,2461743.20079828,2461743.1997392387,2461743.1674285545,25.0,5956,1.1937484371410676,11.25,-0.14084963500499725,9,6,True,0.2719665175360161,False
incl88_j2_node350,0.0,2461744.1755253673,2461744.174466326,2461744.1421556417,25.0,3007,31.38816646434855,-2.8125,-0.11990907788276672,11,7,True,0.3570341165380508,False
incl88_j2_node350,0.0,2461744.188567911,2461744.1875088695,2461744.1551981852,25.0,8768,-25.944479772370016,0.0,0.5863229036331177,12,7,True,0.3582106108593139,False
incl88_j2_node350,0.0,2461744.2631029077,2461744.2620438663,2461744.229733182,25.0,5567,5.979156796301311,-2.8125,0.006986994296312332,9,4,True,0.3649505434816985,False
incl88_j2_node350,0.0,2461745.15865556,2461745.1575965188,2461745.1252858345,25.0,3642,24.62431835216408,-15.46875,-0.09517653286457062,10,5,True,0.4477626993416931,False
incl88_j2_node350,0.0,2461745.171718259,2461745.1706592175,2461745.1383485333,25.0,9531,-32.79716829582364,-12.65625,0.5696870684623718,13,7,True,0.4489907029235563,False
incl88_j2_node350,0.0,2461745.246598195,2461745.2455391535,2461745.2132284692,25.0,6458,-2.388015463268786,-15.46875,0.05915934592485428,12,7,True,0.45603842269612893,False
incl88_j2_node350,0.0,2461746.219535853,2461746.2184768114,2461746.186166127,25.0,2613,35.68533471265204,-29.53125,0.30418261885643005,14,7,True,0.5484355041031295,False
incl88_j2_node350,0.0,2461746.232946318,2461746.2318872768,2461746.1995765925,25.0,8630,-23.31795706533424,-28.125,-0.30776655673980713,13,7,True,0.5497134347231691,False
incl88_j2_node350,0.0,2461746.3078168826,2461746.3067578413,2461746.274447157,25.0,5429,7.180755781458274,-29.53125,0.35675880312919617,18,7,True,0.5568470532329904,False
incl88_j2_node350,0.0,2461747.1990074236,2461747.1979483822,2461747.165637698,25.0,1845,44.993880150457116,-43.5,-0.05933934822678566,16,7,True,0.6412043704355856,False
incl88_j2_node350,0.0,2461747.212533623,2461747.2114745816,2461747.1791638974,25.0,7729,-14.477512185929939,-40.78125,0.2926589250564575,14,7,True,0.6424706942918013,False
incl88_j2_node350,0.0,2461747.2860299423,2461747.284970901,2461747.2526602168,25.0,3888,22.02431283704216,-43.59375,-0.19990381598472595,17,7,True,0.6493407752574021,False
incl88_j2_node350,0.0,2461771.1736917966,2461771.1726327552,2461771.140322071,25.0,4800,12.024699180565818,1.40625,0.16319473087787628,5,3,True,0.1294235483225737,False
incl88_j2_node350,0.0,2461773.211903423,2461773.2108443817,2461773.1785336975,25.0,2102,41.81031489577859,-26.71875,0.26256558299064636,12,7,True,0.28234476002955816,False
incl88_j2_node350,0.0,2461773.2244175887,2461773.2233585473,2461773.191047863,25.0,7607,-13.248014905676953,-25.3125,-0.33358699083328247,11,7,True,0.28341085573877933,False
incl88_j2_node350,0.0,2461774.1988569032,2461774.197797862,2461774.1654871777,25.0,4274,18.209956864283,-39.375,-0.37193015217781067,13,7,True,0.37009153752943846,False
incl88_j2_node350,0.0,2461774.2121498547,2461774.2110908134,2461774.178780129,25.0,10163,-40.22818472806108,-36.5625,0.18282009661197662,12,7,True,0.3713188666098535,False
incl88_j2_node350,0.0,2461774.2867051503,2461774.285646109,2461774.2533354247,25.0,7090,-8.385538647081319,-39.375,-0.18391373753547668,13,6,True,0.3782220676185369,False
incl88_j2_node350,0.0,2461775.178392549,2461775.1773335077,2461775.1450228235,25.0,3373,27.27961273597809,-52.03125,0.24451544880867004,13,7,True,0.46299989843421907,False
incl88_j2_node350,0.0,2461775.191726957,2461775.1906679156,2461775.1583572314,25.0,9390,-31.388166464348544,-50.625,-0.34192490577697754,14,7,True,0.46429348345842547,False
incl88_j2_node350,0.0,2461775.2663958375,2461775.265336796,2461775.233026112,25.0,6189,0.0,-52.03125,0.40379008650779724,14,7,True,0.4715482822181534,False
incl88_j2_node350,0.0,2461775.340077435,2461775.339018394,2461775.3067077096,25.0,2604,35.68533471265204,-54.84375,0.005367031786590815,12,5,True,0.4787247767836591,False
incl88_j2_node350,0.0,2461801.191454466,2461801.1903954246,2461801.1580847404,25.0,3763,23.31795706533424,-36.5625,-0.5155491232872009,8,6,True,0.14090796194366073,False
incl88_j2_node350,0.0,2461801.2045455636,2461801.203486522,2461801.171175838,25.0,9652,-34.22886632781257,-33.75000000000006,0.15211178362369537,8,5,True,0.1417741035940737,False
incl88_j2_node350,0.0,2461802.2548463796,2461802.2537873383,2461802.221476654,25.0,3758,23.31795706533424,-50.625,-0.5203908085823059,6,4,True,0.21836459491010615,False
incl88_j2_node350,0.0,2461849.6243844917,2461849.6233254503,2461849.591014766,25.0,7248,-10.806922874860348,45.0,-0.04864014312624931,3,1,True,0.3889681994459327,False
incl88_j2_node350,0.0,2461877.595103845,2461877.5940448036,2461877.5617341194,25.0,5068,9.594068226860458,35.15625,0.5669514536857605,8,4,True,0.5593558432456456,False
incl88_j2_node350,0.0,2461878.5766867907,2461878.5756277493,2461878.543317065,25.0,5063,9.594068226860458,21.09375,-0.5052149891853333,5,2,True,0.464524093356567,False
incl88_j2_node350,0.0,2461920.265852944,2461920.2647939026,2461920.2324832184,25.0,1744,44.993880150457116,13.5,-0.35627660155296326,7,4,True,0.22421656368846946,False
incl88_j2_node350,0.0,2461921.3128013103,2461921.311742269,2461921.2794315848,25.0,9022,-27.27961273597809,-4.21875,0.18060848116874695,7,5,True,0.33129465203009045,False
incl88_j2_node350,0.0,2461922.2921485393,2461922.291089498,2461922.2587788138,25.0,9914,-37.168899655999454,-16.875,-0.47495946288108826,13,7,True,0.4407380863013877,False
incl88_j2_node350,0.0,2461923.2771792854,2461923.276120244,2461923.24380956,25.0,8501,-22.02431283704216,-29.53125,-0.20148800313472748,9,4,True,0.5539133384878262,False
incl88_j2_node350,0.0,2461923.2906327313,2461923.28957369,2461923.2572630057,25.0,2486,37.16889965599944,-28.125,0.5135997533798218,13,7,True,0.5554525017036673,False
incl88_j2_node350,0.0,2461923.3562050597,2461923.3551460183,2461923.322835334,25.0,9653,-34.22886632781257,-30.9375,-0.36044028401374817,8,4,True,0.5629460601834333,False
incl88_j2_node350,0.0,2461950.282453357,2461950.2813943154,2461950.249083631,25.0,3255,28.630989836924343,-25.3125,0.5412956476211548,3,1,True,0.30647321593628396,False
incl88_j2_node350,0.0,2461952.314420232,2461952.3133611907,2461952.2810505065,25.0,9133,-28.630989836924357,-53.43750000000006,-0.37007904052734375,8,4,True,0.5360996480449588,False
incl88_j2_node350,0.0,2461998.5388823496,2461998.5378233083,2461998.505512624,25.0,5460,5.979156796301311,56.25,0.26388978958129883,12,7,True,0.344423134794775,False
incl88_j2_node350,0.0,2461999.518576758,2461999.5175177166,2461999.4852070324,25.0,6351,-2.388015463268786,43.59375,-0.33195924758911133,8,5,True,0.24838422433542823,False
incl88_j2_node350,0.0,2461999.5921209375,2461999.591061896,2461999.558751212,25.0,9934,-38.68218745348943,40.78125,-0.06028810143470764,6,3,True,0.2414425202241247,False
incl88_j2_node350,0.0,2462000.5890231025,2462000.587964061,2462000.555653377,25.0,3147,28.630989836924343,30.9375,-0.5199383497238159,7,4,True,0.153139080030881,False
incl88_j2_node350,0.0,2462025.439621649,2462025.438562608,2462025.4062519236,25.0,10324,-43.40685848593699,59.51612903225805,-0.5540075898170471,14,7,True,0.6128208478955531,False
incl88_j2_node350,0.0,2462025.603214397,2462025.6021553557,2462025.5698446715,25.0,10323,-43.40685848593699,56.61290322580646,-0.017187315970659256,13,4,True,0.5965874559285002,False
incl88_j2_node350,0.0,2462026.436375986,2462026.4353169445,2462026.4030062603,25.0,3665,23.31795706533424,47.8125,0.5804025530815125,13,7,True,0.5114052150887548,False
incl88_j2_node350,0.0,2462026.5037313285,2462026.502672287,2462026.470361603,25.0,10064,-40.22818472806108,45.0,-0.08530192077159882,13,7,True,0.5043740181382783,False
incl88_j2_node350,0.0,2462026.514508407,2462026.5134493657,2462026.4811386815,25.0,5328,7.180755781458274,46.40625,0.3660500645637512,12,7,True,0.5032474951299971,False
incl88_j2_node350,0.0,2462026.591665713,2462026.5906066718,2462026.5582959875,25.0,7504,-13.248014905676953,45.0,0.0006635924219153821,15,6,True,0.4951706068401982,False
incl88_j2_node350,0.0,2462027.4920172575,2462027.490958216,2462027.458647532,25.0,7244,-10.806922874860348,33.75,-0.5483008027076721,13,7,True,0.40004708950345463,False
incl88_j2_node350,0.0,2462027.4931142884,2462027.492055247,2462027.459744563,25.0,6732,-5.979156796301311,33.75,-0.39005523920059204,13,7,True,0.3999309418883796,False
incl88_j2_node350,0.0,2462027.5703651393,2462027.569306098,2462027.5369954137,25.0,8779,-25.944479772370016,30.9375,0.5373279452323914,13,7,True,0.39175551435117356,False
incl88_j2_node350,0.0,2462028.551655875,2462028.5505968337,2462028.5182861495,25.0,8902,-27.27961273597809,18.28125,0.19389604032039642,12,7,True,0.2894729211877033,False
incl88_j2_node350,0.0,2462028.5653214743,2462028.564262433,2462028.5319517488,25.0,2759,32.79716829582364,21.09375,-0.27858981490135193,12,7,True,0.2880829382178469,False
incl88_j2_node350,0.0,2462055.463310834,2462055.4622517927,2462055.4299411085,25.0,9032,-28.630989836924357,22.5,0.18379803001880646,14,7,True,0.5589384728394761,False
incl88_j2_node350,0.0,2462055.476337535,2462055.4752784935,2462055.4429678093,25.0,3145,28.630989836924343,25.3125,-0.41770923137664795,14,7,True,0.5575538397427223,False
incl88_j2_node350,0.0,2462055.5524345394,2462055.551375498,2462055.519064814,25.0,5704,3.5833216984719627,22.5,0.31193745136260986,15,7,True,0.5494462568412415,False
incl88_j2_node350,0.0,2462055.6231879857,2462055.6221289444,2462055.58981826,25.0,10434,-44.99388015045713,19.5,0.09821140021085739,13,5,True,0.5418799591483784,False
incl88_j2_node350,0.0,2462056.5326720416,2462056.531613,2462056.499302316,25.0,6339,-2.388015463268786,9.84375,-0.20758000016212463,12,7,True,0.4429465167995451,False
incl88_j2_node350,0.0,2462056.609715465,2462056.6086564236,2462056.5763457394,25.0,8515,-23.31795706533424,8.4375,-0.5904232859611511,15,6,True,0.43448951299561145,False
incl88_j2_node350,0.0,2462056.624880892,2462056.623821851,2462056.5915111667,25.0,1863,43.406858485936986,10.16129032258064,0.25009897351264954,12,4,True,0.4328246395928627,False
incl88_j2_node350,0.0,2462057.51781619,2462057.516757149,2462057.4844464646,25.0,4799,13.24801490567694,-2.8125,0.01402242761105299,10,5,True,0.33546490404301954,False
incl88_j2_node350,0.0,2462057.5966039444,2462057.595544903,2462057.563234219,25.0,6206,0.0,-4.21875,-0.12011143565177917,11,7,True,0.3270136284184122,False
incl88_j2_node350,0.0,2462057.604388752,2462057.6033297107,2462057.5710190265,25.0,2751,34.228866327812575,-2.8125,-0.15321554243564606,9,6,True,0.32618048875951167,False
incl88_j2_node350,0.0,2462058.5795550602,2462058.578496019,2462058.5461853347,25.0,5562,5.979156796301311,-16.875,-0.23201245069503784,11,7,True,0.22568490653277556,False
incl88_j2_node350,0.0,2462096.163039429,2462096.1619803878,2462096.1296697035,25.0,5193,8.385538647081319,25.3125,-0.24792413413524628,3,1,True,0.19364525927126192,False
incl88_j2_node350,0.0,2462097.2208738825,2462097.219814841,2462097.187504157,25.0,2755,32.79716829582364,9.84375,-0.5750173926353455,6,3,True,0.28525452885794894,False
incl88_j2_node350,0.0,2462098.2110133143,2462098.209954273,2462098.1776435887,25.0,6719,-4.780191847199163,-1.40625,-0.3855634331703186,12,7,True,0.3772517230836102,False
incl88_j2_node350,0.0,2462099.185315415,2462099.1842563734,2462099.151945689,25.0,3386,27.27961273597809,-15.46875,-0.27533581852912903,13,7,True,0.4701933837491231,False
incl88_j2_node350,0.0,2462099.198346103,2462099.1972870617,2462099.1649763775,25.0,9275,-30.000000000000014,-12.65625,0.32661721110343933,13,7,True,0.47143921956084756,False
incl88_j2_node350,0.0,2462099.2727765264,2462099.271717485,2462099.239406801,25.0,5946,2.388015463268772,-15.46875,-0.14987966418266296,14,7,True,0.47855340666554047,False
incl88_j2_node350,0.0,2462100.1653324496,2462100.1642734082,2462100.131962724,25.0,2742,34.228866327812575,-28.125,0.2722630202770233,15,7,True,0.5632218433442073,False
incl88_j2_node350,0.0,2462100.178708679,2462100.1776496377,2462100.1453389535,25.0,8758,-24.62431835216408,-26.71875,-0.42863908410072327,15,7,True,0.5644764126941944,False
incl88_j2_node350,0.0,2462100.253555682,2462100.2524966407,2462100.2201859565,25.0,5558,5.979156796301311,-28.125,0.2885497808456421,13,7,True,0.5714857937067487,False
incl88_j2_node350,0.0,2462100.3268464124,2462100.325787371,2462100.293476687,25.0,1973,43.406858485936986,-30.48387096774195,0.4796876907348633,15,6,True,0.578331271406488,False
incl88_j2_node350,0.0,2462100.3408576287,2462100.3397985874,2462100.307487903,25.0,8118,-18.209956864283015,-28.125,0.509373664855957,14,5,True,0.5796378104873932,False
incl88_j2_node350,0.0,2462126.1817119597,2462126.1806529183,2462126.148342234,25.0,4540,15.713861048008212,-11.25,0.263794869184494,10,7,True,0.21188373839362407,False
incl88_j2_node350,0.0,2462127.159735986,2462127.1586769447,2462127.1263662605,25.0,2999,31.38816646434855,-25.3125,-0.1457875519990921,8,5,True,0.2942392703374997,False
incl88_j2_node350,0.0,2462127.1727778926,2462127.171718851,2462127.139408167,25.0,8888,-25.944479772370016,-22.5,0.457855761051178,11,7,True,0.29538350749103603,False
incl88_j2_node350,0.0,2462127.246767156,2462127.2457081145,2462127.2133974303,25.0,5303,8.385538647081319,-25.3125,0.007036879193037748,9,6,True,0.30189427636556987,False
incl88_j2_node350,0.0,2462128.221120311,2462128.2200612696,2462128.1877505854,25.0,2226,40.228184728061095,-39.375,0.2183491736650467,12,7,True,0.39016825064210375,False
incl88_j2_node350,0.0,2462128.2341175806,2462128.233058539,2462128.200747855,25.0,7986,-16.957763300004146,-37.96875000000006,-0.5210948586463928,12,7,True,0.3913711076058076,False
incl88_j2_node350,0.0,2462129.2044030777,2462129.2033440364,2462129.171033352,25.0,2861,32.79716829582364,-52.03125,0.17007650434970856,14,7,True,0.48219949744672885,False
incl88_j2_node350,0.0,2462129.2177540935,2462129.216695052,2462129.184384368,25.0,8878,-25.944479772370016,-50.625,-0.5176061391830444,13,7,True,0.4834577229876962,False
incl88_j2_node350,0.0,2462129.2925735866,2462129.291514545,2462129.259203861,25.0,5677,4.780191847199163,-52.03125,0.19630880653858185,16,7,True,0.4905100595880702,False
incl88_j2_node350,0.0,2462155.214877917,2462155.2138188756,2462155.1815081914,25.0,2227,40.228184728061095,-36.5625,-0.05648224428296089,5,3,True,0.15075748998614305,False
incl88_j2_node350,0.0,2462156.2075237255,2462156.206464684,2462156.174154,25.0,7087,-8.385538647081319,-47.81250000000006,-0.28308379650115967,12,7,True,0.22437219218964133,False
