family,phase_deg,jd_utc,pixel,lat,lon,cross_track_deg,n_sites,n_tr,illum,plume
main_node0,0.0,2461552.5181661737,2246,38.68218745348943,18.28125,0.28471168875694275,11,7,0.6485584786488884,True
main_node0,0.0,2461553.509090864,6337,-2.388015463268786,4.21875,-0.5492920875549316,9,4,0.5566928668740208,True
main_node0,0.0,2461566.299909335,10433,-44.99388015045713,16.5,-0.1401444673538208,9,6,0.31694991188386684,False
main_node0,0.0,2461567.2976180976,3393,25.944479772370002,2.8125,0.2367875576019287,11,7,0.4275774219526758,False
main_node0,0.0,2461568.2754928716,5180,9.594068226860458,-9.84375,0.05197674408555031,9,4,0.5369253143011579,False
main_node0,0.0,2461568.3492168356,8892,-25.944479772370016,-11.25,0.4722921848297119,7,4,0.5445736513737136,False
main_node0,0.0,2461598.290636293,7600,-13.248014905676953,-45.0,-0.24072159826755524,9,6,0.6081901318632222,False
main_node0,0.0,2461598.302092155,2480,37.16889965599944,-45.0,-0.35617417097091675,7,3,0.6096081476594695,False
main_node0,0.0,2461645.5714595895,7122,-9.594068226860458,52.03125,-0.2666392922401428,9,6,0.18742844894171756,False
main_node0,0.0,2461672.48397143,6868,-7.180755781458288,57.65625,-0.4981951415538788,13,7,0.4387098170631261,False
main_node0,0.0,2461672.494392832,2260,38.68218745348943,57.65625,-0.4991220235824585,13,7,0.4379264209413762,False
main_node0,0.0,2461672.5758478977,2388,37.16889965599944,56.25,-0.24379773437976837,15,7,0.4285300964024241,False
main_node0,0.0,2461673.5451397747,7887,-16.957763300004146,43.59375,-0.4046972393989563,12,7,0.32056694841740463,False
main_node0,0.0,2461674.6035931,9930,-38.68218745348943,29.53125,-0.24503575265407562,9,6,0.21179137725560176,False
main_node0,0.0,2461674.6123825167,6090,0.0,29.53125,-0.4198431670665741,7,5,0.21112135431710766,False
main_node0,0.0,2461700.4704575213,2001,41.81031489577859,49.21875,-0.5979500412940979,14,7,0.5867306125319907,False
main_node0,0.0,2461700.5468937787,4177,18.209956864283,47.8125,-0.3945181667804718,15,7,0.5782052959949213,False
main_node0,0.0,2461700.6240126244,6352,-2.388015463268786,46.40625,-0.03345899656414986,12,5,0.5696500632470897,False
main_node0,0.0,2461700.6333446233,2256,38.68218745348943,46.40625,-0.10703197866678238,10,4,0.5688703006181342,False
main_node0,0.0,2461701.603690194,7244,-10.806922874860348,33.75,-0.2845521867275238,17,7,0.4584731228277751,False
main_node0,0.0,2461701.615286547,2124,40.228184728061095,33.75,-0.3150489628314972,15,6,0.4568908372550031,False
main_node0,0.0,2461702.5157997897,1867,43.406858485936986,21.774193548387103,-0.2141537219285965,10,5,0.35613557825571823,False
main_node0,0.0,2461702.595844802,2503,35.68533471265204,21.09375,-0.5492838621139526,13,7,0.3469779512938147,False
main_node0,0.0,2461703.5631271494,8898,-27.27961273597809,7.03125,0.5323554873466492,9,5,0.24563192287658644,False
main_node0,0.0,2461704.631628857,6717,-4.780191847199163,-7.03125,0.596775472164154,6,5,0.14811241495741925,False
main_node0,0.0,2461729.425353255,2761,32.79716829582364,26.71875,0.1595701426267624,13,5,0.6267382348758427,False
main_node0,0.0,2461729.505595545,3401,25.944479772370002,25.3125,0.477448046207428,14,7,0.6174839429894973,False
main_node0,0.0,2461729.5817708024,5961,1.1937484371410676,25.3125,-0.4965577721595764,18,7,0.6089660819348035,False
main_node0,0.0,2461729.6558464807,9416,-32.79716829582364,23.90625,-0.08500801026821136,10,4,0.6011940175647317,False
main_node0,0.0,2461730.482376536,5572,4.780191847199163,12.65625,0.29587996006011963,13,7,0.5074925221053794,False
main_node0,0.0,2461730.568388094,3652,23.31795706533424,11.25,0.5411768555641174,14,7,0.4972035906144047,False
main_node0,0.0,2461730.6413182872,7748,-15.713861048008212,11.25,-0.3960777223110199,13,6,0.4892932544960276,False
main_node0,0.0,2461731.539675037,8511,-22.02431283704216,-1.40625,0.37113556265830994,13,7,0.38773095813338265,False
main_node0,0.0,2461731.5534690665,2367,38.68218745348943,-1.40625,0.22544711828231812,14,7,0.38620067062218755,False
main_node0,0.0,2461731.632984556,3263,28.630989836924343,-2.8125,0.5552386045455933,13,6,0.37779995242837144,False
main_node0,0.0,2461732.616858333,2362,38.68218745348943,-15.46875,0.26601332426071167,12,7,0.2739535311008209,False
main_node0,0.0,2461743.199713761,5449,5.979156796301311,25.3125,-0.05944300442934036,9,6,0.27210607274705306,True
main_node0,0.0,2461744.185396622,7364,-12.024699180565818,12.65625,0.25752902030944824,12,7,0.35821106187468243,True
main_node0,0.0,2461744.267473876,7492,-13.248014905676953,11.25,-0.060327425599098206,9,3,0.36574834069381346,True
main_node0,0.0,2461745.1667121723,7232,-10.806922874860348,0.0,0.5297650694847107,13,7,0.44861546057377677,True
main_node0,0.0,2461745.2438758467,5183,9.594068226860458,-1.40625,0.15727384388446808,12,7,0.45580487741976794,True
main_node0,0.0,2461746.22175295,3515,25.944479772370002,-14.0625,0.3567696511745453,13,7,0.5487925313188007,True
main_node0,0.0,2461746.236093898,9915,-37.168899655999454,-14.0625,0.44191449880599976,13,7,0.5501160364390816,True
main_node0,0.0,2461746.3127371008,7738,-14.477512185929939,-15.46875,0.1653846949338913,17,7,0.5573941174758178,True
main_node0,0.0,2461747.2157463655,9142,-28.630989836924357,-28.125,-0.5205934047698975,14,7,0.6428264165051236,True
main_node0,0.0,2461747.2923986157,6838,-5.979156796301311,-28.125,0.4253290295600891,16,7,0.6499658945493375,True
main_node0,0.0,2461772.1648352724,9153,-30.000000000000014,4.21875,0.41700848937034607,9,5,0.19845044296406034,False
main_node0,0.0,2461773.221410088,6204,0.0,-9.84375,0.3715037703514099,11,7,0.2833157368610964,False
main_node0,0.0,2461774.1971072233,3512,25.944479772370002,-22.5,0.5352250933647156,13,7,0.36978339384389175,False
main_node0,0.0,2461774.282069623,4919,12.024699180565818,-23.90625,0.2893058657646179,12,6,0.3781371847964757,False
main_node0,0.0,2461775.1761491117,2483,37.16889965599944,-36.5625,-0.44131189584732056,13,7,0.462639470495505,False
main_node0,0.0,2461775.1904902896,8883,-25.944479772370016,-36.5625,-0.37957701086997986,14,7,0.46398701182453184,False
main_node0,0.0,2461775.27169321,8627,-23.31795706533424,-36.5625,0.5973341464996338,14,7,0.47208391202024813,False
main_node0,0.0,2461776.1661877306,6190,0.0,-49.21875000000006,-0.19899554550647736,12,5,0.560173879698425,False
main_node0,0.0,2461776.241481143,3246,28.630989836924343,-50.625,-0.5156549215316772,14,7,0.5677331954132988,False
main_node0,0.0,2461776.255764845,9646,-34.22886632781257,-50.625,-0.3776782751083374,14,7,0.5691077214252406,False
main_node0,0.0,2461776.3316921038,7086,-8.385538647081319,-50.625,0.5626075863838196,18,7,0.5766676855263928,False
main_node0,0.0,2461801.1923399405,4153,19.47122063449069,-18.28125,0.49754875898361206,8,6,0.14117825232225104,False
main_node0,0.0,2461801.206264842,10297,-41.81031489577862,-18.28125,0.46488770842552185,7,4,0.14209543403152336,False
main_node0,0.0,2461802.25907015,5684,4.780191847199163,-32.34375000000006,0.5014325380325317,5,4,0.21861628001083314,False
main_node0,0.0,2461803.2498576483,9775,-35.68533471265205,-46.40625,-0.45325180888175964,12,7,0.3025783321523012,False
main_node0,0.0,2461804.225797323,7339,-10.806922874860348,-59.0625,-0.3126024305820465,13,7,0.39416492474177584,False
main_node0,0.0,2461831.2102866475,3116,29.999999999999993,-54.84375,-0.40314343571662903,9,5,0.16077956048702757,False
main_node0,0.0,2461831.2245558687,9516,-32.79716829582364,-54.84375,-0.32682695984840393,9,6,0.1617838830150506,False
main_node0,0.0,2461877.598922254,6867,-7.180755781458288,54.84375,0.3761395215988159,6,3,0.5590471415516816,False
main_node0,0.0,2461906.5509458706,4555,14.477512185929925,32.34375,-0.5547897815704346,10,6,0.6332558196705769,False
main_node0,0.0,2461907.52668636,2119,40.228184728061095,19.6875,-0.2019411027431488,7,4,0.5411270033166227,False
main_node0,0.0,2461907.5411256053,8519,-23.31795706533424,19.6875,-0.28572893142700195,9,6,0.5398097608351028,False
main_node0,0.0,2461910.565973511,7865,-15.713861048008212,-19.6875,0.1960618644952774,3,1,0.26238578384847366,False
main_node0,0.0,2461952.3114445037,10293,-41.81031489577862,-29.53125,-0.5009921193122864,8,4,0.5360013305054134,False
main_node0,0.0,2461953.295081603,9520,-32.79716829582364,-43.59375,0.41521191596984863,9,6,0.6447373471055388,False
main_node0,0.0,2461953.3087328924,3376,27.27961273597809,-43.59375,0.5500274300575256,10,6,0.6462278760082635,False
main_node0,0.0,2462000.5822546124,6227,-1.1937484371410818,53.4375,0.5635563731193542,7,4,0.15351893025087193,False
main_node0,0.0,2462000.5916670784,2131,40.228184728061095,53.4375,0.5145385265350342,7,4,0.1529506896106599,False
main_node0,0.0,2462027.49639585,5205,8.385538647081319,59.0625,0.35655802488327026,13,7,0.3998247513780238,False
main_node0,0.0,2462027.586513919,1759,44.993880150457116,58.5,-0.009929746389389038,12,6,0.39027142818567573,False
main_node0,0.0,2462028.5581531515,5968,1.1937484371410676,45.0,0.3963819742202759,12,7,0.2889693455472706,False
main_node0,0.0,2462030.60786879,3782,22.02431283704216,18.28125,0.21565140783786774,3,2,0.10433757548641145,False
main_node0,0.0,2462055.478987537,2130,40.228184728061095,50.625,0.24528226256370544,14,7,0.5571387468977024,False
main_node0,0.0,2462055.555499027,4305,16.957763300004146,49.21875,0.5197701454162598,15,7,0.5489985585866707,False
main_node0,0.0,2462055.624656641,9937,-38.68218745348943,49.21875,-0.5691648721694946,12,4,0.5415719918451561,False
main_node0,0.0,2462056.530227821,7501,-13.248014905676953,36.5625,0.1733853816986084,13,7,0.4433668934653859,False
main_node0,0.0,2462056.6075845435,9420,-32.79716829582364,35.15625,0.3594647943973541,13,6,0.4349819296028286,False
main_node0,0.0,2462056.621853928,3020,29.999999999999993,35.15625,0.5628526210784912,12,4,0.43269486720052686,False
main_node0,0.0,2462057.5246942025,1868,43.406858485936986,24.67741935483872,-0.46162012219429016,12,7,0.3342812781875806,False
main_node0,0.0,2462057.5907337,8776,-25.944479772370016,22.5,0.1607464849948883,12,7,0.3275777751894609,False
main_node0,0.0,2462058.5732159,8387,-22.02431283704216,9.84375,-0.07875336706638336,11,7,0.22589253696569625,False
main_node0,0.0,2462058.5850368976,3011,29.999999999999993,9.84375,0.09176629781723022,12,7,0.22521043493195175,False
main_node0,0.0,2462084.4257094054,6602,-4.780191847199163,29.53125,-0.306632399559021,13,5,0.6080387816822567,False
main_node0,0.0,2462084.5020888704,9034,-28.630989836924357,28.125,-0.0690990537405014,14,7,0.5998259989784857,False
main_node0,0.0,2462084.582940881,9417,-32.79716829582364,26.71875,0.18942472338676453,18,7,0.590818120816476,False
main_node0,0.0,2462084.592573224,5065,9.594068226860458,26.71875,0.3940037190914154,18,7,0.5900645081170912,False
main_node0,0.0,2462085.4896435426,6341,-2.388015463268786,15.46875,-0.2484164983034134,14,7,0.49007261493446463,False
main_node0,0.0,2462085.5660898327,8773,-25.944479772370016,14.0625,-0.01633317768573761,14,7,0.4814836377978699,False
main_node0,0.0,2462085.577283292,3653,23.31795706533424,14.0625,0.16708563268184662,15,7,0.480702474707907,False
main_node0,0.0,2462086.5535763158,6080,0.0,1.40625,-0.18865609169006348,12,7,0.3707991277216304,False
main_node0,0.0,2462086.6312373565,8000,-18.209956864283015,0.0,0.06354549527168274,11,6,0.3623345628354952,False
main_node0,0.0,2462086.6418806696,3136,28.630989836924343,0.0,0.23315070569515228,10,5,0.3615669025347185,False
main_node0,0.0,2462087.611961891,8507,-22.02431283704216,-12.65625,-0.21393954753875732,12,7,0.2575258216010773,False
main_node0,0.0,2462126.1797190085,3526,24.62431835216408,18.28125,-0.5461187958717346,10,7,0.2118780717108581,False
main_node0,0.0,2462127.1638958147,4674,13.24801490567694,5.625,-0.37614381313323975,11,7,0.2949404966276521,False
main_node0,0.0,2462127.238842132,1861,43.406858485936986,4.354838709677409,-0.2665935158729553,9,6,0.3010494427862251,False
main_node0,0.0,2462128.1583611066,10425,-43.40685848593699,-7.258064516129025,-0.48009368777275085,10,5,0.38459170910053786,False
main_node0,0.0,2462128.2344348235,8125,-18.209956864283015,-8.4375,-0.5506017804145813,12,7,0.39165466739137444,False
main_node0,0.0,2462129.2056910843,3384,27.27961273597809,-21.09375,-0.07833757251501083,13,7,0.48267011056752845,False
main_node0,0.0,2462129.219998117,9784,-35.68533471265205,-21.09375,-0.3297678232192993,13,7,0.48397913353315747,False
main_node0,0.0,2462129.296144075,7352,-10.806922874860348,-22.5,-0.5818436741828918,16,7,0.4911794949659463,False
main_node0,0.0,2462130.18876958,4020,20.742379954487134,-33.75000000000006,0.14162985980510712,15,7,0.5747528270501909,False
main_node0,0.0,2462130.2033460834,10416,-43.40685848593699,-33.38709677419354,0.12435296922922134,14,7,0.5760504435304605,False
main_node0,0.0,2462130.2791347443,7987,-16.957763300004146,-35.15625,-0.3253571093082428,16,7,0.5831784491643467,False
main_node0,0.0,2462130.3557217596,5555,5.979156796301311,-36.5625,-0.5687488913536072,15,6,0.5902928582809976,False
main_node0,0.0,2462156.2053824747,6074,1.1937484371410676,-16.875,-0.3026216924190521,12,7,0.22452045277350852,False
main_node0,0.0,2462157.181048262,3381,27.27961273597809,-29.53125,0.10243847221136093,10,5,0.3054360224767356,False
main_node0,0.0,2462157.1953551043,9781,-35.68533471265205,-29.53125,-0.19361677765846252,12,7,0.30664323068354016,False
main_node0,0.0,2462157.270950929,7093,-8.385538647081319,-30.9375,-0.39335301518440247,10,6,0.3133057272309615,False
main_node0,0.0,2462158.245043732,3632,24.62431835216408,-43.59375,0.041434396058321,12,7,0.4010056333697817,False
main_node0,0.0,2462158.259428235,10032,-38.68218745348943,-43.59375,-0.24233438074588776,12,7,0.4022914805065231,False
main_node0,0.0,2462159.228661903,4524,15.713861048008212,-56.25,0.2628922760486603,14,7,0.4938205721538397,False
main_node0,0.0,2462159.3038059347,1840,44.993880150457116,-58.5,-0.47959038615226746,16,7,0.5011023125239652,False
main_node0,0.0,2462159.3184556006,8235,-19.47122063449069,-57.65625000000006,-0.20983903110027313,18,7,0.5024271027303255,False
main_node0,0.0,2462186.2197978655,3373,27.27961273597809,-52.03125,0.23620593547821045,12,7,0.2365374118958525,False
main_node0,0.0,2462186.2341046785,9773,-35.68533471265205,-52.03125,-0.09541349112987518,12,7,0.2376505634833924,False
main_node5,0.0,2461552.5167299784,1747,44.993880150457116,22.5,-0.3308168649673462,10,6,0.6491872939122293,True
main_node5,0.0,2461552.530524163,7752,-15.713861048008212,22.5,-0.12879298627376556,10,6,0.6479296633855476,False
main_node5,0.0,2461553.5096319043,6595,-4.780191847199163,9.84375,0.08743330091238022,9,4,0.5566928668740208,False
main_node5,0.0,2461554.565738827,3390,27.27961273597809,-4.21875,-0.11378952860832214,7,3,0.454601093942106,True
main_node5,0.0,2461555.5565394904,7610,-13.248014905676953,-16.875,0.34716442227363586,5,3,0.35804287045205824,False
main_node5,0.0,2461566.3106743824,5831,2.388015463268772,21.09375,0.009349200874567032,5,4,0.31845162791403026,True
main_node5,0.0,2461567.289816246,6979,-8.385538647081319,8.4375,-0.22047041356563568,12,7,0.42679850830128835,True
main_node5,0.0,2461567.3008623566,2115,40.228184728061095,8.4375,-0.3291965126991272,11,7,0.4275774219526758,True
main_node5,0.0,2461568.283535226,1858,44.993880150457116,-4.5,-0.3198096454143524,10,5,0.5376915023281388,True
main_node5,0.0,2461569.331105798,8761,-24.62431835216408,-18.28125,-0.34288036823272705,10,6,0.649856005948083,False
main_node5,0.0,2461598.2886410397,8497,-22.02431283704216,-40.78125,0.5284198522567749,9,6,0.6081901318632222,False
main_node5,0.0,2461598.3010979365,2865,32.79716829582364,-40.78125,0.29469040036201477,9,5,0.6088991397613459,False
main_node5,0.0,2461645.5717338813,6996,-8.385538647081319,56.25,0.5018330812454224,9,6,0.18742844894171756,False
main_node5,0.0,2461673.5470877085,6993,-8.385538647081319,47.8125,0.32987308502197266,12,7,0.32056694841740463,False
main_node5,0.0,2461673.558856051,1876,43.406858485936986,47.903225806451616,0.06969684362411499,12,7,0.3198151758004466,False
main_node5,0.0,2461674.617681153,3660,23.31795706533424,33.75,0.27318868041038513,6,4,0.21045133137861358,False
main_node5,0.0,2461675.6007895106,3015,29.999999999999993,21.09375,0.004741297569125891,6,4,0.12379266829541564,False
main_node5,0.0,2461700.4595986465,6739,-5.979156796301311,53.4375,0.09931255131959915,14,7,0.588278395540672,False
main_node5,0.0,2461700.537161098,8658,-24.62431835216408,52.03125,0.4318239688873291,16,7,0.5797577267416799,False
main_node5,0.0,2461700.5489550214,3282,27.27961273597809,52.03125,0.3063559830188751,15,7,0.5782052959949213,False
main_node5,0.0,2461701.5190487457,8526,-23.31795706533424,39.375,0.176499605178833,13,7,0.46797044464890775,False
main_node5,0.0,2461701.5321246167,2638,34.228866327812575,39.375,0.045927733182907104,13,7,0.4663870316021117,False
main_node5,0.0,2461701.60999956,4301,16.957763300004146,37.96875,0.40540874004364014,15,6,0.4576819800413891,False
main_node5,0.0,2461702.5048513315,6601,-4.780191847199163,26.71875,-0.12899644672870636,9,4,0.35690045301162926,False
main_node5,0.0,2461702.579959041,9545,-34.22886632781257,25.3125,0.21888771653175354,12,7,0.34849926139082776,False
main_node5,0.0,2461702.593034961,3657,23.31795706533424,25.3125,0.12331360578536987,12,7,0.3477386063168183,False
main_node5,0.0,2461703.5637316443,8644,-24.62431835216408,12.65625,-0.031050238758325577,9,5,0.24563192287658644,False
main_node5,0.0,2461704.6228530365,10427,-43.40685848593699,-1.4516129032258505,0.07042650878429413,6,5,0.1486793390849127,False
main_node5,0.0,2461729.4217554484,4299,16.957763300004146,32.34375,-0.38555318117141724,13,5,0.6267382348758427,False
main_node5,0.0,2461729.496130847,7755,-15.713861048008212,30.9375,-0.010311014018952847,14,7,0.6190291990181424,False
main_node5,0.0,2461729.57590519,8650,-24.62431835216408,29.53125,0.3035952150821686,18,7,0.6097411658218483,False
main_node5,0.0,2461729.588317168,3018,29.999999999999993,29.53125,0.20011137425899506,18,7,0.6081894605415274,False
main_node5,0.0,2461730.4780020635,7622,-14.477512185929939,18.28125,-0.28205302357673645,13,7,0.5074925221053794,False
main_node5,0.0,2461730.490081171,2246,38.68218745348943,18.28125,-0.2997283935546875,14,7,0.5059093303137435,False
main_node5,0.0,2461730.568985891,3398,25.944479772370002,16.875,-0.03320671245455742,14,7,0.4972035906144047,False
main_node5,0.0,2461730.6353895087,10181,-41.81031489577862,15.46875,0.3033595383167267,14,6,0.4900839725966849,False
main_node5,0.0,2461730.64762218,4805,12.024699180565818,15.46875,0.3090845048427582,11,5,0.4885025363953703,False
main_node5,0.0,2461731.5479705525,4545,14.477512185929925,4.21875,-0.2840074896812439,13,7,0.3869658143777851,False
main_node5,0.0,2461731.6180344475,9793,-37.168899655999454,2.8125,0.0975726768374443,13,7,0.3793242484777167,False
main_node5,0.0,2461731.6262087943,6209,-1.1937484371410818,2.8125,0.06359697878360748,14,7,0.3785610790430657,False
main_node5,0.0,2461732.609156352,5692,4.780191847199163,-9.84375,-0.22364167869091034,12,7,0.2746495395242435,False
main_node5,0.0,2461771.1662038425,1747,44.993880150457116,22.5,0.4949307441711426,4,2,0.12904573212369963,False
main_node5,0.0,2461773.214905186,3262,28.630989836924343,-5.625,-0.4053480625152588,12,7,0.28272342103640935,False
main_node5,0.0,2461773.2279167227,9150,-28.630989836924357,-5.625,-0.3138751983642578,10,7,0.28390805272550135,False
main_node5,0.0,2461774.2030035034,6201,0.0,-18.28125,-0.13097979128360748,12,7,0.37042385589441124,False
main_node5,0.0,2461774.2776704035,3001,31.38816646434855,-19.6875,-0.44130295515060425,12,6,0.3774932609637183,False
main_node5,0.0,2461774.2906981036,8889,-25.944479772370016,-19.6875,-0.36923128366470337,12,5,0.37878110867241144,False
main_node5,0.0,2461775.183237561,5557,5.979156796301311,-30.9375,0.13512885570526123,13,7,0.46331324116001843,False
main_node5,0.0,2461775.257606001,2356,38.68218745348943,-32.34375000000006,-0.19478200376033783,13,7,0.47073252116418146,False
main_node5,0.0,2461775.270819755,8244,-19.47122063449069,-32.34375000000006,-0.13502053916454315,14,7,0.47208391202024813,False
main_node5,0.0,2461776.165646299,5936,2.388015463268772,-43.59375,0.42098239064216614,12,5,0.560173879698425,False
main_node5,0.0,2461776.240856185,2992,31.38816646434855,-45.0,0.03397994488477707,14,7,0.5677331954132988,False
main_node5,0.0,2461776.253883384,8880,-25.944479772370016,-45.0,0.1317620873451233,14,7,0.5691077214252406,False
main_node5,0.0,2461776.329244953,5935,2.388015463268772,-46.40625,-0.23518188297748566,18,7,0.5759804224598194,False
main_node5,0.0,2461801.1889880835,2747,34.228866327812575,-14.0625,-0.21805040538311005,7,5,0.14071966146761486,False
main_node5,0.0,2461801.2020640494,8635,-23.31795706533424,-14.0625,-0.1720511019229889,8,5,0.14163684317688718,False
main_node5,0.0,2461802.254859185,3766,23.31795706533424,-28.125,-0.27819108963012695,5,4,0.21861628001083314,False
main_node5,0.0,2461803.2395705045,5169,9.594068226860458,-40.78125,-0.005255709867924452,12,7,0.3013384579562258,False
main_node5,0.0,2461804.2142026923,2221,40.228184728061095,-53.43750000000006,0.18237687647342682,13,7,0.39281509211103477,False
main_node5,0.0,2461804.227481147,8109,-18.209956864283015,-53.43750000000006,0.2986825108528137,13,7,0.39416492474177584,False
main_node5,0.0,2461804.302962741,5164,9.594068226860458,-54.84375,-0.054241079837083817,14,7,0.4016077699608524,False
main_node5,0.0,2461831.2076054835,2094,41.81031489577859,-49.21875000000006,0.12602631747722626,9,5,0.16077956048702757,False
main_node5,0.0,2461831.2209588713,7982,-16.957763300004146,-49.21875000000006,0.20497877895832062,9,6,0.1617838830150506,False
main_node5,0.0,2461877.594837995,4949,10.806922874860334,59.0625,-0.39019182324409485,6,3,0.5590471415516816,False
main_node5,0.0,2461878.5799709368,6608,-4.780191847199163,46.40625,-0.12530584633350372,5,2,0.4637866825334278,False
main_node5,0.0,2461906.548645031,3533,24.62431835216408,37.96875,0.06584003567695618,10,6,0.6332558196705769,False
main_node5,0.0,2461906.5616923384,9421,-32.79716829582364,37.96875,0.0033136263955384493,8,4,0.6319652940225671,False
main_node5,0.0,2461907.536102901,6217,-1.1937484371410818,25.3125,0.3231532871723175,9,6,0.5404683820979448,False
main_node5,0.0,2461910.5591162313,4666,14.477512185929925,-15.46875,-0.551214337348938,3,1,0.26297136668191173,False
main_node5,0.0,2461910.5719066453,10298,-41.81031489577862,-15.46875,-0.46776682138442993,3,1,0.26238578384847366,False
main_node5,0.0,2461952.3156512887,8631,-23.31795706533424,-25.3125,0.1490035206079483,8,4,0.5360013305054134,False
main_node5,0.0,2461953.3052724088,4914,12.024699180565818,-37.96875000000006,-0.03333892673254013,10,6,0.6462278760082635,False
main_node5,0.0,2461953.305829825,4658,14.477512185929925,-37.96875000000006,-0.027386708185076714,10,6,0.6462278760082635,False
main_node5,0.0,2461982.2666185475,2987,31.38816646434855,-59.0625,-0.33724725246429443,6,3,0.6137084086142884,False
main_node5,0.0,2462000.576637159,8789,-25.944479772370016,59.0625,-0.11492147296667099,8,6,0.15409154352462479,False
main_node5,0.0,2462028.5537512414,8018,-18.209956864283015,50.625,-0.2724786400794983,12,7,0.2889693455472706,False
main_node5,0.0,2462028.5663344795,2386,37.16889965599944,50.625,-0.07095907628536224,12,7,0.2875571561760678,False
main_node5,0.0,2462055.463348681,9044,-28.630989836924357,56.25,-0.5000421404838562,14,7,0.5586158474639841,False
main_node5,0.0,2462055.47636004,3156,28.630989836924343,56.25,-0.3054894804954529,14,7,0.5571387468977024,False
main_node5,0.0,2462055.554942875,4563,14.477512185929925,54.84375,-0.07810346782207489,15,7,0.5489985585866707,False
main_node5,0.0,2462055.6235896787,10322,-43.40685848593699,53.70967741935485,-0.20778249204158783,12,4,0.5415719918451561,False
main_node5,0.0,2462056.5302356356,7503,-13.248014905676953,42.1875,-0.44293805956840515,13,7,0.4433668934653859,False
main_node5,0.0,2462056.608228137,9166,-30.000000000000014,40.78125,-0.17589300870895386,15,6,0.434219575468728,False
main_node5,0.0,2462056.6218613395,3022,29.999999999999993,40.78125,0.03860031068325043,12,4,0.43269486720052686,False
main_node5,0.0,2462057.587495991,10058,-40.22818472806108,28.125,-0.4247764050960541,12,7,0.3275777751894609,False
main_node5,0.0,2462057.5985422786,5194,8.385538647081319,28.125,-0.32212263345718384,11,7,0.32683477855460985,False
main_node5,0.0,2462058.585680909,2757,32.79716829582364,15.46875,-0.404878169298172,12,7,0.22521043493195175,False
main_node5,0.0,2462084.425443409,6732,-5.979156796301311,33.75,0.4629058241844177,13,5,0.6080387816822567,False
main_node5,0.0,2462084.513316166,3916,20.742379954487134,33.75,-0.46408411860466003,13,7,0.5983266959655439,False
main_node5,0.0,2462084.589859161,6347,-2.388015463268786,32.34375,-0.2689603865146637,18,7,0.5900645081170912,False
main_node5,0.0,2462084.5909445,5835,2.388015463268772,32.34375,-0.2493743896484375,18,7,0.5900645081170912,False
main_node5,0.0,2462085.4888341315,6727,-5.979156796301311,19.6875,0.5128118395805359,13,7,0.4908527717375164,False
main_node5,0.0,2462085.5689834272,7495,-13.248014905676953,19.6875,-0.5788975954055786,14,7,0.4814836377978699,False
main_node5,0.0,2462085.5711796116,6471,-3.583321698471977,19.6875,-0.5508514642715454,14,7,0.4814836377978699,False
main_node5,0.0,2462086.547687739,8770,-25.944479772370016,5.625,0.41743791103363037,13,7,0.3715696545051548,False
main_node5,0.0,2462086.6312463065,8002,-18.209956864283015,5.625,-0.5416714549064636,11,6,0.3623345628354952,False
main_node5,0.0,2462086.6334787663,6978,-8.385538647081319,5.625,-0.5170903205871582,11,6,0.3623345628354952,False
main_node5,0.0,2462087.613962734,7613,-13.248014905676953,-8.4375,0.5666069984436035,12,7,0.2575258216010773,False
main_node5,0.0,2462126.1814715574,4296,16.957763300004146,23.90625,-0.005163080524653196,10,7,0.2118780717108581,False
main_node5,0.0,2462126.194824812,10184,-41.81031489577862,23.90625,-0.3001694679260254,9,6,0.2129928516936785,False
main_node5,0.0,2462127.168821473,6980,-8.385538647081319,11.25,0.1323876529932022,11,7,0.2949404966276521,False
main_node5,0.0,2462127.2442905917,4035,19.47122063449069,9.84375,-0.03976845741271973,9,6,0.30166137182482505,False
main_node5,0.0,2462127.257504227,9923,-38.68218745348943,9.84375,-0.3207969069480896,8,4,0.3028869174341959,False
main_node5,0.0,2462128.2294926294,5823,3.5833216984719627,-2.8125,0.14637309312820435,12,7,0.39101192799618045,False
main_node5,0.0,2462128.3046533046,2878,32.79716829582364,-4.21875,-0.00020524657156784087,11,3,0.3980905943868711,False
main_node5,0.0,2462129.2097192775,5178,9.594068226860458,-15.46875,0.44893479347229004,13,7,0.48267011056752845,False
main_node5,0.0,2462129.284557321,2234,40.228184728061095,-16.875,0.2619403004646301,16,7,0.4898702158661552,False
main_node5,0.0,2462129.2978355777,8122,-18.209956864283015,-16.875,-0.01559356413781643,16,7,0.4911794949659463,False
main_node5,0.0,2462130.198205422,8374,-20.74237995448715,-28.125,0.5403464436531067,14,7,0.5760504435304605,False
main_node5,0.0,2462130.273659381,5429,7.180755781458274,-29.53125,0.38923075795173645,15,7,0.5825309238753672,False
main_node5,0.0,2462130.348644373,2485,37.16889965599944,-30.9375,0.20500271022319794,17,7,0.5896467438498758,False
main_node5,0.0,2462130.361802939,8373,-20.74237995448715,-30.9375,-0.07341064512729645,15,6,0.5909389727121195,False
main_node5,0.0,2462156.203758868,5308,8.385538647081319,-11.25,0.36048415303230286,12,7,0.2239719649523062,False
main_node5,0.0,2462157.178808486,2487,37.16889965599944,-25.3125,-0.44093582034111023,10,5,0.3054360224767356,False
main_node5,0.0,2462157.258831944,1851,44.993880150457116,-25.5,0.3044670522212982,11,7,0.31209093221571144,False
main_node5,0.0,2462157.2726262766,7863,-15.713861048008212,-25.3125,0.17094051837921143,10,6,0.3133057272309615,False
main_node5,0.0,2462158.249017302,5426,7.180755781458274,-37.96875000000006,0.5801824927330017,12,7,0.40164797823761916,False
main_node5,0.0,2462158.3233070937,2226,40.228184728061095,-39.375,0.38362109661102295,11,4,0.408732138404828,False
main_node5,0.0,2462159.229507758,4909,12.024699180565818,-52.03125,-0.5052115321159363,14,7,0.4938205721538397,False
main_node5,0.0,2462159.3084461438,3629,24.62431835216408,-52.03125,0.5818976759910583,16,7,0.5011023125239652,False
main_node5,0.0,2462159.3214936787,9517,-32.79716829582364,-52.03125,0.24226489663124084,18,7,0.5024271027303255,False
main_node5,0.0,2462186.220109132,3503,25.944479772370002,-47.81250000000006,-0.45097583532333374,12,7,0.2365374118958525,False
main_node10,0.0,2461552.516727051,1749,44.993880150457116,28.5,0.3692997395992279,10,6,0.6491872939122293,False
main_node10,0.0,2461552.529406499,7242,-10.806922874860348,28.125,0.4593329131603241,10,6,0.6479296633855476,False
main_node10,0.0,2461553.5150494752,9029,-28.630989836924357,14.0625,-0.4935947060585022,8,4,0.5560303507123562,False
main_node10,0.0,2461555.5485226484,3899,22.02431283704216,-12.65625,-0.5621812343597412,7,5,0.3587118483485625,False
main_node10,0.0,2461555.5609795554,9531,-32.79716829582364,-12.65625,-0.26336929202079773,7,3,0.3573738925555539,False
main_node10,0.0,2461569.3358855615,6587,-3.583321698471977,-14.0625,0.31386125087738037,10,6,0.649856005948083,True
main_node10,0.0,2461598.2969340305,4659,14.477512185929925,-35.15625,-0.19368313252925873,9,5,0.6088991397613459,False
main_node10,0.0,2461627.2481341716,7340,-10.806922874860348,-56.25,-0.5370413064956665,4,1,0.5571641859166261,False
main_node10,0.0,2461673.5470879157,6995,-8.385538647081319,53.4375,-0.28855064511299133,12,7,0.32056694841740463,False
main_node10,0.0,2461673.548722043,6227,-1.1937484371410818,53.4375,-0.31209227442741394,12,7,0.32056694841740463,False
main_node10,0.0,2461674.6052510035,9294,-31.388166464348544,39.375,-0.15250937640666962,9,6,0.21179137725560176,False
main_node10,0.0,2461675.6027630097,2249,38.68218745348943,26.71875,-0.4996895492076874,6,4,0.12379266829541564,False
main_node10,0.0,2461700.462316471,5461,5.979156796301311,59.0625,-0.5523326992988586,14,7,0.5875045040103846,False
main_node10,0.0,2461700.5405770703,7124,-9.594068226860458,57.65625,-0.1854596734046936,15,7,0.5789822627974479,False
main_node10,0.0,2461700.5416708835,6612,-4.780191847199163,57.65625,-0.199341282248497,15,7,0.5789822627974479,False
main_node10,0.0,2461700.620418557,8020,-18.209956864283015,56.25,0.15330256521701813,15,6,0.5704284630449888,False
main_node10,0.0,2461701.520210112,8016,-18.209956864283015,45.0,-0.4236580431461334,13,7,0.46797044464890775,False
main_node10,0.0,2461701.534211036,1875,43.406858485936986,45.0,-0.4250500798225403,13,7,0.4663870316021117,False
main_node10,0.0,2461701.598694847,9423,-32.79716829582364,43.59375,-0.0717545822262764,16,7,0.45926426561416106,False
main_node10,0.0,2461701.6117422185,3535,24.62431835216408,43.59375,-0.197716623544693,15,6,0.4576819800413891,False
main_node10,0.0,2461702.5778744984,10314,-43.40685848593699,30.48387096774195,0.07776843011379242,12,7,0.34926206437291696,False
main_node10,0.0,2461702.5918753096,4171,18.209956864283,30.9375,-0.45401954650878906,12,7,0.3477386063168183,False
main_node10,0.0,2461704.6228537075,10305,-43.40685848593699,4.354838709677409,-0.5190646648406982,6,5,0.1486793390849127,False
main_node10,0.0,2461729.4925704426,9293,-31.388166464348544,36.5625,-0.5221680998802185,14,7,0.6190291990181424,False
main_node10,0.0,2461729.5733933616,9676,-35.68533471265205,35.15625,-0.22550304234027863,18,7,0.6097411658218483,False
main_node10,0.0,2461729.586506311,3788,22.02431283704216,35.15625,-0.35010167956352234,18,7,0.6089660819348035,False
main_node10,0.0,2461730.4759942414,8520,-23.31795706533424,22.5,0.4615921080112457,13,7,0.5074925221053794,False
main_node10,0.0,2461730.489070471,2632,34.228866327812575,22.5,0.3370324373245239,13,7,0.5067009262095615,False
main_node10,0.0,2461730.5729550053,1867,43.406858485936986,21.774193548387103,0.03415835276246071,16,7,0.49641228575820967,False
main_node10,0.0,2461730.641601749,7623,-14.477512185929939,21.09375,-0.2530035972595215,13,6,0.4892932544960276,False
main_node10,0.0,2461731.5399687607,8259,-20.74237995448715,8.4375,0.5129081010818481,13,7,0.38773095813338265,False
main_node10,0.0,2461731.553127905,2371,37.16889965599944,8.4375,0.36546456813812256,14,7,0.38620067062218755,False
main_node10,0.0,2461731.618703873,9539,-34.22886632781257,8.4375,-0.4227074980735779,13,7,0.3793242484777167,False
main_node10,0.0,2461731.6323770112,3395,25.944479772370002,8.4375,-0.5443917512893677,13,6,0.37779995242837144,False
main_node10,0.0,2461732.606165916,7102,-8.385538647081319,-5.625,0.573226273059845,12,7,0.2753455479476661,False
main_node10,0.0,2461771.1702305283,3273,27.27961273597809,26.71875,-0.04810979217290878,5,3,0.1294871943862355,False
main_node10,0.0,2461773.2122718194,2112,40.228184728061095,0.0,0.1205885037779808,12,7,0.28272342103640935,False
main_node10,0.0,2461773.22498307,7744,-15.713861048008212,0.0,0.2323717176914215,11,7,0.2833157368610964,False
main_node10,0.0,2461774.199715294,4667,14.477512185929925,-12.65625,0.4544817805290222,12,7,0.37042385589441124,False
main_node10,0.0,2461774.2125054053,10299,-41.81031489577862,-12.65625,0.41332435607910156,12,7,0.371706525871282,False
main_node10,0.0,2461774.286162861,6843,-5.979156796301311,-14.0625,0.17509259283542633,12,6,0.3781371847964757,False
main_node10,0.0,2461775.1771445274,2870,32.79716829582364,-26.71875,-0.5766457319259644,13,7,0.46331324116001843,False
main_node10,0.0,2461775.2608016534,3638,24.62431835216408,-26.71875,0.36645758152008057,13,7,0.47140821659221477,False
main_node10,0.0,2461775.2732137386,9270,-30.000000000000014,-26.71875,0.42704537510871887,14,7,0.47208391202024813,False
main_node10,0.0,2461776.167004253,6578,-3.583321698471977,-39.375,-0.3482271432876587,12,5,0.560173879698425,False
main_node10,0.0,2461776.2408573255,2994,31.38816646434855,-39.375,0.573715090751648,14,7,0.5677331954132988,False
main_node10,0.0,2461776.3259358,4401,16.957763300004146,-40.78125,0.34935659170150757,18,7,0.5759804224598194,False
main_node10,0.0,2461776.3385785683,10033,-38.68218745348943,-40.78125,0.35375693440437317,18,7,0.5773548917656071,False
main_node10,0.0,2461801.19867318,7101,-8.385538647081319,-8.4375,0.4107275903224945,8,5,0.14163684317688718,False
main_node10,0.0,2461802.2499360354,1852,44.993880150457116,-22.5,0.2265021950006485,6,4,0.21806466130672536,False
main_node10,0.0,2461803.234935638,3123,29.999999999999993,-35.15625,0.5207211375236511,12,7,0.3013384579562258,False
main_node10,0.0,2461804.216528079,3118,29.999999999999993,-49.21875000000006,-0.4557138979434967,13,7,0.39281509211103477,False
main_node10,0.0,2461804.2289403398,8750,-24.62431835216408,-49.21875000000006,-0.4227592647075653,13,7,0.39416492474177584,False
main_node10,0.0,2461804.3035130952,5422,7.180755781458274,-49.21875000000006,0.5708814859390259,14,7,0.4016077699608524,False
main_node10,0.0,2461831.2072442262,1968,43.406858485936986,-45.0,-0.4323597550392151,9,5,0.16077956048702757,False
main_node10,0.0,2461831.2201180635,7600,-13.248014905676953,-45.0,-0.55916827917099,9,6,0.1617838830150506,False
main_node10,0.0,2461832.2037052773,8491,-22.02431283704216,-57.65625000000006,-0.27022895216941833,8,4,0.23898486919870837,False
main_node10,0.0,2461832.2857987005,8619,-23.31795706533424,-59.0625,-0.5688467621803284,6,5,0.24612178208362512,False
main_node10,0.0,2461878.583313637,8146,-19.47122063449069,52.03125,0.45589303970336914,5,2,0.4637866825334278,False
main_node10,0.0,2461906.5616977634,9423,-32.79716829582364,43.59375,0.5148604512214661,8,4,0.6319652940225671,False
main_node10,0.0,2461907.535835428,6090,0.0,29.53125,-0.45708009600639343,9,6,0.5404683820979448,False
main_node10,0.0,2461910.56023067,5180,9.594068226860458,-9.84375,0.05638080835342407,3,1,0.26297136668191173,False
main_node10,0.0,2461910.5726341773,10544,-44.99388015045713,-10.5,-0.49180981516838074,3,1,0.26238578384847366,False
main_node10,0.0,2461952.3156579016,8633,-23.31795706533424,-19.6875,-0.43508827686309814,8,4,0.5360013305054134,False
main_node10,0.0,2461953.311336541,2356,38.68218745348943,-32.34375000000006,-0.427165687084198,10,6,0.646973140459626,False
main_node10,0.0,2461982.2611237518,5420,7.180755781458274,-54.84375,0.3018394112586975,6,3,0.6137084086142884,False
main_node10,0.0,2462028.550442496,9427,-32.79716829582364,54.84375,0.3475201427936554,12,7,0.289675440232872,False
main_node10,0.0,2462028.565674712,2644,34.228866327812575,56.25,-0.5879921913146973,12,7,0.2882632508616692,False
main_node10,0.0,2462055.5469462373,8277,-20.74237995448715,59.0625,0.5276383757591248,15,7,0.5497403043153525,False
main_node10,0.0,2462056.5270537534,8912,-27.27961273597809,46.40625,0.2208041101694107,13,7,0.4433668934653859,False
main_node10,0.0,2462056.5394510273,3280,27.27961273597809,46.40625,0.4429793357849121,12,7,0.44184263738457946,False
main_node10,0.0,2462056.624553556,2000,41.81031489577859,46.40625,-0.3505970537662506,12,4,0.43269486720052686,False
main_node10,0.0,2462057.51730023,4940,10.806922874860334,33.75,0.13962963223457336,10,5,0.3357737905227918,False
main_node10,0.0,2462057.5955572175,6603,-4.780191847199163,32.34375,0.40340515971183777,11,7,0.32683477855460985,False
main_node10,0.0,2462057.606508089,1871,43.406858485936986,33.38709677419354,-0.26177263259887695,9,6,0.32609178186993704,False
main_node10,0.0,2462058.58180583,4423,15.713861048008212,19.6875,0.21062032878398895,12,7,0.22521043493195175,False
main_node10,0.0,2462059.632485112,10050,-40.22818472806108,5.625,-0.0316847562789917,5,4,0.1307905323245401,False
main_node10,0.0,2462084.435256812,2382,37.16889965599944,39.375,0.06841395795345306,15,7,0.6065478680450898,False
main_node10,0.0,2462084.5136145046,3789,22.02431283704216,37.96875,0.28268224000930786,13,7,0.5983266959655439,False
main_node10,0.0,2462084.5826312616,9549,-34.22886632781257,36.5625,0.268885999917984,18,7,0.590818120816476,False
main_node10,0.0,2462084.593979586,4429,15.713861048008212,36.5625,0.5760481357574463,18,7,0.58931089546824,False
main_node10,0.0,2462085.4824248864,9545,-34.22886632781257,25.3125,-0.23637810349464417,13,7,0.4916329285405681,False
main_node10,0.0,2462085.496097413,3401,25.944479772370002,25.3125,0.05046689882874489,14,7,0.49007261493446463,False
main_node10,0.0,2462085.574733297,4808,12.024699180565818,23.90625,0.2973136007785797,15,7,0.480702474707907,False
main_node10,0.0,2462085.643576262,10435,-44.99388015045713,22.5,0.1830907166004181,10,4,0.47288627229041275,False
main_node10,0.0,2462086.552234288,6724,-5.979156796301311,11.25,-0.06217479705810547,12,7,0.3707991277216304,False
main_node10,0.0,2462086.629796379,8643,-24.62431835216408,9.84375,0.14549221098423004,11,6,0.3623345628354952,False
main_node10,0.0,2462086.645615996,1743,44.993880150457116,10.5,-0.026769621297717094,9,4,0.3607992422339419,False
main_node10,0.0,2462087.6156244404,6847,-5.979156796301311,-2.8125,-0.011808795854449272,11,7,0.2568141973437452,False
main_node10,0.0,2462113.464745912,6470,-3.583321698471977,16.875,-0.28627634048461914,14,7,0.6434809216352959,True
main_node10,0.0,2462113.466374446,5702,3.5833216984719627,16.875,-0.2468303143978119,14,7,0.6434809216352959,True
main_node10,0.0,2462113.5541753783,3013,29.999999999999993,15.46875,0.219186469912529,17,7,0.6336845629725093,True
main_node10,0.0,2462113.6386604575,1989,41.81031489577859,15.46875,-0.5252802968025208,16,7,0.6245851974066032,True
main_node10,0.0,2462126.1831557476,5066,9.594068226860458,29.53125,0.5756051540374756,10,7,0.2118780717108581,False
main_node10,0.0,2462127.157062556,1865,43.406858485936986,15.967741935483872,0.18232448399066925,8,5,0.294332052330849,False
main_node10,0.0,2462127.175372784,9798,-37.168899655999454,16.875,0.4190712571144104,11,7,0.2955507016351865,False
main_node10,0.0,2462127.2492682696,6341,-2.388015463268786,15.46875,0.4603020250797272,9,5,0.30227330086342497,False
main_node10,0.0,2462128.2204520386,1860,43.406858485936986,1.4516129032257936,-0.1888756901025772,12,7,0.3903691886009865,False
main_node10,0.0,2462128.3022530554,1860,43.406858485936986,1.4516129032257936,0.5937624573707581,11,3,0.3980905943868711,False
main_node10,0.0,2462129.2071940494,4028,20.742379954487134,-11.25,-0.23186095058918,13,7,0.48267011056752845,False
main_node10,0.0,2462129.219684961,9660,-34.22886632781257,-11.25,-0.5041159987449646,13,7,0.48397913353315747,False
main_node10,0.0,2462129.29900722,8636,-23.31795706533424,-11.25,0.51393723487854,16,7,0.4911794949659463,False
main_node10,0.0,2462130.1924139066,5687,4.780191847199163,-23.90625,-0.06854182481765747,14,7,0.5754016352903257,False
main_node10,0.0,2462130.2668534205,2487,37.16889965599944,-25.3125,-0.13056284189224243,15,7,0.5818833985863876,False
main_node10,0.0,2462130.279436691,8119,-18.209956864283015,-25.3125,-0.5037617087364197,16,7,0.5831784491643467,False
main_node10,0.0,2462130.359555891,7351,-10.806922874860348,-25.3125,0.5825831294059753,15,6,0.5909389727121195,False
main_node10,0.0,2462156.2006683503,3901,22.02431283704216,-7.03125,-0.29034027457237244,12,7,0.2239719649523062,False
main_node10,0.0,2462156.213125347,9533,-32.79716829582364,-7.03125,-0.5984594821929932,11,7,0.22507159649579767,False
main_node10,0.0,2462157.18862418,6841,-5.979156796301311,-19.6875,-0.2219487428665161,11,7,0.3060396265801379,False
main_node10,0.0,2462157.262865642,3384,27.27961273597809,-21.09375,-0.2870562672615051,9,6,0.3126983297233365,False
main_node10,0.0,2462157.278208005,10169,-40.22818472806108,-19.6875,0.43175217509269714,11,6,0.31391312473858657,False
main_node10,0.0,2462158.250386282,6068,1.1937484371410676,-33.75000000000006,-0.22792264819145203,12,7,0.40164797823761916,False
main_node10,0.0,2462158.3250039127,2867,32.79716829582364,-35.15625,-0.2736358642578125,11,4,0.408732138404828,False
main_node10,0.0,2462159.2300711744,5167,9.594068226860458,-46.40625,0.10062568634748459,14,7,0.4938205721538397,False
main_node10,0.0,2462159.30418685,1967,43.406858485936986,-47.90322580645159,-0.012054533697664738,16,7,0.5011023125239652,False
main_node10,0.0,2462159.3170600324,7599,-13.248014905676953,-47.81250000000006,-0.357319176197052,18,7,0.5024271027303255,False
main_node10,0.0,2462160.2091318537,4011,20.742379954487134,-59.0625,0.42506667971611023,14,7,0.5873776888632793,False
main_node10,0.0,2462160.221622209,9643,-34.22886632781257,-59.0625,0.061467245221138,14,7,0.5887018358735558,False
main_node10,0.0,2462186.221303198,4017,20.742379954487134,-42.18750000000006,0.09414695203304291,12,7,0.2365374118958525,False
main_node10,0.0,2462186.2337936927,9649,-34.22886632781257,-42.18750000000006,-0.26681214570999146,12,7,0.2376505634833924,False
main_node10,0.0,2462187.208152608,6444,-2.388015463268786,-54.84375,0.21512268483638763,12,7,0.31988786909916245,False
main_node10,0.0,2462187.282903375,3244,28.630989836924343,-56.25,0.10344226658344269,11,7,0.3266790069210791,False
main_node10,0.0,2462187.2953039217,8876,-25.944479772370016,-56.25,-0.2585715055465698,11,6,0.32791821893123674,False
main_node15,0.0,2461552.5170851503,1871,43.406858485936986,33.38709677419354,0.2996733784675598,10,6,0.6491872939122293,False
main_node15,0.0,2461552.5308018406,7883,-16.957763300004146,32.34375,-0.26574403047561646,10,6,0.6479296633855476,False
main_node15,0.0,2461553.511550995,7495,-13.248014905676953,19.6875,-0.0203109048306942,8,4,0.5560303507123562,False
main_node15,0.0,2461555.5467079044,3133,29.999999999999993,-7.03125,-0.027869317680597305,7,5,0.3587118483485625,False
main_node15,0.0,2461555.5603410495,9277,-30.000000000000014,-7.03125,0.2603248953819275,7,3,0.3573738925555539,False
main_node15,0.0,2461598.301421203,2741,34.228866327812575,-30.9375,0.41047683358192444,9,5,0.6088991397613459,False
main_node15,0.0,2461627.26081305,1842,44.993880150457116,-52.5,0.3487972021102905,5,2,0.5585685872536434,False
main_node15,0.0,2461673.5545887477,3540,24.62431835216408,57.65625,0.3600304424762726,12,7,0.3198151758004466,False
main_node15,0.0,2461674.6107516014,6863,-7.180755781458288,43.59375,0.5329299569129944,7,5,0.21112135431710766,False
main_node15,0.0,2461674.6112971045,6607,-4.780191847199163,43.59375,0.5287829041481018,7,5,0.21112135431710766,False
main_node15,0.0,2461701.527080792,4817,12.024699180565818,49.21875,0.2588823139667511,13,7,0.4671787380989657,False
main_node15,0.0,2461701.596647351,10193,-41.81031489577862,49.21875,-0.5182495713233948,16,7,0.45926426561416106,False
main_node15,0.0,2461702.505667852,6221,-1.1937484371410818,36.5625,0.01822066679596901,9,4,0.35690045301162926,False
main_node15,0.0,2461702.5809214376,9164,-30.000000000000014,35.15625,0.3530859649181366,12,7,0.34849926139082776,False
main_node15,0.0,2461702.5927426904,3788,22.02431283704216,35.15625,0.27488216757774353,12,7,0.3477386063168183,False
main_node15,0.0,2461703.5752236973,3400,25.944479772370002,22.5,0.012595457956194878,11,7,0.24425075018798134,False
main_node15,0.0,2461704.629707646,7491,-13.248014905676953,8.4375,0.1420876383781433,6,5,0.14811241495741925,False
main_node15,0.0,2461729.425036836,2895,31.38816646434855,42.1875,-0.22638076543807983,13,5,0.6267382348758427,False
main_node15,0.0,2461729.5047082524,3790,22.02431283704216,40.78125,0.07158736139535904,14,7,0.6174839429894973,False
main_node15,0.0,2461729.5823172163,5710,3.5833216984719627,39.375,0.4361181855201721,18,7,0.6089660819348035,False
main_node15,0.0,2461729.5913662035,1873,43.406858485936986,39.19354838709677,0.40800124406814575,18,7,0.6081894605415274,False
main_node15,0.0,2461730.4843046227,4682,13.24801490567694,28.125,-0.17915771901607513,13,7,0.5067009262095615,False
main_node15,0.0,2461730.5614618547,6857,-7.180755781458288,26.71875,0.1767556071281433,14,7,0.4979948954705997,False
main_node15,0.0,2461730.572957183,1869,43.406858485936986,27.580645161290306,-0.5474252700805664,16,7,0.49641228575820967,False
main_node15,0.0,2461730.6389972484,8777,-25.944479772370016,25.3125,0.48123058676719666,13,6,0.4892932544960276,False
main_node15,0.0,2461731.5369063183,9541,-34.22886632781257,14.0625,-0.05206527188420296,12,7,0.3884980074152042,False
main_node15,0.0,2461731.5493969372,3909,20.742379954487134,14.0625,-0.1332882195711136,13,7,0.3869658143777851,False
main_node15,0.0,2461731.62811453,5316,7.180755781458274,12.65625,0.20466379821300507,14,7,0.3785610790430657,False
main_node15,0.0,2461732.611083361,4672,13.24801490567694,0.0,-0.07754302769899368,12,7,0.2746495395242435,False
main_node15,0.0,2461771.166930514,1995,41.81031489577859,32.34375,0.42438212037086487,4,2,0.12904573212369963,False
main_node15,0.0,2461773.2115506907,1861,43.406858485936986,4.354838709677409,-0.34691092371940613,12,7,0.2821311051720044,False
main_node15,0.0,2461773.225267218,7873,-16.957763300004146,4.21875,-0.5180879235267639,11,7,0.2833157368610964,False
main_node15,0.0,2461774.2005506624,5053,10.806922874860334,-8.4375,-0.2980208396911621,12,7,0.37042385589441124,False
main_node15,0.0,2461774.276015613,2364,38.68218745348943,-9.84375,-0.5181906223297119,12,6,0.3774932609637183,False
main_node15,0.0,2461775.1764904535,2616,35.68533471265204,-21.09375,-0.045416705310344696,13,7,0.462639470495505,False
main_node15,0.0,2461775.190194097,8760,-24.62431835216408,-21.09375,0.024708203971385956,14,7,0.46398701182453184,False
main_node15,0.0,2461775.265583989,5816,3.5833216984719627,-22.5,-0.3418090343475342,13,7,0.47140821659221477,False
main_node15,0.0,2461775.339752013,2488,37.16889965599944,-22.5,0.5517165660858154,11,4,0.4788481134713872,False
main_node15,0.0,2461776.1746373894,9908,-37.168899655999454,-33.75000000000006,0.25393715500831604,15,7,0.560861058273266,False
main_node15,0.0,2461776.249622622,6963,-7.180755781458288,-35.15625,-0.04704075679183006,13,7,0.5684204442756811,False
main_node15,0.0,2461776.3256524554,4275,18.209956864283,-36.5625,-0.3935641646385193,18,7,0.5759804224598194,False
main_node15,0.0,2461776.3396533597,10415,-43.40685848593699,-36.290322580645125,-0.0455707311630249,18,7,0.5773548917656071,False
main_node15,0.0,2461801.1995019345,7486,-12.024699180565818,-4.21875,-0.3569622039794922,8,5,0.14163684317688718,False
main_node15,0.0,2461802.2527090306,2873,32.79716829582364,-18.28125,-0.3786667585372925,6,4,0.21806466130672536,False
main_node15,0.0,2461803.237616607,4277,18.209956864283,-30.9375,-0.1562444269657135,12,7,0.3013384579562258,False
main_node15,0.0,2461803.2516175807,10417,-43.40685848593699,-30.48387096774195,0.24003097414970398,12,7,0.3025783321523012,False
main_node15,0.0,2461804.2260795743,7472,-12.024699180565818,-43.59375,0.14049546420574188,13,7,0.39416492474177584,False
main_node15,0.0,2461804.302136305,4784,13.24801490567694,-45.0,-0.20440219342708588,14,7,0.4016077699608524,False
main_node15,0.0,2461805.195799546,2220,40.228184728061095,-56.25,0.2945502698421478,13,7,0.49058319886113183,False
main_node15,0.0,2461805.2096536085,8364,-20.74237995448715,-56.25,0.4009971618652344,14,7,0.4920007545863417,False
main_node15,0.0,2461805.2856534855,5675,4.780191847199163,-57.65625000000006,0.07644008845090866,15,7,0.49981292741809624,False
main_node15,0.0,2461805.3607612187,2731,34.228866327812575,-59.0625,-0.22453631460666656,14,6,0.5076432285681236,False
main_node15,0.0,2461805.3744340874,8875,-25.944479772370016,-59.0625,-0.20224478840827942,11,5,0.5090681753067188,False
main_node15,0.0,2461831.2173818913,6322,-1.1937484371410818,-39.375,0.04121391475200653,10,7,0.16128172176787536,False
main_node15,0.0,2461832.2019934845,7725,-14.477512185929939,-52.03125,0.3151918351650238,8,4,0.23898486919870837,False
main_node15,0.0,2461832.278047504,5037,10.806922874860334,-53.43750000000006,-0.014184295199811459,7,5,0.24552471928613434,False
main_node15,0.0,2461878.576437535,4948,10.806922874860334,56.25,-0.26277461647987366,5,2,0.4644513530438184,False
main_node15,0.0,2461906.545804099,2385,37.16889965599944,47.8125,-0.014636656269431114,10,6,0.6332558196705769,False
main_node15,0.0,2461906.5595479915,8529,-23.31795706533424,47.8125,-0.14264553785324097,8,4,0.6319652940225671,False
main_node15,0.0,2461907.535298407,5836,2.388015463268772,35.15625,0.17165513336658478,9,6,0.5404683820979448,False
main_node15,0.0,2461910.5680112955,8766,-24.62431835216408,-4.21875,0.576618492603302,3,1,0.26238578384847366,False
main_node15,0.0,2461952.3147632494,9018,-27.27961273597809,-15.46875,0.2496279925107956,8,4,0.5360013305054134,False
main_node15,0.0,2461953.3033667197,5814,3.5833216984719627,-28.125,0.10644552856683731,10,6,0.6462278760082635,False
main_node15,0.0,2461981.269464092,9907,-37.168899655999454,-36.5625,-0.19317792356014252,4,1,0.5050577022351292,False
main_node15,0.0,2461982.2639246793,4142,19.47122063449069,-49.21875000000006,-0.25232765078544617,6,3,0.6137084086142884,False
main_node15,0.0,2462056.523396206,10321,-43.40685848593699,50.80645161290323,0.5065280795097351,13,7,0.44412902153134143,False
main_node15,0.0,2462056.534893292,5330,7.180755781458274,52.03125,-0.21737392246723175,12,7,0.442604765450535,False
main_node15,0.0,2462056.6120502516,7506,-13.248014905676953,50.625,0.014872115105390549,15,6,0.434219575468728,False
main_node15,0.0,2462057.518424688,4430,15.713861048008212,39.375,-0.43567270040512085,12,7,0.3350275343551862,False
main_node15,0.0,2462057.5955667035,6605,-4.780191847199163,37.96875,-0.22182373702526093,11,7,0.32683477855460985,False
main_node15,0.0,2462057.605442228,2253,38.68218745348943,37.96875,0.027396878227591515,9,6,0.32609178186993704,False
main_node15,0.0,2462058.580150406,5193,8.385538647081319,25.3125,-0.43159225583076477,12,7,0.22521043493195175,False
main_node15,0.0,2462059.6321325167,10179,-41.81031489577862,9.84375,0.5203905701637268,5,4,0.1307905323245401,False
main_node15,0.0,2462084.505330583,7631,-14.477512185929939,43.59375,-0.4932011365890503,14,7,0.5990763474720148,False
main_node15,0.0,2462084.518120263,1999,41.81031489577859,43.59375,-0.10259689390659332,14,7,0.5975770444590729,False
main_node15,0.0,2462084.596924411,3151,28.630989836924343,42.1875,0.05904185026884079,18,7,0.58931089546824,False
main_node15,0.0,2462085.4814206283,9930,-38.68218745348943,29.53125,0.33645111322402954,13,7,0.4916329285405681,False
main_node15,0.0,2462085.565194646,9162,-30.000000000000014,29.53125,-0.4907134473323822,14,7,0.48226480088783286,False
main_node15,0.0,2462085.577606556,3530,24.62431835216408,29.53125,-0.2137855589389801,15,7,0.480702474707907,False
main_node15,0.0,2462086.562048826,2374,37.16889965599944,16.875,-0.31881648302078247,12,7,0.37002860093810597,False
main_node15,0.0,2462086.625901773,10181,-41.81031489577862,15.46875,-0.47668299078941345,12,6,0.3631022231362719,False
main_node15,0.0,2462086.639255274,4293,16.957763300004146,15.46875,-0.22134754061698914,10,5,0.3615669025347185,False
main_node15,0.0,2462087.6261344017,2113,40.228184728061095,2.8125,-0.23499660193920135,9,6,0.25610257308641315,False
main_node15,0.0,2462113.4666548264,5575,4.780191847199163,21.09375,0.541247546672821,14,7,0.6434809216352959,False
main_node15,0.0,2462113.552965202,3527,24.62431835216408,21.09375,-0.3632544279098511,17,7,0.6336845629725093,False
main_node15,0.0,2462113.6294399183,5959,1.1937484371410676,19.6875,-0.22790060937404633,16,7,0.6253460326852625,False
main_node15,0.0,2462114.5187367518,10430,-44.99388015045713,7.5,-0.20882704854011536,15,7,0.5257687243391486,True
main_node15,0.0,2462114.535467872,3139,28.630989836924343,8.4375,-0.560827910900116,14,7,0.5241878218750035,False
main_node15,0.0,2462114.6118468842,5570,4.780191847199163,7.03125,-0.48094817996025085,17,7,0.5154843816914101,False
main_node15,0.0,2462115.5907177473,6973,-7.180755781458288,-7.03125,0.5662570595741272,13,7,0.40398164609262055,True
main_node15,0.0,2462116.5775113893,4537,15.713861048008212,-19.6875,0.4283197820186615,9,4,0.2959163870542629,True
main_node15,0.0,2462116.662247953,3257,28.630989836924343,-19.6875,-0.4632275104522705,6,5,0.2871688914576951,True
main_node15,0.0,2462117.6454421305,2612,35.68533471265204,-32.34375000000006,-0.5913221836090088,7,4,0.19039404628830742,True
main_node15,0.0,2462126.1806318774,3916,20.742379954487134,33.75,-0.10075043886899948,10,7,0.2118780717108581,True
main_node15,0.0,2462126.1944856304,10060,-40.22818472806108,33.75,-0.4633544087409973,9,6,0.2129928516936785,True
main_node15,0.0,2462127.1696683187,7367,-12.024699180565818,21.09375,-0.057837165892124176,11,7,0.2949404966276521,True
main_node15,0.0,2462127.2451641983,4423,15.713861048008212,19.6875,-0.19122184813022614,9,6,0.30166137182482505,False
main_node15,0.0,2462128.156305162,9539,-34.22886632781257,8.4375,0.027914149686694145,10,5,0.38459170910053786,True
main_node15,0.0,2462128.2325063664,7106,-9.594068226860458,7.03125,-0.08934102952480316,12,7,0.39101192799618045,False
main_node15,0.0,2462128.308554535,4418,15.713861048008212,5.625,-0.24123629927635193,11,3,0.3980905943868711,False
main_node15,0.0,2462129.2154892622,7870,-15.713861048008212,-5.625,0.14204661548137665,13,7,0.48332462207228716,False
main_node15,0.0,2462129.291537313,5181,9.594068226860458,-7.03125,-0.015554389916360378,16,7,0.4905248231377267,False
main_node15,0.0,2462130.1843677205,2233,40.228184728061095,-19.6875,-0.4203795790672302,15,7,0.5747528270501909,False
main_node15,0.0,2462130.2016198966,9785,-35.68533471265205,-18.28125,0.2091730386018753,14,7,0.5760504435304605,False
main_node15,0.0,2462130.2772154175,7097,-8.385538647081319,-19.6875,0.1470929980278015,16,7,0.5831784491643467,False
main_node15,0.0,2462130.3526846026,4152,19.47122063449069,-21.09375,0.0007617110968567431,15,6,0.5902928582809976,False
main_node15,0.0,2462130.3666090155,10296,-41.81031489577862,-21.09375,-0.35238972306251526,15,6,0.5915850871432414,False
main_node15,0.0,2462156.2084175055,7487,-12.024699180565818,-1.40625,0.07240938395261765,12,7,0.22452045277350852,False
main_node15,0.0,2462157.1831400683,4283,18.209956864283,-14.0625,0.5432349443435669,10,5,0.3054360224767356,False
main_node15,0.0,2462157.1975025465,10543,-44.99388015045713,-13.5,0.401991069316864,12,7,0.30664323068354016,False
main_node15,0.0,2462157.2718086895,7482,-12.024699180565818,-15.46875,0.025599481537938118,10,6,0.3133057272309615,False
main_node15,0.0,2462158.244163908,3254,28.630989836924343,-28.125,0.5356891751289368,12,7,0.4010056333697817,False
main_node15,0.0,2462158.25780149,9398,-31.388166464348544,-28.125,0.12081301212310791,12,7,0.4022914805065231,False
main_node15,0.0,2462159.2257542904,3249,28.630989836924343,-42.18750000000006,-0.45664089918136597,14,7,0.4938205721538397,False
main_node15,0.0,2462159.3062841985,2737,34.228866327812575,-42.18750000000006,0.5087072253227234,16,7,0.5011023125239652,False
main_node15,0.0,2462159.3199568684,8881,-25.944479772370016,-42.18750000000006,0.13274061679840088,18,7,0.5024271027303255,False
main_node15,0.0,2462160.2138537797,6188,0.0,-54.84375,-0.45935797691345215,14,7,0.5880397623906154,False
main_node15,0.0,2462160.2897571833,3500,25.944479772370002,-56.25,-0.5367822647094727,17,7,0.5953200328367456,False
main_node15,0.0,2462160.3703223174,2988,31.38816646434855,-56.25,0.4547249376773834,17,7,0.602590634736631,False
main_node15,0.0,2462160.38395984,9132,-28.630989836924357,-56.25,0.06566083431243896,15,6,0.603911483482276,False
main_node15,0.0,2462186.2192090536,3122,29.999999999999993,-37.96875000000006,-0.49792736768722534,12,7,0.2365374118958525,False
main_node15,0.0,2462187.199174242,2478,37.16889965599944,-50.625,-0.17030198872089386,10,5,0.31927364345995396,False
main_node15,0.0,2462187.217123004,10286,-41.81031489577862,-49.21875000000006,0.3379204571247101,12,7,0.32050426959236766,False
main_node15,0.0,2462187.2953166184,8878,-25.944479772370016,-50.625,0.2863697409629822,11,6,0.32791821893123674,False
main_node20,0.0,2461552.516722094,1752,44.993880150457116,37.5,-0.34986016154289246,10,6,0.6491872939122293,False
main_node20,0.0,2461552.530798676,7885,-16.957763300004146,37.96875,0.33433935046195984,10,6,0.6479296633855476,False
main_node20,0.0,2461553.5109932856,7241,-10.806922874860348,25.3125,0.5817434191703796,8,4,0.5560303507123562,False
main_node20,0.0,2461555.548516874,3903,22.02431283704216,-1.40625,0.5896550416946411,7,5,0.3587118483485625,False
main_node20,0.0,2461598.2871366115,9143,-28.630989836924357,-25.3125,0.11695398390293121,7,4,0.607478924854801,False
main_node20,0.0,2461598.2995372266,3511,25.944479772370002,-25.3125,-0.08404193073511124,9,5,0.6088991397613459,False
main_node20,0.0,2461627.258697071,2607,35.68533471265204,-46.40625,-0.45667198300361633,4,1,0.5578663865851348,False
main_node20,0.0,2461674.6145636416,5073,9.594068226860458,49.21875,-0.13136640191078186,7,5,0.21112135431710766,False
main_node20,0.0,2461701.5162409004,9683,-35.68533471265205,54.84375,-0.20769134163856506,13,7,0.46876215119884984,False
main_node20,0.0,2461701.5293538556,3795,22.02431283704216,54.84375,-0.35377317667007446,13,7,0.4671787380989657,False
main_node20,0.0,2461701.6064198157,5971,1.1937484371410676,53.4375,-0.006789620034396648,17,7,0.4584731228277751,False
main_node20,0.0,2461702.5147297787,2254,38.68218745348943,40.78125,0.5618177652359009,10,5,0.35613557825571823,False
main_node20,0.0,2461702.5838861107,7886,-16.957763300004146,40.78125,-0.2343728095293045,12,7,0.34849926139082776,False
main_node20,0.0,2461703.566319419,7498,-13.248014905676953,28.125,-0.5166708827018738,11,7,0.2449413365322839,False
main_node20,0.0,2461703.576462119,2890,31.38816646434855,28.125,-0.528189480304718,11,7,0.24425075018798134,False
main_node20,0.0,2461729.4235013723,3536,24.62431835216408,46.40625,0.48007407784461975,13,5,0.6267382348758427,False
main_node20,0.0,2461729.4969731467,7376,-12.024699180565818,46.40625,-0.4794931709766388,14,7,0.6182574145463553,False
main_node20,0.0,2461729.576206279,8528,-23.31795706533424,45.0,-0.13279150426387787,18,7,0.6097411658218483,False
main_node20,0.0,2461729.58739976,3408,25.944479772370002,45.0,-0.2000744789838791,18,7,0.6081894605415274,False
main_node20,0.0,2461730.4725058842,9931,-38.68218745348943,32.34375,0.522779107093811,11,5,0.5082841180011973,False
main_node20,0.0,2461730.5592420204,7883,-16.957763300004146,32.34375,-0.41412484645843506,14,7,0.4979948954705997,False
main_node20,0.0,2461730.570547678,2763,32.79716829582364,32.34375,-0.42383188009262085,14,7,0.4972035906144047,False
main_node20,0.0,2461730.6513999086,3147,28.630989836924343,30.9375,-0.15016214549541473,10,4,0.48771181829471294,False
main_node20,0.0,2461731.554909419,1746,44.993880150457116,19.5,-0.4218676686286926,14,7,0.38620067062218755,False
main_node20,0.0,2461731.6183762094,9670,-35.68533471265205,18.28125,-0.29474395513534546,13,7,0.3793242484777167,False
main_node20,0.0,2461732.599629191,9794,-37.168899655999454,5.625,-0.5111208558082581,13,7,0.2760415563710886,False
main_node20,0.0,2461758.621609201,5448,5.979156796301311,22.5,-0.31750965118408203,17,7,0.6422463824942624,True
main_node20,0.0,2461771.171719511,3917,20.742379954487134,36.5625,-0.17998819053173065,5,3,0.1294871943862355,False
main_node20,0.0,2461773.2152173943,3267,27.27961273597809,9.84375,0.025193333625793457,12,7,0.28272342103640935,False
main_node20,0.0,2461773.2288681176,9411,-32.79716829582364,9.84375,0.07880784571170807,10,7,0.28390805272550135,False
main_node20,0.0,2461774.204366919,6847,-5.979156796301311,-2.8125,0.3438347578048706,12,7,0.37042385589441124,False
main_node20,0.0,2461774.280383275,4158,19.47122063449069,-4.21875,-0.014066146686673164,12,6,0.3774932609637183,False
main_node20,0.0,2461774.2943077427,10302,-41.81031489577862,-4.21875,0.03658046945929527,12,5,0.37878110867241144,False
main_node20,0.0,2461775.193046584,9914,-37.168899655999454,-16.875,-0.5974458456039429,14,7,0.4646607824890452,False
main_node20,0.0,2461775.2672143867,6586,-3.583321698471977,-16.875,0.29237720370292664,13,7,0.47140821659221477,False
main_node20,0.0,2461775.343195037,3897,22.02431283704216,-18.28125,-0.06329002231359482,11,4,0.4788481134713872,False
main_node20,0.0,2461776.2381294714,1973,43.406858485936986,-30.48387096774195,-0.31096944212913513,14,7,0.5670459465509166,False
main_node20,0.0,2461776.251846333,7989,-16.957763300004146,-29.53125,0.563284158706665,13,7,0.5684204442756811,False
main_node20,0.0,2461776.327336694,5045,10.806922874860334,-30.9375,0.21957124769687653,18,7,0.5759804224598194,False
main_node20,0.0,2461801.186909353,1860,43.406858485936986,1.4516129032257936,0.209026038646698,7,5,0.14071966146761486,False
main_node20,0.0,2461801.2006255165,7872,-16.957763300004146,1.40625,0.24859899282455444,8,5,0.14163684317688718,False
main_node20,0.0,2461802.2533474807,3131,29.999999999999993,-12.65625,0.15858155488967896,6,4,0.21806466130672536,False
main_node20,0.0,2461803.238746656,4791,13.24801490567694,-25.3125,0.45553380250930786,12,7,0.3013384579562258,False
main_node20,0.0,2461804.2138493145,2098,41.81031489577859,-37.96875000000006,0.5539478063583374,13,7,0.39281509211103477,False
main_node20,0.0,2461804.2986435317,3250,28.630989836924343,-39.375,0.36053651571273804,15,7,0.4009291215228388,False
main_node20,0.0,2461804.3122813734,9394,-31.388166464348544,-39.375,0.3806951344013214,12,6,0.4022864183988659,False
main_node20,0.0,2461805.2060285592,6701,-4.780191847199163,-52.03125,-0.3663173317909241,14,7,0.4920007545863417,False
main_node20,0.0,2461805.2799253203,3117,29.999999999999993,-52.03125,0.5971885919570923,14,7,0.49910221387961007,False
main_node20,0.0,2461805.367182949,5549,5.979156796301311,-53.43750000000006,0.3714312016963959,12,5,0.5083557019374212,False
main_node20,0.0,2461831.208668025,2484,37.16889965599944,-33.75000000000006,0.5367506146430969,9,5,0.16077956048702757,False
main_node20,0.0,2461832.203419597,8367,-20.74237995448715,-47.81250000000006,-0.4298204481601715,8,4,0.23898486919870837,False
main_node20,0.0,2461832.284644232,8111,-18.209956864283015,-47.81250000000006,0.5875051617622375,6,5,0.24612178208362512,False
main_node20,0.0,2461906.553441621,5715,3.5833216984719627,53.4375,0.5215416550636292,9,5,0.632610556846572,False
main_node20,0.0,2461907.5280678337,2638,34.228866327812575,39.375,-0.43153074383735657,7,4,0.5411270033166227,False
main_node20,0.0,2461909.5713277357,1988,41.81031489577859,12.65625,-0.19836640357971191,7,3,0.3500121730519927,False
main_node20,0.0,2461910.5715609966,10048,-40.22818472806108,0.0,-0.16346779465675354,3,1,0.26238578384847366,False
main_node20,0.0,2461936.4960843646,7622,-14.477512185929939,18.28125,-0.20070119202136993,13,7,0.6136355594649309,True
main_node20,0.0,2461937.5517615043,4033,19.47122063449069,4.21875,-0.1608343869447708,8,4,0.5144206814405836,True
main_node20,0.0,2461938.5347681623,4797,13.24801490567694,-8.4375,0.08600897341966629,9,6,0.4205410422058109,True
main_node20,0.0,2461939.512554492,3128,29.999999999999993,-21.09375,0.36026838421821594,6,4,0.3289039552362516,True
main_node20,0.0,2461939.526187869,9272,-30.000000000000014,-21.09375,0.21987417340278625,8,6,0.3276291856129773,True
main_node20,0.0,2461952.3182371915,7484,-12.024699180565818,-9.84375,-0.2860223054885864,6,3,0.5367909319986827,False
main_node20,0.0,2461953.2941145026,9912,-37.168899655999454,-22.5,-0.5511525273323059,9,6,0.6447373471055388,False
main_node20,0.0,2461953.3072736086,4024,20.742379954487134,-22.5,-0.4247685372829437,10,6,0.6462278760082635,False
main_node20,0.0,2461982.268647949,2224,40.228184728061095,-45.0,0.5028479099273682,4,1,0.6144455657447414,False
main_node20,0.0,2462030.611342313,2382,37.16889965599944,39.375,-0.5644096732139587,3,2,0.10433757548641145,False
main_node20,0.0,2462056.5374068893,4180,18.209956864283,56.25,0.593203604221344,12,7,0.442604765450535,False
main_node20,0.0,2462056.6120599923,7508,-13.248014905676953,56.25,-0.5992695093154907,15,6,0.434219575468728,False
main_node20,0.0,2462057.518714867,4303,16.957763300004146,43.59375,0.32791566848754883,12,7,0.3350275343551862,False
main_node20,0.0,2462057.5958461273,6479,-3.583321698471977,42.1875,0.5615867972373962,11,7,0.32683477855460985,False
main_node20,0.0,2462058.5732483594,8394,-22.02431283704216,29.53125,0.1660640984773636,11,7,0.22589253696569625,False
main_node20,0.0,2462058.5857050912,2762,32.79716829582364,29.53125,0.42886650562286377,12,7,0.22521043493195175,False
main_node20,0.0,2462084.4257435207,6609,-4.780191847199163,49.21875,-0.005933830048888922,13,5,0.6080387816822567,False
main_node20,0.0,2462084.50273329,8785,-25.944479772370016,47.8125,0.167647585272789,14,7,0.5998259989784857,False
main_node20,0.0,2462084.51452366,3409,25.944479772370002,47.8125,0.4609505832195282,13,7,0.5983266959655439,False
main_node20,0.0,2462084.597562048,2897,31.38816646434855,47.8125,-0.4437854290008545,18,7,0.58931089546824,False
main_node20,0.0,2462085.499721038,1996,41.81031489577859,35.15625,0.2961256206035614,14,7,0.4892924581314129,False
main_node20,0.0,2462085.562879197,10060,-40.22818472806108,33.75,0.07241008430719376,14,7,0.48226480088783286,False
main_node20,0.0,2462085.5767328944,3916,20.742379954487134,33.75,0.4951631426811218,15,7,0.480702474707907,False
main_node20,0.0,2462086.5519802147,6855,-7.180755781458288,21.09375,0.07990400493144989,13,7,0.3715696545051548,False
main_node20,0.0,2462086.629515295,8775,-25.944479772370016,19.6875,0.2518754005432129,11,6,0.3623345628354952,False
main_node20,0.0,2462086.643188277,2631,34.228866327812575,19.6875,0.577725350856781,9,4,0.3607992422339419,False
main_node20,0.0,2462087.61314925,7874,-16.957763300004146,7.03125,0.06406044214963913,12,7,0.2575258216010773,False
main_node20,0.0,2462113.456080317,10185,-41.81031489577862,26.71875,-0.35274019837379456,15,7,0.6442326748420425,False
main_node20,0.0,2462113.466123087,5833,2.388015463268772,26.71875,-0.09519127756357193,14,7,0.6434809216352959,False
main_node20,0.0,2462113.543808596,7753,-15.713861048008212,25.3125,0.10690760612487793,17,7,0.635197416981799,False
main_node20,0.0,2462113.6217254815,9416,-32.79716829582364,23.90625,0.24549847841262817,17,7,0.6261068679639218,False
main_node20,0.0,2462114.519471076,10180,-41.81031489577862,12.65625,-0.3204669654369354,15,7,0.5257687243391486,False
main_node20,0.0,2462114.5284286267,6340,-2.388015463268786,12.65625,-0.07552827894687653,14,7,0.5249782730805741,False
main_node20,0.0,2462114.606056738,8260,-20.74237995448715,11.25,0.11302025616168976,16,7,0.5162760125284922,False
main_node20,0.0,2462115.5896292594,7487,-12.024699180565818,-1.40625,-0.09011661261320114,13,7,0.40398164609262055,False
main_node20,0.0,2462115.602224259,1983,43.406858485936986,-1.4516129032258505,0.3190433382987976,12,7,0.40241653331739624,False
main_node20,0.0,2462116.5775236823,4539,15.713861048008212,-14.0625,-0.16579101979732513,9,4,0.2959163870542629,False
main_node20,0.0,2462116.6557516847,6202,0.0,-15.46875,0.04298872500658035,8,6,0.2878957741236715,False
main_node20,0.0,2462117.6365288664,6582,-3.583321698471977,-28.125,-0.25906214118003845,7,4,0.19102484292301722,False
main_node20,0.0,2462128.2211950175,2116,40.228184728061095,11.25,-0.33735740184783936,12,7,0.3903691886009865,True
main_node20,0.0,2462129.209747985,5183,9.594068226860458,-1.40625,-0.4563625454902649,13,7,0.48267011056752845,True
main_node20,0.0,2462129.297019199,7743,-14.477512185929939,-1.40625,0.4302540719509125,16,7,0.4911794949659463,True
main_node20,0.0,2462130.194334711,6587,-3.583321698471977,-14.0625,-0.2754712700843811,14,7,0.5754016352903257,True
main_node20,0.0,2462130.2697239704,3642,24.62431835216408,-15.46875,-0.3605995178222656,15,7,0.5825309238753672,True
main_node20,0.0,2462130.3532676846,4410,16.957763300004146,-15.46875,0.5910921096801758,15,6,0.5902928582809976,True
main_node20,0.0,2462130.366982668,10422,-43.40685848593699,-15.9677419354839,-0.2911270558834076,15,6,0.5915850871432414,True
main_node20,0.0,2462156.215198264,10177,-41.81031489577862,4.21875,0.27180910110473633,11,7,0.22507159649579767,False
main_node20,0.0,2462157.1894676313,7228,-9.594068226860458,-9.84375,-0.4091998040676117,11,7,0.3060396265801379,False
main_node20,0.0,2462157.2649485013,4284,18.209956864283,-11.25,-0.5000807642936707,9,6,0.3126983297233365,False
main_node20,0.0,2462158.2425708994,2615,35.68533471265204,-23.90625,-0.05739836394786835,12,7,0.4010056333697817,False
main_node20,0.0,2462158.256274458,8759,-24.62431835216408,-23.90625,-0.5368787050247192,12,7,0.4022914805065231,False
main_node20,0.0,2462159.222410501,1971,43.406858485936986,-36.290322580645125,0.4264346659183502,14,7,0.493158960959604,False
main_node20,0.0,2462159.236410401,8115,-18.209956864283015,-36.5625,-0.23960071802139282,13,7,0.4944821833480753,False
main_node20,0.0,2462159.3124395884,5426,7.180755781458274,-37.96875000000006,-0.38542625308036804,16,7,0.5017647076271453,False
main_node20,0.0,2462160.2050771695,2350,38.68218745348943,-49.21875000000006,0.4046843349933624,14,7,0.5873776888632793,False
main_node20,0.0,2462160.2188707637,8494,-22.02431283704216,-49.21875000000006,-0.004768876824527979,14,7,0.5887018358735558,False
main_node20,0.0,2462160.2948510083,5806,3.5833216984719627,-50.625,-0.13653820753097534,17,7,0.5953200328367456,False
main_node20,0.0,2462160.3700118866,2861,32.79716829582364,-52.03125,-0.17858853936195374,17,7,0.602590634736631,False
main_node20,0.0,2462160.385912676,9902,-37.168899655999454,-50.625,0.4646435081958771,14,6,0.6045716399990341,False
main_node20,0.0,2462186.2227500277,4660,14.477512185929925,-32.34375000000006,-0.08164548128843307,12,7,0.2365374118958525,False
main_node20,0.0,2462187.1977703995,1968,43.406858485936986,-45.0,0.389519065618515,9,4,0.31865941782074547,False
main_node20,0.0,2462187.2117707273,8112,-18.209956864283015,-45.0,-0.07230596989393234,12,7,0.31988786909916245,False
main_node20,0.0,2462187.287800208,5423,7.180755781458274,-46.40625,-0.1946556121110916,11,7,0.3266790069210791,False
main_node20,0.0,2462188.198726967,10283,-41.81031489577862,-57.65625000000006,-0.057678624987602234,11,5,0.41119223601172905,False
main_node20,0.0,2462188.2745962464,7851,-15.713861048008212,-59.0625,-0.09886782616376877,13,7,0.41845428158321124,False
main_node25,0.0,2461552.5167186162,1754,44.993880150457116,43.5,0.3524610102176666,10,6,0.6491872939122293,False
main_node25,0.0,2461552.5328382375,8783,-25.944479772370016,42.1875,-0.3372825086116791,10,6,0.6473008481643721,False
main_node25,0.0,2461553.512959418,8138,-19.47122063449069,29.53125,-0.12921595573425293,8,4,0.5560303507123562,False
main_node25,0.0,2461555.5488058627,3905,20.742379954487134,2.8125,-0.13147753477096558,7,5,0.3587118483485625,False
main_node25,0.0,2461555.5626595207,10049,-40.22818472806108,2.8125,0.1711704134941101,7,3,0.3573738925555539,False
main_node25,0.0,2461627.249773581,6577,-3.583321698471977,-42.18750000000006,0.3637629747390747,4,1,0.5571641859166261,False
main_node25,0.0,2461674.603594392,9939,-38.68218745348943,54.84375,-0.4923020899295807,9,6,0.21179137725560176,False
main_node25,0.0,2461701.520212232,8021,-18.209956864283015,59.0625,0.4641062617301941,13,7,0.46797044464890775,False
main_node25,0.0,2461701.5327958255,2389,37.16889965599944,59.0625,0.2956923544406891,13,7,0.4663870316021117,False
main_node25,0.0,2461701.6152906385,2133,40.228184728061095,59.0625,-0.5431601405143738,15,6,0.4568908372550031,False
main_node25,0.0,2461702.507027144,5584,4.780191847199163,46.40625,0.1612258106470108,9,4,0.35690045301162926,False
main_node25,0.0,2461702.584729779,7504,-13.248014905676953,45.0,0.5137415528297424,12,7,0.34849926139082776,False
main_node25,0.0,2461703.5671506757,7115,-9.594068226860458,32.34375,0.23911052942276,11,7,0.2449413365322839,False
main_node25,0.0,2461703.5767828985,2763,32.79716829582364,32.34375,0.1364850103855133,11,7,0.24425075018798134,False
main_node25,0.0,2461729.4229120254,3794,22.02431283704216,52.03125,-0.08463068306446075,13,5,0.6267382348758427,False
main_node25,0.0,2461729.4961362137,7762,-15.713861048008212,50.625,0.28453537821769714,14,7,0.6190291990181424,False
main_node25,0.0,2461729.574688853,9169,-30.000000000000014,49.21875,0.5567336678504944,18,7,0.6097411658218483,False
main_node25,0.0,2461729.583686014,5073,9.594068226860458,49.21875,0.5762059688568115,18,7,0.6089660819348035,False
main_node25,0.0,2461730.485150721,4301,16.957763300004146,37.96875,-0.029109323397278786,13,7,0.5067009262095615,False
main_node25,0.0,2461730.5528731896,10440,-44.99388015045713,37.5,-0.40107306838035583,13,7,0.49878620032679477,False
main_node25,0.0,2461730.5628254325,6221,-1.1937484371410818,36.5625,0.32415276765823364,14,7,0.4979948954705997,False
main_node25,0.0,2461730.6547593544,1872,43.406858485936986,36.29032258064515,-0.3853294551372528,10,4,0.48771181829471294,False
main_node25,0.0,2461731.544144588,6344,-2.388015463268786,23.90625,0.04863832890987396,13,7,0.38773095813338265,False
main_node25,0.0,2461731.6211878005,8520,-23.31795706533424,22.5,0.3708488941192627,13,7,0.3793242484777167,False
main_node25,0.0,2461731.632381495,3400,25.944479772370002,22.5,0.3067499101161957,13,6,0.37779995242837144,False
main_node25,0.0,2461732.604223496,7875,-16.957763300004146,9.84375,0.11301609128713608,12,7,0.2753455479476661,False
main_node25,0.0,2461758.6128001777,9417,-32.79716829582364,26.71875,0.4087376594543457,17,7,0.6437755159626447,True
main_node25,0.0,2461758.6252571475,3785,22.02431283704216,26.71875,0.41877511143684387,17,7,0.6422463824942624,False
main_node25,0.0,2461759.5250484627,3781,22.02431283704216,15.46875,-0.14112922549247742,15,7,0.5412498752928694,False
main_node25,0.0,2461759.6021143417,5957,1.1937484371410676,14.0625,0.18949829041957855,16,7,0.532642804723995,True
main_node25,0.0,2461760.5746441255,9920,-38.68218745348943,1.40625,-0.059503596276044846,13,7,0.4242157762299369,True
main_node25,0.0,2461760.5856135143,5056,9.594068226860458,1.40625,-0.0921727642416954,13,7,0.42345465084630396,True
main_node25,0.0,2461760.662776965,7232,-10.806922874860348,0.0,0.24433988332748413,11,5,0.41510977005357186,True
main_node25,0.0,2461761.641818621,8507,-22.02431283704216,-12.65625,-0.02228272333741188,11,7,0.31211564853839613,True
main_node25,0.0,2461761.653021521,3387,27.27961273597809,-12.65625,-0.04361719265580177,8,6,0.3107191233539828,True
main_node25,0.0,2461771.1705399035,3407,25.944479772370002,42.1875,0.3900923728942871,5,3,0.1294871943862355,True
main_node25,0.0,2461773.2126284973,2245,38.68218745348943,15.46875,0.5122156143188477,12,7,0.28272342103640935,True
main_node25,0.0,2461774.19858555,4032,19.47122063449069,1.40625,-0.4373975694179535,12,7,0.37042385589441124,False
main_node25,0.0,2461774.212510401,10176,-41.81031489577862,1.40625,-0.30827024579048157,12,7,0.371706525871282,False
main_node25,0.0,2461774.2943104035,10176,-41.81031489577862,1.40625,0.49529772996902466,12,5,0.37878110867241144,True
main_node25,0.0,2461775.187058143,7356,-10.806922874860348,-11.25,-0.14963948726654053,14,7,0.46398701182453184,False
main_node25,0.0,2461775.263669391,4923,12.024699180565818,-12.65625,-0.4957970380783081,13,7,0.47140821659221477,False
main_node25,0.0,2461775.338701218,2107,41.81031489577859,-12.65625,0.41197657585144043,11,4,0.4788481134713872,False
main_node25,0.0,2461776.172393865,9015,-27.27961273597809,-23.90625,0.1263394057750702,15,7,0.560861058273266,False
main_node25,0.0,2461776.247723372,6071,1.1937484371410676,-25.3125,-0.21610571444034576,13,7,0.5684204442756811,False
main_node25,0.0,2461776.322976921,3126,29.999999999999993,-26.71875,-0.49661287665367126,18,7,0.5759804224598194,False
main_node25,0.0,2461776.3366108006,9270,-30.000000000000014,-26.71875,-0.4440549314022064,18,7,0.5766676855263928,False
main_node25,0.0,2461801.198133295,6722,-5.979156796301311,5.625,-0.5265432000160217,8,5,0.14163684317688718,False
main_node25,0.0,2461802.2510253326,2237,40.228184728061095,-8.4375,-0.44579750299453735,6,4,0.21806466130672536,False
main_node25,0.0,2461803.2373348423,4152,19.47122063449069,-21.09375,-0.29485833644866943,12,7,0.3013384579562258,False
main_node25,0.0,2461803.251259486,10296,-41.81031489577862,-21.09375,-0.22434179484844208,12,7,0.3025783321523012,False
main_node25,0.0,2461804.226362408,7604,-13.248014905676953,-33.75000000000006,-0.016654839739203453,13,7,0.39416492474177584,False
main_node25,0.0,2461804.301861732,4659,14.477512185929925,-35.15625,-0.3495734632015228,15,7,0.4009291215228388,False
main_node25,0.0,2461805.194721689,1844,44.993880150457116,-46.49999999999994,0.11486142128705978,13,7,0.49058319886113183,False
main_node25,0.0,2461805.2087985417,7983,-16.957763300004146,-46.40625,0.25117337703704834,14,7,0.4920007545863417,False
main_node25,0.0,2461805.284839201,5295,8.385538647081319,-47.81250000000006,-0.07871629297733307,15,7,0.49981292741809624,False
main_node25,0.0,2461805.36043506,2606,35.68533471265204,-49.21875000000006,-0.33397555351257324,14,6,0.5076432285681236,False
main_node25,0.0,2461805.3741391087,8750,-24.62431835216408,-49.21875000000006,-0.35672470927238464,11,5,0.5090681753067188,False
main_node25,0.0,2461806.193670703,9387,-31.388166464348544,-59.0625,0.46138161420822144,15,7,0.5937714865583101,False
main_node25,0.0,2461831.2187483846,6965,-7.180755781458288,-29.53125,-0.11469810456037521,10,7,0.16128172176787536,False
main_node25,0.0,2461832.204008321,8625,-23.31795706533424,-42.18750000000006,0.14618155360221863,8,4,0.23898486919870837,False
main_node25,0.0,2461832.2799665607,5936,2.388015463268772,-43.59375,-0.16540753841400146,7,5,0.24552471928613434,False
main_node25,0.0,2461833.257964775,4268,18.209956864283,-56.25,0.10894821584224701,12,7,0.33511878188845995,False
main_node25,0.0,2461833.2719652825,10408,-43.40685848593699,-56.61290322580646,-0.20551474392414093,12,7,0.33646097811869674,False
main_node25,0.0,2461906.5558925658,6868,-7.180755781458288,57.65625,-0.28119492530822754,9,5,0.632610556846572,False
main_node25,0.0,2461907.5317144063,4176,18.209956864283,45.0,0.0546523779630661,9,6,0.5404683820979448,False
main_node25,0.0,2461907.5457150135,10319,-43.40685848593699,45.0,-0.10621468722820282,10,6,0.5391509702015693,False
main_node25,0.0,2461910.570872179,9794,-37.168899655999454,5.625,0.3268636465072632,3,1,0.26238578384847366,False
main_node25,0.0,2461936.4949820084,7112,-9.594068226860458,23.90625,0.4214005768299103,13,7,0.6136355594649309,False
main_node25,0.0,2461937.5511883786,3779,22.02431283704216,9.84375,0.4367038905620575,8,4,0.5144206814405836,False
main_node25,0.0,2461938.5419232734,8127,-18.209956864283015,-2.8125,0.5993428230285645,9,6,0.4198821138335494,False
main_node25,0.0,2461939.5196475866,6330,-1.1937484371410818,-16.875,-0.44919946789741516,7,5,0.32826657042461443,False
main_node25,0.0,2461952.3174049384,7870,-15.713861048008212,-5.625,0.45286044478416443,6,3,0.5367909319986827,True
main_node25,0.0,2461953.2930665514,10297,-41.81031489577862,-18.28125,0.02828717976808548,9,6,0.6447373471055388,True
main_node25,0.0,2461953.306419831,4409,16.957763300004146,-18.28125,0.303433358669281,10,6,0.6462278760082635,True
main_node25,0.0,2461982.266021642,3250,28.630989836924343,-39.375,-0.036844946444034576,6,3,0.6137084086142884,False
main_node25,0.0,2462057.511019045,7889,-16.957763300004146,49.21875,-0.44891634583473206,10,5,0.3357737905227918,False
main_node25,0.0,2462057.588225497,9809,-37.168899655999454,47.8125,-0.23924040794372559,12,7,0.3275777751894609,False
main_node25,0.0,2462057.59857638,5201,8.385538647081319,47.8125,0.002316982951015234,11,7,0.32683477855460985,False
main_node25,0.0,2462058.581553004,4556,14.477512185929925,35.15625,-0.22927382588386536,12,7,0.22521043493195175,False
main_node25,0.0,2462084.4209426437,8787,-25.944479772370016,53.4375,0.5652800798416138,13,5,0.6080387816822567,False
main_node25,0.0,2462084.505069077,7763,-15.713861048008212,53.4375,-0.35998639464378357,14,7,0.5990763474720148,False
main_node25,0.0,2462084.5164170032,2643,34.228866327812575,53.4375,-0.021480107679963112,13,7,0.5983266959655439,False
main_node25,0.0,2462084.595442617,3794,22.02431283704216,52.03125,0.18222671747207642,18,7,0.58931089546824,False
main_node25,0.0,2462085.492412346,5070,9.594068226860458,40.78125,-0.4857344925403595,14,7,0.49007261493446463,False
main_node25,0.0,2462085.567317977,8270,-20.74237995448715,39.375,-0.3380352258682251,14,7,0.4814836377978699,False
main_node25,0.0,2462085.5798084284,2638,34.228866327812575,39.375,0.025888284668326378,15,7,0.480702474707907,False
main_node25,0.0,2462086.5530808624,6345,-2.388015463268786,26.71875,-0.516067624092102,12,7,0.3707991277216304,False
main_node25,0.0,2462086.6301237983,8521,-23.31795706533424,25.3125,-0.30655309557914734,11,6,0.3623345628354952,False
main_node25,0.0,2462086.6431994317,2633,34.228866327812575,25.3125,0.07348822057247162,9,4,0.3607992422339419,False
main_node25,0.0,2462087.6125898766,8132,-19.47122063449069,12.65625,-0.5503087639808655,12,7,0.2575258216010773,False
main_node25,0.0,2462113.4631340047,7243,-10.806922874860348,30.9375,0.5837600827217102,14,7,0.6434809216352959,False
main_node25,0.0,2462113.5392794996,9674,-35.68533471265205,29.53125,0.5662185549736023,17,7,0.635197416981799,False
main_node25,0.0,2462113.551529091,4171,18.209956864283,30.9375,-0.2609466016292572,17,7,0.6344409899771541,False
main_node25,0.0,2462113.6297325925,5834,2.388015463268772,29.53125,-0.062250107526779175,16,7,0.6253460326852625,False
main_node25,0.0,2462114.525409884,7750,-15.713861048008212,16.875,0.5836610198020935,14,7,0.5249782730805741,False
main_node25,0.0,2462114.601641501,10054,-40.22818472806108,16.875,-0.5530322790145874,16,7,0.5162760125284922,False
main_node25,0.0,2462114.6137925363,4678,13.24801490567694,16.875,-0.2528432309627533,17,7,0.5154843816914101,False
main_node25,0.0,2462115.6025982792,1741,44.993880150457116,4.5,-0.3278459906578064,12,7,0.40241653331739624,False
main_node25,0.0,2462116.6455398165,10544,-44.99388015045713,-10.5,-0.2718927562236786,9,6,0.2886226568383892,False
main_node25,0.0,2462116.662581184,3132,29.999999999999993,-9.84375,-0.2848910391330719,6,5,0.2871688914576951,False
main_node25,0.0,2462117.645133641,2744,34.228866327812575,-22.5,-0.4571264088153839,7,4,0.19039404628830742,False
main_node25,0.0,2462156.20543777,5955,1.1937484371410676,8.4375,0.014184107072651386,12,7,0.22452045277350852,False
main_node25,0.0,2462157.1811029934,3390,27.27961273597809,-4.21875,0.46929314732551575,10,5,0.3054360224767356,False
main_node25,0.0,2462157.194753418,9534,-32.79716829582364,-4.21875,-0.022386737167835236,12,7,0.30664323068354016,False
main_node25,0.0,2462157.270458349,6846,-5.979156796301311,-5.625,-0.09302006661891937,10,6,0.3133057272309615,False
main_node25,0.0,2462158.24258434,2617,35.68533471265204,-18.28125,0.467629611492157,12,7,0.4010056333697817,False
main_node25,0.0,2462158.2562876986,8761,-24.62431835216408,-18.28125,0.01879367046058178,12,7,0.4022914805065231,False
main_node25,0.0,2462159.224830464,2868,32.79716829582364,-32.34375000000006,-0.49883028864860535,14,7,0.493158960959604,False
main_node25,0.0,2462159.2421499286,10417,-43.40685848593699,-30.48387096774195,0.3707083463668823,13,7,0.495143794542311,False
main_node25,0.0,2462159.3168169474,7476,-12.024699180565818,-32.34375000000006,0.08610717207193375,18,7,0.5024271027303255,False
main_node25,0.0,2462160.210866275,4784,13.24801490567694,-45.0,-0.4971083998680115,14,7,0.5873776888632793,False
main_node25,0.0,2462160.292668385,4784,13.24801490567694,-45.0,0.551993191242218,17,7,0.5953200328367456,False
main_node25,0.0,2462160.3679770874,2095,41.81031489577859,-46.40625,0.41549068689346313,17,7,0.602590634736631,False
main_node25,0.0,2462160.381901256,8239,-19.47122063449069,-46.40625,-0.02329094707965851,15,6,0.603911483482276,False
main_node25,0.0,2462186.2204585746,3638,24.62431835216408,-26.71875,0.5911586880683899,12,7,0.2365374118958525,False
main_node25,0.0,2462186.234161882,9782,-35.68533471265205,-26.71875,0.043631453067064285,12,7,0.2376505634833924,False
main_node25,0.0,2462187.2147792247,9394,-31.388166464348544,-39.375,0.3366110920906067,12,7,0.32050426959236766,False
main_node25,0.0,2462187.2899885885,6449,-2.388015463268786,-40.78125,0.3510880768299103,10,6,0.32729755391017806,False
main_node25,0.0,2462188.2642199825,3116,29.999999999999993,-54.84375,-0.40730020403862,13,7,0.4171318302543359,False
main_node25,0.0,2462188.34404919,2348,38.68218745348943,-54.84375,0.5672382116317749,12,5,0.425080407820745,False
main_node25,0.0,2462188.3572628037,8236,-19.47122063449069,-54.84375,0.14142067730426788,11,5,0.42574438800281666,False
main_node30,0.0,2461552.5170766935,1876,43.406858485936986,47.903225806451616,-0.06594826281070709,10,6,0.6491872939122293,False
main_node30,0.0,2461552.5305100405,7761,-15.713861048008212,47.8125,0.18244366347789764,10,6,0.6479296633855476,False
main_node30,0.0,2461553.5101633333,6860,-7.180755781458288,35.15625,0.4139977693557739,9,4,0.5566928668740208,False
main_node30,0.0,2461555.54329229,1742,44.993880150457116,7.5,-0.4417283236980438,6,4,0.35938082624506684,False
main_node30,0.0,2461555.563016715,10178,-41.81031489577862,7.03125,-0.4020231366157532,7,3,0.3573738925555539,False
main_node30,0.0,2461582.47229771,9156,-30.000000000000014,12.65625,-0.36880919337272644,12,7,0.6222561538492747,True
main_node30,0.0,2461582.5467372457,5828,2.388015463268772,12.65625,0.4778105616569519,9,4,0.6149991159783348,True
main_node30,0.0,2461583.5217397613,2880,31.38816646434855,0.0,0.5116379857063293,11,7,0.5197809612380897,True
main_node30,0.0,2461584.50745465,4795,13.24801490567694,-14.0625,-0.41735711693763733,12,7,0.4198597337408435,True
main_node30,0.0,2461597.3018251876,10547,-44.99388015045713,-1.5,-0.47213852405548096,7,3,0.5035267517700038,False
main_node30,0.0,2461598.293097068,6458,-2.388015463268786,-15.46875,0.18004316091537476,9,6,0.6081901318632222,False
main_node30,0.0,2461627.253597267,4787,13.24801490567694,-36.5625,-0.31263652443885803,4,1,0.5578663865851348,False
main_node30,0.0,2461674.6082466748,8021,-18.209956864283015,59.0625,0.09249227494001389,7,5,0.21112135431710766,False
main_node30,0.0,2461674.618889904,3157,28.630989836924343,59.0625,-0.023507023230195045,6,4,0.21045133137861358,False
main_node30,0.0,2461702.508122192,5074,9.594068226860458,52.03125,-0.4662100076675415,9,4,0.35690045301162926,False
main_node30,0.0,2461702.5863827225,6738,-5.979156796301311,50.625,-0.11188697069883347,12,7,0.34849926139082776,False
main_node30,0.0,2461703.5693319873,6093,0.0,37.96875,-0.40152212977409363,11,7,0.2449413365322839,False
main_node30,0.0,2461703.570418183,5581,4.780191847199163,37.96875,-0.4093448221683502,11,7,0.2449413365322839,False
main_node30,0.0,2461704.6343532116,5320,7.180755781458274,23.90625,-0.3602515757083893,6,5,0.14811241495741925,False
main_node30,0.0,2461729.4983500037,6740,-5.979156796301311,56.25,-0.34301868081092834,14,7,0.6182574145463553,False
main_node30,0.0,2461729.5095722135,1879,43.406858485936986,56.61290322580646,-0.5574929118156433,14,7,0.6174839429894973,False
main_node30,0.0,2461729.577083497,8147,-19.47122063449069,54.84375,0.0027213532011955976,18,7,0.6097411658218483,False
main_node30,0.0,2461730.4780098144,7631,-14.477512185929939,43.59375,-0.591715931892395,13,7,0.5074925221053794,False
main_node30,0.0,2461730.5532356687,10318,-43.40685848593699,42.096774193548384,-0.1221713051199913,13,7,0.49878620032679477,False
main_node30,0.0,2461730.5633699154,5967,1.1937484371410676,42.1875,-0.304167240858078,14,7,0.4979948954705997,False
main_node30,0.0,2461730.641044603,7886,-16.957763300004146,40.78125,0.046581435948610306,13,6,0.4892932544960276,False
main_node30,0.0,2461731.540264884,8138,-19.47122063449069,29.53125,-0.5238235592842102,13,7,0.38773095813338265,False
main_node30,0.0,2461731.55418976,1994,41.81031489577859,29.53125,-0.4607301652431488,14,7,0.38620067062218755,False
main_node30,0.0,2461731.618710842,9546,-34.22886632781257,28.125,-0.17764703929424286,13,7,0.3793242484777167,False
main_node30,0.0,2461732.6030743364,8389,-22.02431283704216,15.46875,-0.46669620275497437,12,7,0.2753455479476661,False
main_node30,0.0,2461732.6161875273,2501,35.68533471265204,15.46875,-0.45678892731666565,12,7,0.2739535311008209,False
main_node30,0.0,2461758.624108574,4299,16.957763300004146,32.34375,-0.16123893857002258,17,7,0.6422463824942624,False
main_node30,0.0,2461759.5122682545,9543,-34.22886632781257,19.6875,0.5409839749336243,15,7,0.5428149137025984,False
main_node30,0.0,2461759.5934003484,9799,-37.168899655999454,19.6875,-0.3389924466609955,16,7,0.534207558186678,False
main_node30,0.0,2461759.606559259,3911,20.742379954487134,19.6875,-0.41677358746528625,16,7,0.532642804723995,False
main_node30,0.0,2461760.6581034274,9282,-31.388166464348544,5.625,-0.31936147809028625,11,5,0.41510977005357186,False
main_node30,0.0,2461760.6671409965,5186,8.385538647081319,5.625,-0.38406091928482056,11,5,0.41435210485168483,False
main_node30,0.0,2461761.654278664,2877,32.79716829582364,-7.03125,-0.5619881749153137,8,6,0.3107191233539828,False
main_node30,0.0,2461773.2142880857,2887,31.38816646434855,19.6875,-0.10066895186901093,12,7,0.28272342103640935,True
main_node30,0.0,2461773.2273153374,8775,-25.944479772370016,19.6875,-0.06983771175146103,10,7,0.28390805272550135,True
main_node30,0.0,2461774.205192465,7106,-9.594068226860458,7.03125,0.18801604211330414,12,7,0.37106431794493067,True
main_node30,0.0,2461774.2823561016,4930,10.806922874860334,5.625,-0.15402694046497345,12,6,0.3781371847964757,True
main_node30,0.0,2461775.17682735,2750,34.228866327812575,-5.625,0.35996395349502563,13,7,0.462639470495505,True
main_node30,0.0,2461775.1899035107,8638,-23.31795706533424,-5.625,0.4416472315788269,14,7,0.46398701182453184,True
main_node30,0.0,2461775.2653181,5693,4.780191847199163,-7.03125,0.12667346000671387,13,7,0.47140821659221477,True
main_node30,0.0,2461775.339757805,2493,37.16889965599944,-8.4375,-0.17652933299541473,11,4,0.4788481134713872,True
main_node30,0.0,2461776.2414913634,3257,28.630989836924343,-19.6875,0.33868691325187683,14,7,0.5677331954132988,True
main_node30,0.0,2461776.2545027174,9145,-28.630989836924357,-19.6875,0.38158518075942993,14,7,0.5691077214252406,True
main_node30,0.0,2461776.329796285,6200,0.0,-21.09375,0.08193118125200272,18,7,0.5759804224598194,True
main_node30,0.0,2461801.1902723857,3140,28.630989836924343,11.25,0.0804746225476265,7,5,0.14071966146761486,False
main_node30,0.0,2461801.203283543,9028,-28.630989836924357,11.25,0.08231986314058304,8,5,0.14163684317688718,False
main_node30,0.0,2461802.256599044,4543,15.713861048008212,-2.8125,0.037330809980630875,5,4,0.21861628001083314,False
main_node30,0.0,2461803.2406761814,5690,4.780191847199163,-15.46875,0.3189455568790436,12,7,0.3019583950542635,False
main_node30,0.0,2461804.2142143575,2230,40.228184728061095,-28.125,0.4615814983844757,13,7,0.39281509211103477,False
main_node30,0.0,2461804.228653868,8630,-23.31795706533424,-28.125,0.557201087474823,13,7,0.39416492474177584,False
main_node30,0.0,2461804.304068388,5685,4.780191847199163,-29.53125,0.269125759601593,14,7,0.4016077699608524,False
main_node30,0.0,2461805.1971698627,2737,34.228866327812575,-42.18750000000006,-0.43801149725914,13,7,0.49058319886113183,False
main_node30,0.0,2461805.2102462575,8625,-23.31795706533424,-42.18750000000006,-0.47868260741233826,14,7,0.4920007545863417,False
main_node30,0.0,2461805.285389108,5553,5.979156796301311,-42.18750000000006,0.5448845028877258,15,7,0.49981292741809624,False
main_node30,0.0,2461805.3597574993,2352,38.68218745348943,-43.59375,0.17505408823490143,14,6,0.5076432285681236,False
main_node30,0.0,2461805.372971249,8240,-19.47122063449069,-43.59375,0.21501974761486053,11,5,0.5090681753067188,False
main_node30,0.0,2461806.1921361308,8748,-24.62431835216408,-54.84375,-0.2219792604446411,15,7,0.5937714865583101,False
main_node30,0.0,2461806.268068852,6060,1.1937484371410676,-56.25,-0.5782554149627686,14,7,0.6016844855961612,False
main_node30,0.0,2461806.3436344326,3244,28.630989836924343,-56.25,0.43527594208717346,17,7,0.6088736171204049,False
main_node30,0.0,2461806.3566459515,9132,-28.630989836924357,-56.25,0.4422980844974518,17,7,0.6103106322815451,False
main_node30,0.0,2461831.2171207387,6199,0.0,-23.90625,0.5094881057739258,10,7,0.16128172176787536,False
main_node30,0.0,2461832.205529945,9266,-30.000000000000014,-37.96875000000006,-0.5489720702171326,9,5,0.23957495023794723,False
main_node30,0.0,2461832.2799704936,5938,2.388015463268772,-37.96875000000006,0.4595874547958374,7,5,0.24552471928613434,False
main_node30,0.0,2461833.2565097837,3629,24.62431835216408,-52.03125,-0.5984072685241699,12,7,0.33511878188845995,False
main_node30,0.0,2461907.539429734,7762,-15.713861048008212,50.625,0.5711594820022583,9,6,0.5398097608351028,False
main_node30,0.0,2461910.563517657,6595,-4.780191847199163,9.84375,-0.274241179227829,3,1,0.26297136668191173,False
main_node30,0.0,2461936.4863022054,3146,28.630989836924343,28.125,-0.19242511689662933,12,7,0.6142768744674856,False
main_node30,0.0,2461936.499313408,9034,-28.630989836924357,28.125,-0.38003304600715637,13,7,0.6129942444623762,False
main_node30,0.0,2461937.55429305,5189,8.385538647081319,14.0625,-0.3469836115837097,7,3,0.5137602414214042,False
main_node30,0.0,2461938.53561095,5056,9.594068226860458,1.40625,-0.06908972561359406,9,6,0.4205410422058109,False
main_node30,0.0,2461939.510938042,2492,37.16889965599944,-11.25,0.2563546299934387,6,4,0.3289039552362516,False
main_node30,0.0,2461939.524096735,8380,-20.74237995448715,-11.25,0.10653028637170792,7,5,0.32826657042461443,False
main_node30,0.0,2461982.2666581003,2996,31.38816646434855,-33.75000000000006,-0.5443751215934753,6,3,0.6137084086142884,False
main_node30,0.0,2462057.5173361315,4947,10.806922874860334,53.4375,0.4638272821903229,10,5,0.3357737905227918,False
main_node30,0.0,2462057.5910839597,8658,-24.62431835216408,52.03125,0.5278698205947876,12,7,0.3275777751894609,False
main_node30,0.0,2462058.573558753,8270,-20.74237995448715,39.375,0.3077356815338135,11,7,0.22589253696569625,False
main_node30,0.0,2462058.586717836,2382,37.16889965599944,39.375,0.5869223475456238,12,7,0.22521043493195175,False
main_node30,0.0,2462084.4287550617,5205,8.385538647081319,59.0625,0.2286684811115265,15,7,0.6072933248636733,False
main_node30,0.0,2462084.5064683203,7124,-9.594068226860458,57.65625,0.4377506971359253,14,7,0.5990763474720148,False
main_node30,0.0,2462084.517792111,2133,40.228184728061095,59.0625,-0.43329766392707825,14,7,0.5975770444590729,False
main_node30,0.0,2462084.5904501984,6100,0.0,57.65625,-0.5719839334487915,18,7,0.5900645081170912,False
main_node30,0.0,2462085.488882841,6736,-5.979156796301311,45.0,0.18845652043819427,13,7,0.4908527717375164,False
main_node30,0.0,2462085.5664448417,8655,-24.62431835216408,43.59375,0.3465104103088379,14,7,0.4814836377978699,False
main_node30,0.0,2462085.6446977966,10063,-40.22818472806108,42.1875,0.41591545939445496,10,4,0.47288627229041275,False
main_node30,0.0,2462086.5511771096,7243,-10.806922874860348,30.9375,0.2030925750732422,13,7,0.3715696545051548,False
main_node30,0.0,2462086.6292326655,8906,-27.27961273597809,29.53125,0.3596576154232025,11,6,0.3623345628354952,False
main_node30,0.0,2462087.60924609,9542,-34.22886632781257,16.875,0.04288027063012123,12,7,0.2575258216010773,False
main_node30,0.0,2462087.6211611903,4166,18.209956864283,16.875,0.4385875463485718,11,7,0.2568141973437452,False
main_node30,0.0,2462113.4597076527,8781,-25.944479772370016,36.5625,-0.14600837230682373,15,7,0.6442326748420425,False
main_node30,0.0,2462113.540584602,9164,-30.000000000000014,35.15625,0.1078464463353157,17,7,0.635197416981799,False
main_node30,0.0,2462113.552996408,3532,24.62431835216408,35.15625,0.517778217792511,17,7,0.6336845629725093,False
main_node30,0.0,2462113.6261894535,7500,-13.248014905676953,33.75,0.5874881148338318,17,7,0.6261068679639218,False
main_node30,0.0,2462114.525423174,7752,-15.713861048008212,22.5,-0.022937403991818428,14,7,0.5249782730805741,False
main_node30,0.0,2462114.5367710995,2632,34.228866327812575,22.5,0.3303811252117157,14,7,0.5241878218750035,False
main_node30,0.0,2462114.6169908256,3271,27.27961273597809,21.09375,0.5786857604980469,17,7,0.5146927508543279,False
main_node30,0.0,2462115.5876713637,8259,-20.74237995448715,8.4375,-0.017505891621112823,13,7,0.40398164609262055,False
main_node30,0.0,2462115.599516383,2883,31.38816646434855,8.4375,0.3609376847743988,12,7,0.40319908973124563,False
main_node30,0.0,2462116.583476299,2110,41.81031489577859,-4.21875,0.21848849952220917,9,4,0.295183333504186,False
main_node30,0.0,2462116.6533193877,7358,-10.806922874860348,-5.625,0.11276226490736008,8,6,0.2878957741236715,False
main_node30,0.0,2462117.63628037,6713,-4.780191847199163,-18.28125,-0.11489380151033401,7,4,0.19102484292301722,False
main_node30,0.0,2462156.1958586355,1864,43.406858485936986,13.064516129032256,0.0955941453576088,12,7,0.22342347713110391,False
main_node30,0.0,2462156.2135007842,9541,-34.22886632781257,14.0625,0.2303268164396286,11,7,0.22507159649579767,False
main_node30,0.0,2462157.1892176564,6976,-8.385538647081319,0.0,-0.5640313029289246,11,7,0.3060396265801379,False
main_node30,0.0,2462157.269928438,6464,-3.583321698471977,0.0,0.5481715798377991,10,6,0.3133057272309615,False
main_node30,0.0,2462158.2441981714,3259,28.630989836924343,-14.0625,-0.2444058507680893,12,7,0.4010056333697817,False
main_node30,0.0,2462158.260928247,10543,-44.99388015045713,-13.5,-0.35410815477371216,12,7,0.402934982775427,False
main_node30,0.0,2462159.231210676,5686,4.780191847199163,-26.71875,-0.2288883924484253,14,7,0.4938205721538397,False
main_node30,0.0,2462159.3049548776,2230,40.228184728061095,-28.125,-0.13276606798171997,16,7,0.5011023125239652,False
main_node30,0.0,2462159.3235987294,10294,-41.81031489577862,-26.71875,0.26731106638908386,17,7,0.5030894978335056,False
main_node30,0.0,2462160.2157958774,7090,-8.385538647081319,-39.375,-0.059053827077150345,14,7,0.5880397623906154,False
main_node30,0.0,2462160.291264794,4145,19.47122063449069,-40.78125,-0.14313660562038422,17,7,0.5953200328367456,False
main_node30,0.0,2462160.3041381524,9906,-37.168899655999454,-39.375,0.5695408582687378,17,7,0.59664241310333,False
main_node30,0.0,2462160.382495759,8497,-22.02431283704216,-40.78125,0.5254599452018738,15,6,0.603911483482276,False
main_node30,0.0,2462186.2189333737,3000,31.38816646434855,-22.5,-0.03033243678510189,12,7,0.2365374118958525,False
main_node30,0.0,2462186.2319603413,8888,-25.944479772370016,-22.5,-0.5540280342102051,12,7,0.23709398768962245,False
main_node30,0.0,2462187.206027079,5427,7.180755781458274,-35.15625,-0.017175769433379173,12,7,0.31988786909916245,False
main_node30,0.0,2462187.2803170276,2227,40.228184728061095,-36.5625,0.03393365442752838,12,7,0.3260604599734569,False
main_node30,0.0,2462187.293595012,8115,-18.209956864283015,-36.5625,-0.5497551560401917,10,6,0.32729755391017806,False
main_node30,0.0,2462188.268318976,4910,12.024699180565818,-49.21875000000006,-0.023033665493130684,13,7,0.4177930559187736,False
main_node30,0.0,2462188.3429868314,1966,43.406858485936986,-50.806451612903174,-0.0965496376156807,14,6,0.42441642768319665,False
main_node30,0.0,2462188.356420385,7854,-15.713861048008212,-50.625,-0.5799034833908081,11,5,0.42574438800281666,False
main_node35,0.0,2461552.516712893,1757,44.993880150457116,52.5,-0.361918181180954,10,6,0.6491872939122293,False
main_node35,0.0,2461552.5364370923,10194,-41.81031489577862,52.03125,-0.3076305091381073,10,6,0.6473008481643721,False
main_node35,0.0,2461553.515034521,9038,-28.630989836924357,39.375,-0.20274077355861664,8,4,0.5560303507123562,False
main_node35,0.0,2461555.5473143603,3268,27.27961273597809,12.65625,-0.3047928214073181,7,5,0.3587118483485625,False
main_node35,0.0,2461555.559711308,8900,-27.27961273597809,12.65625,-0.01247780118137598,7,3,0.3573738925555539,False
main_node35,0.0,2461582.46439209,5574,4.780191847199163,18.28125,0.012685615569353104,10,6,0.6229145048673462,False
main_node35,0.0,2461582.540145544,2886,31.38816646434855,16.875,-0.3946121633052826,10,6,0.6156612366907944,False
main_node35,0.0,2461582.5525760544,8518,-23.31795706533424,16.875,-0.15258300304412842,10,3,0.6143369952658752,False
main_node35,0.0,2461583.526690022,5057,9.594068226860458,4.21875,-0.06228497251868248,10,6,0.5190854696147038,False
main_node35,0.0,2461583.5390934795,10429,-44.99388015045713,4.5,0.37397387623786926,10,6,0.5176944864145686,False
main_node35,0.0,2461584.51347245,7613,-13.248014905676953,-8.4375,0.3243182599544525,10,7,0.4191520347538996,False
main_node35,0.0,2461586.550441835,3891,22.02431283704216,-35.15625,0.3486537039279938,6,4,0.21853151371390206,True
main_node35,0.0,2461586.5628987607,9523,-32.79716829582364,-35.15625,0.558197021484375,6,3,0.21725901311194043,False
main_node35,0.0,2461598.2980625997,4156,19.47122063449069,-9.84375,-0.5055125951766968,9,5,0.6088991397613459,True
main_node35,0.0,2461598.29864276,3900,22.02431283704216,-9.84375,-0.5072436332702637,9,5,0.6088991397613459,True
main_node35,0.0,2461627.2593759624,2356,38.68218745348943,-32.34375000000006,0.2852507531642914,4,1,0.5578663865851348,False
main_node35,0.0,2461702.510080813,4180,18.209956864283,56.25,0.27732881903648376,9,4,0.35690045301162926,False
main_node35,0.0,2461702.5933377077,3539,24.62431835216408,54.84375,0.5533969402313232,12,7,0.3477386063168183,False
main_node35,0.0,2461703.5628273245,9039,-28.630989836924357,42.1875,0.378322035074234,9,5,0.24563192287658644,False
main_node35,0.0,2461704.631908443,6474,-3.583321698471977,28.125,0.4369334578514099,6,5,0.14811241495741925,False
main_node35,0.0,2461729.590650388,2133,40.228184728061095,59.0625,0.5418605804443359,18,7,0.6081894605415274,False
main_node35,0.0,2461730.484871636,4433,15.713861048008212,47.8125,0.12487893551588058,13,7,0.5067009262095615,False
main_node35,0.0,2461730.552876471,10443,-44.99388015045713,46.5,0.3003602623939514,13,7,0.49878620032679477,False
main_node35,0.0,2461730.5641864217,5584,4.780191847199163,46.40625,0.47066155076026917,14,7,0.4979948954705997,False
main_node35,0.0,2461730.6421674723,7376,-12.024699180565818,46.40625,-0.570648729801178,13,6,0.4892932544960276,False
main_node35,0.0,2461731.5405532173,8012,-18.209956864283015,33.75,0.2117251604795456,13,7,0.38773095813338265,False
main_node35,0.0,2461731.5416807304,7500,-13.248014905676953,33.75,0.21168610453605652,13,7,0.38773095813338265,False
main_node35,0.0,2461731.620894619,8651,-24.62431835216408,32.34375,0.5066189169883728,13,7,0.3793242484777167,False
main_node35,0.0,2461731.6333069038,3019,29.999999999999993,32.34375,0.43197599053382874,13,6,0.37779995242837144,False
main_node35,0.0,2461732.606175204,6983,-8.385538647081319,19.6875,0.2595360279083252,12,7,0.2753455479476661,False
main_node35,0.0,2461758.6124797375,9549,-34.22886632781257,36.5625,0.5247411131858826,17,7,0.6437755159626447,False
main_node35,0.0,2461759.5098258564,10436,-44.99388015045713,25.5,-0.12331589311361313,15,7,0.5435974329074628,False
main_node35,0.0,2461759.521954699,5193,8.385538647081319,25.3125,0.01355296652764082,15,7,0.5420323944977339,False
main_node35,0.0,2461759.6013057143,6344,-2.388015463268786,23.90625,0.3476422131061554,16,7,0.532642804723995,False
main_node35,0.0,2461760.5756613724,9540,-34.22886632781257,11.25,0.06079114228487015,13,7,0.4242157762299369,False
main_node35,0.0,2461760.5864491593,4676,13.24801490567694,11.25,0.0618886835873127,13,7,0.42345465084630396,False
main_node35,0.0,2461760.665237924,6083,0.0,9.84375,0.3976917564868927,11,5,0.41435210485168483,False
main_node35,0.0,2461761.6376877557,10175,-40.22818472806108,-2.8125,0.08848604559898376,11,7,0.31211564853839613,False
main_node35,0.0,2461761.647642708,5823,3.5833216984719627,-2.8125,0.11836980283260345,10,6,0.31141738594618945,False
main_node35,0.0,2461762.634014267,3642,24.62431835216408,-15.46875,-0.14830833673477173,7,3,0.21812245922395665,False
main_node35,0.0,2461802.1842683516,8769,-25.944479772370016,2.8125,-0.3693489730358124,9,5,0.21313954981283842,False
main_node35,0.0,2461803.235259092,3260,28.630989836924343,-11.25,-0.4023245871067047,12,7,0.3013384579562258,False
main_node35,0.0,2461803.247660277,8892,-25.944479772370016,-11.25,-0.4125625789165497,12,7,0.3025783321523012,False
main_node35,0.0,2461804.2222717726,5687,4.780191847199163,-23.90625,-0.18135762214660645,13,7,0.39349000840377696,False
main_node35,0.0,2461804.2967112195,2487,37.16889965599944,-25.3125,-0.3997209072113037,15,7,0.4009291215228388,False
main_node35,0.0,2461804.3092949875,8119,-18.209956864283015,-25.3125,-0.48083317279815674,12,6,0.4022864183988659,False
main_node35,0.0,2461805.201380504,4531,15.713861048008212,-36.5625,0.09090055525302887,13,7,0.49129197672373676,False
main_node35,0.0,2461805.2140917503,10163,-40.22818472806108,-36.5625,0.0653928816318512,14,7,0.4927105220857232,False
main_node35,0.0,2461805.2883819235,6962,-7.180755781458288,-37.96875000000006,-0.22730979323387146,15,7,0.5005236410042395,False
main_node35,0.0,2461805.3632509205,3762,23.31795706533424,-39.375,-0.5157869458198547,14,6,0.5076432285681236,False
main_node35,0.0,2461805.375681882,9394,-31.388166464348544,-39.375,-0.4787050485610962,11,5,0.5090681753067188,False
main_node35,0.0,2461806.193996588,9518,-32.79716829582364,-49.21875000000006,0.31279194355010986,15,7,0.5937714865583101,False
main_node35,0.0,2461806.2686147727,6318,-1.1937484371410818,-50.625,0.04738568514585495,14,7,0.6016844855961612,False
main_node35,0.0,2461806.3433260275,3117,29.999999999999993,-52.03125,-0.24238137900829315,17,7,0.6088736171204049,False
main_node35,0.0,2461806.3557380205,8749,-24.62431835216408,-52.03125,-0.25455302000045776,17,7,0.6103106322815451,False
main_node35,0.0,2461831.2152184406,5305,8.385538647081319,-19.6875,-0.26526638865470886,10,7,0.16128172176787536,False
main_node35,0.0,2461832.1981744654,5940,2.388015463268772,-32.34375000000006,0.007575850002467632,8,4,0.23898486919870837,False
main_node35,0.0,2461832.272738641,2740,34.228866327812575,-33.75000000000006,-0.2421105057001114,9,6,0.2449276564486074,False
main_node35,0.0,2461832.2852294743,8372,-20.74237995448715,-33.75000000000006,-0.31113529205322266,6,5,0.24612178208362512,False
main_node35,0.0,2461833.2621095763,6191,0.0,-46.40625,-0.04351554438471794,12,7,0.33578988000357834,False
main_node35,0.0,2461834.2365708943,2987,31.38816646434855,-59.0625,0.22165057063102722,13,7,0.4335654693650055,False
main_node35,0.0,2461834.2490013093,8619,-23.31795706533424,-59.0625,0.2020423859357834,13,7,0.43500966855308065,False
main_node35,0.0,2461861.2341797296,4652,14.477512185929925,-54.84375,0.14853912591934204,11,7,0.19576728656243997,False
main_node35,0.0,2461861.2469695383,10284,-41.81031489577862,-54.84375,0.04194628819823265,12,7,0.19690587983783042,False
main_node35,0.0,2461907.537496265,6867,-7.180755781458288,54.84375,-0.16400276124477386,9,6,0.5404683820979448,False
main_node35,0.0,2461910.560806772,5317,7.180755781458274,15.46875,0.37707409262657166,3,1,0.26297136668191173,False
main_node35,0.0,2461936.4836749583,2124,40.228184728061095,33.75,0.3745901882648468,12,7,0.6142768744674856,False
main_node35,0.0,2461936.496386286,7756,-15.713861048008212,33.75,0.2330799102783203,13,7,0.6136355594649309,False
main_node35,0.0,2461937.550908068,3655,23.31795706533424,19.6875,0.3075181543827057,8,4,0.5144206814405836,False
main_node35,0.0,2461938.5315999202,3266,27.27961273597809,7.03125,0.5585300922393799,9,6,0.4205410422058109,False
main_node35,0.0,2461938.5439972826,8898,-27.27961273597809,7.03125,0.37668585777282715,9,6,0.4198821138335494,False
main_node35,0.0,2461939.518846696,5949,2.388015463268772,-7.03125,-0.5944435596466064,7,5,0.32826657042461443,False
main_node35,0.0,2461982.2606194774,5685,4.780191847199163,-29.53125,-0.007875579409301281,6,3,0.6137084086142884,False
main_node35,0.0,2462039.1989772622,2987,31.38816646434855,-59.0625,-0.35248953104019165,3,1,0.4133269223336463,False
main_node35,0.0,2462057.5140777477,6485,-3.583321698471977,59.0625,-0.23727652430534363,10,5,0.3357737905227918,False
main_node35,0.0,2462057.592266408,8148,-19.47122063449069,57.65625,-0.011253120377659798,12,7,0.3275777751894609,False
main_node35,0.0,2462058.568420482,10319,-43.40685848593699,45.0,-0.3854772448539734,11,7,0.22657463899944078,False
main_node35,0.0,2462058.5780122415,6224,-1.1937484371410818,45.0,-0.1718313992023468,11,7,0.22589253696569625,False
main_node35,0.0,2462085.482476025,9554,-34.22886632781257,50.625,-0.556785523891449,13,7,0.4916329285405681,False
main_node35,0.0,2462085.4980309545,2642,34.228866327812575,50.625,-0.09859491884708405,14,7,0.4892924581314129,False
main_node35,0.0,2462085.5625523543,10193,-41.81031489577862,49.21875,-0.3296511471271515,14,7,0.48226480088783286,False
main_node35,0.0,2462085.576476601,4049,19.47122063449069,49.21875,0.06720162183046341,15,7,0.480702474707907,False
main_node35,0.0,2462086.5544592277,5709,3.5833216984719627,36.5625,-0.3196094334125519,12,7,0.3707991277216304,False
main_node35,0.0,2462086.563507297,1872,43.406858485936986,36.29032258064515,0.24215291440486908,12,7,0.37002860093810597,False
main_node35,0.0,2462086.633812162,6860,-7.180755781458288,35.15625,-0.06598586589097977,11,6,0.3623345628354952,False
main_node35,0.0,2462087.607171891,10311,-43.40685848593699,21.774193548387103,0.013065684586763382,13,7,0.2582374458584094,False
main_node35,0.0,2462087.6206066003,4424,15.713861048008212,22.5,-0.17189937829971313,11,7,0.2568141973437452,False
main_node35,0.0,2462113.4686260703,4687,13.24801490567694,42.1875,-0.4648066461086273,14,7,0.6434809216352959,False
main_node35,0.0,2462113.547414331,6094,0.0,40.78125,-0.2509484589099884,17,7,0.6344409899771541,False
main_node35,0.0,2462113.549046085,5326,7.180755781458274,40.78125,-0.19508033990859985,17,7,0.6344409899771541,False
main_node35,0.0,2462113.6267575272,7246,-10.806922874860348,39.375,-0.005059037823230028,17,7,0.6261068679639218,False
main_node35,0.0,2462114.522805077,8905,-27.27961273597809,26.71875,0.5734726786613464,15,7,0.5257687243391486,False
main_node35,0.0,2462114.535512589,3146,28.630989836924343,28.125,-0.2465636134147644,14,7,0.5241878218750035,False
main_node35,0.0,2462114.6164005524,3529,24.62431835216408,26.71875,0.005841496866196394,17,7,0.5146927508543279,False
main_node35,0.0,2462115.5855777967,9156,-30.000000000000014,12.65625,0.57341468334198,13,7,0.40476420250646994,False
main_node35,0.0,2462115.5989034367,3141,28.630989836924343,14.0625,-0.19740431010723114,12,7,0.40319908973124563,False
main_node35,0.0,2462116.6483327844,9535,-32.79716829582364,-1.40625,0.5674022436141968,9,6,0.2886226568383892,False
main_node35,0.0,2462116.6622939943,3136,28.630989836924343,0.0,-0.1483500599861145,6,5,0.2871688914576951,False
main_node35,0.0,2462117.64123376,4411,16.957763300004146,-12.65625,-0.535679042339325,7,4,0.19102484292301722,False
main_node35,0.0,2462156.205192379,5830,2.388015463268772,18.28125,-0.13047011196613312,12,7,0.22452045277350852,False
main_node35,0.0,2462157.1778228977,1985,41.81031489577859,4.21875,-0.5943273305892944,10,5,0.3054360224767356,False
main_node35,0.0,2462157.1903372305,7490,-13.248014905676953,5.625,0.006375030614435673,11,7,0.3060396265801379,False
main_node35,0.0,2462157.265272584,4289,16.957763300004146,4.21875,-0.04362624138593674,9,6,0.3126983297233365,False
main_node35,0.0,2462157.277914981,9921,-38.68218745348943,4.21875,-0.49079418182373047,11,6,0.31391312473858657,False
main_node35,0.0,2462158.249359549,5565,5.979156796301311,-8.4375,0.12867890298366547,12,7,0.40164797823761916,False
main_node35,0.0,2462158.322653395,1980,43.406858485936986,-10.161290322580612,-0.047256264835596085,12,5,0.4080875090854409,False
main_node35,0.0,2462159.2267161612,3640,24.62431835216408,-21.09375,0.5327597260475159,14,7,0.4938205721538397,False
main_node35,0.0,2462159.2391277156,9272,-30.000000000000014,-21.09375,0.05409248173236847,13,7,0.4944821833480753,False
main_node35,0.0,2462159.3138387175,6072,1.1937484371410676,-22.5,0.03755912184715271,16,7,0.5017647076271453,False
main_node35,0.0,2462160.2057929346,2611,35.68533471265204,-35.15625,-0.33021342754364014,14,7,0.5873776888632793,False
main_node35,0.0,2462160.223768654,10416,-43.40685848593699,-33.38709677419354,0.3668574094772339,14,7,0.5887018358735558,False
main_node35,0.0,2462160.2962460658,6451,-2.388015463268786,-35.15625,0.2852979898452759,17,7,0.5959812229700379,False
main_node35,0.0,2462160.370370305,2995,31.38816646434855,-36.5625,0.2426227182149887,17,7,0.602590634736631,False
main_node35,0.0,2462160.382800354,8627,-23.31795706533424,-36.5625,-0.2165602743625641,15,6,0.603911483482276,False
main_node35,0.0,2462186.2176351687,2490,37.16889965599944,-16.875,0.5489217638969421,12,7,0.23598083613940385,False
main_node35,0.0,2462186.2302182335,8122,-18.209956864283015,-16.875,0.0826287567615509,12,7,0.23709398768962245,False
main_node35,0.0,2462187.2082165633,6453,-2.388015463268786,-29.53125,0.5209035873413086,12,7,0.31988786909916245,False
main_node35,0.0,2462187.28234063,2997,31.38816646434855,-30.9375,0.4674346446990967,11,7,0.3266790069210791,False
main_node35,0.0,2462187.2947707,8629,-23.31795706533424,-30.9375,-0.015081723220646381,10,6,0.32729755391017806,False
main_node35,0.0,2462188.2710665893,6192,0.0,-43.59375,0.4935275614261627,13,7,0.4177930559187736,False
main_node35,0.0,2462188.3444195893,2480,37.16889965599944,-45.0,0.4620605707168579,12,5,0.425080407820745,False
main_node35,0.0,2462188.3570025433,8112,-18.209956864283015,-45.0,-0.008074234239757061,11,5,0.42574438800281666,False
main_node35,0.0,2462189.2597925137,9388,-31.388166464348544,-56.25,0.37923383712768555,13,7,0.5136108493087121,False
main_node35,0.0,2462189.3360907934,6955,-7.180755781458288,-57.65625000000006,0.3749711811542511,17,7,0.5211519317099935,False
main_node40,0.0,2461552.5167090856,1759,44.993880150457116,58.5,0.3429400622844696,10,6,0.6491872939122293,False
main_node40,0.0,2461552.528564803,6868,-7.180755781458288,57.65625,-0.015864264219999313,10,6,0.6479296633855476,False
main_node40,0.0,2461553.5066200444,5200,8.385538647081319,45.0,0.16813787817955017,9,4,0.5566928668740208,False
main_node40,0.0,2461553.5183883575,10319,-43.40685848593699,45.0,0.3679339289665222,9,6,0.5553678345506917,False
main_node40,0.0,2461555.5507769813,4806,12.024699180565818,18.28125,0.3671623766422272,7,5,0.3587118483485625,False
main_node40,0.0,2461555.561956248,9798,-37.168899655999454,16.875,-0.5767106413841248,7,3,0.3573738925555539,False
main_node40,0.0,2461582.472608318,9288,-31.388166464348544,22.5,-0.4872130751609802,12,7,0.6222561538492747,False
main_node40,0.0,2461582.545916307,5448,5.979156796301311,22.5,0.3011168837547302,9,4,0.6149991159783348,False
main_node40,0.0,2461582.557498632,10435,-44.99388015045713,22.5,0.42300957441329956,10,3,0.6143369952658752,False
main_node40,0.0,2461583.5360001493,9283,-31.388166464348544,8.4375,-0.5310047268867493,10,6,0.5183899780379544,False
main_node40,0.0,2461584.5088284174,5438,7.180755781458274,-4.21875,-0.5502021908760071,12,7,0.4198597337408435,False
main_node40,0.0,2461584.520323261,10426,-43.40685848593699,-4.354838709677324,-0.2927406430244446,10,7,0.4184443357669557,False
main_node40,0.0,2461586.555173025,6069,1.1937484371410676,-30.9375,-0.29752108454704285,6,3,0.21789526341292123,False
main_node40,0.0,2461627.2489541294,6966,-7.180755781458288,-26.71875,-0.09094928950071335,4,1,0.5571641859166261,False
main_node40,0.0,2461627.259375133,2358,38.68218745348943,-26.71875,-0.2017723172903061,4,1,0.5578663865851348,False
main_node40,0.0,2461703.56632422,7505,-13.248014905676953,47.8125,-0.21508945524692535,11,7,0.2449413365322839,False
main_node40,0.0,2461703.5784752136,2129,40.228184728061095,47.8125,-0.23712071776390076,11,7,0.24425075018798134,False
main_node40,0.0,2461704.6351798177,4940,10.806922874860334,33.75,-0.2086365818977356,6,5,0.14811241495741925,False
main_node40,0.0,2461730.4860164463,3923,20.742379954487134,53.4375,-0.46761754155158997,13,7,0.5067009262095615,False
main_node40,0.0,2461730.487198575,3411,25.944479772370002,53.4375,-0.45419058203697205,13,7,0.5067009262095615,False
main_node40,0.0,2461730.568106747,3794,22.02431283704216,52.03125,-0.16004496812820435,14,7,0.4972035906144047,False
main_node40,0.0,2461730.6364558497,9810,-37.168899655999454,50.625,0.17430667579174042,13,6,0.4892932544960276,False
main_node40,0.0,2461730.6501998347,3666,23.31795706533424,50.625,0.14215898513793945,10,4,0.48771181829471294,False
main_node40,0.0,2461731.535552442,10062,-40.22818472806108,39.375,-0.29866665601730347,12,7,0.3884980074152042,False
main_node40,0.0,2461731.551198962,3150,28.630989836924343,39.375,-0.3969026207923889,13,7,0.3869658143777851,False
main_node40,0.0,2461731.631496709,3789,22.02431283704216,37.96875,-0.1098644956946373,13,6,0.37779995242837144,False
main_node40,0.0,2461732.60394526,8009,-18.209956864283015,25.3125,-0.33604228496551514,12,7,0.2753455479476661,False
main_node40,0.0,2461732.6061776034,6985,-8.385538647081319,25.3125,-0.35936012864112854,12,7,0.2753455479476661,False
main_node40,0.0,2461758.6161229825,8015,-18.209956864283015,42.1875,0.007300336379557848,17,7,0.6430109492284536,False
main_node40,0.0,2461758.6189021077,6735,-5.979156796301311,42.1875,0.00219330913387239,17,7,0.6430109492284536,False
main_node40,0.0,2461759.5164818093,7755,-15.713861048008212,30.9375,-0.577944815158844,15,7,0.5428149137025984,False
main_node40,0.0,2461759.5956529723,8906,-27.27961273597809,29.53125,-0.2411533147096634,16,7,0.5334251814815677,False
main_node40,0.0,2461759.610640935,2250,38.68218745348943,29.53125,-0.21722762286663055,17,7,0.5318604279664223,False
main_node40,0.0,2461760.5826279544,6470,-3.583321698471977,16.875,-0.5533124208450317,13,7,0.42345465084630396,False
main_node40,0.0,2461760.584800869,5446,5.979156796301311,16.875,-0.5550036430358887,13,7,0.42345465084630396,False
main_node40,0.0,2461760.664698599,6341,-2.388015463268786,15.46875,-0.22622868418693542,11,5,0.41435210485168483,False
main_node40,0.0,2461761.645473195,6721,-5.979156796301311,2.8125,-0.5002910494804382,10,6,0.31141738594618945,False
main_node40,0.0,2461761.6481904853,5441,5.979156796301311,2.8125,-0.5040669441223145,10,6,0.31141738594618945,False
main_node40,0.0,2461762.6337202583,3772,23.31795706533424,-11.25,0.5697824954986572,7,3,0.21812245922395665,False
main_node40,0.0,2461801.19624182,5831,2.388015463268772,21.09375,-0.06325799971818924,8,6,0.14117825232225104,False
main_node40,0.0,2461802.184882343,9027,-28.630989836924357,8.4375,0.18233448266983032,9,5,0.21313954981283842,False
main_node40,0.0,2461802.257995937,5058,9.594068226860458,7.03125,-0.11122044175863266,5,4,0.21861628001083314,False
main_node40,0.0,2461803.241497303,6078,1.1937484371410676,-5.625,0.16562536358833313,12,7,0.3019583950542635,False
main_node40,0.0,2461804.2145719165,2361,38.68218745348943,-18.28125,0.3595856726169586,13,7,0.39281509211103477,False
main_node40,0.0,2461804.226093834,7481,-12.024699180565818,-18.28125,0.43530625104904175,13,7,0.39416492474177584,False
main_node40,0.0,2461804.29926557,3513,25.944479772370002,-19.6875,0.10653172433376312,15,7,0.4009291215228388,False
main_node40,0.0,2461804.3104590257,8633,-23.31795706533424,-19.6875,0.10522015392780304,12,6,0.4022864183988659,False
main_node40,0.0,2461805.2134006047,9909,-37.168899655999454,-30.9375,0.5652225613594055,14,7,0.4927105220857232,False
main_node40,0.0,2461805.2856677007,5684,4.780191847199163,-32.34375000000006,0.39217814803123474,15,7,0.49981292741809624,False
main_node40,0.0,2461805.3583285045,1848,44.993880150457116,-34.50000000000006,-0.46307888627052307,14,6,0.5076432285681236,False
main_node40,0.0,2461805.369911681,6836,-5.979156796301311,-33.75000000000006,0.0660891979932785,12,5,0.5083557019374212,False
main_node40,0.0,2461806.186818246,6320,-1.1937484371410818,-45.0,-0.4054829478263855,13,5,0.5930519063330533,False
main_node40,0.0,2461806.2592060296,2224,40.228184728061095,-45.0,0.5277855396270752,14,7,0.6002461748154976,False
main_node40,0.0,2461806.34332964,3119,29.999999999999993,-46.40625,0.30248743295669556,17,7,0.6088736171204049,False
main_node40,0.0,2461806.354570749,8239,-19.47122063449069,-46.40625,0.3239688575267792,17,7,0.6103106322815451,False
main_node40,0.0,2461831.214118048,4795,13.24801490567694,-14.0625,0.3521299958229065,10,7,0.16128172176787536,False
main_node40,0.0,2461831.22557398,9915,-37.168899655999454,-14.0625,0.24674232304096222,9,6,0.1617838830150506,False
main_node40,0.0,2461832.2746254513,3510,25.944479772370002,-28.125,0.29136335849761963,7,5,0.24552471928613434,False
main_node40,0.0,2461832.2858190807,8630,-23.31795706533424,-28.125,0.26265883445739746,6,5,0.24612178208362512,False
main_node40,0.0,2461833.2610277957,5681,4.780191847199163,-40.78125,0.5820482969284058,12,7,0.33578988000357834,False
main_node40,0.0,2461833.272338424,10534,-44.99388015045713,-40.5,0.5626969337463379,12,7,0.33646097811869674,False
main_node40,0.0,2461834.244792551,6700,-4.780191847199163,-54.84375,-0.5475770235061646,13,7,0.4342875689590431,False
main_node40,0.0,2461834.3180541527,2860,32.79716829582364,-54.84375,0.474083811044693,15,7,0.44225425263011875,False
main_node40,0.0,2461834.3293599193,7980,-16.957763300004146,-54.84375,0.49715137481689453,15,7,0.44297970181873675,False
main_node40,0.0,2461861.232174644,3758,23.31795706533424,-50.625,-0.5606430768966675,9,5,0.19519798992474474,False
main_node40,0.0,2461910.5599882808,4935,10.806922874860334,19.6875,-0.3818199932575226,3,1,0.26297136668191173,False
main_node40,0.0,2461910.5715849446,10055,-40.22818472806108,19.6875,-0.44456297159194946,3,1,0.26238578384847366,False
main_node40,0.0,2461936.493364733,6349,-2.388015463268786,37.96875,-0.4907156527042389,13,7,0.6136355594649309,False
main_node40,0.0,2461937.483554576,10057,-40.22818472806108,25.3125,-0.3074374496936798,8,4,0.5203612443107041,False
main_node40,0.0,2461937.5567552648,6344,-2.388015463268786,23.90625,-0.5409810543060303,7,3,0.5137602414214042,False
main_node40,0.0,2461938.5369905694,5700,3.5833216984719627,11.25,-0.2422013133764267,9,6,0.4205410422058109,False
main_node40,0.0,2461939.511945136,2879,32.79716829582364,-1.40625,0.13380862772464752,6,4,0.3289039552362516,False
main_node40,0.0,2461939.5232505016,7999,-16.957763300004146,-1.40625,-0.036125291138887405,7,5,0.32826657042461443,False
main_node40,0.0,2461981.272057168,8892,-25.944479772370016,-11.25,-0.4724934995174408,4,1,0.5050577022351292,False
main_node40,0.0,2462030.608231345,3669,23.31795706533424,59.0625,-0.43163079023361206,3,2,0.10433757548641145,False
main_node40,0.0,2462058.573287803,8401,-22.02431283704216,49.21875,0.432606965303421,11,7,0.22589253696569625,False
main_node40,0.0,2462059.633575232,9676,-35.68533471265205,35.15625,0.3131290078163147,5,4,0.1307905323245401,False
main_node40,0.0,2462085.4891769635,6611,-4.780191847199163,54.84375,0.35054799914360046,13,7,0.4908527717375164,False
main_node40,0.0,2462085.562199634,10322,-43.40685848593699,53.70967741935485,0.02441593073308468,14,7,0.48226480088783286,False
main_node40,0.0,2462085.5776601853,3539,24.62431835216408,54.84375,-0.4599711298942566,15,7,0.480702474707907,False
main_node40,0.0,2462086.5441548387,10190,-41.81031489577862,40.78125,0.03436644747853279,13,7,0.3723401812886792,False
main_node40,0.0,2462086.5592500186,3534,24.62431835216408,40.78125,0.569776177406311,12,7,0.37002860093810597,False
main_node40,0.0,2462086.638745986,4558,14.477512185929925,40.78125,-0.5187633037567139,10,5,0.3615669025347185,False
main_node40,0.0,2462087.6075459886,10185,-41.81031489577862,26.71875,0.06697019934654236,13,7,0.2582374458584094,False
main_node40,0.0,2462087.6186775803,5321,7.180755781458274,26.71875,0.5358437299728394,11,7,0.2568141973437452,False
main_node40,0.0,2462113.4600310586,8656,-24.62431835216408,46.40625,-0.0039019170217216015,15,7,0.6442326748420425,False
main_node40,0.0,2462113.472442687,3024,29.999999999999993,46.40625,0.4025515615940094,14,7,0.6427291684789583,False
main_node40,0.0,2462113.5555362077,2512,35.68533471265204,46.40625,-0.44137924909591675,17,7,0.6336845629725093,False
main_node40,0.0,2462113.6300406856,5712,3.5833216984719627,45.0,-0.5187472701072693,16,7,0.6253460326852625,False
main_node40,0.0,2462114.5273856954,6859,-7.180755781458288,32.34375,0.1951223462820053,14,7,0.5249782730805741,False
main_node40,0.0,2462114.53010357,5579,4.780191847199163,32.34375,0.28965795040130615,14,7,0.5249782730805741,False
main_node40,0.0,2462114.610544563,6219,-1.1937484371410818,30.9375,0.5721782445907593,17,7,0.5154843816914101,False
main_node40,0.0,2462114.6182716563,2763,32.79716829582364,32.34375,-0.4397885799407959,17,7,0.5146927508543279,False
main_node40,0.0,2462115.5940400423,5318,7.180755781458274,18.28125,0.35927581787109375,12,7,0.40319908973124563,False
main_node40,0.0,2462116.5753592052,5442,5.979156796301311,5.625,0.0756533145904541,9,4,0.2959163870542629,False
main_node40,0.0,2462116.651374965,8129,-19.47122063449069,4.21875,0.1783968210220337,8,6,0.2878957741236715,False
main_node40,0.0,2462116.654167673,6849,-7.180755781458288,4.21875,0.2948645353317261,8,6,0.2878957741236715,False
main_node40,0.0,2462117.62961398,9661,-34.22886632781257,-8.4375,-0.21226441860198975,8,4,0.19165563955772705,False
main_node40,0.0,2462117.6421042494,4029,20.742379954487134,-8.4375,0.24354171752929688,7,4,0.19102484292301722,False
main_node40,0.0,2462143.490110376,4164,18.209956864283,11.25,-0.040852952748537064,11,4,0.5659976627460418,True
main_node40,0.0,2462156.1992408643,3144,28.630989836924343,22.5,-0.558395504951477,12,7,0.2239719649523062,False
main_node40,0.0,2462156.213202249,9416,-32.79716829582364,23.90625,0.10002659261226654,11,7,0.22507159649579767,False
main_node40,0.0,2462157.1857068534,5315,7.180755781458274,9.84375,-0.5841374397277832,11,7,0.3060396265801379,False
main_node40,0.0,2462157.26640861,4803,12.024699180565818,9.84375,0.5231336951255798,9,6,0.3126983297233365,False
main_node40,0.0,2462157.2779298807,9923,-38.68218745348943,9.84375,-0.012510741129517555,11,6,0.31391312473858657,False
main_node40,0.0,2462158.2474398366,4670,14.477512185929925,-4.21875,-0.5525135397911072,12,7,0.40164797823761916,False
main_node40,0.0,2462158.326333192,3390,27.27961273597809,-4.21875,0.573367714881897,11,4,0.408732138404828,False
main_node40,0.0,2462159.2304173214,5306,8.385538647081319,-16.875,-0.3470764458179474,14,7,0.4938205721538397,False
main_node40,0.0,2462159.2425469183,10542,-44.99388015045713,-16.5,-0.42008477449417114,13,7,0.495143794542311,False
main_node40,0.0,2462159.3206303236,9146,-28.630989836924357,-16.875,0.32294896245002747,18,7,0.5024271027303255,False
main_node40,0.0,2462160.212284505,5429,7.180755781458274,-29.53125,-0.08339668065309525,14,7,0.5880397623906154,False
main_node40,0.0,2462160.224141994,10538,-44.99388015045713,-28.5,0.24534344673156738,14,7,0.5887018358735558,False
main_node40,0.0,2462160.296528795,6581,-3.583321698471977,-30.9375,-0.5058940649032593,17,7,0.5959812229700379,False
main_node40,0.0,2462160.371917929,3636,24.62431835216408,-32.34375000000006,-0.5182008147239685,16,7,0.603251326965518,False
main_node40,0.0,2462160.3877386614,10537,-44.99388015045713,-31.5,-0.35097575187683105,14,6,0.6045716399990341,False
main_node40,0.0,2462186.2222396573,4411,16.957763300004146,-12.65625,-0.3324839770793915,12,7,0.2365374118958525,False
main_node40,0.0,2462187.199240775,2487,37.16889965599944,-25.3125,0.15300384163856506,10,5,0.31927364345995396,False
main_node40,0.0,2462187.210696136,7607,-13.248014905676953,-25.3125,-0.3566684424877167,12,7,0.31988786909916245,False
main_node40,0.0,2462187.283889284,3638,24.62431835216408,-26.71875,-0.2846076190471649,11,7,0.3266790069210791,False
main_node40,0.0,2462187.2997108493,10539,-44.99388015045713,-25.5,0.0522560253739357,11,6,0.32791821893123674,False
main_node40,0.0,2462188.2702639066,5810,3.5833216984719627,-39.375,-0.25377294421195984,13,7,0.4177930559187736,False
main_node40,0.0,2462188.2805821323,10290,-41.81031489577862,-37.96875000000006,0.45493748784065247,13,7,0.41845428158321124,False
main_node40,0.0,2462188.357593752,8370,-20.74237995448715,-39.375,0.5462885499000549,11,5,0.42574438800281666,False
main_node40,0.0,2462189.2537584254,6701,-4.780191847199163,-52.03125,-0.05393880605697632,13,7,0.5136108493087121,False
main_node40,0.0,2462189.3273392497,2989,31.38816646434855,-53.43750000000006,-0.002093824790790677,15,7,0.5204661295924186,False
main_node40,0.0,2462189.3386084964,8109,-18.209956864283015,-53.43750000000006,-0.4891665577888489,17,7,0.521838243177519,False
main_node45,0.0,2461553.506890883,5329,7.180755781458274,49.21875,-0.5997266173362732,9,4,0.5566928668740208,False
main_node45,0.0,2461554.5627725287,2125,40.228184728061095,36.5625,0.40556883811950684,7,3,0.454601093942106,False
main_node45,0.0,2461555.5532352463,5960,1.1937484371410676,22.5,-0.34183913469314575,5,3,0.35804287045205824,False
main_node45,0.0,2461582.4576956346,2634,34.228866327812575,28.125,-0.25625181198120117,8,4,0.6235728559295637,False
main_node45,0.0,2461582.4701862424,8266,-20.74237995448715,28.125,-0.006680785678327084,12,7,0.6222561538492747,False
main_node45,0.0,2461582.543419416,4297,16.957763300004146,26.71875,-0.5142694115638733,10,6,0.6156612366907944,False
main_node45,0.0,2461582.5560620464,9929,-38.68218745348943,26.71875,-0.17704515159130096,10,3,0.6143369952658752,False
main_node45,0.0,2461583.5307703074,6981,-8.385538647081319,14.0625,-0.12386976182460785,10,6,0.5190854696147038,False
main_node45,0.0,2461584.504862159,3520,24.62431835216408,1.40625,-0.02263476699590683,12,7,0.4198597337408435,False
main_node45,0.0,2461584.5172738465,9152,-30.000000000000014,1.40625,0.23568648099899292,10,7,0.4191520347538996,False
main_node45,0.0,2461586.5518710143,4535,15.713861048008212,-25.3125,0.24215388298034668,6,4,0.21853151371390206,False
main_node45,0.0,2461586.5645823684,10167,-40.22818472806108,-25.3125,0.42656612396240234,6,3,0.21725901311194043,False
main_node45,0.0,2461657.26533015,8747,-24.62431835216408,-57.65625000000006,0.3088342845439911,5,1,0.5978651360188312,False
main_node45,0.0,2461703.575534307,3282,27.27961273597809,52.03125,0.4343453049659729,11,7,0.24425075018798134,False
main_node45,0.0,2461704.63109372,6861,-7.180755781458288,37.96875,0.5951502323150635,6,5,0.14811241495741925,False
main_node45,0.0,2461730.477451642,7892,-16.957763300004146,57.65625,0.3126067519187927,13,7,0.5074925221053794,False
main_node45,0.0,2461730.490805178,2004,41.81031489577859,57.65625,0.2015310823917389,14,7,0.5059093303137435,False
main_node45,0.0,2461730.5666747694,4436,15.713861048008212,56.25,0.5930116772651672,14,7,0.4972035906144047,False
main_node45,0.0,2461730.6413331097,7764,-15.713861048008212,56.25,-0.4083448052406311,13,6,0.4892932544960276,False
main_node45,0.0,2461731.540841734,7887,-16.957763300004146,43.59375,0.35963961482048035,13,7,0.38773095813338265,False
main_node45,0.0,2461731.5419627153,7375,-12.024699180565818,43.59375,0.3628939390182495,13,7,0.38773095813338265,False
main_node45,0.0,2461731.6363576544,1874,43.406858485936986,42.096774193548384,0.5438668131828308,11,6,0.3770388258136772,False
main_node45,0.0,2461732.6091710497,5578,4.780191847199163,29.53125,0.40277889370918274,12,7,0.2746495395242435,False
main_node45,0.0,2461758.6107620886,10192,-41.81031489577862,46.40625,0.5801531076431274,17,7,0.6437755159626447,False
main_node45,0.0,2461758.626159265,3409,25.944479772370002,47.8125,-0.5707998871803284,17,7,0.6422463824942624,False
main_node45,0.0,2461759.5268716007,3020,29.999999999999993,35.15625,0.14708347618579865,15,7,0.5412498752928694,False
main_node45,0.0,2461759.5927130138,10060,-40.22818472806108,33.75,0.38024136424064636,16,7,0.534207558186678,False
main_node45,0.0,2461759.6059918227,4172,18.209956864283,33.75,0.47216618061065674,16,7,0.532642804723995,False
main_node45,0.0,2461760.5902614295,3015,29.999999999999993,21.09375,0.19402068853378296,13,7,0.42269522503213297,False
main_node45,0.0,2461760.6567978514,9799,-37.168899655999454,19.6875,0.4373649060726166,11,5,0.41510977005357186,False
main_node45,0.0,2461761.574176107,2115,40.228184728061095,8.4375,-0.030460301786661148,9,4,0.318424688316826,False
main_node45,0.0,2461761.65068765,4290,16.957763300004146,7.03125,0.2615377902984619,8,6,0.3107191233539828,False
main_node45,0.0,2461762.628696363,6078,1.1937484371410676,-5.625,-0.0017347856191918254,7,3,0.21812245922395665,False
main_node45,0.0,2461801.193498678,4553,14.477512185929925,26.71875,0.5475308299064636,8,6,0.14117825232225104,False
main_node45,0.0,2461801.206288795,10185,-41.81031489577862,26.71875,0.389862984418869,7,4,0.14209543403152336,False
main_node45,0.0,2461802.2579997657,5060,9.594068226860458,12.65625,0.5063688158988953,5,4,0.21861628001083314,False
main_node45,0.0,2461803.2473669364,8767,-24.62431835216408,-1.40625,-0.5653620362281799,12,7,0.3025783321523012,False
main_node45,0.0,2461804.220354005,4795,13.24801490567694,-14.0625,-0.32716622948646545,13,7,0.39349000840377696,False
main_node45,0.0,2461804.2332282946,10423,-43.40685848593699,-13.064516129032313,0.4563125967979431,12,7,0.3948398410797747,False
main_node45,0.0,2461805.1987589314,3382,27.27961273597809,-26.71875,-0.046520352363586426,13,7,0.49129197672373676,False
main_node45,0.0,2461805.2111559967,9014,-27.27961273597809,-26.71875,-0.05783825367689133,14,7,0.4920007545863417,False
main_node45,0.0,2461805.2859424595,5814,3.5833216984719627,-28.125,-0.386379599571228,15,7,0.49981292741809624,False
main_node45,0.0,2461805.3594156844,2230,40.228184728061095,-28.125,0.5456359386444092,14,6,0.5076432285681236,False
main_node45,0.0,2461806.187909398,6834,-5.979156796301311,-39.375,0.21813051402568817,13,5,0.5930519063330533,False
main_node45,0.0,2461806.2627547444,3633,24.62431835216408,-40.78125,-0.09494607150554657,14,7,0.6009653302058293,False
main_node45,0.0,2461806.275166634,9265,-30.000000000000014,-40.78125,-0.10218115895986557,16,7,0.602403640986493,False
main_node45,0.0,2461806.3498779316,6065,1.1937484371410676,-42.18750000000006,-0.43740805983543396,17,7,0.6095921246768852,False
main_node45,0.0,2461831.209679494,2876,32.79716829582364,-9.84375,-0.32714301347732544,9,5,0.16077956048702757,False
main_node45,0.0,2461831.222136387,8508,-22.02431283704216,-9.84375,-0.4152376353740692,9,6,0.1617838830150506,False
main_node45,0.0,2461832.2058570585,9400,-31.388166464348544,-22.5,-0.15670828521251678,9,5,0.23957495023794723,False
main_node45,0.0,2461832.2805241104,6199,0.0,-23.90625,-0.47788679599761963,7,5,0.24552471928613434,False
main_node45,0.0,2461833.2574043525,4019,20.742379954487134,-36.5625,-0.17089717090129852,12,7,0.33511878188845995,False
main_node45,0.0,2461833.269895047,9651,-34.22886632781257,-36.5625,-0.1978304237127304,12,7,0.33646097811869674,False
main_node45,0.0,2461834.2442535525,6446,-2.388015463268786,-49.21875000000006,0.07656870037317276,13,7,0.4342875689590431,False
main_node45,0.0,2461834.3190043857,3246,28.630989836924343,-50.625,-0.19428172707557678,15,7,0.44225425263011875,False
main_node45,0.0,2461834.3314052937,8878,-25.944479772370016,-50.625,-0.24693764746189117,16,7,0.44370515100735475,False
main_node45,0.0,2461861.2350230976,5040,10.806922874860334,-45.0,-0.004098176956176758,11,7,0.19576728656243997,False
main_node45,0.0,2461862.219072269,6187,0.0,-57.65625000000006,0.25873687863349915,9,4,0.2834290378315618,False
main_node45,0.0,2461862.2930938955,2731,34.228866327812575,-59.0625,-0.0023931502364575863,12,7,0.2900681129867496,False
main_node45,0.0,2461862.305584559,8363,-20.74237995448715,-59.0625,-0.09523818641901016,9,6,0.2914053209735147,False
main_node45,0.0,2461910.563810122,6729,-5.979156796301311,25.3125,0.18567395210266113,3,1,0.26297136668191173,False
main_node45,0.0,2461936.48663225,3279,27.27961273597809,43.59375,0.2342918962240219,12,7,0.6142768744674856,False
main_node45,0.0,2461936.499029091,8911,-27.27961273597809,43.59375,0.019308941438794136,13,7,0.6129942444623762,False
main_node45,0.0,2461937.552931501,4554,14.477512185929925,29.53125,0.14391598105430603,7,3,0.5137602414214042,False
main_node45,0.0,2461938.533675353,4166,18.209956864283,16.875,0.41857174038887024,9,6,0.4205410422058109,False
main_node45,0.0,2461938.5462586135,9798,-37.168899655999454,16.875,0.15335914492607117,8,4,0.4192236614824427,False
main_node45,0.0,2461939.5296299346,10429,-44.99388015045713,4.5,0.4871107339859009,8,6,0.3276291856129773,False
main_node45,0.0,2461966.5156306727,7235,-10.806922874860348,8.4375,0.4782021939754486,13,7,0.5838973720226204,True
main_node45,0.0,2461981.2717617024,9021,-27.27961273597809,-7.03125,0.21621757745742798,4,1,0.5050577022351292,False
main_node45,0.0,2462039.198683392,3118,29.999999999999993,-49.21875000000006,-0.22478218376636505,3,1,0.4133269223336463,False
main_node45,0.0,2462058.5804841775,5075,9.594068226860458,54.84375,0.05362781137228012,12,7,0.22521043493195175,False
main_node45,0.0,2462085.4804110397,10324,-43.40685848593699,59.51612903225805,0.21821682155132294,13,7,0.4916329285405681,False
main_node45,0.0,2462085.5718032797,6229,-1.1937484371410818,59.0625,0.08010382950305939,14,7,0.4814836377978699,False
main_node45,0.0,2462086.548072417,8656,-24.62431835216408,46.40625,-0.34667330980300903,13,7,0.3715696545051548,False
main_node45,0.0,2462086.5624566544,2256,38.68218745348943,46.40625,0.12589645385742188,12,7,0.37002860093810597,False
main_node45,0.0,2462086.6270209234,9808,-37.168899655999454,45.0,-0.15152108669281006,12,6,0.3631022231362719,False
main_node45,0.0,2462086.6407645084,3664,23.31795706533424,45.0,0.2948359549045563,10,5,0.3615669025347185,False
main_node45,0.0,2462087.6114639626,8651,-24.62431835216408,32.34375,-0.3033730685710907,12,7,0.2575258216010773,False
main_node45,0.0,2462113.464553436,6610,-4.780191847199163,52.03125,-0.4585036337375641,14,7,0.6434809216352959,False
main_node45,0.0,2462113.4661823697,5842,2.388015463268772,52.03125,-0.40403154492378235,14,7,0.6434809216352959,False
main_node45,0.0,2462113.5449827607,7250,-10.806922874860348,50.625,-0.17659516632556915,17,7,0.635197416981799,False
main_node45,0.0,2462113.624232488,8401,-22.02431283704216,49.21875,0.04663999006152153,17,7,0.6261068679639218,False
main_node45,0.0,2462113.6383809466,2130,40.228184728061095,50.625,-0.5882707834243774,16,7,0.6245851974066032,False
main_node45,0.0,2462114.5251780795,7885,-16.957763300004146,37.96875,-0.4889554977416992,14,7,0.5249782730805741,False
main_node45,0.0,2462114.5392535706,1752,44.993880150457116,37.5,0.41467949748039246,14,7,0.523397370616429,False
main_node45,0.0,2462114.6055316753,8525,-23.31795706533424,36.5625,-0.22283510863780975,16,7,0.5162760125284922,False
main_node45,0.0,2462115.582195393,10435,-44.99388015045713,22.5,0.4159964621067047,13,7,0.40476420250646994,False
main_node45,0.0,2462115.5924225496,6088,0.0,23.90625,-0.32033708691596985,13,7,0.40398164609262055,False
main_node45,0.0,2462116.579909967,3396,25.944479772370002,11.25,-0.32696014642715454,9,4,0.295183333504186,False
main_node45,0.0,2462116.6585455453,4803,12.024699180565818,9.84375,-0.16477854549884796,6,5,0.2871688914576951,False
main_node45,0.0,2462117.6318065943,8766,-24.62431835216408,-4.21875,0.5787043571472168,8,4,0.19165563955772705,False
main_node45,0.0,2462117.639311141,5311,8.385538647081319,-2.8125,-0.4705517590045929,7,4,0.19102484292301722,False
main_node45,0.0,2462143.5612768074,9029,-28.630989836924357,14.0625,0.5421887636184692,14,7,0.5580983325380514,True
main_node45,0.0,2462143.5710759256,4549,14.477512185929925,15.46875,-0.3625340461730957,14,7,0.5573078251797439,False
main_node45,0.0,2462143.6503989063,5701,3.5833216984719627,14.0625,-0.14513328671455383,14,6,0.5478131719696512,False
main_node45,0.0,2462144.5395126366,10304,-43.40685848593699,1.4516129032257936,0.0450558140873909,10,4,0.44649389235272496,True
main_node45,0.0,2462144.5558843627,3137,28.630989836924343,2.8125,-0.4348508417606354,12,6,0.44492348730341735,True
main_node45,0.0,2462144.6344667245,4544,14.477512185929925,1.40625,-0.3108389377593994,12,7,0.436295398057016,False
main_node45,0.0,2462145.6053136713,9531,-32.79716829582364,-12.65625,0.27515164017677307,9,4,0.32950719092254904,True
main_node45,0.0,2462156.1973172426,2378,37.16889965599944,28.125,0.09502047300338745,12,7,0.22342347713110391,True
main_node45,0.0,2462156.2099000155,8010,-18.209956864283015,28.125,-0.4636074900627136,12,7,0.22452045277350852,True
main_node45,0.0,2462157.1840647026,4549,14.477512185929925,15.46875,0.10504300892353058,11,7,0.3060396265801379,False
main_node45,0.0,2462157.1968541304,10181,-41.81031489577862,15.46875,-0.3981221318244934,12,7,0.30664323068354016,True
main_node45,0.0,2462157.2699666233,6469,-3.583321698471977,14.0625,-0.39075300097465515,10,6,0.3133057272309615,False
main_node45,0.0,2462158.242636718,2496,35.68533471265204,1.40625,0.25432461500167847,12,7,0.4010056333697817,False
main_node45,0.0,2462158.2551690047,8128,-19.47122063449069,1.40625,-0.2517869472503662,12,7,0.4022914805065231,False
main_node45,0.0,2462159.222833908,2107,41.81031489577859,-12.65625,-0.5343235731124878,14,7,0.493158960959604,False
main_node45,0.0,2462159.235347827,7612,-13.248014905676953,-11.25,0.07478639483451843,13,7,0.4944821833480753,False
main_node45,0.0,2462159.309132111,3899,22.02431283704216,-12.65625,0.0768059492111206,16,7,0.5017647076271453,False
main_node45,0.0,2462159.32158842,9531,-32.79716829582364,-12.65625,-0.3983226716518402,18,7,0.5024271027303255,False
main_node45,0.0,2462160.216663479,7479,-12.024699180565818,-23.90625,0.3604293167591095,14,7,0.5880397623906154,False
main_node45,0.0,2462160.291016646,4023,20.742379954487134,-25.3125,0.32257166504859924,17,7,0.5953200328367456,False
main_node45,0.0,2462160.303506883,9655,-34.22886632781257,-25.3125,-0.17470219731330872,17,7,0.59664241310333,False
main_node45,0.0,2462160.377528268,6198,0.0,-26.71875,-0.17909665405750275,16,7,0.603251326965518,False
main_node45,0.0,2462185.2367390534,2626,34.228866327812575,5.625,0.18937385082244873,6,4,0.1626631952285782,False
main_node45,0.0,2462186.2255661804,5949,2.388015463268772,-7.03125,0.1313016563653946,12,7,0.2365374118958525,False
main_node45,0.0,2462187.2002455597,2872,32.79716829582364,-21.09375,-0.5478401780128479,10,5,0.31927364345995396,False
main_node45,0.0,2462187.212999995,8633,-23.31795706533424,-19.6875,0.1331576257944107,12,7,0.32050426959236766,False
main_node45,0.0,2462187.2867683168,4920,12.024699180565818,-21.09375,0.17241911590099335,11,7,0.3266790069210791,False
main_node45,0.0,2462188.198084532,10036,-38.68218745348943,-32.34375000000006,0.16179874539375305,11,5,0.41119223601172905,False
main_node45,0.0,2462188.271908373,6580,-3.583321698471977,-33.75000000000006,0.3021988272666931,13,7,0.4177930559187736,False
main_node45,0.0,2462188.3466942417,3379,27.27961273597809,-35.15625,0.2631233036518097,12,5,0.425080407820745,False
main_node45,0.0,2462189.244239016,2479,37.16889965599944,-47.81250000000006,-0.2888343334197998,14,7,0.5122409280742833,False
main_node45,0.0,2462189.261477013,10031,-38.68218745348943,-46.40625,0.1257501095533371,14,7,0.5142961032570685,False
main_node45,0.0,2462189.333672589,5807,3.5833216984719627,-47.81250000000006,0.320065975189209,17,7,0.5211519317099935,False
main_node45,0.0,2462190.2420595866,9643,-34.22886632781257,-59.0625,0.424229234457016,14,7,0.6113287703642973,False
main_node50,0.0,2461553.503514489,3795,22.02431283704216,54.84375,-0.06599495559930801,9,4,0.5566928668740208,False
main_node50,0.0,2461553.516627186,9683,-35.68533471265205,54.84375,0.23670043051242828,8,4,0.5560303507123562,False
main_node50,0.0,2461555.550492525,4682,13.24801490567694,28.125,0.20505763590335846,7,5,0.3587118483485625,False
main_node50,0.0,2461582.455607606,1871,43.406858485936986,33.38709677419354,-0.08005725592374802,8,4,0.6235728559295637,False
main_node50,0.0,2461582.4690408967,7756,-15.713861048008212,33.75,0.568045437335968,12,7,0.6222561538492747,False
main_node50,0.0,2461582.5434166733,4299,16.957763300004146,32.34375,0.08344502747058868,10,6,0.6156612366907944,False
main_node50,0.0,2461582.5567700104,10187,-41.81031489577862,32.34375,0.3130102753639221,10,3,0.6143369952658752,False
main_node50,0.0,2461583.5307674524,6983,-8.385538647081319,19.6875,0.4944712519645691,10,6,0.5190854696147038,False
main_node50,0.0,2461584.504255717,3266,27.27961273597809,7.03125,0.519292950630188,12,7,0.4198597337408435,False
main_node50,0.0,2461586.54699284,2489,37.16889965599944,-19.6875,0.5992223620414734,6,4,0.21853151371390206,False
main_node50,0.0,2461586.5598637555,8248,-19.47122063449069,-21.09375,-0.3254298269748688,6,3,0.21725901311194043,False
main_node50,0.0,2461627.251943134,5562,5.979156796301311,-16.875,0.01812049001455307,4,1,0.5571641859166261,False
main_node50,0.0,2461703.5605476573,9940,-38.68218745348943,57.65625,-0.02147536724805832,9,5,0.24563192287658644,False
main_node50,0.0,2461703.5715170368,5076,9.594068226860458,57.65625,-0.10484912991523743,11,7,0.2449413365322839,False
main_node50,0.0,2461704.6252749185,9423,-32.79716829582364,43.59375,0.010636389255523682,6,5,0.1486793390849127,False
main_node50,0.0,2461731.5463290475,5329,7.180755781458274,49.21875,-0.27289214730262756,13,7,0.3869658143777851,False
main_node50,0.0,2461731.6240409417,7249,-10.806922874860348,47.8125,0.07147786021232605,14,7,0.3785610790430657,False
main_node50,0.0,2461731.6363595016,1876,43.406858485936986,47.903225806451616,-0.04081575199961662,11,6,0.3770388258136772,False
main_node50,0.0,2461732.6075447905,6348,-2.388015463268786,35.15625,-0.21341194212436676,12,7,0.2753455479476661,False
main_node50,0.0,2461758.616413007,7890,-16.957763300004146,52.03125,0.15492074191570282,17,7,0.6430109492284536,False
main_node50,0.0,2461758.6297664316,2002,41.81031489577859,52.03125,0.11823703348636627,17,7,0.6414801994828452,False
main_node50,0.0,2461759.5162050067,7886,-16.957763300004146,40.78125,-0.4261794090270996,15,7,0.5428149137025984,False
main_node50,0.0,2461759.5953517184,9038,-28.630989836924357,39.375,-0.10402945429086685,16,7,0.5334251814815677,False
main_node50,0.0,2461759.6077524303,3406,25.944479772370002,39.375,-0.11391331255435944,17,7,0.5318604279664223,False
main_node50,0.0,2461760.5772495824,8905,-27.27961273597809,26.71875,-0.3538917303085327,13,7,0.4242157762299369,False
main_node50,0.0,2461760.6574696787,9545,-34.22886632781257,25.3125,-0.061864349991083145,11,5,0.41510977005357186,False
main_node50,0.0,2461760.667152596,5193,8.385538647081319,25.3125,-0.072443388402462,11,5,0.41435210485168483,False
main_node50,0.0,2461761.6393856853,9412,-32.79716829582364,12.65625,-0.2973136603832245,11,7,0.31211564853839613,False
main_node50,0.0,2461762.6362065226,2624,34.228866327812575,0.0,-0.5110212564468384,7,4,0.21751225092618254,False
main_node50,0.0,2461788.5644047284,3526,24.62431835216408,18.28125,-0.5189954042434692,14,7,0.5833103055387523,True
main_node50,0.0,2461801.197605759,6475,-3.583321698471977,30.9375,-0.22037449479103088,8,6,0.14117825232225104,False
main_node50,0.0,2461802.188247506,10310,-43.40685848593699,18.870967741935488,0.4384974241256714,9,5,0.21313954981283842,False
main_node50,0.0,2461803.2343231547,2753,32.79716829582364,4.21875,0.0235866941511631,12,7,0.3013384579562258,False
main_node50,0.0,2461803.247370557,8641,-24.62431835216408,4.21875,0.00025993905728682876,12,7,0.3025783321523012,False
main_node50,0.0,2461804.222554049,5821,3.5833216984719627,-8.4375,0.2878943681716919,13,7,0.39349000840377696,False
main_node50,0.0,2461804.297715146,2876,32.79716829582364,-9.84375,-0.020158948376774788,15,7,0.4009291215228388,False
main_node50,0.0,2461804.3107625693,8764,-24.62431835216408,-9.84375,-0.0436810627579689,12,6,0.4022864183988659,False
main_node50,0.0,2461805.2027812838,5176,9.594068226860458,-21.09375,0.5594042539596558,13,7,0.49129197672373676,False
main_node50,0.0,2461805.277619759,2232,40.228184728061095,-22.5,0.20330029726028442,14,7,0.49910221387961007,False
main_node50,0.0,2461805.29089821,8120,-18.209956864283015,-22.5,0.22284135222434998,15,7,0.5005236410042395,False
main_node50,0.0,2461805.366379714,5175,9.594068226860458,-23.90625,-0.08821304142475128,12,5,0.5083557019374212,False
main_node50,0.0,2461806.1854674164,5683,4.780191847199163,-35.15625,-0.5595849752426147,13,5,0.5930519063330533,False
main_node50,0.0,2461806.2602451406,2611,35.68533471265204,-35.15625,0.43472811579704285,14,7,0.6002461748154976,False
main_node50,0.0,2461806.2733584084,8499,-22.02431283704216,-35.15625,0.47355660796165466,14,7,0.6016844855961612,False
main_node50,0.0,2461806.348247686,5299,8.385538647081319,-36.5625,0.18631093204021454,17,7,0.6095921246768852,False
main_node50,0.0,2461831.20727354,1982,43.406858485936986,-4.354838709677324,0.10039925575256348,9,5,0.16077956048702757,False
main_node50,0.0,2461831.2204262307,7742,-14.477512185929939,-4.21875,0.17807923257350922,9,6,0.1617838830150506,False
main_node50,0.0,2461832.2040281864,8634,-23.31795706533424,-16.875,0.4153384268283844,8,4,0.23898486919870837,False
main_node50,0.0,2461832.2794427015,5689,4.780191847199163,-18.28125,0.1503402143716812,7,5,0.24552471928613434,False
main_node50,0.0,2461833.2568236995,3765,23.31795706533424,-30.9375,0.4112482964992523,12,7,0.33511878188845995,False
main_node50,0.0,2461833.269899758,9653,-34.22886632781257,-30.9375,0.31590160727500916,12,7,0.33646097811869674,False
main_node50,0.0,2461834.3163739652,2224,40.228184728061095,-45.0,0.33280739188194275,15,7,0.44225425263011875,False
main_node50,0.0,2461834.3296525716,8112,-18.209956864283015,-45.0,0.3407982587814331,15,7,0.44297970181873675,False
main_node50,0.0,2461835.2231279532,5163,9.594068226860458,-57.65625000000006,-0.4115665853023529,13,7,0.5383672686217339,False
main_node50,0.0,2461835.297607692,2091,41.81031489577859,-57.65625000000006,0.5376849174499512,15,7,0.5466083124506624,False
main_node50,0.0,2461835.3824018375,3243,28.630989836924343,-59.0625,0.31330931186676025,16,7,0.5556069041100475,False
main_node50,0.0,2461835.3954130462,9131,-28.630989836924357,-59.0625,0.25555941462516785,14,6,0.5571073887802528,False
main_node50,0.0,2461861.2393897404,7090,-8.385538647081319,-39.375,0.5876322984695435,11,7,0.19576728656243997,False
main_node50,0.0,2461862.223214389,8109,-18.209956864283015,-53.43750000000006,-0.5237274169921875,9,4,0.2834290378315618,False
main_node50,0.0,2461862.29730631,4525,15.713861048008212,-53.43750000000006,0.5579573512077332,11,7,0.29073671698013215,False
main_node50,0.0,2461862.3107396574,10409,-43.40685848593699,-53.709677419354875,0.1258498877286911,9,6,0.2920739249668972,False
main_node50,0.0,2461910.5709052254,9803,-37.168899655999454,30.9375,0.537118673324585,3,1,0.26238578384847366,False
main_node50,0.0,2461936.5009482857,9681,-35.68533471265205,49.21875,0.47671258449554443,13,7,0.6129942444623762,False
main_node50,0.0,2461938.530367378,2759,32.79716829582364,21.09375,-0.21785345673561096,9,6,0.42119997053388786,False
main_node50,0.0,2461938.5434149536,8647,-24.62431835216408,21.09375,-0.4688339829444885,9,6,0.4198821138335494,False
main_node50,0.0,2461939.51914066,5955,1.1937484371410676,8.4375,-0.12927012145519257,7,5,0.32826657042461443,False
main_node50,0.0,2461966.437888863,9029,-28.630989836924357,14.0625,-0.05729241669178009,11,5,0.5911094156549199,False
main_node50,0.0,2461966.5131820086,6084,0.0,12.65625,-0.24710698425769806,13,7,0.5838973720226204,False
main_node50,0.0,2461967.4882692206,3136,28.630989836924343,0.0,0.15228328108787537,12,7,0.4903074721071547,True
main_node50,0.0,2461967.5012802705,9024,-28.630989836924357,0.0,-0.0984867662191391,12,7,0.48895340455544173,True
main_node50,0.0,2461968.4790999484,7483,-12.024699180565818,-12.65625,0.2505890727043152,9,5,0.39319898627783056,True
main_node50,0.0,2461968.5540289343,4283,18.209956864283,-14.0625,0.05795225128531456,8,5,0.38575358533244314,True
main_node50,0.0,2461968.567307281,10171,-40.22818472806108,-14.0625,-0.18998366594314575,7,3,0.3844010339825406,True
main_node50,0.0,2461969.5413916465,6966,-7.180755781458288,-26.71875,0.22539877891540527,9,6,0.29125184411575145,True
main_node50,0.0,2461981.272375392,8767,-24.62431835216408,-1.40625,-0.3310249149799347,4,1,0.5050577022351292,True
main_node50,0.0,2462039.1983819795,3248,28.630989836924343,-45.0,0.44743040204048157,3,1,0.4133269223336463,False
main_node50,0.0,2462040.2505528517,8363,-20.74237995448715,-59.0625,0.17351777851581573,7,3,0.5218830367115487,False
main_node50,0.0,2462086.5483788573,8530,-23.31795706533424,50.625,0.3779834508895874,13,7,0.3715696545051548,False
main_node50,0.0,2462086.558685091,3794,22.02431283704216,52.03125,-0.596804678440094,12,7,0.3707991277216304,False
main_node50,0.0,2462086.645342129,1877,43.406858485936986,50.80645161290323,-0.17790378630161285,9,4,0.3607992422339419,False
main_node50,0.0,2462087.612931146,8013,-18.209956864283015,36.5625,0.47928643226623535,12,7,0.2575258216010773,False
main_node50,0.0,2462113.462639783,7508,-13.248014905676953,56.25,0.24630558490753174,14,7,0.6434809216352959,False
main_node50,0.0,2462113.474790965,2132,40.228184728061095,56.25,0.5797069072723389,14,7,0.6427291684789583,False
main_node50,0.0,2462113.552750315,3668,23.31795706533424,56.25,-0.480508953332901,17,7,0.6336845629725093,False
main_node50,0.0,2462113.629793152,5843,2.388015463268772,54.84375,-0.37194979190826416,16,7,0.6253460326852625,False
main_node50,0.0,2462114.519901309,10063,-40.22818472806108,42.1875,0.0017408166313543916,15,7,0.5257687243391486,False
main_node50,0.0,2462114.5293130204,5967,1.1937484371410676,42.1875,0.4190380871295929,14,7,0.5249782730805741,False
main_node50,0.0,2462114.6173490747,3151,28.630989836924343,42.1875,-0.36223000288009644,17,7,0.5146927508543279,False
main_node50,0.0,2462115.5859277495,9034,-28.630989836924357,28.125,0.17694272100925446,13,7,0.40476420250646994,False
main_node50,0.0,2462116.576205525,5061,9.594068226860458,15.46875,0.2596937119960785,9,4,0.2959163870542629,False
main_node50,0.0,2462116.651686439,8005,-18.209956864283015,14.0625,0.3383404016494751,8,6,0.2878957741236715,False
main_node50,0.0,2462116.6632799054,2757,32.79716829582364,15.46875,-0.4868377149105072,5,4,0.2864420087429774,False
main_node50,0.0,2462117.644233117,3008,29.999999999999993,1.40625,0.45007583498954773,7,4,0.19039404628830742,False
main_node50,0.0,2462143.4921973944,3271,27.27961273597809,21.09375,0.18954361975193024,11,4,0.5659976627460418,False
main_node50,0.0,2462143.5579326954,10310,-43.40685848593699,18.870967741935488,0.4246157705783844,14,7,0.558888839896359,False
main_node50,0.0,2462143.5708078947,4679,13.24801490567694,19.6875,0.38451847434043884,14,7,0.5573078251797439,False
main_node50,0.0,2462143.6594603295,1866,43.406858485936986,18.870967741935488,0.3801599144935608,14,6,0.5470214733221831,False
main_node50,0.0,2462144.5431919987,8898,-27.27961273597809,7.03125,-0.24114517867565155,10,4,0.44649389235272496,False
main_node50,0.0,2462144.624683231,9026,-28.630989836924357,5.625,0.035287290811538696,12,7,0.437078262552088,False
main_node50,0.0,2462144.63475916,4418,15.713861048008212,5.625,0.45454683899879456,12,7,0.436295398057016,False
main_node50,0.0,2462145.6071860394,8765,-24.62431835216408,-7.03125,-0.1753067821264267,9,4,0.32950719092254904,False
main_node50,0.0,2462145.619597453,3133,29.999999999999993,-7.03125,0.31059303879737854,11,7,0.3280348910234293,False
main_node50,0.0,2462158.2507605935,6082,0.0,7.03125,0.5452821254730225,12,7,0.40164797823761916,True
main_node50,0.0,2462159.2224863996,1981,43.406858485936986,-7.258064516129025,-0.20645134150981903,14,7,0.493158960959604,True
main_node50,0.0,2462159.240130491,9662,-34.22886632781257,-5.625,0.3765522837638855,13,7,0.495143794542311,True
main_node50,0.0,2462159.3180046463,7997,-16.957763300004146,-7.03125,0.3208639323711395,18,7,0.5024271027303255,True
main_node50,0.0,2462160.2109325337,4793,13.24801490567694,-19.6875,-0.17729540169239044,14,7,0.5873776888632793,True
main_node50,0.0,2462160.223083524,10169,-40.22818472806108,-19.6875,-0.582457423210144,14,7,0.5887018358735558,True
main_node50,0.0,2462160.301640027,8889,-25.944479772370016,-19.6875,0.4663638174533844,17,7,0.5959812229700379,True
main_node50,0.0,2462160.3780860733,6456,-2.388015463268786,-21.09375,0.42395806312561035,16,7,0.603251326965518,True
main_node50,0.0,2462185.236420324,2499,35.68533471265204,9.84375,-0.4272523522377014,6,4,0.1626631952285782,False
main_node50,0.0,2462186.232323413,9023,-27.27961273597809,-1.40625,0.3875749111175537,12,7,0.23709398768962245,False
main_node50,0.0,2462187.206082467,5434,7.180755781458274,-15.46875,-0.32210472226142883,12,7,0.31988786909916245,False
main_node50,0.0,2462187.2823806508,3002,31.38816646434855,-16.875,-0.3193763494491577,11,7,0.3266790069210791,False
main_node50,0.0,2462188.1988117225,10294,-41.81031489577862,-26.71875,0.5749608874320984,11,5,0.41119223601172905,False
main_node50,0.0,2462188.2738384227,7477,-12.024699180565818,-29.53125,-0.549382746219635,13,7,0.4177930559187736,False
main_node50,0.0,2462188.355088674,7221,-9.594068226860458,-29.53125,0.5330060124397278,11,5,0.42574438800281666,False
main_node50,0.0,2462189.2535142475,6577,-3.583321698471977,-42.18750000000006,-0.19980444014072418,13,7,0.5136108493087121,False
main_node50,0.0,2462189.328300399,3376,27.27961273597809,-43.59375,-0.1849171370267868,15,7,0.5204661295924186,False
main_node50,0.0,2462189.344365307,10413,-43.40685848593699,-42.096774193548356,0.3320114016532898,17,7,0.5225245545990238,False
main_node50,0.0,2462190.237026536,7468,-12.024699180565818,-54.84375,-0.003488455433398485,14,7,0.6106413581801827,False
main_node50,0.0,2462190.312522589,4524,15.713861048008212,-56.25,-0.061119601130485535,17,7,0.6181975087146152,False
main_node50,0.0,2462190.325233486,10156,-40.22818472806108,-56.25,-0.5324758291244507,17,7,0.6195704910152767,False
main_node50,0.0,2462190.4031938068,8620,-23.31795706533424,-56.25,0.5737085938453674,16,7,0.6271142473164782,False
main_node55,0.0,2461535.2574168495,1963,43.406858485936986,-59.51612903225811,0.03879599645733833,4,3,0.14285837338495022,False
main_node55,0.0,2461554.5650900877,3024,29.999999999999993,46.40625,0.38964614272117615,7,3,0.454601093942106,False
main_node55,0.0,2461555.5534999166,6091,0.0,32.34375,-0.4912317097187042,5,3,0.35804287045205824,False
main_node55,0.0,2461582.4586513494,3021,29.999999999999993,37.96875,-0.38089799880981445,8,4,0.6235728559295637,False
main_node55,0.0,2461582.471063231,8653,-24.62431835216408,37.96875,-0.12885743379592896,12,7,0.6222561538492747,False
main_node55,0.0,2461582.5514054224,8013,-18.209956864283015,36.5625,-0.48081037402153015,9,4,0.6149991159783348,False
main_node55,0.0,2461583.525570213,4552,14.477512185929925,23.90625,-0.38995274901390076,10,6,0.5190854696147038,False
main_node55,0.0,2461583.5383599484,10184,-41.81031489577862,23.90625,-0.06286516040563583,10,6,0.5176944864145686,False
main_node55,0.0,2461584.512907743,7236,-10.806922874860348,11.25,0.008501560427248478,10,7,0.4191520347538996,False
main_node55,0.0,2461586.549841511,3642,24.62431835216408,-15.46875,0.04148808494210243,6,4,0.21853151371390206,False
main_node55,0.0,2461586.562253248,9274,-30.000000000000014,-15.46875,0.2941906154155731,6,3,0.21725901311194043,False
main_node55,0.0,2461627.2580367187,2875,32.79716829582364,-12.65625,0.5927734375,4,1,0.5578663865851348,False
main_node55,0.0,2461704.6259118547,9169,-30.000000000000014,49.21875,-0.533673882484436,6,5,0.1486793390849127,False
main_node55,0.0,2461731.5433406066,6739,-5.979156796301311,53.4375,0.5176066160202026,13,7,0.38773095813338265,False
main_node55,0.0,2461731.622361138,8019,-18.209956864283015,53.4375,-0.5181353092193604,14,7,0.3785610790430657,False
main_node55,0.0,2461731.6349448143,2387,37.16889965599944,53.4375,-0.47141584753990173,13,6,0.37779995242837144,False
main_node55,0.0,2461732.607818071,6222,-1.1937484371410818,39.375,0.5663081407546997,12,7,0.2746495395242435,False
main_node55,0.0,2461758.616979746,7636,-14.477512185929939,57.65625,-0.44925418496131897,17,7,0.6430109492284536,False
main_node55,0.0,2461758.618089411,7124,-9.594068226860458,57.65625,-0.45919251441955566,17,7,0.6430109492284536,False
main_node55,0.0,2461759.5170504837,7504,-13.248014905676953,45.0,0.3258214294910431,15,7,0.5428149137025984,False
main_node55,0.0,2461759.595660869,8911,-27.27961273597809,43.59375,0.588936984539032,16,7,0.5334251814815677,False
main_node55,0.0,2461760.575673073,9547,-34.22886632781257,30.9375,0.3119150698184967,13,7,0.4242157762299369,False
main_node55,0.0,2461760.587021417,4427,15.713861048008212,30.9375,0.364670991897583,13,7,0.42269522503213297,False
main_node55,0.0,2461761.5745418626,1990,41.81031489577859,18.28125,0.09206977486610413,9,4,0.318424688316826,False
main_node55,0.0,2461761.650411308,4422,15.713861048008212,16.875,0.41492632031440735,8,6,0.3107191233539828,False
main_node55,0.0,2461762.6382944984,1861,43.406858485936986,4.354838709677409,0.03269742801785469,7,4,0.21751225092618254,False
main_node55,0.0,2461788.552917462,8776,-25.944479772370016,22.5,0.1571745127439499,14,7,0.5840734337855511,True
main_node55,0.0,2461788.566590221,2632,34.228866327812575,22.5,0.18714238703250885,14,7,0.5825471772919534,True
main_node55,0.0,2461788.6450360916,4039,19.47122063449069,21.09375,0.5036523342132568,17,7,0.5741503171790794,True
main_node55,0.0,2461789.540946148,5827,2.388015463268772,9.84375,-0.0825166329741478,10,4,0.47613504897915937,True
main_node55,0.0,2461789.617489328,8259,-20.74237995448715,8.4375,0.21478205919265747,12,7,0.46788323454594327,True
main_node55,0.0,2461789.630648176,2371,37.16889965599944,8.4375,0.22896265983581543,13,7,0.4663856043723775,True
main_node55,0.0,2461790.600503813,7742,-14.477512185929939,-4.21875,-0.04193328693509102,7,3,0.3651189056424397,True
main_node55,0.0,2461790.611901883,2622,35.68533471265204,-4.21875,0.0065746670588850975,10,5,0.3637115784883403,True
main_node55,0.0,2461791.66772587,5945,2.388015463268772,-18.28125,0.018467361107468605,3,3,0.2622711573426043,True
main_node55,0.0,2461801.1987012317,6989,-8.385538647081319,36.5625,0.3974621593952179,8,5,0.14163684317688718,True
main_node55,0.0,2461802.2499633385,1747,44.993880150457116,22.5,0.2908109724521637,6,4,0.21806466130672536,True
main_node55,0.0,2461803.2336706724,2499,35.68533471265204,9.84375,0.5370794534683228,12,7,0.3013384579562258,True
main_node55,0.0,2461804.217172545,3390,27.27961273597809,-4.21875,-0.42734190821647644,13,7,0.39281509211103477,False
main_node55,0.0,2461804.229570005,9022,-27.27961273597809,-4.21875,-0.4493045210838318,13,7,0.39416492474177584,False
main_node55,0.0,2461804.3029913427,5182,9.594068226860458,-4.21875,0.5785526037216187,14,7,0.4016077699608524,False
main_node55,0.0,2461804.3153948383,10546,-44.99388015045713,-4.5,0.18113866448402405,12,6,0.4022864183988659,False
main_node55,0.0,2461805.2068696986,7098,-8.385538647081319,-16.875,-0.2140125334262848,14,7,0.4920007545863417,False
main_node55,0.0,2461805.2817588607,3897,22.02431283704216,-18.28125,-0.4973650574684143,15,7,0.49981292741809624,False
main_node55,0.0,2461805.2942160545,9529,-32.79716829582364,-18.28125,-0.4715122878551483,15,7,0.5005236410042395,False
main_node55,0.0,2461805.368563723,6201,0.0,-18.28125,0.5345715284347534,12,5,0.5083557019374212,False
main_node55,0.0,2461806.1865575844,6197,0.0,-29.53125,0.06311728060245514,13,5,0.5930519063330533,False
main_node55,0.0,2461806.2612246517,2997,31.38816646434855,-30.9375,-0.21349653601646423,14,7,0.6009653302058293,False
main_node55,0.0,2461806.27365523,8629,-23.31795706533424,-30.9375,-0.2503347396850586,14,7,0.6016844855961612,False
main_node55,0.0,2461806.348524319,5428,7.180755781458274,-32.34375000000006,-0.5880032181739807,17,7,0.6095921246768852,False
main_node55,0.0,2461831.20799926,2112,40.228184728061095,0.0,-0.39337363839149475,9,5,0.16077956048702757,False
main_node55,0.0,2461831.22071108,7744,-15.713861048008212,0.0,-0.5776048302650452,9,6,0.1617838830150506,False
main_node55,0.0,2461832.2025866224,7995,-16.957763300004146,-12.65625,-0.3080940544605255,8,4,0.23898486919870837,False
main_node55,0.0,2461832.2769616726,4539,15.713861048008212,-14.0625,-0.5960930585861206,7,5,0.24552471928613434,False
main_node55,0.0,2461833.263211952,6710,-4.780191847199163,-26.71875,-0.3585774600505829,12,7,0.33578988000357834,False
main_node55,0.0,2461834.237824151,3506,25.944479772370002,-39.375,-0.04475567862391472,13,7,0.4335654693650055,False
main_node55,0.0,2461834.250224904,9138,-28.630989836924357,-39.375,-0.09748204797506332,13,7,0.43500966855308065,False
main_node55,0.0,2461834.324975779,5937,2.388015463268772,-40.78125,-0.4041095972061157,15,7,0.44297970181873675,False
main_node55,0.0,2461835.217204326,2605,35.68533471265204,-52.03125,0.20330475270748138,13,7,0.537618390787598,False
main_node55,0.0,2461835.2297371607,8237,-19.47122063449069,-52.03125,0.17017307877540588,14,7,0.5391161465060861,False
main_node55,0.0,2461835.304656364,5037,10.806922874860334,-53.43750000000006,-0.11707552522420883,16,7,0.5473579925430053,False
main_node55,0.0,2461835.3173367702,10530,-44.99388015045713,-52.5,0.5120216012001038,15,7,0.5488573527276912,False
main_node55,0.0,2461835.3910912084,7212,-9.594068226860458,-54.84375,-0.45905783772468567,15,6,0.5563571464451501,False
main_node55,0.0,2461861.231290027,3379,27.27961273597809,-35.15625,-0.11099930107593536,9,5,0.19519798992474474,False
main_node55,0.0,2461861.243687128,9011,-27.27961273597809,-35.15625,-0.2003515660762787,12,7,0.1963365832001352,False
main_node55,0.0,2461862.227527689,9903,-37.168899655999454,-47.81250000000006,0.01554534025490284,9,5,0.28409091474427617,False
main_node55,0.0,2461862.3019674467,6702,-4.780191847199163,-49.21875000000006,-0.2322264015674591,11,7,0.29073671698013215,False
main_node55,0.0,2461890.27004612,3371,27.27961273597809,-57.65625000000006,0.015133477747440338,6,5,0.1637427321355722,False
main_node55,0.0,2461909.5717330305,2129,40.228184728061095,47.8125,-0.03268441930413246,7,3,0.3500121730519927,False
main_node55,0.0,2461910.5705736894,9676,-35.68533471265205,35.15625,-0.08219652622938156,3,1,0.26238578384847366,False
main_node55,0.0,2461936.493117617,6227,-1.1937484371410818,53.4375,-0.01848277635872364,13,7,0.6136355594649309,False
main_node55,0.0,2461937.5477909623,2382,37.16889965599944,39.375,0.10143371671438217,8,4,0.5144206814405836,False
main_node55,0.0,2461938.5290388837,2249,38.68218745348943,26.71875,0.3221978545188904,9,6,0.42119997053388786,False
main_node55,0.0,2461938.541681518,7881,-16.957763300004146,26.71875,0.13816682994365692,9,6,0.4198821138335494,False
main_node55,0.0,2461939.5175151043,5189,8.385538647081319,14.0625,0.5176588296890259,7,5,0.32826657042461443,False
main_node55,0.0,2461966.4355306425,8007,-18.209956864283015,19.6875,0.5883378982543945,11,5,0.5911094156549199,False
main_node55,0.0,2461966.509901975,4550,14.477512185929925,18.28125,0.4312504827976227,13,7,0.5845544028804557,False
main_node55,0.0,2461966.5226916918,10182,-41.81031489577862,18.28125,0.08872801810503006,12,7,0.583240341164785,False
main_node55,0.0,2461967.5032297173,9794,-37.168899655999454,5.625,0.35562410950660706,12,7,0.48895340455544173,False
main_node55,0.0,2461968.4805126116,8125,-18.209956864283015,-8.4375,-0.5278679132461548,9,5,0.39319898627783056,False
main_node55,0.0,2461968.5600812985,7101,-8.385538647081319,-8.4375,0.5623743534088135,7,4,0.3850773096574919,False
main_node55,0.0,2461969.5350538474,4024,20.742379954487134,-22.5,-0.4023936092853546,9,6,0.2919028275622101,False
main_node55,0.0,2461969.5475449176,9656,-34.22886632781257,-22.5,-0.580196738243103,9,6,0.2906025554404951,False
main_node55,0.0,2461982.267678514,2620,35.68533471265204,-9.84375,0.41756463050842285,4,1,0.6144455657447414,True
main_node55,0.0,2462040.2566369227,5549,5.979156796301311,-53.43750000000006,-0.2433232218027115,6,2,0.5225914512223239,False
main_node55,0.0,2462059.6332719084,9810,-37.168899655999454,50.625,-0.08200929313898087,5,4,0.1307905323245401,False
main_node55,0.0,2462086.5489773774,8276,-20.74237995448715,56.25,-0.17688246071338654,13,7,0.3715696545051548,False
main_node55,0.0,2462086.627380742,9683,-35.68533471265205,54.84375,-0.010378084145486355,12,6,0.3631022231362719,False
main_node55,0.0,2462086.642941236,2771,32.79716829582364,54.84375,0.4803944528102875,9,4,0.3607992422339419,False
main_node55,0.0,2462087.6129444456,8015,-18.209956864283015,42.1875,-0.11305579543113708,12,7,0.2575258216010773,False
main_node55,0.0,2462113.623962594,8533,-23.31795706533424,59.0625,0.18009230494499207,17,7,0.6261068679639218,False
main_node55,0.0,2462113.637706705,2389,37.16889965599944,59.0625,0.5928400754928589,16,7,0.6245851974066032,False
main_node55,0.0,2462114.5243425537,8273,-20.74237995448715,47.8125,-0.36246925592422485,14,7,0.5249782730805741,False
main_node55,0.0,2462114.5361874644,2897,31.38816646434855,47.8125,0.05870702117681503,14,7,0.5241878218750035,False
main_node55,0.0,2462114.6170525155,3280,27.27961273597809,46.40625,0.31226998567581177,17,7,0.5146927508543279,False
main_node55,0.0,2462115.587734119,8268,-20.74237995448715,33.75,-0.3172740638256073,13,7,0.40398164609262055,False
main_node55,0.0,2462115.601587518,2124,40.228184728061095,33.75,0.18814308941364288,12,7,0.40241653331739624,False
main_node55,0.0,2462116.577893058,4295,16.957763300004146,21.09375,-0.2851434648036957,9,4,0.2959163870542629,False
main_node55,0.0,2462116.6566525837,5703,3.5833216984719627,19.6875,-0.08322589844465256,6,5,0.2871688914576951,False
main_node55,0.0,2462117.629649601,9538,-34.22886632781257,5.625,0.5635743737220764,8,4,0.19165563955772705,False
main_node55,0.0,2462117.640720499,4546,14.477512185929925,7.03125,-0.25841543078422546,7,4,0.19102484292301722,False
main_node55,0.0,2462143.561917418,8777,-25.944479772370016,25.3125,-0.5362313389778137,14,7,0.5580983325380514,False
main_node55,0.0,2462143.5762576703,2377,37.16889965599944,25.3125,0.03707800433039665,13,7,0.5565173178214364,False
main_node55,0.0,2462143.6415029126,9672,-35.68533471265205,23.90625,-0.31996819376945496,17,7,0.5493965693707624,False
main_node55,0.0,2462143.655206104,3528,24.62431835216408,23.90625,0.193108469247818,14,6,0.5478131719696512,False
main_node55,0.0,2462144.5504915817,5572,4.780191847199163,12.65625,-0.5818634033203125,10,4,0.44570868982807116,False
main_node55,0.0,2462144.6292984397,6980,-8.385538647081319,11.25,-0.36827942728996277,12,7,0.436295398057016,False
main_node55,0.0,2462144.6389810718,2628,34.228866327812575,11.25,0.049705732613801956,14,7,0.43551253356194397,False
main_node55,0.0,2462145.622295921,2111,41.81031489577859,-1.40625,-0.06571489572525024,12,7,0.32729874107386947,False
main_node55,0.0,2462185.238950127,3525,24.62431835216408,15.46875,-0.056214720010757446,6,4,0.1626631952285782,False
main_node55,0.0,2462186.228042579,6977,-8.385538647081319,2.8125,-0.1299651861190796,12,7,0.23709398768962245,False
main_node55,0.0,2462187.2015320132,3388,27.27961273597809,-9.84375,0.4639066457748413,10,5,0.31927364345995396,False
main_node55,0.0,2462187.2139284043,9020,-27.27961273597809,-9.84375,-0.05484863743185997,12,7,0.32050426959236766,False
main_node55,0.0,2462187.289257435,6076,1.1937484371410676,-11.25,-0.08671054244041443,10,6,0.32729755391017806,False
main_node55,0.0,2462188.199546529,10540,-44.99388015045713,-22.5,-0.052156686782836914,11,5,0.41119223601172905,False
main_node55,0.0,2462188.27220834,6711,-4.780191847199163,-23.90625,0.13417062163352966,13,7,0.4177930559187736,False
main_node55,0.0,2462188.3476226507,3767,23.31795706533424,-25.3125,0.08342050015926361,12,5,0.425080407820745,False
main_node55,0.0,2462189.24460376,2610,35.68533471265204,-37.96875000000006,-0.44153881072998047,14,7,0.5122409280742833,False
main_node55,0.0,2462189.2592212833,9139,-28.630989836924357,-36.5625,0.1369747519493103,13,7,0.5136108493087121,False
main_node55,0.0,2462189.3339720108,5938,2.388015463268772,-37.96875000000006,0.15257598459720612,17,7,0.5211519317099935,False
main_node55,0.0,2462190.226528904,2734,34.228866327812575,-50.625,-0.24034075438976288,14,7,0.609953945996068,False
main_node55,0.0,2462190.244532347,10531,-44.99388015045713,-49.5,-0.08278822153806686,14,7,0.6113287703642973,False
main_node55,0.0,2462190.3191186436,7598,-13.248014905676953,-50.625,0.2739811837673187,17,7,0.618883999864946,False
main_node55,0.0,2462190.394054107,4397,16.957763300004146,-52.03125,0.23407432436943054,17,7,0.6264288692554308,False
main_node55,0.0,2462190.406696266,10029,-38.68218745348943,-52.03125,-0.28904104232788086,15,6,0.6277996253315674,False
main_node60,0.0,2461535.257776175,2092,41.81031489577859,-54.84375,-0.19510295987129211,4,3,0.14285837338495022,False
main_node60,0.0,2461535.2705658455,7724,-14.477512185929939,-54.84375,0.11335743963718414,5,5,0.1440003400822294,False
main_node60,0.0,2461555.549071918,4045,19.47122063449069,37.96875,0.015097436495125294,7,5,0.3587118483485625,False
main_node60,0.0,2461555.5616045655,9677,-35.68533471265205,37.96875,0.29335129261016846,7,3,0.3573738925555539,False
main_node60,0.0,2461582.4660078017,6351,-2.388015463268786,43.59375,0.36211535334587097,10,6,0.6229145048673462,False
main_node60,0.0,2461582.5407592272,3151,28.630989836924343,42.1875,-0.11775494366884232,10,6,0.6156612366907944,False
main_node60,0.0,2461582.5531598106,8783,-25.944479772370016,42.1875,0.14527103304862976,10,3,0.6143369952658752,False
main_node60,0.0,2461583.5283143544,5834,2.388015463268772,29.53125,0.28636670112609863,10,6,0.5190854696147038,False
main_node60,0.0,2461584.5020037433,2374,37.16889965599944,16.875,0.29314371943473816,11,7,0.4205674327277874,False
main_node60,0.0,2461584.5203126534,10309,-43.40685848593699,15.967741935483872,-0.05762816220521927,10,7,0.4184443357669557,False
main_node60,0.0,2461586.5613298216,8892,-25.944479772370016,-11.25,-0.4184521734714508,6,3,0.21725901311194043,False
main_node60,0.0,2461612.4914063094,8642,-24.62431835216408,7.03125,-0.49949198961257935,12,7,0.5750648786320329,True
main_node60,0.0,2461612.564877613,4802,12.024699180565818,7.03125,0.3512438237667084,14,5,0.5679840987445348,False
main_node60,0.0,2461613.4571794043,1858,44.993880150457116,-4.5,0.3648059070110321,12,7,0.47455429440548275,True
main_node60,0.0,2461613.4698590534,7358,-10.806922874860348,-5.625,-0.3314255177974701,13,7,0.47308278075955273,True
main_node60,0.0,2461613.553627496,8253,-19.47122063449069,-7.03125,-0.5898900628089905,11,6,0.46424755412855223,True
main_node60,0.0,2461614.5272249305,4537,15.713861048008212,-19.6875,-0.4902022182941437,12,7,0.3609118162204667,True
main_node60,0.0,2461614.5399363134,10169,-40.22818472806108,-19.6875,-0.1870022714138031,10,7,0.35944378642823993,True
main_node60,0.0,2461615.521888354,10292,-41.81031489577862,-32.34375000000006,0.02822268381714821,11,7,0.2583889042907263,True
main_node60,0.0,2461627.2561786915,3645,24.62431835216408,-7.03125,0.10054681450128555,4,1,0.5578663865851348,False
main_node60,0.0,2461657.2617852204,10161,-40.22818472806108,-42.18750000000006,-0.06991404294967651,5,1,0.5978651360188312,False
main_node60,0.0,2461704.626224475,9043,-28.630989836924357,53.4375,0.1431671380996704,6,5,0.1486793390849127,False
main_node60,0.0,2461731.5471572424,4949,10.806922874860334,59.0625,-0.12028933316469193,13,7,0.3869658143777851,False
main_node60,0.0,2461731.617711283,9940,-38.68218745348943,57.65625,0.19136708974838257,13,7,0.3793242484777167,False
main_node60,0.0,2461731.627586985,5588,4.780191847199163,57.65625,0.2116076648235321,14,7,0.3785610790430657,False
main_node60,0.0,2461732.5982289934,10319,-43.40685848593699,45.0,-0.028986478224396706,13,7,0.2760415563710886,False
main_node60,0.0,2461732.6128050424,3920,20.742379954487134,45.0,-0.07269012182950974,12,7,0.2746495395242435,False
main_node60,0.0,2461759.527196212,2898,31.38816646434855,50.625,-0.25295475125312805,15,7,0.5412498752928694,False
main_node60,0.0,2461759.593754735,9681,-35.68533471265205,49.21875,0.026121845468878746,16,7,0.5334251814815677,False
main_node60,0.0,2461759.6074583693,3537,24.62431835216408,49.21875,0.027021219953894615,16,7,0.532642804723995,False
main_node60,0.0,2461760.578155961,8525,-23.31795706533424,36.5625,-0.22166231274604797,13,7,0.4242157762299369,False
main_node60,0.0,2461760.6584366765,9164,-30.000000000000014,35.15625,0.07256616652011871,11,5,0.41510977005357186,False
main_node60,0.0,2461760.667433343,5068,9.594068226860458,35.15625,0.08186881244182587,11,5,0.41435210485168483,False
main_node60,0.0,2461761.6521426104,3656,23.31795706533424,22.5,-0.17653530836105347,8,6,0.3107191233539828,False
main_node60,0.0,2461762.630066819,5315,7.180755781458274,9.84375,-0.4671661853790283,7,3,0.21812245922395665,False
main_node60,0.0,2461788.486518781,1994,41.81031489577859,29.53125,-0.5274524092674255,11,4,0.5917016818497572,False
main_node60,0.0,2461788.557458463,6730,-5.979156796301311,28.125,-0.43184995651245117,14,7,0.5840734337855511,False
main_node60,0.0,2461788.6356116594,8393,-22.02431283704216,26.71875,-0.1088578850030899,16,7,0.5749138196725282,False
main_node60,0.0,2461788.648068268,2761,32.79716829582364,26.71875,-0.06120441481471062,17,7,0.5741503171790794,False
main_node60,0.0,2461789.624112435,5189,8.385538647081319,14.0625,-0.3715837299823761,12,7,0.4671337594336248,False
main_node60,0.0,2461789.625217384,4677,13.24801490567694,14.0625,-0.3623295724391937,12,7,0.4671337594336248,False
main_node60,0.0,2461791.6590791335,9787,-35.68533471265205,-12.65625,-0.5296919345855713,4,3,0.2629002306337727,False
main_node60,0.0,2461802.2551856735,3785,22.02431283704216,26.71875,-0.382808655500412,5,4,0.21861628001083314,True
main_node60,0.0,2461803.23932706,4933,10.806922874860334,14.0625,-0.1403527408838272,12,7,0.3013384579562258,True
main_node60,0.0,2461804.213151795,1740,44.993880150457116,1.5,0.1953437179327011,13,7,0.39281509211103477,True
main_node60,0.0,2461804.225555332,7104,-9.594068226860458,1.40625,0.12742829322814941,13,7,0.39349000840377696,True
main_node60,0.0,2461804.3004613714,3904,20.742379954487134,0.0,-0.1763141006231308,15,7,0.4009291215228388,True
main_node60,0.0,2461804.312952108,9536,-34.22886632781257,0.0,-0.1818406581878662,12,6,0.4022864183988659,True
main_node60,0.0,2461805.2068737517,7100,-8.385538647081319,-11.25,0.4039592444896698,14,7,0.4920007545863417,True
main_node60,0.0,2461805.281763137,3899,22.02431283704216,-12.65625,0.08298811316490173,15,7,0.49981292741809624,True
main_node60,0.0,2461805.2942197733,9531,-32.79716829582364,-12.65625,0.05252349004149437,15,7,0.5005236410042395,True
main_node60,0.0,2461805.3677524636,5819,3.5833216984719627,-14.0625,-0.2455044984817505,12,5,0.5083557019374212,True
main_node60,0.0,2461806.1950067645,9911,-37.168899655999454,-25.3125,-0.592858076095581,15,7,0.5937714865583101,True
main_node60,0.0,2461806.2686320613,6327,-1.1937484371410818,-25.3125,0.3594636619091034,14,7,0.6016844855961612,True
main_node60,0.0,2461806.343343381,3126,29.999999999999993,-26.71875,0.03976191207766533,17,7,0.6088736171204049,True
main_node60,0.0,2461806.35575522,8758,-24.62431835216408,-26.71875,0.020155206322669983,17,7,0.6103106322815451,True
main_node60,0.0,2461831.216874151,5954,1.1937484371410676,5.625,0.042043332010507584,10,7,0.16128172176787536,False
main_node60,0.0,2461832.200918264,7229,-9.594068226860458,-7.03125,0.3060082793235779,8,4,0.23898486919870837,False
main_node60,0.0,2461832.275824289,4029,20.742379954487134,-8.4375,0.012305252254009247,7,5,0.24552471928613434,False
main_node60,0.0,2461833.252267016,1976,43.406858485936986,-21.774193548387075,-0.24200992286205292,12,7,0.33444768377334155,False
main_node60,0.0,2461833.2648630086,7480,-12.024699180565818,-21.09375,0.252571165561676,12,7,0.33578988000357834,False
main_node60,0.0,2461834.239010859,4020,20.742379954487134,-33.75000000000006,0.531117856502533,13,7,0.4335654693650055,False
main_node60,0.0,2461834.25150192,9652,-34.22886632781257,-33.75000000000006,0.41376855969429016,13,7,0.43500966855308065,False
main_node60,0.0,2461834.3266095207,6707,-4.780191847199163,-35.15625,0.2138763964176178,15,7,0.44297970181873675,False
main_node60,0.0,2461835.2188106296,3247,28.630989836924343,-47.81250000000006,-0.48020175099372864,13,7,0.5383672686217339,False
main_node60,0.0,2461835.2312119794,8879,-25.944479772370016,-47.81250000000006,-0.5493514537811279,14,7,0.5391161465060861,False
main_node60,0.0,2461835.304661219,5039,10.806922874860334,-47.81250000000006,0.49701207876205444,16,7,0.5473579925430053,False
main_node60,0.0,2461835.378692228,1843,44.993880150457116,-49.5,-0.019616881385445595,16,7,0.5556069041100475,False
main_node60,0.0,2461835.3916483303,7470,-12.024699180565818,-49.21875000000006,0.15346881747245789,15,6,0.5563571464451501,False
main_node60,0.0,2461861.2318989467,3637,24.62431835216408,-29.53125,0.44919079542160034,9,5,0.19519798992474474,False
main_node60,0.0,2461861.244311052,9269,-30.000000000000014,-29.53125,0.33866792917251587,12,7,0.1963365832001352,False
main_node60,0.0,2461862.2958824965,3888,22.02431283704216,-43.59375,0.40531623363494873,11,7,0.29073671698013215,False
main_node60,0.0,2461862.308339302,9520,-32.79716829582364,-43.59375,0.2786906659603119,9,6,0.2914053209735147,False
main_node60,0.0,2461863.3547794474,2091,41.81031489577859,-57.65625000000006,0.3390561640262604,13,6,0.39789067603584527,False
main_node60,0.0,2461890.2681424357,2605,35.68533471265204,-52.03125,0.5496404767036438,6,5,0.1637427321355722,False
main_node60,0.0,2461890.280675688,8237,-19.47122063449069,-52.03125,0.495307594537735,5,4,0.16429819193178494,False
main_node60,0.0,2461936.4936696594,6485,-3.583321698471977,59.0625,0.595474898815155,13,7,0.6136355594649309,False
main_node60,0.0,2461937.4846706097,10443,-44.99388015045713,46.5,0.5065996646881104,8,4,0.5203612443107041,False
main_node60,0.0,2461938.52938932,2379,37.16889965599944,30.9375,-0.30227234959602356,9,6,0.42119997053388786,False
main_node60,0.0,2461938.5466267015,9931,-38.68218745348943,32.34375,0.498098224401474,8,4,0.4192236614824427,False
main_node60,0.0,2461939.5210587294,6854,-7.180755781458288,18.28125,-0.3149605691432953,7,5,0.32826657042461443,False
main_node60,0.0,2461966.437598606,8904,-27.27961273597809,23.90625,-0.19160443544387817,11,5,0.5911094156549199,False
main_node60,0.0,2461966.512384536,5704,3.5833216984719627,22.5,-0.38642245531082153,13,7,0.5838973720226204,False
main_node60,0.0,2461967.485291084,1987,41.81031489577859,9.84375,0.09562834352254868,12,7,0.4903074721071547,False
main_node60,0.0,2461967.4980807584,7619,-14.477512185929939,9.84375,-0.1856711357831955,12,7,0.48895340455544173,False
main_node60,0.0,2461968.4761127764,6079,1.1937484371410676,-2.8125,0.15699855983257294,9,5,0.39319898627783056,False
main_node60,0.0,2461968.55073077,2878,32.79716829582364,-4.21875,-0.00498206214979291,9,6,0.38642986100739435,False
main_node60,0.0,2461968.563187336,8510,-22.02431283704216,-4.21875,-0.2589191794395447,7,4,0.3850773096574919,False
main_node60,0.0,2461969.5373206325,5050,10.806922874860334,-16.875,0.1445111334323883,9,6,0.2919028275622101,False
main_node60,0.0,2461969.5500002746,10542,-44.99388015045713,-16.5,0.14059413969516754,9,6,0.2906025554404951,False
main_node60,0.0,2462040.2542017093,6702,-4.780191847199163,-49.21875000000006,0.46083885431289673,6,2,0.5225914512223239,False
main_node60,0.0,2462086.626357715,10069,-40.22818472806108,59.0625,0.5458419919013977,12,6,0.3631022231362719,False
main_node60,0.0,2462087.6195506253,4945,10.806922874860334,47.8125,-0.5180407762527466,11,7,0.2568141973437452,False
main_node60,0.0,2462114.529608565,5842,2.388015463268772,52.03125,0.583970844745636,14,7,0.5249782730805741,False
main_node60,0.0,2462114.6081355507,7378,-12.024699180565818,52.03125,-0.5923027396202087,17,7,0.5154843816914101,False
main_node60,0.0,2462115.589725155,7373,-12.024699180565818,37.96875,0.5105491280555725,13,7,0.40398164609262055,False
main_node60,0.0,2462115.597759533,3662,23.31795706533424,39.375,-0.5439063310623169,12,7,0.40319908973124563,False
main_node60,0.0,2462116.5835542167,1993,41.81031489577859,26.71875,-0.47102200984954834,9,4,0.295183333504186,False
main_node60,0.0,2462116.662358001,3145,28.630989836924343,25.3125,-0.4226524829864502,6,5,0.2871688914576951,False
main_node60,0.0,2462117.6321435506,8516,-23.31795706533424,11.25,0.1733667552471161,8,4,0.19165563955772705,False
main_node60,0.0,2462143.492530592,3147,28.630989836924343,30.9375,0.3306172788143158,11,4,0.5659976627460418,False
main_node60,0.0,2462143.559034709,9930,-38.68218745348943,29.53125,0.017404021695256233,14,7,0.5580983325380514,False
main_node60,0.0,2462143.5705560874,4810,12.024699180565818,29.53125,0.524658203125,14,7,0.5573078251797439,False
main_node60,0.0,2462143.657733967,2506,35.68533471265204,29.53125,-0.22722725570201874,14,6,0.5470214733221831,False
main_node60,0.0,2462144.5441184784,8518,-23.31795706533424,16.875,-0.05627557262778282,10,4,0.44649389235272496,False
main_node60,0.0,2462144.624398526,9157,-30.000000000000014,15.46875,0.16420479118824005,12,7,0.437078262552088,False
main_node60,0.0,2462144.633947402,4805,12.024699180565818,15.46875,0.5764574408531189,12,7,0.436295398057016,False
main_node60,0.0,2462145.617520604,3905,20.742379954487134,2.8125,0.373210608959198,11,7,0.3280348910234293,False
main_node60,0.0,2462146.6684213253,9660,-34.22886632781257,-11.25,-0.08546638488769531,3,3,0.22333554854069282,False
main_node60,0.0,2462186.220554329,3522,24.62431835216408,7.03125,-0.5195420384407043,12,7,0.2365374118958525,False
main_node60,0.0,2462187.1999651315,2750,34.228866327812575,-5.625,-0.13736096024513245,10,5,0.31927364345995396,False
main_node60,0.0,2462187.2165354756,10046,-38.68218745348943,-4.21875,0.309800386428833,12,7,0.32050426959236766,False
main_node60,0.0,2462187.293115272,7870,-15.713861048008212,-5.625,0.35821378231048584,10,6,0.32729755391017806,False
main_node60,0.0,2462188.2664211094,4025,20.742379954487134,-19.6875,-0.36920687556266785,13,7,0.4171318302543359,False
main_node60,0.0,2462188.3454802996,2872,32.79716829582364,-21.09375,-0.48017746210098267,12,5,0.425080407820745,False
main_node60,0.0,2462189.2465295936,3380,27.27961273597809,-32.34375000000006,-0.03741714358329773,14,7,0.5129255953603559,False
main_node60,0.0,2462189.258926404,9012,-27.27961273597809,-32.34375000000006,-0.536400556564331,13,7,0.5136108493087121,False
main_node60,0.0,2462189.332620806,5300,8.385538647081319,-33.75000000000006,-0.5666491389274597,17,7,0.5211519317099935,False
main_node60,0.0,2462190.229609067,4016,20.742379954487134,-45.0,0.1474156230688095,14,7,0.609953945996068,False
main_node60,0.0,2462190.2420991333,9648,-34.22886632781257,-45.0,-0.34500858187675476,14,7,0.6113287703642973,False
main_node60,0.0,2462190.316662989,6447,-2.388015463268786,-46.40625,-0.3947194814682007,17,7,0.618883999864946,False
main_node60,0.0,2462190.391413569,3247,28.630989836924343,-47.81250000000006,-0.3566014766693115,17,7,0.6257434911943834,False
main_node65,0.0,2461535.2570490087,1843,44.993880150457116,-49.5,0.037342194467782974,4,3,0.14285837338495022,False
main_node65,0.0,2461554.562759616,2132,40.228184728061095,56.25,0.16863583028316498,7,3,0.454601093942106,False
main_node65,0.0,2461555.558791811,8527,-23.31795706533424,42.1875,-0.46503961086273193,5,3,0.35804287045205824,False
main_node65,0.0,2461582.4618924437,4433,15.713861048008212,47.8125,-0.4944639503955841,10,6,0.6229145048673462,False
main_node65,0.0,2461582.4732405567,9553,-34.22886632781257,47.8125,-0.20140039920806885,12,7,0.6222561538492747,False
main_node65,0.0,2461582.553461415,8912,-27.27961273597809,46.40625,-0.5451807975769043,10,3,0.6143369952658752,False
main_node65,0.0,2461583.5252841725,4428,15.713861048008212,33.75,-0.5435833930969238,10,6,0.5190854696147038,False
main_node65,0.0,2461583.5366323576,9548,-34.22886632781257,33.75,-0.24298618733882904,10,6,0.5183899780379544,False
main_node65,0.0,2461584.509361021,5575,4.780191847199163,21.09375,-0.22884300351142883,12,7,0.4198597337408435,False
main_node65,0.0,2461585.5636154963,1742,44.993880150457116,7.5,-0.03376976028084755,6,3,0.313199248689897,False
main_node65,0.0,2461586.5551604987,6078,1.1937484371410676,-5.625,0.014627731405198574,6,3,0.21789526341292123,False
main_node65,0.0,2461612.477019531,2244,38.68218745348943,12.65625,-0.17473584413528442,12,7,0.5764768291580799,False
main_node65,0.0,2461612.4885411803,7364,-12.024699180565818,12.65625,0.01523472648113966,12,7,0.5757708538950564,False
main_node65,0.0,2461612.5628952156,3908,20.742379954487134,11.25,-0.43216246366500854,14,5,0.5679840987445348,False
main_node65,0.0,2461612.574114025,9028,-28.630989836924357,11.25,-0.2057163268327713,12,3,0.566565181145888,False
main_node65,0.0,2461613.467130258,5952,1.1937484371410676,0.0,0.23300890624523163,12,7,0.4738185375578496,False
main_node65,0.0,2461613.5404115673,2367,38.68218745348943,-1.40625,-0.21446427702903748,11,7,0.46572146120392016,False
main_node65,0.0,2461613.5519332592,7487,-12.024699180565818,-1.40625,-0.03493078052997589,11,6,0.46498450766623617,False
main_node65,0.0,2461614.524898607,3515,25.944479772370002,-14.0625,0.06125706434249878,12,7,0.3609118162204667,False
main_node65,0.0,2461614.5360920285,8635,-23.31795706533424,-14.0625,0.26926544308662415,10,7,0.3601778013489631,False
main_node65,0.0,2461615.517981742,8758,-24.62431835216408,-26.71875,0.5226415991783142,11,7,0.2583889042907263,False
main_node65,0.0,2461616.572488986,4657,14.477512185929925,-40.78125,0.3372842073440552,7,4,0.15999413357104267,False
main_node65,0.0,2461627.2555875094,3903,22.02431283704216,-1.40625,-0.4675188362598419,4,1,0.5578663865851348,True
main_node65,0.0,2461657.265921439,8498,-22.02431283704216,-37.96875000000006,0.5929165482521057,5,1,0.5978651360188312,False
main_node65,0.0,2461686.224309013,7851,-15.713861048008212,-59.0625,0.15472617745399475,9,6,0.523348980473106,False
main_node65,0.0,2461704.624954095,9557,-34.22886632781257,59.0625,-0.37630695104599,6,5,0.1486793390849127,False
main_node65,0.0,2461704.633003003,5973,1.1937484371410676,59.0625,-0.5081198215484619,6,5,0.14811241495741925,False
main_node65,0.0,2461759.5132497204,9171,-30.000000000000014,54.84375,0.4245629906654358,15,7,0.5428149137025984,False
main_node65,0.0,2461759.5262653944,3283,27.27961273597809,54.84375,0.4286837577819824,15,7,0.5412498752928694,False
main_node65,0.0,2461759.59307686,9939,-38.68218745348943,54.84375,-0.4647871255874634,16,7,0.534207558186678,False
main_node65,0.0,2461759.608065304,3283,27.27961273597809,54.84375,-0.528982937335968,17,7,0.5318604279664223,False
main_node65,0.0,2461760.580167175,7630,-14.477512185929939,40.78125,0.5236536264419556,13,7,0.42345465084630396,False
main_node65,0.0,2461760.5936810947,1753,44.993880150457116,40.5,0.5946309566497803,13,7,0.42269522503213297,False
main_node65,0.0,2461760.6630768026,7118,-9.594068226860458,40.78125,-0.5302229523658752,11,5,0.41510977005357186,False
main_node65,0.0,2461761.645215258,6857,-7.180755781458288,26.71875,0.5851818919181824,10,6,0.31141738594618945,False
main_node65,0.0,2461761.647389663,5833,2.388015463268772,26.71875,0.5878077149391174,10,6,0.31141738594618945,False
main_node65,0.0,2461762.6349436245,3141,28.630989836924343,14.0625,0.2772049307823181,7,3,0.21812245922395665,False
main_node65,0.0,2461788.552003638,9163,-30.000000000000014,32.34375,0.2823038101196289,14,7,0.5848365620323499,False
main_node65,0.0,2461788.5676099733,2251,38.68218745348943,32.34375,0.3059440851211548,14,7,0.5825471772919534,False
main_node65,0.0,2461788.649410268,2251,38.68218745348943,32.34375,-0.5351313352584839,15,6,0.5733868146856306,False
main_node65,0.0,2461789.542867077,4935,10.806922874860334,19.6875,0.0771275982260704,10,4,0.47613504897915937,False
main_node65,0.0,2461789.6227530767,5830,2.388015463268772,18.28125,0.401668518781662,12,7,0.4671337594336248,False
main_node65,0.0,2461789.63243556,1746,44.993880150457116,19.5,-0.5305965542793274,13,7,0.4663856043723775,False
main_node65,0.0,2461790.610307062,3138,28.630989836924343,5.625,0.13148300349712372,10,5,0.3637115784883403,False
main_node65,0.0,2461791.665286022,7101,-8.385538647081319,-8.4375,0.16554205119609833,3,3,0.2622711573426043,False
main_node65,0.0,2461831.2083593784,2243,38.68218745348943,9.84375,-0.5256260633468628,9,5,0.16077956048702757,False
main_node65,0.0,2461832.200647475,7103,-8.385538647081319,-2.8125,-0.46480491757392883,8,4,0.23898486919870837,False
main_node65,0.0,2461832.272764521,2751,34.228866327812575,-2.8125,0.5503349900245667,9,6,0.2449276564486074,False
main_node65,0.0,2461833.2550020325,3002,31.38816646434855,-16.875,-0.40254712104797363,12,7,0.33511878188845995,False
main_node65,0.0,2461833.2662722627,8122,-18.209956864283015,-16.875,-0.5035867094993591,12,7,0.33578988000357834,False
main_node65,0.0,2461834.239874605,4405,16.957763300004146,-29.53125,-0.20870542526245117,13,7,0.4342875689590431,False
main_node65,0.0,2461834.251180144,9525,-32.79716829582364,-29.53125,-0.23290498554706573,13,7,0.43500966855308065,False
main_node65,0.0,2461834.324712694,5813,3.5833216984719627,-30.9375,-0.5585244297981262,15,7,0.44297970181873675,False
main_node65,0.0,2461835.2154585235,1969,43.406858485936986,-42.096774193548356,0.15375494956970215,13,7,0.537618390787598,False
main_node65,0.0,2461835.227226759,7089,-8.385538647081319,-42.18750000000006,0.03590190410614014,14,7,0.5391161465060861,False
main_node65,0.0,2461835.3009220017,3376,27.27961273597809,-43.59375,-0.22529460489749908,15,7,0.5466083124506624,False
main_node65,0.0,2461835.31212503,8496,-22.02431283704216,-43.59375,-0.2852734327316284,17,7,0.5481076726353482,False
main_node65,0.0,2461835.3859092966,4784,13.24801490567694,-45.0,-0.5853537321090698,15,6,0.5563571464451501,False
main_node65,0.0,2461836.207457584,6444,-2.388015463268786,-54.84375,0.3185669183731079,13,5,0.6446642260212906,False
main_node65,0.0,2461861.228357745,2231,40.228184728061095,-25.3125,-0.17894555628299713,9,5,0.19519798992474474,False
main_node65,0.0,2461861.2399541857,7351,-10.806922874860348,-25.3125,-0.3419075906276703,12,7,0.1963365832001352,False
main_node65,0.0,2461862.2223818377,7730,-14.477512185929939,-37.96875000000006,-0.07404579222202301,9,4,0.2834290378315618,False
main_node65,0.0,2461862.296178064,4018,20.742379954487134,-39.375,-0.3247232139110565,11,7,0.29073671698013215,False
main_node65,0.0,2461862.307397071,9138,-28.630989836924357,-39.375,-0.3828878104686737,9,6,0.2914053209735147,False
main_node65,0.0,2461863.2808533716,5421,7.180755781458274,-52.03125,-0.09302470833063126,12,7,0.3898018548745484,False
main_node65,0.0,2461863.2927085967,10530,-44.99388015045713,-52.5,-0.4922282099723816,12,7,0.3912677649110812,False
main_node65,0.0,2461890.2663931334,1967,43.406858485936986,-47.90322580645159,-0.11130044609308243,7,6,0.16318727233935945,False
main_node65,0.0,2461890.278161624,7087,-8.385538647081319,-47.81250000000006,-0.22543664276599884,5,4,0.16429819193178494,False
main_node65,0.0,2461910.564934842,7248,-10.806922874860348,45.0,-0.14133833348751068,3,1,0.26297136668191173,False
main_node65,0.0,2461937.5488000466,2769,32.79716829582364,49.21875,-0.05142177268862724,8,4,0.5144206814405836,False
main_node65,0.0,2461938.5287031103,2125,40.228184728061095,36.5625,0.20622241497039795,9,6,0.42119997053388786,False
main_node65,0.0,2461938.54029921,7245,-10.806922874860348,36.5625,0.01423866581171751,9,6,0.4198821138335494,False
main_node65,0.0,2461939.51443128,3784,22.02431283704216,23.90625,0.3948064148426056,6,4,0.3289039552362516,False
main_node65,0.0,2461939.52563414,8904,-27.27961273597809,23.90625,0.19271758198738098,8,6,0.3276291856129773,False
main_node65,0.0,2461966.504067658,2122,40.228184728061095,28.125,0.35385388135910034,13,7,0.5845544028804557,False
main_node65,0.0,2461966.5156639745,7242,-10.806922874860348,28.125,0.16910836100578308,13,7,0.5838973720226204,False
main_node65,0.0,2461967.487348168,2757,32.79716829582364,15.46875,0.5655515789985657,12,7,0.4903074721071547,False
main_node65,0.0,2461967.4986537746,7877,-16.957763300004146,15.46875,0.40319234132766724,12,7,0.48895340455544173,False
main_node65,0.0,2461967.5718863397,3909,20.742379954487134,14.0625,0.25084590911865234,10,3,0.4821768594538656,False
main_node65,0.0,2461968.5537677403,4032,19.47122063449069,1.40625,0.5060260891914368,8,5,0.38575358533244314,False
main_node65,0.0,2461968.5650087986,9152,-30.000000000000014,1.40625,0.2588931918144226,7,4,0.3850773096574919,False
main_node65,0.0,2461969.5456806268,8892,-25.944479772370016,-11.25,0.5436396598815918,9,6,0.2906025554404951,False
main_node65,0.0,2462040.245077027,10533,-44.99388015045713,-43.5,-0.45341506600379944,7,3,0.5211734470172791,False
main_node65,0.0,2462041.2291136635,9644,-34.22886632781257,-56.25,-0.5658440589904785,13,7,0.6193743725660288,False
main_node65,0.0,2462041.2421895126,3756,23.31795706533424,-56.25,-0.21778342127799988,12,7,0.6207150094789314,False
main_node65,0.0,2462087.610288002,9170,-30.000000000000014,52.03125,-0.05260099470615387,12,7,0.2575258216010773,False
main_node65,0.0,2462087.62330299,3282,27.27961273597809,52.03125,0.342927485704422,9,6,0.25610257308641315,False
main_node65,0.0,2462114.5257897973,7636,-14.477512185929939,57.65625,-0.16379773616790771,14,7,0.5249782730805741,False
main_node65,0.0,2462114.528536853,6356,-2.388015463268786,57.65625,-0.07632189244031906,14,7,0.5249782730805741,False
main_node65,0.0,2462114.6078677997,7508,-13.248014905676953,56.25,0.164544939994812,17,7,0.5154843816914101,False
main_node65,0.0,2462114.620741571,1879,43.406858485936986,56.61290322580646,0.24774785339832306,17,7,0.5146927508543279,False
main_node65,0.0,2462115.59576068,4559,14.477512185929925,43.59375,0.10168623924255371,12,7,0.40319908973124563,False
main_node65,0.0,2462116.5759694697,5195,8.385538647081319,30.9375,-0.2172519862651825,9,4,0.2959163870542629,False
main_node65,0.0,2462116.6456366144,10437,-44.99388015045713,28.5,0.42386820912361145,9,6,0.2886226568383892,False
main_node65,0.0,2462116.6553202407,6346,-2.388015463268786,29.53125,0.025686243548989296,8,6,0.2878957741236715,False
main_node65,0.0,2462117.638814024,5446,5.979156796301311,16.875,-0.18524141609668732,7,4,0.19102484292301722,False
main_node65,0.0,2462117.641026041,4422,15.713861048008212,16.875,-0.1022699847817421,7,4,0.19102484292301722,False
main_node65,0.0,2462143.487945092,5197,8.385538647081319,36.5625,-0.44673964381217957,11,4,0.5667866777915654,False
main_node65,0.0,2462143.5672955695,6348,-2.388015463268786,35.15625,-0.21177034080028534,14,7,0.5573078251797439,False
main_node65,0.0,2462143.569469896,5324,7.180755781458274,35.15625,-0.1321043074131012,14,7,0.5573078251797439,False
main_node65,0.0,2462143.64882257,6476,-3.583321698471977,33.75,0.10642923414707184,16,7,0.5486048706702068,False
main_node65,0.0,2462144.539566794,10311,-43.40685848593699,21.774193548387103,-0.16466405987739563,10,4,0.44649389235272496,False
main_node65,0.0,2462144.5491600586,6216,-1.1937484371410818,22.5,-0.4793986678123474,10,4,0.44570868982807116,False
main_node65,0.0,2462144.628497517,7367,-12.024699180565818,21.09375,-0.23793192207813263,12,7,0.436295398057016,False
main_node65,0.0,2462144.640729607,1991,41.81031489577859,21.09375,0.2339390069246292,14,7,0.43551253356194397,False
main_node65,0.0,2462145.615832565,4675,13.24801490567694,8.4375,-0.2955383360385895,11,7,0.3280348910234293,False
main_node65,0.0,2462146.6684358744,9662,-34.22886632781257,-5.625,-0.5927377343177795,3,3,0.22333554854069282,False
main_node65,0.0,2462186.2199674076,3268,27.27961273597809,12.65625,0.07126573473215103,12,7,0.2365374118958525,False
main_node65,0.0,2462186.2311699926,8388,-22.02431283704216,12.65625,-0.3959859013557434,12,7,0.23709398768962245,False
main_node65,0.0,2462187.2041878677,4416,15.713861048008212,0.0,0.21603071689605713,10,5,0.31927364345995396,False
main_node65,0.0,2462187.2155355453,9536,-34.22886632781257,0.0,-0.2503179907798767,12,7,0.32050426959236766,False
main_node65,0.0,2462187.289014027,5951,2.388015463268772,-1.40625,-0.2324896901845932,10,6,0.32729755391017806,False
main_node65,0.0,2462188.198140248,10043,-38.68218745348943,-12.65625,-0.06981483846902847,11,5,0.41119223601172905,False
main_node65,0.0,2462188.271964037,6587,-3.583321698471977,-14.0625,-0.00915252324193716,13,7,0.4177930559187736,False
main_node65,0.0,2462188.344159294,2362,38.68218745348943,-15.46875,0.10607193410396576,12,5,0.425080407820745,False
main_node65,0.0,2462188.3556805593,7482,-12.024699180565818,-15.46875,-0.40755951404571533,11,5,0.42574438800281666,False
main_node65,0.0,2462189.2511118497,5430,7.180755781458274,-26.71875,0.3643963038921356,14,7,0.5129255953603559,False
main_node65,0.0,2462189.324317821,1850,44.993880150457116,-28.5,0.1076706051826477,15,7,0.5204661295924186,False
main_node65,0.0,2462189.3364471863,7094,-8.385538647081319,-28.125,-0.10165783017873764,17,7,0.5211519317099935,False
main_node65,0.0,2462190.2281348174,3377,27.27961273597809,-40.78125,-0.49335354566574097,14,7,0.609953945996068,False
main_node65,0.0,2462190.2442003246,10414,-43.40685848593699,-39.19354838709677,0.1777537763118744,14,7,0.6113287703642973,False
main_node65,0.0,2462190.3161358307,6193,0.0,-40.78125,0.25171157717704773,17,7,0.618883999864946,False
main_node65,0.0,2462190.388793966,2225,40.228184728061095,-42.18750000000006,0.2907427251338959,17,7,0.6257434911943834,False
main_node65,0.0,2462190.4003898413,7345,-10.806922874860348,-42.18750000000006,-0.17162561416625977,16,7,0.6271142473164782,False
main_node70,0.0,2461535.257406165,1968,43.406858485936986,-45.0,-0.31360259652137756,4,3,0.14285837338495022,False
main_node70,0.0,2461535.268627734,6832,-5.979156796301311,-45.0,-0.09231843799352646,5,5,0.1440003400822294,False
main_node70,0.0,2461536.251593347,7467,-12.024699180565818,-57.65625000000006,0.21506309509277344,8,4,0.23308273523356504,False
main_node70,0.0,2461555.5475946115,3409,25.944479772370002,47.8125,-0.16112160682678223,7,5,0.3587118483485625,False
main_node70,0.0,2461555.558202716,8273,-20.74237995448715,47.8125,0.09424648433923721,5,3,0.35804287045205824,False
main_node70,0.0,2461582.4618898444,4435,15.713861048008212,53.4375,0.10814125090837479,10,6,0.6229145048673462,False
main_node70,0.0,2461582.47259239,9299,-31.388166464348544,53.4375,0.3088422119617462,12,7,0.6222561538492747,False
main_node70,0.0,2461582.5450798757,5074,9.594068226860458,52.03125,-0.18153730034828186,10,6,0.6156612366907944,False
main_node70,0.0,2461582.556049135,9938,-38.68218745348943,52.03125,0.061246514320373535,10,3,0.6143369952658752,False
main_node70,0.0,2461583.5285808095,5966,1.1937484371410676,39.375,0.13662956655025482,10,6,0.5190854696147038,False
main_node70,0.0,2461584.501655055,2249,38.68218745348943,26.71875,0.16060936450958252,11,7,0.4205674327277874,False
main_node70,0.0,2461584.512624416,7113,-9.594068226860458,26.71875,0.4631572961807251,10,7,0.4191520347538996,False
main_node70,0.0,2461586.5462882696,2112,40.228184728061095,0.0,0.3222440481185913,6,4,0.21853151371390206,False
main_node70,0.0,2461586.564219271,10047,-38.68218745348943,-1.40625,-0.4269922971725464,6,3,0.21725901311194043,False
main_node70,0.0,2461612.4852644317,5830,2.388015463268772,18.28125,0.575000524520874,12,7,0.5757708538950564,False
main_node70,0.0,2461612.5645963163,4678,13.24801490567694,16.875,0.1930597871541977,14,5,0.5679840987445348,False
main_node70,0.0,2461612.5753841097,9542,-34.22886632781257,16.875,0.34482863545417786,12,3,0.566565181145888,False
main_node70,0.0,2461613.463546698,4289,16.957763300004146,4.21875,-0.5922082662582397,12,7,0.4738185375578496,False
main_node70,0.0,2461613.4742168183,9153,-30.000000000000014,4.21875,-0.3505035638809204,13,7,0.47308278075955273,False
main_node70,0.0,2461613.5459094723,4545,14.477512185929925,4.21875,0.4550689458847046,11,6,0.46498450766623617,False
main_node70,0.0,2461613.556651672,9409,-32.79716829582364,4.21875,0.577494204044342,11,6,0.46424755412855223,False
main_node70,0.0,2461614.534082049,7740,-14.477512185929939,-9.84375,-0.5128257870674133,10,7,0.3601778013489631,False
main_node70,0.0,2461615.5142904283,7096,-8.385538647081319,-22.5,-0.27763140201568604,9,5,0.2590819718675586,False
main_node70,0.0,2461616.5686450163,2995,31.38816646434855,-36.5625,-0.4355059266090393,7,4,0.15999413357104267,False
main_node70,0.0,2461616.579347871,7859,-15.713861048008212,-36.5625,-0.2898482382297516,6,3,0.15939192559898052,False
main_node70,0.0,2461686.228694989,5805,3.5833216984719627,-53.43750000000006,-0.5024865865707397,9,6,0.5240104218511121,False
main_node70,0.0,2461686.231451415,4525,15.713861048008212,-53.43750000000006,-0.5077877044677734,9,6,0.5240104218511121,False
main_node70,0.0,2461732.6102764155,5075,9.594068226860458,54.84375,0.08588255196809769,12,7,0.2746495395242435,False
main_node70,0.0,2461732.6131008496,3795,22.02431283704216,54.84375,0.07125582545995712,12,7,0.2746495395242435,False
main_node70,0.0,2461759.602683258,5717,3.5833216984719627,59.0625,0.18839803338050842,16,7,0.532642804723995,False
main_node70,0.0,2461759.605439617,4437,15.713861048008212,59.0625,0.1778925657272339,16,7,0.532642804723995,False
main_node70,0.0,2461760.577865257,8656,-24.62431835216408,46.40625,-0.07648124545812607,13,7,0.4242157762299369,False
main_node70,0.0,2461760.5915688896,2512,35.68533471265204,46.40625,-0.06755044311285019,13,7,0.42269522503213297,False
main_node70,0.0,2461760.6611217516,8016,-18.209956864283015,45.0,0.2326284497976303,11,5,0.41510977005357186,False
main_node70,0.0,2461761.644118327,7371,-12.024699180565818,32.34375,-0.03365779668092728,10,6,0.31141738594618945,False
main_node70,0.0,2461761.6468506255,6091,0.0,32.34375,-0.03631189465522766,10,6,0.31141738594618945,False
main_node70,0.0,2461762.6362192077,2631,34.228866327812575,19.6875,-0.2519160807132721,7,4,0.21751225092618254,False
main_node70,0.0,2461788.5538203125,8397,-22.02431283704216,37.96875,-0.2666699290275574,14,7,0.5840734337855511,False
main_node70,0.0,2461788.5560924825,7373,-12.024699180565818,37.96875,-0.2742897868156433,14,7,0.5840734337855511,False
main_node70,0.0,2461788.6359106353,8269,-20.74237995448715,36.5625,0.03905908763408661,16,7,0.5749138196725282,False
main_node70,0.0,2461788.650848576,1752,44.993880150457116,37.5,-0.5829287767410278,15,6,0.5733868146856306,False
main_node70,0.0,2461789.545714461,3657,23.31795706533424,25.3125,-0.49277928471565247,10,4,0.47538430915884605,False
main_node70,0.0,2461789.613425509,9928,-38.68218745348943,23.90625,-0.20947392284870148,13,7,0.4686327096582618,False
main_node70,0.0,2461789.629031594,3016,29.999999999999993,23.90625,-0.17216677963733673,13,7,0.4663856043723775,False
main_node70,0.0,2461790.60023543,7748,-15.713861048008212,11.25,-0.49334225058555603,7,3,0.3651189056424397,False
main_node70,0.0,2461790.61366859,1863,43.406858485936986,10.16129032258064,0.47187507152557373,10,5,0.3637115784883403,False
main_node70,0.0,2461791.669651711,5055,10.806922874860334,-2.8125,-0.4367414116859436,3,3,0.2622711573426043,False
main_node70,0.0,2461831.2149742437,5061,9.594068226860458,15.46875,-0.10403583943843842,10,7,0.16128172176787536,False
main_node70,0.0,2461831.2259437274,9925,-38.68218745348943,15.46875,-0.1420229822397232,9,6,0.16228604429589835,False
main_node70,0.0,2461832.2065245453,9537,-34.22886632781257,2.8125,0.09403923898935318,9,5,0.23957495023794723,False
main_node70,0.0,2461832.2794599975,5568,4.780191847199163,1.40625,-0.1603909283876419,7,5,0.24552471928613434,False
main_node70,0.0,2461833.2550071897,3004,31.38816646434855,-11.25,0.1303604394197464,12,7,0.33511878188845995,False
main_node70,0.0,2461833.2657098295,7868,-15.713861048008212,-11.25,0.0945911556482315,12,7,0.33578988000357834,False
main_node70,0.0,2461834.2387281987,3895,22.02431283704216,-23.90625,0.3826070725917816,13,7,0.4335654693650055,False
main_node70,0.0,2461834.249327882,8759,-24.62431835216408,-23.90625,0.33185604214668274,13,7,0.43500966855308065,False
main_node70,0.0,2461834.3219613247,4535,15.713861048008212,-25.3125,0.07357756048440933,15,7,0.44225425263011875,False
main_node70,0.0,2461834.3326638723,9399,-31.388166464348544,-25.3125,0.020493922755122185,16,7,0.44370515100735475,False
main_node70,0.0,2461835.233772113,9907,-37.168899655999454,-36.5625,0.4904313385486603,14,7,0.5398650243904383,False
main_node70,0.0,2461835.3065828476,5938,2.388015463268772,-37.96875000000006,0.3416879177093506,16,7,0.5473579925430053,False
main_node70,0.0,2461835.379061743,1970,43.406858485936986,-39.19354838709677,0.19490522146224976,16,7,0.5556069041100475,False
main_node70,0.0,2461835.390283222,6834,-5.979156796301311,-39.375,0.006805046461522579,15,6,0.5563571464451501,False
main_node70,0.0,2461836.2071899157,6318,-1.1937484371410818,-50.625,-0.46117478609085083,13,5,0.6446642260212906,False
main_node70,0.0,2461860.2460477436,1981,43.406858485936986,-7.258064516129025,-0.07048586755990982,5,4,0.1219105866661547,False
main_node70,0.0,2461861.2377755553,6329,-1.1937484371410818,-19.6875,0.29184845089912415,11,7,0.19576728656243997,False
main_node70,0.0,2461862.2201840463,6708,-4.780191847199163,-32.34375000000006,0.5625091195106506,9,4,0.2834290378315618,False
main_node70,0.0,2461862.292451372,2484,37.16889965599944,-33.75000000000006,0.2577734589576721,12,7,0.2900681129867496,False
main_node70,0.0,2461862.3033525394,7348,-10.806922874860348,-33.75000000000006,0.22291791439056396,9,6,0.2914053209735147,False
main_node70,0.0,2461863.275673807,3119,29.999999999999993,-46.40625,0.49963846802711487,12,7,0.3898018548745484,False
main_node70,0.0,2461863.28634401,7983,-16.957763300004146,-46.40625,0.4723028540611267,12,7,0.3905348098682405,False
main_node70,0.0,2461863.359576657,4015,20.742379954487134,-47.81250000000006,0.21123383939266205,11,5,0.398627990403044,False
main_node70,0.0,2461890.2691304353,2993,31.38816646434855,-42.18750000000006,0.42462366819381714,6,5,0.1637427321355722,False
main_node70,0.0,2461890.279833286,7857,-15.713861048008212,-42.18750000000006,0.36681997776031494,5,4,0.16429819193178494,False
main_node70,0.0,2461910.559476915,4690,13.24801490567694,50.625,0.5466620922088623,3,1,0.26297136668191173,False
main_node70,0.0,2461910.5702648843,9554,-34.22886632781257,50.625,0.3120397627353668,3,1,0.26238578384847366,False
main_node70,0.0,2461937.552971314,4563,14.477512185929925,54.84375,0.4484848082065582,7,3,0.5137602414214042,False
main_node70,0.0,2461938.5322547904,3534,24.62431835216408,40.78125,-0.5627456903457642,9,6,0.4205410422058109,False
main_node70,0.0,2461939.5147290374,3914,20.742379954487134,28.125,-0.33958062529563904,6,4,0.3289039552362516,False
main_node70,0.0,2461939.5253375126,8778,-25.944479772370016,28.125,-0.4991483986377716,8,6,0.3276291856129773,False
main_node70,0.0,2461966.4416414546,10439,-44.99388015045713,34.5,0.16275179386138916,13,7,0.5904549499641135,False
main_node70,0.0,2461966.5137580875,6347,-2.388015463268786,32.34375,-0.5697009563446045,13,7,0.5838973720226204,False
main_node70,0.0,2461967.491237074,4423,15.713861048008212,19.6875,-0.20401662588119507,12,7,0.4896304383312982,False
main_node70,0.0,2461967.5019398425,9287,-31.388166464348544,19.6875,-0.3771836459636688,12,7,0.48895340455544173,False
main_node70,0.0,2461968.477486327,6594,-4.780191847199163,7.03125,-0.024222876876592636,9,5,0.39319898627783056,False
main_node70,0.0,2461968.550421611,2626,34.228866327812575,5.625,-0.12990185618400574,9,6,0.38642986100739435,False
main_node70,0.0,2461968.561209297,7490,-13.248014905676953,5.625,-0.3790447413921356,7,4,0.3850773096574919,False
main_node70,0.0,2461969.5341969174,3645,24.62431835216408,-7.03125,0.050428006798028946,9,6,0.2919028275622101,False
main_node70,0.0,2461969.5447964906,8509,-22.02431283704216,-7.03125,-0.14129382371902466,9,6,0.29125184411575145,False
main_node70,0.0,2462040.2494142014,8882,-25.944479772370016,-39.375,0.4200321435928345,7,3,0.5218830367115487,False
main_node70,0.0,2462041.226676105,10530,-44.99388015045713,-52.5,0.3063139319419861,13,7,0.6193743725660288,False
main_node70,0.0,2462041.23908061,5165,9.594068226860458,-52.03125,0.4308086931705475,12,7,0.62004469102248,False
main_node70,0.0,2462087.610300107,9172,-30.000000000000014,57.65625,-0.5852540135383606,12,7,0.2575258216010773,False
main_node70,0.0,2462087.624568897,2772,32.79716829582364,57.65625,-0.16294072568416595,9,6,0.25610257308641315,False
main_node70,0.0,2462115.5859755664,9041,-28.630989836924357,47.8125,0.47474655508995056,13,7,0.40476420250646994,False
main_node70,0.0,2462115.5980796814,3537,24.62431835216408,49.21875,-0.3984276056289673,12,7,0.40319908973124563,False
main_node70,0.0,2462116.650574325,8524,-23.31795706533424,33.75,0.5879685878753662,8,6,0.2878957741236715,False
main_node70,0.0,2462116.6639844063,2508,35.68533471265204,35.15625,-0.21359896659851074,5,4,0.2864420087429774,False
main_node70,0.0,2462117.6358341197,6855,-7.180755781458288,21.09375,0.4904506206512451,7,4,0.19102484292301722,False
main_node70,0.0,2462143.4844185594,6862,-7.180755781458288,40.78125,0.2023814171552658,11,4,0.5667866777915654,False
main_node70,0.0,2462143.494839753,2254,38.68218745348943,40.78125,0.4999244213104248,11,4,0.5659976627460418,False
main_node70,0.0,2462143.563135797,8270,-20.74237995448715,39.375,0.3893742859363556,14,7,0.5580983325380514,False
main_node70,0.0,2462143.6515560797,5198,8.385538647081319,39.375,-0.41797009110450745,14,6,0.5478131719696512,False
main_node70,0.0,2462143.6543638823,3918,20.742379954487134,39.375,-0.29552310705184937,14,6,0.5478131719696512,False
main_node70,0.0,2462144.5544462423,3785,22.02431283704216,26.71875,0.4628573954105377,12,6,0.44492348730341735,False
main_node70,0.0,2462144.555640518,3273,27.27961273597809,26.71875,0.4916928708553314,12,6,0.44492348730341735,False
main_node70,0.0,2462144.6374422917,3273,27.27961273597809,26.71875,-0.4659089148044586,14,7,0.43551253356194397,False
main_node70,0.0,2462145.6060169335,9156,-30.000000000000014,12.65625,0.07486043870449066,9,4,0.32950719092254904,False
main_node70,0.0,2462145.621622919,2244,38.68218745348943,12.65625,0.5894778966903687,12,7,0.32729874107386947,False
main_node70,0.0,2462172.5186112807,8902,-27.27961273597809,18.28125,-0.11892486363649368,12,5,0.601420880976809,True
main_node70,0.0,2462172.529813913,3782,22.02431283704216,18.28125,0.30385857820510864,15,7,0.6006439671748987,True
main_node70,0.0,2462172.606336872,6214,-1.1937484371410818,16.875,0.44402000308036804,15,7,0.5920879717761393,True
main_node70,0.0,2462186.2159529356,1745,44.993880150457116,16.5,-0.5677288770675659,12,7,0.23598083613940385,False
main_node70,0.0,2462186.2289133784,7366,-12.024699180565818,18.28125,0.3011634051799774,12,7,0.23709398768962245,False
main_node70,0.0,2462187.20095325,3009,29.999999999999993,4.21875,-0.3481415808200836,10,5,0.31927364345995396,False
main_node70,0.0,2462187.2169140168,10050,-40.22818472806108,5.625,0.18251430988311768,12,7,0.32050426959236766,False
main_node70,0.0,2462187.2906581755,6593,-4.780191847199163,4.21875,0.3258841931819916,10,6,0.32729755391017806,False
main_node70,0.0,2462188.199228374,10425,-43.40685848593699,-7.258064516129025,0.17380236089229584,11,5,0.41119223601172905,False
main_node70,0.0,2462188.275878028,8381,-20.74237995448715,-8.4375,0.42482075095176697,13,7,0.41845428158321124,False
main_node70,0.0,2462188.3479592893,3900,22.02431283704216,-9.84375,0.48923957347869873,12,5,0.425080407820745,False
main_node70,0.0,2462189.242893674,1976,43.406858485936986,-21.774193548387075,0.5449362397193909,14,7,0.5122409280742833,False
main_node70,0.0,2462189.254113322,6840,-5.979156796301311,-22.5,-0.5287451148033142,13,7,0.5136108493087121,False
main_node70,0.0,2462189.3295488036,3895,22.02431283704216,-23.90625,-0.5589070916175842,15,7,0.5204661295924186,False
main_node70,0.0,2462189.3447799725,10540,-44.99388015045713,-22.5,0.04529103636741638,17,7,0.5225245545990238,False
main_node70,0.0,2462190.235434595,6707,-4.780191847199163,-35.15625,-0.2416478395462036,14,7,0.6106413581801827,False
main_node70,0.0,2462190.30770198,2483,37.16889965599944,-36.5625,-0.10964129120111465,17,7,0.6175110175642845,False
main_node70,0.0,2462190.3217461077,8755,-24.62431835216408,-35.15625,0.5872653722763062,17,7,0.618883999864946,False
main_node70,0.0,2462190.398220693,6323,-1.1937484371410818,-36.5625,0.5378080606460571,17,7,0.6264288692554308,False
main_node75,0.0,2461535.2574020573,1970,43.406858485936986,-39.19354838709677,0.2738828659057617,4,3,0.14285837338495022,False
main_node75,0.0,2461535.270275432,7602,-13.248014905676953,-39.375,0.5616806745529175,5,5,0.1440003400822294,False
main_node75,0.0,2461536.259081275,10530,-44.99388015045713,-52.5,0.4314517378807068,8,4,0.23377098731273924,False
main_node75,0.0,2461555.560939526,9426,-32.79716829582364,52.03125,-0.50812828540802,7,3,0.3573738925555539,False
main_node75,0.0,2461582.4710536543,8660,-24.62431835216408,57.65625,-0.418468713760376,12,7,0.6222561538492747,False
main_node75,0.0,2461582.545625542,5332,7.180755781458274,57.65625,0.45032843947410583,9,4,0.6149991159783348,False
main_node75,0.0,2461582.557120603,10323,-43.40685848593699,56.61290322580646,-0.22700323164463043,10,3,0.6143369952658752,False
main_node75,0.0,2461583.5383503246,10191,-41.81031489577862,43.59375,-0.3037024140357971,10,6,0.5176944864145686,False
main_node75,0.0,2461584.512347778,6987,-8.385538647081319,30.9375,-0.3150288164615631,10,7,0.4191520347538996,False
main_node75,0.0,2461586.547318452,2497,35.68533471265204,4.21875,-0.2661741077899933,6,4,0.21853151371390206,False
main_node75,0.0,2461586.5598511975,8129,-19.47122063449069,4.21875,-0.033227480947971344,6,3,0.21725901311194043,False
main_node75,0.0,2461612.482795433,4680,13.24801490567694,22.5,-0.24690978229045868,12,7,0.5757708538950564,False
main_node75,0.0,2461612.495669337,10311,-43.40685848593699,21.774193548387103,-0.519565999507904,12,7,0.5750648786320329,False
main_node75,0.0,2461612.567062536,5831,2.388015463268772,21.09375,-0.5336114764213562,13,4,0.5672746399452114,False
main_node75,0.0,2461613.4586088886,2243,38.68218745348943,9.84375,-0.07665664702653885,12,7,0.47455429440548275,False
main_node75,0.0,2461613.4712513923,7875,-16.957763300004146,9.84375,0.15061946213245392,13,7,0.47308278075955273,False
main_node75,0.0,2461613.546742164,4931,10.806922874860334,8.4375,-0.2888619899749756,11,6,0.46498450766623617,False
main_node75,0.0,2461614.52092753,1982,43.406858485936986,-4.354838709677324,-0.2260061502456665,12,7,0.36164583114118987,False
main_node75,0.0,2461614.5335227223,7486,-12.024699180565818,-4.21875,0.08185811340808868,10,7,0.3601778013489631,False
main_node75,0.0,2461615.514838865,7354,-10.806922874860348,-16.875,0.34838899970054626,9,5,0.2590819718675586,False
main_node75,0.0,2461616.571637958,4277,18.209956864283,-30.9375,0.16743139922618866,7,4,0.15999413357104267,False
main_node75,0.0,2461657.265922335,8502,-22.02431283704216,-26.71875,-0.5679660439491272,5,1,0.5978651360188312,False
main_node75,0.0,2461686.222877278,8494,-22.02431283704216,-49.21875000000006,0.3034115433692932,9,6,0.523348980473106,False
main_node75,0.0,2461714.198821475,8235,-19.47122063449069,-57.65625000000006,0.12430815398693085,7,4,0.34931885551526604,False
main_node75,0.0,2461714.212035185,2347,38.68218745348943,-57.65625000000006,0.05329832434654236,6,3,0.3505820420102307,False
main_node75,0.0,2461760.591572739,2514,35.68533471265204,52.03125,-0.5771463513374329,13,7,0.42269522503213297,False
main_node75,0.0,2461760.6611251323,8018,-18.209956864283015,50.625,-0.36006107926368713,11,5,0.41510977005357186,False
main_node75,0.0,2461761.639401567,9421,-32.79716829582364,37.96875,-0.5584165453910828,11,7,0.31211564853839613,False
main_node75,0.0,2461762.634643085,3272,27.27961273597809,23.90625,0.4166821241378784,7,3,0.21812245922395665,False
main_node75,0.0,2461788.5489646797,10318,-43.40685848593699,42.096774193548384,0.3977718949317932,14,7,0.5848365620323499,False
main_node75,0.0,2461788.5641265237,3663,23.31795706533424,42.1875,0.475724995136261,14,7,0.5833103055387523,False
main_node75,0.0,2461788.643083691,4943,10.806922874860334,42.1875,-0.5576978921890259,17,7,0.5741503171790794,False
main_node75,0.0,2461789.538239267,7114,-9.594068226860458,29.53125,0.22113066911697388,10,4,0.47613504897915937,False
main_node75,0.0,2461789.613772426,9802,-37.168899655999454,28.125,0.4143959581851959,13,7,0.4686327096582618,False
main_node75,0.0,2461789.628113694,3402,25.944479772370002,28.125,0.5164819359779358,12,7,0.4671337594336248,False
main_node75,0.0,2461790.598805017,8389,-22.02431283704216,15.46875,0.24483978748321533,7,3,0.3651189056424397,False
main_node75,0.0,2461791.658409988,9920,-38.68218745348943,1.40625,0.2200433909893036,4,3,0.2629002306337727,False
main_node75,0.0,2461791.6671995595,6080,0.0,1.40625,0.3293323516845703,3,3,0.2622711573426043,False
main_node75,0.0,2461831.219891667,7367,-12.024699180565818,21.09375,0.4866947829723358,9,6,0.1617838830150506,False
main_node75,0.0,2461832.208614172,10306,-43.40685848593699,7.258064516129025,-0.3415739834308624,9,5,0.23957495023794723,False
main_node75,0.0,2461832.2821827373,6850,-7.180755781458288,7.03125,0.44992050528526306,6,5,0.24612178208362512,False
main_node75,0.0,2461833.2699219785,9662,-34.22886632781257,-5.625,0.5731558799743652,12,7,0.33646097811869674,False
main_node75,0.0,2461834.2429220118,5817,3.5833216984719627,-19.6875,-0.3869854211807251,13,7,0.4342875689590431,False
main_node75,0.0,2461834.3167455215,2360,38.68218745348943,-21.09375,-0.5180906653404236,15,7,0.44225425263011875,False
main_node75,0.0,2461835.220905529,4148,19.47122063449069,-32.34375000000006,-0.0903521254658699,13,7,0.5383672686217339,False
main_node75,0.0,2461835.233438362,9780,-35.68533471265205,-32.34375000000006,-0.12877950072288513,14,7,0.5398650243904383,False
main_node75,0.0,2461835.30794328,6580,-3.583321698471977,-33.75000000000006,-0.44285571575164795,16,7,0.5473579925430053,False
main_node75,0.0,2461835.3811514927,2740,34.228866327812575,-33.75000000000006,0.5612723231315613,16,7,0.5556069041100475,False
main_node75,0.0,2461836.209379118,7344,-10.806922874860348,-45.0,0.1535494029521942,13,5,0.6446642260212906,False
main_node75,0.0,2461861.2319131773,3642,24.62431835216408,-15.46875,-0.4059314727783203,9,5,0.19519798992474474,False
main_node75,0.0,2461861.2443254483,9274,-30.000000000000014,-15.46875,-0.46965861320495605,12,7,0.1963365832001352,False
main_node75,0.0,2461862.228965514,10418,-43.40685848593699,-27.580645161290363,0.1668487787246704,9,5,0.28409091474427617,False
main_node75,0.0,2461862.302532887,6965,-7.180755781458288,-29.53125,-0.5437960624694824,9,6,0.2914053209735147,False
main_node75,0.0,2461863.276599647,3505,25.944479772370002,-42.18750000000006,-0.1959797590970993,12,7,0.3898018548745484,False
main_node75,0.0,2461863.28900056,9137,-28.630989836924357,-42.18750000000006,-0.2725609242916107,12,7,0.3912677649110812,False
main_node75,0.0,2461863.3637513923,5936,2.388015463268772,-43.59375,-0.5856463313102722,11,5,0.398627990403044,False
main_node75,0.0,2461864.265720254,6956,-7.180755781458288,-54.84375,0.006301002111285925,14,7,0.49693121597784257,False
main_node75,0.0,2461864.3399924464,3500,25.944479772370002,-56.25,-0.2411605417728424,15,7,0.5054097258355061,False
main_node75,0.0,2461864.3523934325,9132,-28.630989836924357,-56.25,-0.31855666637420654,17,7,0.5069531689983193,False
main_node75,0.0,2461890.27518125,5682,4.780191847199163,-37.96875000000006,-0.3554704487323761,5,4,0.16429819193178494,False
main_node75,0.0,2461891.254850986,4782,13.24801490567694,-50.625,-0.06031733378767967,10,6,0.25044049806966046,False
main_node75,0.0,2461891.267724178,10410,-43.40685848593699,-50.806451612903174,-0.29637449979782104,12,7,0.2517663266096001,False
main_node75,0.0,2461910.5712827328,9939,-38.68218745348943,54.84375,-0.3346717655658722,3,1,0.26238578384847366,False
main_node75,0.0,2461937.557081794,6485,-3.583321698471977,59.0625,-0.3895271122455597,7,3,0.5137602414214042,False
main_node75,0.0,2461938.538401507,6352,-2.388015463268786,46.40625,-0.10765358060598373,9,6,0.4198821138335494,False
main_node75,0.0,2461939.5141523504,3660,23.31795706533424,33.75,0.24902240931987762,6,4,0.3289039552362516,False
main_node75,0.0,2461939.5265825875,9292,-31.388166464348544,33.75,0.03683534264564514,8,6,0.3276291856129773,False
main_node75,0.0,2461966.5057726814,2765,32.79716829582364,37.96875,0.1967128962278366,13,7,0.5845544028804557,False
main_node75,0.0,2461966.5182292014,8397,-22.02431283704216,37.96875,-0.0336800180375576,12,7,0.583240341164785,False
main_node75,0.0,2461967.4923611977,4937,10.806922874860334,25.3125,0.381552517414093,12,7,0.4896304383312982,False
main_node75,0.0,2461967.5050405506,10436,-44.99388015045713,25.5,0.18237480521202087,12,7,0.4882759169749775,False
main_node75,0.0,2461968.4838614976,9412,-32.79716829582364,12.65625,0.3872458338737488,11,7,0.3925216709421135,False
main_node75,0.0,2461968.557936851,5956,1.1937484371410676,11.25,0.29686230421066284,8,5,0.38575358533244314,False
main_node75,0.0,2461969.531352847,2495,37.16889965599944,-2.8125,-0.5175340175628662,9,6,0.2919028275622101,False
main_node75,0.0,2461969.5485903085,10047,-38.68218745348943,-1.40625,0.2890271246433258,9,6,0.2906025554404951,False
main_node75,0.0,2461995.471541756,6726,-5.979156796301311,16.875,0.4790094494819641,13,7,0.6488631215432796,True
main_node75,0.0,2461995.5463867974,3525,24.62431835216408,15.46875,0.28014621138572693,16,7,0.6417626959114513,True
main_node75,0.0,2461995.5587985264,9157,-30.000000000000014,15.46875,0.01588936522603035,15,6,0.6411145553867235,True
main_node75,0.0,2461996.459228391,9409,-32.79716829582364,4.21875,0.5108402967453003,14,7,0.5543269795307215,True
main_node75,0.0,2461996.531669281,5185,8.385538647081319,2.8125,0.4920521676540375,15,7,0.5467805330509032,True
main_node75,0.0,2461997.520172369,8508,-22.02431283704216,-9.84375,0.584746241569519,12,7,0.44759612018059575,True
main_node75,0.0,2462039.2017959603,1977,43.406858485936986,-18.870967741935488,-0.3521396815776825,3,1,0.4133269223336463,False
main_node75,0.0,2462040.260034407,4020,20.742379954487134,-33.75000000000006,0.15126703679561615,6,2,0.5225914512223239,False
main_node75,0.0,2462041.242507515,3631,24.62431835216408,-46.40625,-0.07599877566099167,12,7,0.6207150094789314,False
main_node75,0.0,2462069.20668396,8748,-24.62431835216408,-54.84375,-0.5575670599937439,11,7,0.4523251089206807,False
main_node75,0.0,2462069.2084261104,7980,-16.957763300004146,-54.84375,-0.5263625979423523,11,7,0.4523251089206807,False
main_node75,0.0,2462115.585988637,9043,-28.630989836924357,53.4375,-0.062497254461050034,13,7,0.40476420250646994,False
main_node75,0.0,2462115.599626072,2899,31.38816646434855,53.4375,0.3389255404472351,12,7,0.40319908973124563,False
main_node75,0.0,2462116.584310246,1753,44.993880150457116,40.5,0.4139178395271301,9,4,0.295183333504186,False
main_node75,0.0,2462116.654527372,6734,-5.979156796301311,39.375,0.15800805389881134,8,6,0.2878957741236715,False
main_node75,0.0,2462117.6380214114,5833,2.388015463268772,26.71875,-0.05985415726900101,7,4,0.19102484292301722,False
main_node75,0.0,2462117.6391105773,5321,7.180755781458274,26.71875,-0.025648465380072594,7,4,0.19102484292301722,False
main_node75,0.0,2462143.4866064377,5840,2.388015463268772,46.40625,-0.34655216336250305,11,4,0.5667866777915654,False
main_node75,0.0,2462143.5642919736,7760,-15.713861048008212,45.0,-0.15018582344055176,14,7,0.5580983325380514,False
main_node75,0.0,2462143.6434625997,8911,-27.27961273597809,43.59375,0.06012142077088356,16,7,0.5486048706702068,False
main_node75,0.0,2462143.658450507,2255,38.68218745348943,43.59375,0.5094318389892578,14,6,0.5470214733221831,False
main_node75,0.0,2462144.5456024124,7883,-16.957763300004146,32.34375,-0.42611387372016907,10,4,0.44570868982807116,False
main_node75,0.0,2462144.556907597,2763,32.79716829582364,32.34375,-0.020530417561531067,12,6,0.44492348730341735,False
main_node75,0.0,2462144.637759533,3147,28.630989836924343,30.9375,0.22617106139659882,14,7,0.43551253356194397,False
main_node75,0.0,2462145.6084228945,8134,-19.47122063449069,18.28125,-0.3947424292564392,9,5,0.3287710409729892,False
main_node75,0.0,2462145.6216362375,2246,38.68218745348943,18.28125,0.08513958007097244,12,7,0.32729874107386947,False
main_node75,0.0,2462172.5259101205,5576,4.780191847199163,23.90625,-0.45874178409576416,15,7,0.6006439671748987,False
main_node75,0.0,2462172.5967581086,10311,-43.40685848593699,21.774193548387103,0.06204851716756821,14,7,0.5928665049990544,True
main_node75,0.0,2462172.6058084406,6472,-3.583321698471977,22.5,-0.1991538107395172,15,7,0.5920879717761393,False
main_node75,0.0,2462173.587672898,6339,-2.388015463268786,9.84375,-0.4670187532901764,13,7,0.48127458447232563,False
main_node75,0.0,2462173.5977153783,1987,41.81031489577859,9.84375,0.0006687123677693307,13,7,0.4804993052611047,True
main_node75,0.0,2462174.6483171633,7742,-14.477512185929939,-4.21875,-0.5047922730445862,9,6,0.3662330183494326,True
main_node75,0.0,2462185.23437555,1751,44.993880150457116,34.5,-0.5333804488182068,6,4,0.1626631952285782,True
main_node75,0.0,2462186.2242874587,5192,8.385538647081319,22.5,-0.2850194573402405,12,7,0.2365374118958525,False
main_node75,0.0,2462187.197922886,1863,43.406858485936986,10.16129032258064,0.530724823474884,10,5,0.31927364345995396,True
main_node75,0.0,2462187.2105171853,7363,-12.024699180565818,9.84375,-0.1838601976633072,12,7,0.31988786909916245,False
main_node75,0.0,2462187.284870566,3907,20.742379954487134,8.4375,-0.2086438536643982,11,7,0.3266790069210791,False
main_node75,0.0,2462187.2983762072,9923,-38.68218745348943,9.84375,0.4538385272026062,11,6,0.32791821893123674,True
main_node75,0.0,2462188.2711762926,6206,0.0,-4.21875,-0.13284380733966827,13,7,0.4177930559187736,False
main_node75,0.0,2462188.34646923,3262,28.630989836924343,-5.625,-0.16740718483924866,12,5,0.425080407820745,False
main_node75,0.0,2462189.244992095,2746,34.228866327812575,-16.875,0.3987932503223419,14,7,0.5122409280742833,False
main_node75,0.0,2462189.25748248,8378,-20.74237995448715,-16.875,-0.034519802778959274,13,7,0.5136108493087121,False
main_node75,0.0,2462189.33183574,4921,12.024699180565818,-18.28125,-0.0796646773815155,17,7,0.5211519317099935,False
main_node75,0.0,2462190.2244982226,1973,43.406858485936986,-30.48387096774195,-0.039198797196149826,15,7,0.6092665338119533,False
main_node75,0.0,2462190.2376526957,7733,-14.477512185929939,-29.53125,0.2922718822956085,14,7,0.6106413581801827,False
main_node75,0.0,2462190.3131516464,4789,13.24801490567694,-30.9375,0.20055897533893585,17,7,0.6181975087146152,False
main_node75,0.0,2462190.326025236,10417,-43.40685848593699,-30.48387096774195,0.0540335439145565,17,7,0.6195704910152767,False
main_node75,0.0,2462190.400140219,7220,-9.594068226860458,-32.34375000000006,-0.30799537897109985,16,7,0.6271142473164782,False
main_node80,0.0,2461535.2570382874,1848,44.993880150457116,-34.50000000000006,0.0423283614218235,4,3,0.14285837338495022,False
main_node80,0.0,2461535.2705517597,7731,-14.477512185929939,-35.15625,-0.19121761620044708,5,5,0.1440003400822294,False
main_node80,0.0,2461536.2559863618,9391,-31.388166464348544,-47.81250000000006,0.15999005734920502,8,4,0.23377098731273924,False
main_node80,0.0,2461555.5540261697,6356,-2.388015463268786,57.65625,-0.1654452532529831,5,3,0.35804287045205824,False
main_node80,0.0,2461583.5232523223,3537,24.62431835216408,49.21875,-0.12644070386886597,11,7,0.5197809612380897,False
main_node80,0.0,2461583.536299588,9425,-32.79716829582364,49.21875,0.13242019712924957,10,6,0.5183899780379544,False
main_node80,0.0,2461584.511253976,6477,-3.583321698471977,36.5625,0.28118249773979187,10,7,0.4191520347538996,False
main_node80,0.0,2461586.5473159486,2499,35.68533471265204,9.84375,0.24384048581123352,6,4,0.21853151371390206,False
main_node80,0.0,2461586.5604289025,8387,-22.02431283704216,9.84375,0.5578359365463257,6,3,0.21725901311194043,False
main_node80,0.0,2461612.483348357,4938,10.806922874860334,28.125,0.3761773109436035,12,7,0.5757708538950564,False
main_node80,0.0,2461612.5577397426,1869,43.406858485936986,27.580645161290306,0.5530798435211182,13,6,0.5686935575438583,False
main_node80,0.0,2461612.5708929915,7625,-14.477512185929939,26.71875,0.1591741442680359,13,4,0.5672746399452114,False
main_node80,0.0,2461613.473292287,8773,-25.944479772370016,14.0625,-0.5251904129981995,13,7,0.47308278075955273,False
main_node80,0.0,2461613.548924734,5957,1.1937484371410676,14.0625,0.3733738362789154,11,6,0.46498450766623617,False
main_node80,0.0,2461614.522680111,2496,35.68533471265204,1.40625,0.40092387795448303,12,7,0.36164583114118987,False
main_node80,0.0,2461615.514013645,6971,-7.180755781458288,-12.65625,-0.43939143419265747,9,5,0.2590819718675586,False
main_node80,0.0,2461616.5695755896,3382,27.27961273597809,-26.71875,-0.5732699036598206,7,4,0.15999413357104267,False
main_node80,0.0,2461657.261064266,10420,-43.40685848593699,-21.774193548387075,-0.3684532344341278,5,1,0.5978651360188312,False
main_node80,0.0,2461686.224593426,7728,-14.477512185929939,-43.59375,-0.3023090362548828,9,6,0.523348980473106,False
main_node80,0.0,2461687.2075687787,7084,-8.385538647081319,-56.25,-0.5954053401947021,12,7,0.6158214203020674,False
main_node80,0.0,2461687.283164942,9771,-35.68533471265205,-57.65625000000006,-0.1830461621284485,11,6,0.622824406058463,False
main_node80,0.0,2461687.2940057144,4907,12.024699180565818,-57.65625000000006,-0.3064398467540741,12,6,0.6234602810935198,False
main_node80,0.0,2461714.194458308,10029,-38.68218745348943,-52.03125,-0.3739362061023712,9,6,0.34868787259693834,False
main_node80,0.0,2461760.575688733,9556,-34.22886632781257,56.25,0.05944719538092613,13,7,0.4242157762299369,False
main_node80,0.0,2461760.586476533,4692,13.24801490567694,56.25,0.062171079218387604,13,7,0.42345465084630396,False
main_node80,0.0,2461760.664722743,6355,-2.388015463268786,54.84375,0.39815711975097656,11,5,0.41435210485168483,False
main_node80,0.0,2461761.644951329,6991,-8.385538647081319,42.1875,0.12116970121860504,10,6,0.31141738594618945,False
main_node80,0.0,2461761.6460425477,6479,-3.583321698471977,42.1875,0.12081622332334518,10,6,0.31141738594618945,False
main_node80,0.0,2461788.485822579,2257,38.68218745348943,49.21875,-0.32510948181152344,11,4,0.5917016818497572,False
main_node80,0.0,2461788.559646337,5713,3.5833216984719627,47.8125,-0.11790524423122406,14,7,0.5833103055387523,False
main_node80,0.0,2461788.6373415175,7632,-14.477512185929939,46.40625,0.19880913197994232,16,7,0.5749138196725282,False
main_node80,0.0,2461788.6501314337,2000,41.81031489577859,46.40625,0.1856854259967804,15,6,0.5733868146856306,False
main_node80,0.0,2461789.5431558955,4812,12.024699180565818,35.15625,-0.3835848867893219,10,4,0.47613504897915937,False
main_node80,0.0,2461789.6203172076,6988,-8.385538647081319,33.75,-0.07020220160484314,12,7,0.46788323454594327,False
main_node80,0.0,2461790.6038138145,6087,0.0,21.09375,-0.34596526622772217,9,4,0.36441524206539,False
main_node80,0.0,2461790.6043564924,5831,2.388015463268772,21.09375,-0.34470486640930176,9,4,0.36441524206539,False
main_node80,0.0,2461791.6699363175,4802,12.024699180565818,7.03125,-0.2830086946487427,3,3,0.2622711573426043,False
main_node80,0.0,2461817.518521977,4809,12.024699180565818,26.71875,-0.5607826709747314,13,6,0.640448813579489,True
main_node80,0.0,2461817.5934508736,8009,-18.209956864283015,25.3125,-0.26316535472869873,14,7,0.633147602422617,True
main_node80,0.0,2461831.211864687,3657,23.31795706533424,25.3125,-0.22556208074092865,10,7,0.16128172176787536,False
main_node80,0.0,2461831.2249407307,9545,-34.22886632781257,25.3125,-0.2646189332008362,9,6,0.1617838830150506,False
main_node80,0.0,2461832.2089805356,10432,-44.99388015045713,13.5,0.5436179637908936,9,5,0.23957495023794723,False
main_node80,0.0,2461832.2841253257,7748,-15.713861048008212,11.25,-0.32275450229644775,6,5,0.24612178208362512,False
main_node80,0.0,2461833.2610615427,5695,4.780191847199163,-1.40625,-0.03976849839091301,12,7,0.33578988000357834,False
main_node80,0.0,2461834.2359634,2747,34.228866327812575,-14.0625,0.2265550047159195,13,7,0.4335654693650055,False
main_node80,0.0,2461834.249039328,8635,-23.31795706533424,-14.0625,0.19705629348754883,13,7,0.43500966855308065,False
main_node80,0.0,2461834.3244539807,5690,4.780191847199163,-15.46875,-0.09035686403512955,15,7,0.44297970181873675,False
main_node80,0.0,2461835.217225818,2614,35.68533471265204,-26.71875,0.4500057101249695,13,7,0.537618390787598,False
main_node80,0.0,2461835.2303391206,8502,-22.02431283704216,-26.71875,0.4585005044937134,14,7,0.5391161465060861,False
main_node80,0.0,2461835.3052282953,5302,8.385538647081319,-28.125,0.1872415989637375,16,7,0.5473579925430053,False
main_node80,0.0,2461835.3801434278,2357,38.68218745348943,-29.53125,-0.07402744889259338,16,7,0.5556069041100475,False
main_node80,0.0,2461835.3933571945,8245,-19.47122063449069,-29.53125,-0.15023155510425568,14,6,0.5571073887802528,False
main_node80,0.0,2461861.227650731,1980,43.406858485936986,-10.161290322580612,-0.057435229420661926,9,5,0.19519798992474474,False
main_node80,0.0,2461861.2408036212,7740,-14.477512185929939,-9.84375,0.11399554461240768,12,7,0.1963365832001352,False
main_node80,0.0,2461862.224405967,8632,-23.31795706533424,-22.5,0.3497847616672516,9,4,0.2834290378315618,False
main_node80,0.0,2461862.2998205204,5687,4.780191847199163,-23.90625,0.09222567081451416,11,7,0.29073671698013215,False
main_node80,0.0,2461863.274054631,2483,37.16889965599944,-36.5625,0.34671226143836975,12,7,0.3890688998317077,False
main_node80,0.0,2461863.287213526,8371,-20.74237995448715,-36.5625,0.3134702146053314,12,7,0.3905348098682405,False
main_node80,0.0,2461863.362119537,5170,9.594068226860458,-37.96875000000006,0.04692254960536957,11,5,0.398627990403044,False
main_node80,0.0,2461864.2735945373,10286,-41.81031489577862,-49.21875000000006,0.4102964401245117,14,7,0.49770141998650896,False
main_node80,0.0,2461864.34834885,7342,-10.806922874860348,-50.625,0.29378849267959595,16,7,0.5061814473910388,False
main_node80,0.0,2461890.272420482,4404,16.957763300004146,-32.34375000000006,0.2789340615272522,6,5,0.1637427321355722,False
main_node80,0.0,2461891.250735122,2992,31.38816646434855,-45.0,0.5198355913162231,8,4,0.24977758379969062,False
main_node80,0.0,2461891.2637626478,8880,-25.944479772370016,-45.0,0.43233001232147217,11,7,0.2511034123396303,False
main_node80,0.0,2461892.3121193303,2219,40.228184728061095,-59.0625,0.45599883794784546,12,7,0.3577407239277878,False
main_node80,0.0,2461892.325398045,8107,-18.209956864283015,-59.0625,0.42592528462409973,9,6,0.3592292182877238,False
main_node80,0.0,2461938.5340139917,4306,16.957763300004146,52.03125,0.5632265210151672,9,6,0.4205410422058109,False
main_node80,0.0,2461938.547367423,10194,-41.81031489577862,52.03125,0.23718897998332977,8,4,0.4192236614824427,False
main_node80,0.0,2461966.434165325,7375,-12.024699180565818,43.59375,-0.4277958869934082,11,5,0.5911094156549199,False
main_node80,0.0,2461966.517087291,7887,-16.957763300004146,43.59375,0.5914473533630371,13,7,0.5838973720226204,False
main_node80,0.0,2461967.4920911756,4810,12.024699180565818,29.53125,-0.38138413429260254,12,7,0.4896304383312982,False
main_node80,0.0,2461967.5046879034,10314,-43.40685848593699,30.48387096774195,0.1962025761604309,12,7,0.4882759169749775,False
main_node80,0.0,2461968.4848614405,9798,-37.168899655999454,16.875,-0.2741667330265045,11,7,0.3925216709421135,False
main_node80,0.0,2461968.5593008786,6597,-4.780191847199163,15.46875,-0.5054680109024048,7,4,0.3850773096574919,False
main_node80,0.0,2461969.5333018834,3137,28.630989836924343,2.8125,-0.07824216783046722,9,6,0.2919028275622101,False
main_node80,0.0,2461969.5463130944,9025,-28.630989836924357,2.8125,-0.2933269739151001,9,6,0.2906025554404951,False
main_node80,0.0,2461995.47127655,6599,-4.780191847199163,21.09375,-0.29180708527565,13,7,0.6488631215432796,False
main_node80,0.0,2461995.5460938914,3399,25.944479772370002,19.6875,-0.4237974286079407,16,7,0.6417626959114513,False
main_node80,0.0,2461996.445887937,3395,25.944479772370002,8.4375,0.11835650354623795,14,7,0.5556952158003259,False
main_node80,0.0,2461996.4589150446,9283,-31.388166464348544,8.4375,-0.13193993270397186,14,7,0.5543269795307215,False
main_node80,0.0,2461996.53412435,6338,-2.388015463268786,7.03125,-0.33221694827079773,15,7,0.5467805330509032,False
main_node80,0.0,2461997.506034203,2238,40.228184728061095,-5.625,0.13889196515083313,12,7,0.4490079660998463,True
main_node80,0.0,2461997.51931249,8126,-18.209956864283015,-5.625,-0.11888342350721359,12,7,0.44759612018059575,False
main_node80,0.0,2461998.4865424912,1853,44.993880150457116,-19.5,-0.5063793659210205,12,7,0.34962510065517877,True
main_node80,0.0,2461998.4995005103,7481,-12.024699180565818,-18.28125,0.1783871352672577,12,7,0.34822655492947274,False
main_node80,0.0,2461998.574996683,4537,15.713861048008212,-19.6875,-0.028033580631017685,9,5,0.3405497610988058,False
main_node80,0.0,2461998.5884315018,10421,-43.40685848593699,-18.870967741935488,0.3401035666465759,8,3,0.33915610895142045,True
main_node80,0.0,2461999.5623409445,7220,-9.594068226860458,-32.34375000000006,0.14020611345767975,9,6,0.2441343198680942,True
main_node80,0.0,2462040.2472212864,9781,-35.68533471265205,-29.53125,0.45187464356422424,7,3,0.5218830367115487,False
main_node80,0.0,2462041.232783464,8113,-18.209956864283015,-42.18750000000006,0.3973848521709442,12,7,0.62004469102248,False
main_node80,0.0,2462069.206990124,8622,-23.31795706533424,-50.625,0.17394676804542542,11,7,0.4523251089206807,False
main_node80,0.0,2462069.220734201,2478,37.16889965599944,-50.625,0.5157513618469238,9,6,0.4537029101943938,False
main_node80,0.0,2462097.1840854166,7851,-15.713861048008212,-59.0625,0.053067222237586975,9,6,0.28233339371007554,False
main_node80,0.0,2462115.5830027754,10196,-41.81031489577862,57.65625,0.4315595328807831,13,7,0.40476420250646994,False
main_node80,0.0,2462115.591692039,6485,-3.583321698471977,59.0625,-0.49761492013931274,13,7,0.40398164609262055,False
main_node80,0.0,2462116.652327589,7760,-15.713861048008212,45.0,-0.5094594955444336,8,6,0.2878957741236715,False
main_node80,0.0,2462116.6545396745,6736,-5.979156796301311,45.0,-0.46063482761383057,8,6,0.2878957741236715,False
main_node80,0.0,2462117.632189982,8523,-23.31795706533424,30.9375,0.4950672686100006,8,4,0.19165563955772705,False
main_node80,0.0,2462143.4902112125,4178,18.209956864283,50.625,0.5200905799865723,11,4,0.5659976627460418,False
main_node80,0.0,2462143.5576495524,10444,-44.99388015045713,49.5,0.025021107867360115,14,7,0.558888839896359,False
main_node80,0.0,2462143.6428572005,9169,-30.000000000000014,49.21875,-0.49215877056121826,16,7,0.5486048706702068,False
main_node80,0.0,2462143.6564903455,3025,29.999999999999993,49.21875,-0.08371458947658539,14,6,0.5470214733221831,False
main_node80,0.0,2462144.554763872,3661,23.31795706533424,36.5625,0.59125816822052,12,6,0.44492348730341735,False
main_node80,0.0,2462144.626259529,8396,-22.02431283704216,35.15625,0.5856780409812927,12,7,0.437078262552088,False
main_node80,0.0,2462145.609846751,7496,-13.248014905676953,22.5,0.4117951989173889,9,5,0.3287710409729892,False
main_node80,0.0,2462145.61967713,3016,29.999999999999993,23.90625,-0.5573737025260925,11,7,0.3280348910234293,False
main_node80,0.0,2462172.5245630927,6218,-1.1937484371410818,28.125,0.27323874831199646,15,7,0.6006439671748987,False
main_node80,0.0,2462172.603900493,7369,-12.024699180565818,26.71875,0.5073288679122925,15,7,0.5920879717761393,False
main_node80,0.0,2462172.6119348044,3658,23.31795706533424,28.125,-0.5568016767501831,16,7,0.5913094385532242,False
main_node80,0.0,2462173.597018714,2245,38.68218745348943,15.46875,-0.5477767586708069,13,7,0.4804993052611047,False
main_node80,0.0,2462174.6438400326,9536,-34.22886632781257,0.0,0.05592429265379906,9,6,0.3662330183494326,False
main_node80,0.0,2462174.654627639,4672,13.24801490567694,0.0,0.4767990708351135,7,5,0.36550135392614996,False
main_node80,0.0,2462187.29982033,10432,-44.99388015045713,13.5,-0.5985852479934692,11,6,0.32791821893123674,True
main_node80,0.0,2462188.276785348,8640,-24.62431835216408,1.40625,0.25424155592918396,13,7,0.41845428158321124,True
main_node80,0.0,2462188.3538030367,6464,-3.583321698471977,0.0,0.13513721525669098,11,5,0.42574438800281666,True
main_node80,0.0,2462189.256921088,8124,-18.209956864283015,-11.25,0.5909397602081299,13,7,0.5136108493087121,True
main_node80,0.0,2462189.333496001,5691,4.780191847199163,-12.65625,0.47759994864463806,17,7,0.5211519317099935,True
main_node80,0.0,2462190.2259283015,2487,37.16889965599944,-25.3125,-0.005122931208461523,14,7,0.609953945996068,True
main_node80,0.0,2462190.239086756,8375,-20.74237995448715,-25.3125,-0.49240219593048096,14,7,0.6106413581801827,True
main_node80,0.0,2462190.3134399364,4918,12.024699180565818,-26.71875,-0.5792086124420166,17,7,0.6181975087146152,True
main_node80,0.0,2462190.392969772,3894,22.02431283704216,-26.71875,0.530456006526947,17,7,0.6264288692554308,True
main_node80,0.0,2462190.406082397,9782,-35.68533471265205,-26.71875,0.04979798570275307,16,7,0.6271142473164782,True
main_node85,0.0,2461535.2577582425,2101,41.81031489577859,-29.53125,0.045587025582790375,4,3,0.14285837338495022,False
main_node85,0.0,2461535.2711114725,7989,-16.957763300004146,-29.53125,0.4223038852214813,5,5,0.1440003400822294,False
main_node85,0.0,2461537.3063471615,3500,25.944479772370002,-56.25,0.3679002523422241,12,7,0.3439616768629246,False
main_node85,0.0,2461583.5207365374,2515,35.68533471265204,54.84375,0.34744226932525635,11,7,0.5197809612380897,False
main_node85,0.0,2461584.5012962637,2127,40.228184728061095,42.1875,0.5166128873825073,11,7,0.4205674327277874,False
main_node85,0.0,2461584.513170269,7374,-12.024699180565818,40.78125,-0.4482734799385071,10,7,0.4191520347538996,False
main_node85,0.0,2461586.5501240627,3653,23.31795706533424,14.0625,-0.3755550682544708,6,4,0.21853151371390206,False
main_node85,0.0,2461586.5631999257,9541,-34.22886632781257,14.0625,-0.09488363564014435,6,3,0.21725901311194043,False
main_node85,0.0,2461612.4868888664,6603,-4.780191847199163,32.34375,-0.3299970030784607,12,7,0.5757708538950564,False
main_node85,0.0,2461612.5625971393,3787,22.02431283704216,32.34375,0.5854177474975586,14,5,0.5679840987445348,False
main_node85,0.0,2461613.46438503,4679,13.24801490567694,19.6875,-0.1274426430463791,12,7,0.4738185375578496,False
main_node85,0.0,2461613.477618809,10434,-44.99388015045713,19.5,-0.03843966871500015,12,7,0.4723470239119195,False
main_node85,0.0,2461613.551374747,7110,-9.594068226860458,18.28125,-0.3565681278705597,11,6,0.46498450766623617,False
main_node85,0.0,2461614.5272169444,4418,15.713861048008212,5.625,-0.18601565062999725,12,7,0.3609118162204667,False
main_node85,0.0,2461615.510748736,5437,7.180755781458274,-7.03125,0.11954916268587112,9,5,0.2590819718675586,False
main_node85,0.0,2461616.566272664,2104,41.81031489577859,-21.09375,-0.06603486835956573,7,4,0.15999413357104267,False
main_node85,0.0,2461616.5796259493,7992,-16.957763300004146,-21.09375,0.1636860966682434,6,3,0.15939192559898052,False
main_node85,0.0,2461641.445770553,7492,-13.248014905676953,11.25,0.13782931864261627,14,7,0.6244034552612123,True
main_node85,0.0,2461641.521270156,4547,14.477512185929925,9.84375,-0.2784558832645416,16,7,0.6165563247900303,True
main_node85,0.0,2461641.5344226724,10307,-43.40685848593699,10.16129032258064,0.17910338938236237,18,7,0.6151252997859169,True
main_node85,0.0,2461642.427085498,7487,-12.024699180565818,-1.40625,0.4052888751029968,13,7,0.5200150576886298,True
main_node85,0.0,2461642.504247288,5311,8.385538647081319,-2.8125,0.01159339863806963,12,7,0.5117060853085819,True
main_node85,0.0,2461642.58521981,4926,12.024699180565818,-4.21875,-0.32278740406036377,14,5,0.5033752351903036,True
main_node85,0.0,2461686.2213782337,9138,-28.630989836924357,-39.375,0.43304166197776794,9,6,0.523348980473106,False
main_node85,0.0,2461686.232597301,4018,20.742379954487134,-39.375,0.3762921392917633,9,6,0.5240104218511121,False
main_node85,0.0,2461687.2026585704,9261,-30.000000000000014,-52.03125,0.188663050532341,12,7,0.6151827887990482,False
main_node85,0.0,2461687.283496538,9645,-34.22886632781257,-53.43750000000006,0.45698073506355286,11,6,0.622824406058463,False
main_node85,0.0,2461687.2948450637,4525,15.713861048008212,-53.43750000000006,0.4440922141075134,12,6,0.6234602810935198,False
main_node85,0.0,2461714.195471937,9647,-34.22886632781257,-47.81250000000006,0.24846941232681274,9,6,0.34868787259693834,False
main_node85,0.0,2461742.1727201357,8876,-25.944479772370016,-56.25,0.08546940237283707,5,3,0.1902864370106275,False
main_node85,0.0,2461761.6449546358,6993,-8.385538647081319,47.8125,-0.4963841140270233,10,6,0.31141738594618945,False
main_node85,0.0,2461761.6460458636,6481,-3.583321698471977,47.8125,-0.5026500821113586,10,6,0.31141738594618945,False
main_node85,0.0,2461788.4835417955,3155,28.630989836924343,53.4375,0.3020797371864319,11,4,0.5917016818497572,False
main_node85,0.0,2461788.6311348574,10194,-41.81031489577862,52.03125,-0.33425453305244446,17,7,0.575677322165977,False
main_node85,0.0,2461788.640092596,6354,-2.388015463268786,52.03125,-0.41536572575569153,16,7,0.5749138196725282,False
main_node85,0.0,2461789.544564466,4174,18.209956864283,39.375,0.3705754280090332,10,4,0.47613504897915937,False
main_node85,0.0,2461789.630004557,2638,34.228866327812575,39.375,-0.555072009563446,13,7,0.4663856043723775,False
main_node85,0.0,2461790.6097123707,3401,25.944479772370002,25.3125,0.40360334515571594,10,5,0.3637115784883403,False
main_node85,0.0,2461791.663069456,8004,-18.209956864283015,11.25,0.4529940187931061,4,3,0.2629002306337727,False
main_node85,0.0,2461817.5092877415,9035,-28.630989836924357,30.9375,0.14303915202617645,11,4,0.6419077388005425,False
main_node85,0.0,2461817.5216885256,3403,25.944479772370002,30.9375,0.20111475884914398,13,6,0.640448813579489,False
main_node85,0.0,2461817.6014456595,4298,16.957763300004146,29.53125,0.5162373781204224,15,7,0.6316854829033296,False
main_node85,0.0,2461818.5714061907,9542,-34.22886632781257,16.875,0.1633642315864563,8,4,0.529654717834597,True
main_node85,0.0,2461818.5844821474,3654,23.31795706533424,16.875,0.25027886033058167,13,7,0.5281909303612079,True
main_node85,0.0,2461819.6444793995,5185,8.385538647081319,2.8125,0.3019871711730957,7,5,0.4183139635289542,True
main_node85,0.0,2461831.208722305,2379,37.16889965599944,30.9375,0.32385900616645813,9,5,0.16077956048702757,True
main_node85,0.0,2461831.221881092,8267,-20.74237995448715,30.9375,0.3119947910308838,9,6,0.1617838830150506,True
main_node85,0.0,2461832.2721138676,2374,37.16889965599944,16.875,0.28042715787887573,9,6,0.2449276564486074,True
main_node85,0.0,2461832.285272707,8262,-20.74237995448715,16.875,0.2673923671245575,6,5,0.24612178208362512,False
main_node85,0.0,2461833.262152347,6081,0.0,4.21875,0.5817217230796814,12,7,0.33578988000357834,False
main_node85,0.0,2461834.2362920227,2876,32.79716829582364,-9.84375,-0.4326815605163574,13,7,0.4335654693650055,False
main_node85,0.0,2461834.2493399014,8764,-24.62431835216408,-9.84375,-0.5139357447624207,13,7,0.43500966855308065,False
main_node85,0.0,2461834.3244585185,5692,4.780191847199163,-9.84375,0.5319353938102722,15,7,0.44297970181873675,False
main_node85,0.0,2461835.2161972076,2232,40.228184728061095,-22.5,-0.16840186715126038,13,7,0.537618390787598,False
main_node85,0.0,2461835.2294757157,8120,-18.209956864283015,-22.5,-0.2659864127635956,14,7,0.5391161465060861,False
main_node85,0.0,2461835.3049569577,5175,9.594068226860458,-23.90625,-0.5840728878974915,16,7,0.5473579925430053,False
main_node85,0.0,2461835.3790737605,1975,43.406858485936986,-24.677419354838776,-0.16864141821861267,16,7,0.5556069041100475,False
main_node85,0.0,2461835.392227117,7735,-14.477512185929939,-23.90625,0.45737141370773315,15,6,0.5563571464451501,False
main_node85,0.0,2461836.2113558734,8243,-19.47122063449069,-35.15625,-0.003346129087731242,13,5,0.6446642260212906,False
main_node85,0.0,2461861.2446506023,9406,-31.388166464348544,-5.625,-0.5923246741294861,12,7,0.1963365832001352,False
main_node85,0.0,2461862.226563898,9529,-32.79716829582364,-18.28125,-0.35125064849853516,9,5,0.28409091474427617,False
main_node85,0.0,2461863.2730039842,2100,41.81031489577859,-32.34375000000006,-0.2501850724220276,12,7,0.3890688998317077,False
main_node85,0.0,2461863.2863575974,7988,-16.957763300004146,-32.34375000000006,-0.4177660644054413,12,7,0.3905348098682405,False
main_node85,0.0,2461864.2563204365,2736,34.228866327812575,-45.0,-0.0702081099152565,15,7,0.4961610119691762,False
main_node85,0.0,2461864.2693963866,8624,-23.31795706533424,-45.0,-0.1559470295906067,14,7,0.49770141998650896,False
main_node85,0.0,2461864.3448109645,5679,4.780191847199163,-46.40625,-0.4616835415363312,16,7,0.5061814473910388,False
main_node85,0.0,2461865.237583269,2603,35.68533471265204,-57.65625000000006,0.16097401082515717,13,6,0.6052468962016737,False
main_node85,0.0,2461865.2506961813,8491,-22.02431283704216,-57.65625000000006,0.10056231915950775,15,7,0.6067890586685291,False
main_node85,0.0,2461865.32558545,5291,8.385538647081319,-59.0625,-0.18001724779605865,17,7,0.6152573638178425,False
main_node85,0.0,2461865.419153971,10407,-43.40685848593699,-59.51612903225811,0.2477235347032547,15,6,0.6252409228660852,False
main_node85,0.0,2461890.278733865,7350,-10.806922874860348,-28.125,-0.5303680300712585,5,4,0.16429819193178494,False
main_node85,0.0,2461891.258414569,6449,-2.388015463268786,-40.78125,-0.24864719808101654,10,6,0.25044049806966046,False
main_node85,0.0,2461892.243036188,7853,-15.713861048008212,-53.43750000000006,0.00465392554178834,10,4,0.3503187842622861,False
main_node85,0.0,2461892.317975137,4652,14.477512185929925,-54.84375,-0.2633852958679199,11,7,0.3584849711077558,False
main_node85,0.0,2461892.3311293586,10409,-43.40685848593699,-53.709677419354875,0.5217875838279724,9,6,0.3599734654676918,False
main_node85,0.0,2461938.5403290014,7252,-10.806922874860348,56.25,-0.28626787662506104,9,6,0.4198821138335494,False
main_node85,0.0,2461939.5167326746,4815,12.024699180565818,43.59375,0.06048992648720741,6,4,0.3289039552362516,False
main_node85,0.0,2461966.4341740753,7377,-12.024699180565818,49.21875,0.18659649789333344,11,5,0.5911094156549199,False
main_node85,0.0,2461966.509670089,4433,15.713861048008212,47.8125,-0.027906356379389763,13,7,0.5845544028804557,False
main_node85,0.0,2461966.5231036353,10320,-43.40685848593699,47.903225806451616,-0.17202430963516235,12,7,0.583240341164785,False
main_node85,0.0,2461967.4975644713,7372,-12.024699180565818,35.15625,0.13851137459278107,12,7,0.48895340455544173,False
main_node85,0.0,2461968.4761530887,5960,1.1937484371410676,22.5,0.46847864985466003,9,5,0.39319898627783056,False
main_node85,0.0,2461968.5514065768,3015,29.999999999999993,21.09375,0.22662918269634247,9,6,0.38642986100739435,False
main_node85,0.0,2461968.564421684,8903,-27.27961273597809,21.09375,0.022299962118268013,7,4,0.3850773096574919,False
main_node85,0.0,2461969.538457191,5443,5.979156796301311,8.4375,0.4314379394054413,9,6,0.29125184411575145,False
main_node85,0.0,2461995.462747388,2761,32.79716829582364,26.71875,0.4355359375476837,13,7,0.6495070888272666,False
main_node85,0.0,2461995.475794866,8649,-24.62431835216408,26.71875,0.218292236328125,13,7,0.6482191542161113,False
main_node85,0.0,2461995.5511843245,5705,3.5833216984719627,25.3125,0.03968533128499985,16,7,0.6417626959114513,False
main_node85,0.0,2461996.443680991,2500,35.68533471265204,12.65625,-0.48262473940849304,14,7,0.5556952158003259,False
main_node85,0.0,2461996.526774178,3012,29.999999999999993,12.65625,0.38438624143600464,15,7,0.5474672807358253,False
main_node85,0.0,2461996.539789344,8900,-27.27961273597809,12.65625,0.15837229788303375,16,7,0.5460937853199311,False
main_node85,0.0,2461997.5149126,5952,1.1937484371410676,0.0,0.584780216217041,12,7,0.448302043140221,False
main_node85,0.0,2461997.590165956,3135,29.999999999999993,-1.40625,0.3365422189235687,12,3,0.4405348562554152,False
main_node85,0.0,2461998.495960737,5819,3.5833216984719627,-14.0625,-0.5340737104415894,11,7,0.3489258277923258,False
main_node85,0.0,2461998.5069994098,10543,-44.99388015045713,-13.5,-0.16847357153892517,12,7,0.34752821450455046,False
main_node85,0.0,2461998.5804814533,7099,-8.385538647081319,-14.0625,0.4919723868370056,9,4,0.3398524108332137,False
main_node85,0.0,2461999.555454231,4022,20.742379954487134,-28.125,-0.48383089900016785,10,7,0.24478929390760962,False
main_node85,0.0,2462040.24914237,9015,-27.27961273597809,-23.90625,0.01817486435174942,7,3,0.5218830367115487,False
main_node85,0.0,2462040.2580731544,4919,12.024699180565818,-23.90625,0.24223536252975464,6,2,0.5225914512223239,False
main_node85,0.0,2462041.240502668,4531,15.713861048008212,-36.5625,-0.006793861743062735,12,7,0.6207150094789314,False
main_node85,0.0,2462069.2038545506,9904,-37.168899655999454,-45.0,-0.4374576807022095,11,7,0.4516359365908183,False
main_node85,0.0,2462069.217598394,3760,23.31795706533424,-45.0,-0.11380243301391602,10,7,0.4530140095806344,False
main_node85,0.0,2462070.197180734,4651,14.477512185929925,-57.65625000000006,-0.44772523641586304,13,7,0.5491880734482704,False
main_node85,0.0,2462070.2743310365,6827,-5.979156796301311,-59.0625,-0.2582938075065613,12,6,0.5572345259294551,False
main_node85,0.0,2462097.1798904263,9645,-34.22886632781257,-53.43750000000006,-0.595979630947113,9,6,0.2817059676224151,False
main_node85,0.0,2462097.190678407,4781,13.24801490567694,-53.43750000000006,-0.3601660132408142,9,6,0.28233339371007554,False
main_node85,0.0,2462116.579406539,3666,23.31795706533424,50.625,0.16222631931304932,9,4,0.2959163870542629,False
main_node85,0.0,2462116.6569931437,5585,4.780191847199163,49.21875,0.38337138295173645,6,5,0.2871688914576951,False
main_node85,0.0,2462117.6297227885,9549,-34.22886632781257,36.5625,-0.138118177652359,8,4,0.19165563955772705,False
main_node85,0.0,2462117.640510431,4685,13.24801490567694,36.5625,0.1563858687877655,7,4,0.19102484292301722,False
main_node85,0.0,2462143.4868999016,5716,3.5833216984719627,56.25,-0.1854993999004364,11,4,0.5667866777915654,False
main_node85,0.0,2462143.564031313,7891,-16.957763300004146,54.84375,0.009319037199020386,14,7,0.5580983325380514,False
main_node85,0.0,2462143.6425511003,9299,-31.388166464348544,53.4375,0.18757390975952148,16,7,0.5486048706702068,False
main_node85,0.0,2462143.6577945985,2515,35.68533471265204,54.84375,-0.5556735992431641,14,6,0.5470214733221831,False
main_node85,0.0,2462144.5417003357,9551,-34.22886632781257,42.1875,-0.3457527160644531,10,4,0.44649389235272496,False
main_node85,0.0,2462144.6224872116,9934,-38.68218745348943,40.78125,-0.1101556122303009,12,7,0.437078262552088,False
main_node85,0.0,2462144.634566026,4558,14.477512185929925,40.78125,0.25788453221321106,12,7,0.436295398057016,False
main_node85,0.0,2462145.617582532,3914,20.742379954487134,28.125,0.034822192043066025,11,7,0.3280348910234293,False
main_node85,0.0,2462146.669755781,9029,-28.630989836924357,14.0625,-0.235964834690094,3,3,0.22333554854069282,False
main_node85,0.0,2462172.5240331264,6476,-3.583321698471977,33.75,-0.366565078496933,12,5,0.601420880976809,False
main_node85,0.0,2462172.602792836,7883,-16.957763300004146,32.34375,-0.12932758033275604,15,7,0.5920879717761393,False
main_node85,0.0,2462172.6161459894,1995,41.81031489577859,32.34375,0.27134275436401367,18,7,0.590530905330309,False
main_node85,0.0,2462173.5874249274,6471,-3.583321698471977,19.6875,-0.31592273712158203,13,7,0.48127458447232563,False
main_node85,0.0,2462173.6612486197,9926,-38.68218745348943,18.28125,-0.23724928498268127,8,5,0.47352679277129267,False
main_node85,0.0,2462174.659407876,2626,34.228866327812575,5.625,0.04139032959938049,6,5,0.36476968955192923,False
main_node90,0.0,2461535.257392249,1975,43.406858485936986,-24.677419354838776,-0.06722903996706009,4,3,0.14285837338495022,False
main_node90,0.0,2461535.2702657827,7607,-13.248014905676953,-25.3125,-0.35456225275993347,5,5,0.1440003400822294,False
main_node90,0.0,2461536.256300098,9522,-32.79716829582364,-37.96875000000006,0.028646135702729225,8,4,0.23377098731273924,False
main_node90,0.0,2461537.3133259076,6701,-4.780191847199163,-52.03125,-0.19060580432415009,11,7,0.34472634682505854,False
main_node90,0.0,2461583.523544919,3669,23.31795706533424,59.0625,-0.25968828797340393,11,7,0.5197809612380897,False
main_node90,0.0,2461583.537288747,9813,-37.168899655999454,59.0625,0.013784781098365784,10,6,0.5183899780379544,False
main_node90,0.0,2461584.51206716,6864,-7.180755781458288,46.40625,0.14074654877185822,10,7,0.4191520347538996,False
main_node90,0.0,2461586.548914554,3143,28.630989836924343,19.6875,0.16736477613449097,6,4,0.21853151371390206,False
main_node90,0.0,2461586.5625522807,9287,-31.388166464348544,19.6875,0.41867199540138245,6,3,0.21725901311194043,False
main_node90,0.0,2461612.4863437675,6349,-2.388015463268786,37.96875,0.28321200609207153,12,7,0.5757708538950564,False
main_node90,0.0,2461612.5617054943,3405,25.944479772370002,36.5625,-0.14822445809841156,14,5,0.5679840987445348,False
main_node90,0.0,2461612.575378101,9549,-34.22886632781257,36.5625,0.07665480673313141,12,3,0.566565181145888,False
main_node90,0.0,2461613.4687523255,6729,-5.979156796301311,25.3125,0.5726770758628845,13,7,0.47308278075955273,False
main_node90,0.0,2461613.542376567,3016,29.999999999999993,23.90625,0.08082979172468185,11,7,0.46572146120392016,False
main_node90,0.0,2461613.556009848,9160,-30.000000000000014,23.90625,0.3042856454849243,11,6,0.46424755412855223,False
main_node90,0.0,2461614.531600122,6468,-3.583321698471977,11.25,0.5133554935455322,10,7,0.3601778013489631,False
main_node90,0.0,2461615.517092462,8383,-20.74237995448715,-2.8125,-0.5070185661315918,9,5,0.2590819718675586,False
main_node90,0.0,2461641.4356272966,2886,31.38816646434855,16.875,0.51617431640625,14,7,0.62511423905308,False
main_node90,0.0,2461641.5195546113,3781,22.02431283704216,15.46875,0.28819602727890015,16,7,0.6165563247900303,False
main_node90,0.0,2461641.5333485915,9925,-38.68218745348943,15.46875,0.4152791202068329,18,7,0.6151252997859169,False
main_node90,0.0,2461642.4284903733,8001,-18.209956864283015,2.8125,-0.3278012275695801,13,7,0.5200150576886298,False
main_node90,0.0,2461642.5142608425,9664,-35.68533471265205,1.40625,-0.49399426579475403,13,7,0.5109493033829223,True
main_node90,0.0,2461642.5884939483,6336,-2.388015463268786,1.40625,0.346929132938385,13,4,0.5026164291474651,False
main_node90,0.0,2461643.4806127395,3004,31.38816646434855,-11.25,-0.4919777512550354,13,7,0.40480632370965647,True
main_node90,0.0,2461643.494250733,9148,-28.630989836924357,-11.25,-0.3145967125892639,13,7,0.40327659748839284,True
main_node90,0.0,2461643.577990396,9916,-37.168899655999454,-11.25,0.5990937352180481,12,6,0.3941058322786778,True
main_node90,0.0,2461644.5519518685,6583,-3.583321698471977,-25.3125,-0.5003624558448792,12,7,0.2890956427630559,True
main_node90,0.0,2461646.5977546093,6957,-7.180755781458288,-52.03125,-0.26348310708999634,4,2,0.10135223424229013,True
main_node90,0.0,2461686.2176612816,10536,-44.99388015045713,-34.50000000000006,0.4516097903251648,10,7,0.5226875391394528,False
main_node90,0.0,2461686.229244056,5556,5.979156796301311,-33.75000000000006,-0.19412770867347717,9,6,0.5240104218511121,False
main_node90,0.0,2461687.212766276,4655,14.477512185929925,-46.40625,-0.4739157557487488,12,7,0.6164586887464812,False
main_node90,0.0,2461687.2899171836,6831,-5.979156796301311,-47.81250000000006,-0.12152007967233658,12,6,0.6234602810935198,False
main_node90,0.0,2461687.2997213607,2479,37.16889965599944,-47.81250000000006,-0.15800276398658752,11,4,0.6240947324151268,False
main_node90,0.0,2461714.20352293,6065,1.1937484371410676,-42.18750000000006,-0.362893670797348,7,4,0.34931885551526604,False
main_node90,0.0,2461715.1939836177,2220,40.228184728061095,-56.25,0.5545820593833923,12,7,0.4412350760110552,False
main_node90,0.0,2461715.2685473487,5292,8.385538647081319,-56.25,-0.31905609369277954,8,2,0.44840001681519265,False
main_node90,0.0,2461742.175607869,7598,-13.248014905676953,-50.625,-0.5202662348747253,5,3,0.1902864370106275,False
main_node90,0.0,2461761.651866942,3794,22.02431283704216,52.03125,0.2476232498884201,8,6,0.3107191233539828,False
main_node90,0.0,2461762.6383167743,1873,43.406858485936986,39.19354838709677,0.13655495643615723,7,4,0.21751225092618254,False
main_node90,0.0,2461788.552640493,8916,-27.27961273597809,57.65625,0.028893377631902695,14,7,0.5840734337855511,False
main_node90,0.0,2461788.5656556548,3028,29.999999999999993,57.65625,0.03836280107498169,14,7,0.5833103055387523,False
main_node90,0.0,2461788.6430937066,4948,10.806922874860334,56.25,0.3589935004711151,17,7,0.5741503171790794,False
main_node90,0.0,2461789.5469362107,3152,28.630989836924343,45.0,-0.2029903084039688,10,4,0.47538430915884605,False
main_node90,0.0,2461789.624409651,5071,9.594068226860458,43.59375,0.08754763007164001,12,7,0.4671337594336248,False
main_node90,0.0,2461790.59668905,9291,-31.388166464348544,30.9375,-0.17506325244903564,7,3,0.3651189056424397,False
main_node90,0.0,2461790.607391677,4427,15.713861048008212,30.9375,-0.17944437265396118,9,4,0.36441524206539,False
main_node90,0.0,2461791.661913173,8518,-23.31795706533424,16.875,-0.13677358627319336,4,3,0.2629002306337727,False
main_node90,0.0,2461817.519935772,4173,18.209956864283,36.5625,-0.3950873017311096,13,6,0.640448813579489,False
main_node90,0.0,2461817.587372682,10439,-44.99388015045713,34.5,0.3417675197124481,14,7,0.633147602422617,False
main_node90,0.0,2461817.5975970896,6092,0.0,35.15625,-0.10088507831096649,15,7,0.632416542687484,False
main_node90,0.0,2461818.5810939665,5192,8.385538647081319,22.5,-0.36845728754997253,13,7,0.5281909303612079,False
main_node90,0.0,2461818.6547890846,8903,-27.27961273597809,21.09375,-0.06935925036668777,9,5,0.5208811331706235,False
main_node90,0.0,2461819.640673588,6979,-8.385538647081319,8.4375,-0.33145707845687866,7,4,0.41901373706433265,False
main_node90,0.0,2461832.202901615,8008,-18.209956864283015,22.5,-0.15366818010807037,8,4,0.23898486919870837,True
main_node90,0.0,2461832.2816491816,6599,-4.780191847199163,21.09375,-0.4786883592605591,6,5,0.24612178208362512,True
main_node90,0.0,2461833.260250352,5187,8.385538647081319,8.4375,-0.19335010647773743,12,7,0.33511878188845995,True
main_node90,0.0,2461834.235640358,2622,35.68533471265204,-4.21875,0.08985303342342377,13,7,0.4335654693650055,True
main_node90,0.0,2461834.249344009,8766,-24.62431835216408,-4.21875,0.057687897235155106,13,7,0.43500966855308065,True
main_node90,0.0,2461834.325276761,6078,1.1937484371410676,-5.625,-0.24946768581867218,15,7,0.44297970181873675,True
main_node90,0.0,2461835.2194470554,3514,25.944479772370002,-16.875,0.33380207419395447,13,7,0.5383672686217339,True
main_node90,0.0,2461835.2331198873,9658,-34.22886632781257,-16.875,0.2719486653804779,14,7,0.5398650243904383,True
main_node90,0.0,2461835.308773111,6969,-7.180755781458288,-18.28125,0.024999918416142464,16,7,0.5473579925430053,True
main_node90,0.0,2461835.384227512,4025,20.742379954487134,-19.6875,-0.27191445231437683,16,7,0.5556069041100475,True
main_node90,0.0,2461835.398081538,10169,-40.22818472806108,-19.6875,-0.2605593204498291,14,6,0.5571073887802528,True
main_node90,0.0,2461861.232810126,3904,20.742379954487134,0.0,0.004528076853603125,11,7,0.19576728656243997,False
main_node90,0.0,2461861.246663953,10048,-40.22818472806108,0.0,-0.06848137080669403,12,7,0.19690587983783042,False
main_node90,0.0,2461862.293783672,3003,31.38816646434855,-14.0625,-0.023901311680674553,12,7,0.2900681129867496,False
main_node90,0.0,2461862.30742133,9147,-28.630989836924357,-14.0625,-0.09214970469474792,9,6,0.2914053209735147,False
main_node90,0.0,2461863.283051911,6454,-2.388015463268786,-26.71875,0.20574380457401276,12,7,0.3905348098682405,False
main_node90,0.0,2461863.358413321,3510,25.944479772370002,-28.125,-0.08207365870475769,11,5,0.398627990403044,False
main_node90,0.0,2461864.261092727,4786,13.24801490567694,-39.375,0.48395928740501404,14,7,0.49693121597784257,False
main_node90,0.0,2461864.3356786887,1846,44.993880150457116,-40.5,0.3697177469730377,15,7,0.5046380042282256,False
main_node90,0.0,2461864.3497554213,7985,-16.957763300004146,-40.78125,0.1343812346458435,16,7,0.5061814473910388,False
main_node90,0.0,2461865.2538056723,9773,-35.68533471265205,-52.03125,0.576749861240387,15,7,0.6075593142439172,False
main_node90,0.0,2461865.3283102117,6573,-3.583321698471977,-53.43750000000006,0.4296931326389313,17,7,0.6152573638178425,False
main_node90,0.0,2461865.404290746,3884,22.02431283704216,-54.84375,0.11951621621847153,16,7,0.6237062756462601,False
main_node90,0.0,2461865.418084572,10028,-38.68218745348943,-54.84375,0.033932048827409744,15,6,0.6252409228660852,False
main_node90,0.0,2461890.2787394836,7352,-10.806922874860348,-22.5,0.08598931133747101,5,4,0.16429819193178494,False
main_node90,0.0,2461891.258963819,6707,-4.780191847199163,-35.15625,0.37219274044036865,10,6,0.25044049806966046,False
main_node90,0.0,2461892.24933437,10411,-43.40685848593699,-47.90322580645159,0.3346673846244812,9,4,0.3510578523565518,False
main_node90,0.0,2461892.3245601496,7726,-14.477512185929939,-49.21875000000006,0.29765596985816956,9,6,0.3592292182877238,False
main_node90,0.0,2461920.2939069467,4907,12.024699180565818,-57.65625000000006,0.5053316354751587,5,4,0.22678474226723122,False
main_node90,0.0,2461966.4367467985,8531,-23.31795706533424,53.4375,-0.5817898511886597,11,5,0.5911094156549199,False
main_node90,0.0,2461966.509678366,4435,15.713861048008212,53.4375,0.5689294338226318,13,7,0.5845544028804557,False
main_node90,0.0,2461966.5234715412,10445,-44.99388015045713,52.5,-0.45140108466148376,12,7,0.583240341164785,False
main_node90,0.0,2461967.5039797695,10062,-40.22818472806108,39.375,-0.5965191125869751,12,7,0.4882759169749775,False
main_node90,0.0,2461968.4808548475,8137,-19.47122063449069,26.71875,-0.36253228783607483,9,5,0.39319898627783056,False
main_node90,0.0,2461968.5650482303,9161,-30.000000000000014,26.71875,0.5589513778686523,7,4,0.3850773096574919,False
main_node90,0.0,2461969.5398217677,6084,0.0,12.65625,-0.3678984045982361,9,6,0.29125184411575145,False
main_node90,0.0,2461995.4654933144,3915,20.742379954487134,30.9375,-0.3207232654094696,13,7,0.6495070888272666,False
main_node90,0.0,2461995.479347455,10059,-40.22818472806108,30.9375,-0.48527640104293823,13,7,0.6482191542161113,False
main_node90,0.0,2461996.4419362675,1866,43.406858485936986,18.870967741935488,0.48655077815055847,14,7,0.5556952158003259,False
main_node90,0.0,2461996.4556517773,7878,-16.957763300004146,18.28125,-0.20595993101596832,14,7,0.5543269795307215,False
main_node90,0.0,2461996.531141827,4934,10.806922874860334,16.875,-0.4305388927459717,15,7,0.5474672807358253,False
main_node90,0.0,2461997.4418367925,9794,-37.168899655999454,5.625,-0.03516419976949692,10,5,0.4553581171476491,False
main_node90,0.0,2461997.517370193,7105,-9.594068226860458,4.21875,-0.23189684748649597,12,7,0.44759612018059575,False
main_node90,0.0,2461997.593418467,4417,15.713861048008212,2.8125,-0.4540959596633911,12,3,0.4405348562554152,False
main_node90,0.0,2461998.500921118,8125,-18.209956864283015,-8.4375,0.009944291785359383,12,7,0.34822655492947274,False
main_node90,0.0,2461998.5764024267,5180,9.594068226860458,-9.84375,-0.21589688956737518,9,5,0.3405497610988058,False
main_node90,0.0,2461999.55173043,2488,37.16889965599944,-22.5,0.14924350380897522,12,7,0.24544426794712504,False
main_node90,0.0,2461999.565474278,8632,-23.31795706533424,-22.5,-0.05571216344833374,9,6,0.2441343198680942,False
main_node90,0.0,2462040.2462075152,10169,-40.22818472806108,-19.6875,0.5411892533302307,7,3,0.5211734470172791,False
main_node90,0.0,2462041.228150482,10036,-38.68218745348943,-32.34375000000006,0.3443230092525482,13,7,0.6193743725660288,False
main_node90,0.0,2462069.2067131684,8753,-24.62431835216408,-40.78125,0.3289492428302765,11,7,0.4523251089206807,False
main_node90,0.0,2462069.220088776,2738,34.228866327812575,-39.375,-0.5587950944900513,9,6,0.4537029101943938,False
main_node90,0.0,2462070.1891864478,8365,-20.74237995448715,-53.43750000000006,0.10102300345897675,12,7,0.5485161553018245,False
main_node90,0.0,2462070.267589583,9772,-35.68533471265205,-54.84375,0.25712302327156067,12,7,0.5565649887761259,False
main_node90,0.0,2462097.178176944,10286,-41.81031489577862,-49.21875000000006,-0.001424602698534727,9,6,0.2817059676224151,False
main_node90,0.0,2462097.1882195924,5934,2.388015463268772,-49.21875000000006,0.33769649267196655,9,6,0.28233339371007554,False
main_node90,0.0,2462116.5765748406,4948,10.806922874860334,56.25,-0.5299174785614014,9,4,0.2959163870542629,False
main_node90,0.0,2462116.654286342,6867,-7.180755781458288,54.84375,-0.30384984612464905,8,6,0.2878957741236715,False
main_node90,0.0,2462117.6356057664,6991,-8.385538647081319,42.1875,-0.584375262260437,7,4,0.19102484292301722,False
main_node90,0.0,2462125.164677132,5419,7.180755781458274,-57.65625000000006,0.18171897530555725,5,3,0.13594158163618553,False
main_node90,0.0,2462143.558752056,10069,-40.22818472806108,59.0625,0.463542640209198,14,7,0.558888839896359,False
main_node90,0.0,2462143.646684333,7509,-13.248014905676953,59.0625,-0.24551331996917725,16,7,0.5486048706702068,False
main_node90,0.0,2462144.545062005,8144,-19.47122063449069,46.40625,0.47829240560531616,10,4,0.44649389235272496,False
main_node90,0.0,2462144.63128784,6096,0.0,46.40625,-0.4535730481147766,12,7,0.436295398057016,False
main_node90,0.0,2462144.641511459,1755,44.993880150457116,46.5,-0.13158157467842102,14,7,0.43551253356194397,False
main_node90,0.0,2462145.6193869254,3148,28.630989836924343,33.75,-0.4761376976966858,11,7,0.3280348910234293,False
main_node90,0.0,2462172.525398988,5837,2.388015463268772,37.96875,0.4525028467178345,15,7,0.6006439671748987,False
main_node90,0.0,2462172.5967912045,10316,-43.40685848593699,36.29032258064515,0.49137595295906067,14,7,0.5928665049990544,False
main_node90,0.0,2462172.611662564,3789,22.02431283704216,37.96875,-0.458584725856781,16,7,0.5913094385532242,False
main_node90,0.0,2462173.5953834793,2889,31.38816646434855,25.3125,-0.5881189107894897,13,7,0.4804993052611047,False
main_node90,0.0,2462174.6527261375,5571,4.780191847199163,9.84375,0.5689672827720642,7,5,0.36550135392614996,False
main_node95,0.0,2461535.2570283604,1853,44.993880150457116,-19.5,0.0557970367372036,4,3,0.14285837338495022,False
main_node95,0.0,2461535.269707462,7353,-10.806922874860348,-19.6875,0.24026557803153992,5,5,0.1440003400822294,False
main_node95,0.0,2461536.254439843,8756,-24.62431835216408,-32.34375000000006,0.5470633506774902,8,4,0.23377098731273924,False
main_node95,0.0,2461537.3095042245,4911,12.024699180565818,-46.40625,0.33258041739463806,11,7,0.34472634682505854,False
main_node95,0.0,2461537.3217369174,10287,-41.81031489577862,-46.40625,0.49247199296951294,9,6,0.3454910167871925,False
main_node95,0.0,2461584.500570443,1877,43.406858485936986,50.80645161290323,-0.516896665096283,11,7,0.4205674327277874,False
main_node95,0.0,2461585.564324979,1997,41.81031489577859,37.96875,0.3503139019012451,6,3,0.313199248689897,False
main_node95,0.0,2461586.5559610194,6344,-2.388015463268786,23.90625,-0.43659085035324097,6,3,0.21789526341292123,False
main_node95,0.0,2461612.4773540907,2383,37.16889965599944,42.1875,-0.5297703146934509,12,7,0.5764768291580799,False
main_node95,0.0,2461612.4899379,8015,-18.209956864283015,42.1875,-0.4115988314151764,12,7,0.5750648786320329,False
main_node95,0.0,2461612.5651435805,4943,10.806922874860334,42.1875,0.5168203115463257,14,5,0.5679840987445348,False
main_node95,0.0,2461613.459940297,2762,32.79716829582364,29.53125,-0.31007352471351624,12,7,0.47455429440548275,False
main_node95,0.0,2461613.472396962,8394,-22.02431283704216,29.53125,-0.12909452617168427,13,7,0.47308278075955273,False
main_node95,0.0,2461613.547833403,5450,5.979156796301311,28.125,-0.5802057385444641,11,6,0.46498450766623617,False
main_node95,0.0,2461614.521284437,1989,41.81031489577859,15.46875,-0.3459840714931488,12,7,0.36164583114118987,False
main_node95,0.0,2461614.5340744117,7621,-14.477512185929939,15.46875,-0.2150573879480362,10,7,0.3601778013489631,False
main_node95,0.0,2461615.5159481745,7745,-15.713861048008212,2.8125,0.05763572081923485,9,5,0.2590819718675586,False
main_node95,0.0,2461616.5733146523,5052,10.806922874860334,-11.25,-0.09976854175329208,6,3,0.15939192559898052,False
main_node95,0.0,2461641.438905906,4295,16.957763300004146,21.09375,-0.11704928427934647,14,7,0.62511423905308,False
main_node95,0.0,2461641.4515484404,9927,-38.68218745348943,21.09375,0.05950627848505974,14,7,0.6236926714693447,False
main_node95,0.0,2461641.525917123,6727,-5.979156796301311,19.6875,-0.3682667315006256,16,7,0.6158408122639842,False
main_node95,0.0,2461641.600462425,3399,25.944479772370002,19.6875,0.5347201824188232,11,3,0.6086628230602376,False
main_node95,0.0,2461642.4321294725,9539,-34.22886632781257,8.4375,0.2790549695491791,13,7,0.5200150576886298,False
main_node95,0.0,2461642.5056087365,5826,2.388015463268772,7.03125,-0.12240654230117798,12,7,0.5117060853085819,False
main_node95,0.0,2461642.58017296,2626,34.228866327812575,5.625,-0.46778935194015503,14,5,0.5033752351903036,False
main_node95,0.0,2461642.592663992,8258,-20.74237995448715,5.625,-0.3450133800506592,13,4,0.5026164291474651,False
main_node95,0.0,2461643.48693016,5822,3.5833216984719627,-5.625,0.1498795449733734,13,7,0.4040414605990246,False
main_node95,0.0,2461643.561435273,2621,35.68533471265204,-7.03125,-0.23913182318210602,12,7,0.3956336068710106,False
main_node95,0.0,2461643.573968103,8253,-19.47122063449069,-7.03125,-0.09109019488096237,12,6,0.3941058322786778,False
main_node95,0.0,2461644.5475664507,4537,15.713861048008212,-19.6875,0.05370601639151573,12,7,0.2890956427630559,False
main_node95,0.0,2461644.560277654,10169,-40.22818472806108,-19.6875,0.19538173079490662,10,7,0.28763846137912474,False
main_node95,0.0,2461686.2183858342,10293,-41.81031489577862,-29.53125,0.496818482875824,10,7,0.5226875391394528,False
main_node95,0.0,2461686.2366761807,2357,38.68218745348943,-29.53125,0.4151172637939453,10,6,0.5246718632291183,False
main_node95,0.0,2461687.211383038,5297,8.385538647081319,-42.18750000000006,0.3000381886959076,12,7,0.6158214203020674,False
main_node95,0.0,2461687.281052849,10533,-44.99388015045713,-43.5,0.4430035352706909,11,6,0.622188531066045,False
main_node95,0.0,2461714.196436443,9266,-30.000000000000014,-37.96875000000006,0.39433059096336365,9,6,0.34868787259693834,False
main_node95,0.0,2461714.210070041,3122,29.999999999999993,-37.96875000000006,0.33285754919052124,6,3,0.34994983843359373,False
main_node95,0.0,2461715.181834179,7598,-13.248014905676953,-50.625,0.1548551768064499,11,7,0.4399332542288501,False
main_node95,0.0,2461715.259826664,9261,-30.000000000000014,-52.03125,0.4378669559955597,9,4,0.44709658680784825,False
main_node95,0.0,2461715.271648081,3885,22.02431283704216,-52.03125,0.4095408320426941,8,2,0.44840001681519265,False
main_node95,0.0,2461743.1566409287,7851,-15.713861048008212,-59.0625,-0.028209706768393517,9,5,0.2686134171042158,False
main_node95,0.0,2461761.574207493,2133,40.228184728061095,59.0625,-0.5233679413795471,9,4,0.318424688316826,False
main_node95,0.0,2461761.651289857,4052,19.47122063449069,57.65625,-0.3395453691482544,8,6,0.3107191233539828,False
main_node95,0.0,2461762.6355894026,2896,31.38816646434855,45.0,-0.5430562496185303,7,4,0.21751225092618254,False
main_node95,0.0,2461789.542613566,5073,9.594068226860458,49.21875,0.5322911739349365,10,4,0.47613504897915937,False
main_node95,0.0,2461789.621690828,6353,-2.388015463268786,49.21875,-0.5361688733100891,12,7,0.4671337594336248,False
main_node95,0.0,2461790.5957151977,9676,-35.68533471265205,35.15625,0.4683831036090851,7,3,0.3651189056424397,False
main_node95,0.0,2461790.607113862,4556,14.477512185929925,35.15625,0.5730509161949158,9,4,0.36441524206539,False
main_node95,0.0,2461817.505577197,10441,-44.99388015045713,40.5,0.4057088792324066,11,4,0.6419077388005425,False
main_node95,0.0,2461817.515801415,6094,0.0,40.78125,0.35189810395240784,12,5,0.6411782761900158,False
main_node95,0.0,2461817.607824963,1753,44.993880150457116,40.5,-0.27201658487319946,18,7,0.6309544231191753,False
main_node95,0.0,2461818.5819243714,4809,12.024699180565818,26.71875,0.4002434015274048,13,7,0.5281909303612079,False
main_node95,0.0,2461818.6522023403,9929,-38.68218745348943,26.71875,-0.5618930459022522,9,5,0.5208811331706235,False
main_node95,0.0,2461819.6442141756,5316,7.180755781458274,12.65625,0.453800767660141,7,5,0.4183139635289542,False
main_node95,0.0,2461819.6528068734,1744,44.993880150457116,13.5,-0.22654429078102112,5,4,0.41761418999357586,False
main_node95,0.0,2461861.242241402,8258,-20.74237995448715,5.625,0.5490168333053589,12,7,0.1963365832001352,False
main_node95,0.0,2461862.2256260747,9149,-28.630989836924357,-8.4375,-0.48388707637786865,9,4,0.2834290378315618,False
main_node95,0.0,2461862.3001063117,5821,3.5833216984719627,-8.4375,0.5568568706512451,11,7,0.29073671698013215,False
main_node95,0.0,2461863.274735054,2744,34.228866327812575,-22.5,-0.4422469735145569,12,7,0.3898018548745484,False
main_node95,0.0,2461863.2872262932,8376,-20.74237995448715,-22.5,-0.5513560771942139,12,7,0.3905348098682405,False
main_node95,0.0,2461863.3613029364,4792,13.24801490567694,-22.5,0.49990183115005493,11,5,0.398627990403044,False
main_node95,0.0,2461864.2635639575,5939,2.388015463268772,-35.15625,-0.2943531572818756,14,7,0.49693121597784257,False
main_node95,0.0,2461864.3381278696,2739,34.228866327812575,-36.5625,-0.48518258333206177,15,7,0.5054097258355061,False
main_node95,0.0,2461865.237254821,2479,37.16889965599944,-47.81250000000006,0.021196210756897926,13,6,0.6052468962016737,False
main_node95,0.0,2461865.249838026,8111,-18.209956864283015,-47.81250000000006,-0.03099217638373375,15,7,0.6067890586685291,False
main_node95,0.0,2461865.324767187,4910,12.024699180565818,-49.21875000000006,-0.33196455240249634,17,7,0.6152573638178425,False
main_node95,0.0,2461865.337723446,10531,-44.99388015045713,-49.5,-0.4958837926387787,16,7,0.616795095332179,False
main_node95,0.0,2461890.269470857,3129,29.999999999999993,-18.28125,-0.5477856993675232,6,5,0.1637427321355722,False
main_node95,0.0,2461891.259240296,6837,-5.979156796301311,-30.9375,-0.4055361747741699,10,6,0.25044049806966046,False
main_node95,0.0,2461892.243899761,8240,-19.47122063449069,-43.59375,-0.13984382152557373,10,4,0.3503187842622861,False
main_node95,0.0,2461892.318818878,5040,10.806922874860334,-45.0,-0.43293917179107666,11,7,0.3584849711077558,False
main_node95,0.0,2461893.2933681463,2091,41.81031489577859,-57.65625000000006,-0.06810832768678665,13,7,0.46603123692866544,False
main_node95,0.0,2461893.3061579843,7723,-14.477512185929939,-57.65625000000006,-0.18720588088035583,13,7,0.467603518379522,False
main_node95,0.0,2461920.288866179,2733,34.228866327812575,-53.43750000000006,-0.17700828611850739,5,4,0.22678474226723122,False
main_node95,0.0,2461939.51757274,5203,8.385538647081319,53.4375,-0.11038543283939362,7,5,0.32826657042461443,False
main_node95,0.0,2461966.435026726,7765,-15.713861048008212,59.0625,0.028835363686084747,11,5,0.5911094156549199,False
main_node95,0.0,2461966.509401868,4308,16.957763300004146,57.65625,-0.18316739797592163,13,7,0.5845544028804557,False
main_node95,0.0,2461966.522044572,9940,-38.68218745348943,57.65625,-0.32067540287971497,12,7,0.583240341164785,False
main_node95,0.0,2461967.49620499,6736,-5.979156796301311,45.0,0.012496917508542538,12,7,0.4896304383312982,False
main_node95,0.0,2461967.571050076,3535,24.62431835216408,43.59375,-0.19510424137115479,10,3,0.4821768594538656,False
main_node95,0.0,2461968.4866611445,10438,-44.99388015045713,31.5,-0.5209453701972961,11,7,0.3925216709421135,False
main_node95,0.0,2461968.5601424077,6987,-8.385538647081319,30.9375,-0.044104889035224915,7,4,0.3850773096574919,False
main_node95,0.0,2461969.534824973,3782,22.02431283704216,18.28125,0.3002775311470032,9,6,0.2919028275622101,False
main_node95,0.0,2461969.5472815004,9414,-32.79716829582364,18.28125,0.12104121595621109,9,6,0.2906025554404951,False
main_node95,0.0,2461995.4715733533,6733,-5.979156796301311,36.5625,0.1758924275636673,13,7,0.6488631215432796,False
main_node95,0.0,2461995.5464184694,3532,24.62431835216408,35.15625,-0.0343574695289135,16,7,0.6417626959114513,False
main_node95,0.0,2461995.5588302934,9164,-30.000000000000014,35.15625,-0.21811282634735107,15,6,0.6411145553867235,False
main_node95,0.0,2461996.450720606,5576,4.780191847199163,23.90625,0.4888741672039032,14,7,0.5550110976655237,False
main_node95,0.0,2461996.5251601296,2376,37.16889965599944,22.5,0.24385353922843933,15,7,0.5474672807358253,False
main_node95,0.0,2461996.537743378,8008,-18.209956864283015,22.5,0.07944861799478531,15,7,0.5467805330509032,False
main_node95,0.0,2461997.509602961,3523,24.62431835216408,9.84375,0.4641762375831604,12,7,0.4490079660998463,False
main_node95,0.0,2461997.5220149737,9155,-30.000000000000014,9.84375,0.2703574597835541,12,7,0.44759612018059575,False
main_node95,0.0,2461998.489336842,2878,32.79716829582364,-4.21875,-0.48935067653656006,12,7,0.34962510065517877,False
main_node95,0.0,2461998.573585746,3902,22.02431283704216,-4.21875,0.4129546582698822,9,5,0.3405497610988058,False
main_node95,0.0,2461998.586042468,9534,-32.79716829582364,-4.21875,0.21079307794570923,9,4,0.3398524108332137,False
main_node95,0.0,2461999.5693244385,10170,-40.22818472806108,-16.875,0.3709070086479187,9,6,0.24347934582857877,False
main_node95,0.0,2462040.2523480104,7611,-13.248014905676953,-14.0625,0.27427372336387634,7,3,0.5218830367115487,False
main_node95,0.0,2462041.231945486,8502,-22.02431283704216,-26.71875,-0.03909957408905029,13,7,0.6193743725660288,False
main_node95,0.0,2462041.2431483436,3382,27.27961273597809,-26.71875,0.1735239028930664,12,7,0.6207150094789314,False
main_node95,0.0,2462069.2101388234,7219,-9.594068226860458,-35.15625,-0.16162413358688354,11,7,0.4523251089206807,False
main_node95,0.0,2462070.1844067266,10286,-41.81031489577862,-49.21875000000006,0.5468191504478455,12,7,0.5485161553018245,False
main_node95,0.0,2462070.1963654542,5039,10.806922874860334,-47.81250000000006,-0.33638522028923035,13,7,0.5491880734482704,False
main_node95,0.0,2462070.274622316,6702,-4.780191847199163,-49.21875000000006,-0.09049226343631744,12,6,0.5572345259294551,False
main_node95,0.0,2462097.179579203,9776,-35.68533471265205,-43.59375,-0.4299791157245636,9,6,0.2817059676224151,False
main_node95,0.0,2462097.190977328,4656,14.477512185929925,-43.59375,-0.21667742729187012,9,6,0.28296081979773596,False
main_node95,0.0,2462098.1722889533,4780,13.24801490567694,-56.25,-0.49418875575065613,11,7,0.3738125987846941,False
main_node95,0.0,2462098.249445638,6955,-7.180755781458288,-57.65625000000006,-0.28668212890625,9,5,0.38104614198096803,False
main_node95,0.0,2462098.250534775,6443,-2.388015463268786,-57.65625000000006,-0.2632259130477905,9,5,0.38104614198096803,False
main_node95,0.0,2462116.657830914,5205,8.385538647081319,59.0625,0.5452223420143127,6,5,0.2871688914576951,False
main_node95,0.0,2462117.6307022013,9168,-30.000000000000014,46.40625,0.06365171074867249,8,4,0.19165563955772705,False
main_node95,0.0,2462117.6419431525,4048,19.47122063449069,46.40625,0.3125856816768646,7,4,0.19102484292301722,False
main_node95,0.0,2462125.161970781,6701,-4.780191847199163,-52.03125,-0.5121047496795654,3,2,0.1354644893500143,False
main_node95,0.0,2462144.5473170313,7122,-9.594068226860458,52.03125,-0.04802604392170906,10,4,0.44570868982807116,False
main_node95,0.0,2462144.5597212436,1757,44.993880150457116,52.5,-0.10733866691589355,13,7,0.4441382847787636,False
main_node95,0.0,2462144.6265828153,8274,-20.74237995448715,50.625,0.20392417907714844,12,7,0.437078262552088,False
main_node95,0.0,2462145.602664848,10440,-44.99388015045713,37.5,0.13802680373191833,9,4,0.32950719092254904,False
main_node95,0.0,2462145.6123466366,6349,-2.388015463268786,37.96875,0.03822871297597885,9,5,0.3287710409729892,False
main_node95,0.0,2462172.517415327,9423,-32.79716829582364,43.59375,-0.331285685300827,12,5,0.601420880976809,False
main_node95,0.0,2462172.5316840466,3023,29.999999999999993,43.59375,-0.0024642148055136204,14,7,0.5998670534250843,False
main_node95,0.0,2462172.609676491,4687,13.24801490567694,42.1875,0.2080550640821457,16,7,0.5913094385532242,False
main_node95,0.0,2462173.582664453,8650,-24.62431835216408,29.53125,-0.25648877024650574,12,6,0.4820498637355331,False
main_node95,0.0,2462173.5957116876,2762,32.79716829582364,29.53125,0.0638422966003418,13,7,0.4804993052611047,False
main_node95,0.0,2462174.642862155,9925,-38.68218745348943,15.46875,-0.2806359827518463,9,6,0.3662330183494326,False
main_node95,0.0,2462174.654941074,4549,14.477512185929925,15.46875,-0.0018847506726160645,7,5,0.36550135392614996,False
main_node100,0.0,2461535.2581076627,2235,40.228184728061095,-14.0625,0.4291974604129791,4,3,0.14285837338495022,False
main_node100,0.0,2461536.2485708343,6070,1.1937484371410676,-28.125,-0.32893165946006775,8,4,0.23308273523356504,False
main_node100,0.0,2461537.303788287,2481,37.16889965599944,-42.18750000000006,-0.46938958764076233,12,7,0.3439616768629246,False
main_node100,0.0,2461537.3163718353,8113,-18.209956864283015,-42.18750000000006,-0.2614890933036804,9,6,0.3454910167871925,False
main_node100,0.0,2461538.2910940805,4908,12.024699180565818,-54.84375,-0.15799947082996368,13,7,0.45495569137121333,False
main_node100,0.0,2461538.3040504055,10529,-44.99388015045713,-55.5,-0.34703290462493896,13,7,0.45653928833713375,False
main_node100,0.0,2461584.501986316,2388,37.16889965599944,56.25,-0.17963214218616486,11,7,0.4205674327277874,False
main_node100,0.0,2461584.5145695084,8020,-18.209956864283015,56.25,0.03242453560233116,10,7,0.4191520347538996,False
main_node100,0.0,2461586.550992078,4042,19.47122063449069,29.53125,0.08176255226135254,6,4,0.21853151371390206,False
main_node100,0.0,2461586.563524807,9674,-35.68533471265205,29.53125,0.2828170955181122,6,3,0.21725901311194043,False
main_node100,0.0,2461612.486613013,6481,-3.583321698471977,47.8125,0.13114111125469208,12,7,0.5757708538950564,False
main_node100,0.0,2461612.561399666,3280,27.27961273597809,46.40625,-0.28525322675704956,14,5,0.5679840987445348,False
main_node100,0.0,2461612.5737967426,8912,-27.27961273597809,46.40625,-0.09011431038379669,12,3,0.566565181145888,False
main_node100,0.0,2461613.466305091,5580,4.780191847199163,35.15625,0.3741746246814728,12,7,0.4738185375578496,False
main_node100,0.0,2461613.5400500693,2124,40.228184728061095,33.75,-0.07818201184272766,11,7,0.46572146120392016,False
main_node100,0.0,2461613.552761235,7756,-15.713861048008212,33.75,0.12426004558801651,11,6,0.46424755412855223,False
main_node100,0.0,2461614.5280511314,4807,12.024699180565818,21.09375,0.2881295382976532,12,7,0.3609118162204667,False
main_node100,0.0,2461615.5104708634,5187,8.385538647081319,8.4375,0.5796872973442078,9,5,0.2590819718675586,False
main_node100,0.0,2461616.5738634304,5310,8.385538647081319,-5.625,0.5283059477806091,6,3,0.15939192559898052,False
main_node100,0.0,2461641.441126791,5321,7.180755781458274,26.71875,0.5333343744277954,14,7,0.6244034552612123,False
main_node100,0.0,2461641.452259091,10185,-41.81031489577862,26.71875,0.5291372537612915,14,7,0.6236926714693447,False
main_node100,0.0,2461641.525916482,6729,-5.979156796301311,25.3125,0.2529336214065552,16,7,0.6158408122639842,False
main_node100,0.0,2461641.6001587952,3272,27.27961273597809,23.90625,-0.16844728589057922,11,3,0.6086628230602376,False
main_node100,0.0,2461642.4324600413,9668,-35.68533471265205,12.65625,-0.3578855097293854,13,7,0.5200150576886298,False
main_node100,0.0,2461642.5061507043,6084,0.0,12.65625,0.5108970403671265,12,7,0.5117060853085819,False
main_node100,0.0,2461642.580818126,2884,31.38816646434855,11.25,0.061324555426836014,14,5,0.5033752351903036,False
main_node100,0.0,2461642.5932485014,8516,-23.31795706533424,11.25,0.24241115152835846,13,4,0.5026164291474651,False
main_node100,0.0,2461643.492168378,8255,-19.47122063449069,-1.40625,-0.5188480019569397,13,7,0.40327659748839284,False
main_node100,0.0,2461643.565689965,4415,16.957763300004146,-1.40625,0.382672518491745,12,7,0.3956336068710106,False
main_node100,0.0,2461643.578332877,10047,-38.68218745348943,-1.40625,0.46631184220314026,12,6,0.3941058322786778,False
main_node100,0.0,2461646.595307934,5809,3.5833216984719627,-42.18750000000006,-0.4570743143558502,4,2,0.10135223424229013,False
main_node100,0.0,2461686.2262562755,6967,-7.180755781458288,-23.90625,-0.013860710896551609,9,6,0.5240104218511121,False
main_node100,0.0,2461686.236677304,2359,38.68218745348943,-23.90625,-0.07285084575414658,10,6,0.5246718632291183,False
main_node100,0.0,2461687.2119346093,5043,10.806922874860334,-36.5625,-0.32047387957572937,12,7,0.6164586887464812,False
main_node100,0.0,2461687.290735585,6450,-2.388015463268786,-37.96875000000006,0.0271120835095644,12,6,0.6234602810935198,False
main_node100,0.0,2461687.2918208153,5938,2.388015463268772,-37.96875000000006,0.01801200956106186,12,6,0.6234602810935198,False
main_node100,0.0,2461714.206544939,4660,14.477512185929925,-32.34375000000006,-0.21766315400600433,6,3,0.34994983843359373,False
main_node100,0.0,2461715.1777142924,9392,-31.388166464348544,-45.0,-0.380307137966156,11,7,0.4399332542288501,False
main_node100,0.0,2461715.1913522193,3248,28.630989836924343,-45.0,-0.4557179808616638,12,7,0.4412350760110552,False
main_node100,0.0,2461715.269377872,4911,12.024699180565818,-46.40625,-0.16788680851459503,8,2,0.44840001681519265,False
main_node100,0.0,2461716.170575079,4267,18.209956864283,-59.0625,0.5886691808700562,13,7,0.5333207596036138,False
main_node100,0.0,2461716.2452264903,7595,-13.248014905676953,-59.0625,-0.40424180030822754,12,7,0.5398409197193453,False
main_node100,0.0,2461742.170514512,9777,-35.68533471265205,-40.78125,-0.2984585165977478,5,3,0.1902864370106275,False
main_node100,0.0,2461762.6300909068,5329,7.180755781458274,49.21875,0.14820519089698792,7,3,0.21812245922395665,False
main_node100,0.0,2461789.5478891996,2771,32.79716829582364,54.84375,-0.07061462849378586,10,4,0.47538430915884605,False
main_node100,0.0,2461789.6123733367,10322,-43.40685848593699,53.70967741935485,-0.030966293066740036,13,7,0.4686327096582618,False
main_node100,0.0,2461789.626373852,4179,18.209956864283,53.4375,0.22808121144771576,12,7,0.4671337594336248,False
main_node100,0.0,2461790.6100262282,3278,27.27961273597809,40.78125,-0.029851697385311127,10,5,0.3637115784883403,False
main_node100,0.0,2461791.664486019,7369,-12.024699180565818,26.71875,0.01748610846698284,3,3,0.2622711573426043,False
main_node100,0.0,2461817.5113812727,8144,-19.47122063449069,46.40625,-0.26274898648262024,12,5,0.6411782761900158,False
main_node100,0.0,2461817.5253057918,2000,41.81031489577859,46.40625,-0.17646388709545135,14,7,0.6397193509689623,False
main_node100,0.0,2461817.5904726237,9296,-31.388166464348544,45.0,0.03314248472452164,14,7,0.633147602422617,False
main_node100,0.0,2461818.574772043,8139,-19.47122063449069,32.34375,-0.21685248613357544,10,5,0.5289228240979025,False
main_node100,0.0,2461818.589419815,1750,44.993880150457116,31.5,0.4759446978569031,13,7,0.5274596747144763,False
main_node100,0.0,2461819.636991752,8646,-24.62431835216408,18.28125,-0.16915670037269592,7,4,0.41901373706433265,False
main_node100,0.0,2461819.651376331,2246,38.68218745348943,18.28125,-0.10488426685333252,5,4,0.41761418999357586,False
main_node100,0.0,2461861.233678421,4291,16.957763300004146,9.84375,-0.1571180373430252,11,7,0.19576728656243997,False
main_node100,0.0,2461861.2463211142,9923,-38.68218745348943,9.84375,-0.17206214368343353,12,7,0.1963365832001352,False
main_node100,0.0,2461862.2910606707,1982,43.406858485936986,-4.354838709677324,-0.2224445939064026,12,7,0.2900681129867496,False
main_node100,0.0,2461862.303656212,7486,-12.024699180565818,-4.21875,-0.22636979818344116,9,6,0.2914053209735147,False
main_node100,0.0,2461863.277804308,4026,20.742379954487134,-16.875,0.05856647714972496,12,7,0.3898018548745484,False
main_node100,0.0,2461863.2902948996,9658,-34.22886632781257,-16.875,0.019191648811101913,12,7,0.3912677649110812,False
main_node100,0.0,2461864.2542469604,1973,43.406858485936986,-30.48387096774195,-0.41625815629959106,15,7,0.4961610119691762,False
main_node100,0.0,2461864.2668433622,7477,-12.024699180565818,-29.53125,0.31721144914627075,14,7,0.49693121597784257,False
main_node100,0.0,2461864.3411971736,4021,20.742379954487134,-30.9375,0.01001806277781725,15,7,0.5054097258355061,False
main_node100,0.0,2461864.3536877735,9653,-34.22886632781257,-30.9375,-0.0222028698772192,17,7,0.5069531689983193,False
main_node100,0.0,2461865.248160443,7345,-10.806922874860348,-42.18750000000006,0.5911908745765686,15,7,0.6067890586685291,False
main_node100,0.0,2461865.322499563,3888,22.02431283704216,-43.59375,0.2678603231906891,15,7,0.6144880094681157,False
main_node100,0.0,2461865.334956296,9520,-32.79716829582364,-43.59375,0.21220247447490692,16,7,0.6160267181675694,False
main_node100,0.0,2461865.409574419,6320,-1.1937484371410818,-45.0,-0.051380887627601624,15,6,0.6244735992304462,False
main_node100,0.0,2461890.268840799,2875,32.79716829582364,-12.65625,-0.009039127267897129,6,5,0.1637427321355722,False
main_node100,0.0,2461891.247662918,1851,44.993880150457116,-25.5,0.08288829028606415,8,4,0.24977758379969062,False
main_node100,0.0,2461891.260896902,7607,-13.248014905676953,-25.3125,0.20701703429222107,11,7,0.2511034123396303,False
main_node100,0.0,2461892.2450757585,8754,-24.62431835216408,-37.96875000000006,0.4326973557472229,10,4,0.3503187842622861,False
main_node100,0.0,2461892.3199210325,5554,5.979156796301311,-39.375,0.1758531779050827,11,7,0.3584849711077558,False
main_node100,0.0,2461893.2940837215,2349,38.68218745348943,-52.03125,0.39504775404930115,13,7,0.46603123692866544,False
main_node100,0.0,2461893.306726642,7981,-16.957763300004146,-52.03125,0.41500937938690186,13,7,0.467603518379522,False
main_node100,0.0,2461920.2901436416,3247,28.630989836924343,-47.81250000000006,0.3348504602909088,5,4,0.22678474226723122,False
main_node100,0.0,2461939.518670777,5717,3.5833216984719627,59.0625,0.49844446778297424,7,5,0.32826657042461443,False
main_node100,0.0,2461967.4860620974,2257,38.68218745348943,49.21875,-0.4763636887073517,12,7,0.4903074721071547,False
main_node100,0.0,2461967.569200277,2769,32.79716829582364,49.21875,0.3655279874801636,10,3,0.4821768594538656,False
main_node100,0.0,2461968.4848895506,9805,-37.168899655999454,36.5625,-0.4773279130458832,11,7,0.3925216709421135,False
main_node100,0.0,2461968.564139611,8781,-25.944479772370016,36.5625,0.47702598571777344,7,4,0.3850773096574919,False
main_node100,0.0,2461969.539020415,5704,3.5833216984719627,22.5,-0.5146645903587341,9,6,0.29125184411575145,False
main_node100,0.0,2461970.531651619,10431,-44.99388015045713,10.5,0.17429591715335846,7,5,0.20191240886019501,False
main_node100,0.0,2461995.478668423,9807,-37.168899655999454,42.1875,0.5387642979621887,13,7,0.6482191542161113,False
main_node100,0.0,2461995.5514788562,5838,2.388015463268772,40.78125,0.5004122853279114,16,7,0.6417626959114513,False
main_node100,0.0,2461996.4433670053,2378,37.16889965599944,28.125,-0.1320197433233261,14,7,0.5556952158003259,False
main_node100,0.0,2461996.45595037,8010,-18.209956864283015,28.125,-0.34283357858657837,14,7,0.5543269795307215,False
main_node100,0.0,2461996.530879078,4809,12.024699180565818,26.71875,-0.5868613719940186,15,7,0.5474672807358253,False
main_node100,0.0,2461997.51106613,4165,18.209956864283,14.0625,-0.2897982895374298,12,7,0.448302043140221,False
main_node100,0.0,2461997.52364969,9797,-37.168899655999454,14.0625,-0.3913812041282654,12,7,0.44759612018059575,False
main_node100,0.0,2461998.4917923426,3776,22.02431283704216,1.40625,-0.01633892022073269,11,7,0.3489258277923258,False
main_node100,0.0,2461998.5042489907,9408,-32.79716829582364,1.40625,-0.15586452186107635,12,7,0.34752821450455046,False
main_node100,0.0,2461998.5788670224,6208,-1.1937484371410818,0.0,-0.41109970211982727,9,5,0.3405497610988058,False
main_node100,0.0,2461999.5533724413,3131,29.999999999999993,-12.65625,-0.036381762474775314,10,7,0.24478929390760962,False
main_node100,0.0,2461999.565784298,8763,-24.62431835216408,-12.65625,-0.18124733865261078,9,6,0.2441343198680942,False
main_node100,0.0,2462040.255095749,6333,-1.1937484371410818,-8.4375,-0.29033079743385315,6,2,0.5225914512223239,False
main_node100,0.0,2462041.22673271,10540,-44.99388015045713,-22.5,0.4202641248703003,13,7,0.6193743725660288,False
main_node100,0.0,2462041.246458887,2104,41.81031489577859,-21.09375,-0.25840893387794495,12,7,0.6207150094789314,False
main_node100,0.0,2462069.2204367057,2613,35.68533471265204,-29.53125,-0.4538838863372803,9,6,0.4537029101943938,False
main_node100,0.0,2462070.188321953,8752,-24.62431835216408,-43.59375,0.24587012827396393,12,7,0.5485161553018245,False
main_node100,0.0,2462070.268583408,9392,-31.388166464348544,-45.0,0.4749487340450287,12,7,0.5565649887761259,False
main_node100,0.0,2462071.1707948484,8364,-20.74237995448715,-56.25,0.01055140420794487,12,5,0.6415510606230712,False
main_node100,0.0,2462071.1808062927,3756,23.31795706533424,-56.25,0.19892849028110504,13,7,0.6421859117847738,False
main_node100,0.0,2462071.260596267,4651,14.477512185929925,-57.65625000000006,0.4836879372596741,14,7,0.6497847899691,False
main_node100,0.0,2462097.185239606,7346,-10.806922874860348,-39.375,0.4235934019088745,9,6,0.28233339371007554,False
main_node100,0.0,2462097.197198075,2098,41.81031489577859,-37.96875000000006,-0.499764621257782,9,6,0.28296081979773596,False
main_node100,0.0,2462098.172018519,4909,12.024699180565818,-52.03125,0.2521364390850067,11,7,0.3738125987846941,False
main_node100,0.0,2462098.2412212905,10409,-43.40685848593699,-53.709677419354875,0.3805025815963745,9,6,0.3803882226341459,False
main_node100,0.0,2462098.2518991875,5805,3.5833216984719627,-53.43750000000006,0.5454843640327454,9,5,0.38104614198096803,False
main_node100,0.0,2462117.638070629,5842,2.388015463268772,52.03125,-0.3800315260887146,7,4,0.19102484292301722,False
main_node100,0.0,2462117.6391597865,5330,7.180755781458274,52.03125,-0.3587680160999298,7,4,0.19102484292301722,False
main_node100,0.0,2462125.160054611,7599,-13.248014905676953,-47.81250000000006,0.22248347103595734,3,2,0.1354644893500143,False
main_node100,0.0,2462144.553359814,4308,16.957763300004146,57.65625,-0.5289369225502014,12,6,0.44492348730341735,False
main_node100,0.0,2462144.6294000624,6996,-8.385538647081319,56.25,-0.32893842458724976,12,7,0.436295398057016,False
main_node100,0.0,2462144.6404460995,2132,40.228184728061095,56.25,-0.05652695149183273,14,7,0.43551253356194397,False
main_node100,0.0,2462145.6223989776,1999,41.81031489577859,43.59375,-0.24725879728794098,12,7,0.32729874107386947,False
main_node100,0.0,2462172.5177429076,9297,-31.388166464348544,47.8125,0.3664500117301941,12,5,0.601420880976809,False
main_node100,0.0,2462172.596450268,10443,-44.99388015045713,46.5,0.3811126947402954,14,7,0.5928665049990544,False
main_node100,0.0,2462172.6064051073,6225,-1.1937484371410818,47.8125,-0.48871588706970215,15,7,0.5920879717761393,False
main_node100,0.0,2462173.5780451074,10439,-44.99388015045713,34.5,-0.28293904662132263,10,5,0.48282607722120224,False
main_node100,0.0,2462174.645153425,9031,-28.630989836924357,19.6875,0.4769168198108673,9,6,0.3662330183494326,False
main_node105,0.0,2461535.2573831864,1980,43.406858485936986,-10.161290322580612,-0.40063610672950745,4,3,0.14285837338495022,False
main_node105,0.0,2461535.2705357387,7740,-14.477512185929939,-9.84375,0.10157591849565506,5,5,0.1440003400822294,False
main_node105,0.0,2461536.255971109,9400,-31.388166464348544,-22.5,0.40780308842658997,8,4,0.23377098731273924,False
main_node105,0.0,2461537.3130453844,6579,-3.583321698471977,-36.5625,0.26856037974357605,11,7,0.34472634682505854,False
main_node105,0.0,2461538.287625011,3374,27.27961273597809,-49.21875000000006,0.3405718207359314,13,7,0.45416413175687304,False
main_node105,0.0,2461538.3006404615,9262,-30.000000000000014,-49.21875000000006,0.5941778421401978,13,7,0.4557474898541735,False
main_node105,0.0,2461565.279821213,2736,34.228866327812575,-45.0,0.20487940311431885,3,2,0.21177962068346615,False
main_node105,0.0,2461586.556229108,6476,-3.583321698471977,33.75,-0.5874674320220947,6,3,0.21789526341292123,False
main_node105,0.0,2461612.479902272,3411,25.944479772370002,53.4375,0.5767308473587036,12,7,0.5764768291580799,False
main_node105,0.0,2461612.5631727935,4050,19.47122063449069,52.03125,0.31920382380485535,14,5,0.5679840987445348,False
main_node105,0.0,2461612.5763866976,9938,-38.68218745348943,52.03125,0.44341617822647095,12,3,0.566565181145888,False
main_node105,0.0,2461613.468748992,6734,-5.979156796301311,39.375,-0.3615780472755432,12,7,0.4738185375578496,False
main_node105,0.0,2461613.544476245,3918,20.742379954487134,39.375,0.5702669620513916,11,7,0.46572146120392016,False
main_node105,0.0,2461614.527772132,4681,13.24801490567694,25.3125,-0.47722941637039185,12,7,0.3609118162204667,False
main_node105,0.0,2461615.5107437395,5316,7.180755781458274,12.65625,-0.1882777065038681,9,5,0.2590819718675586,False
main_node105,0.0,2461616.566267593,2111,41.81031489577859,-1.40625,-0.2883889675140381,7,4,0.15999413357104267,False
main_node105,0.0,2461616.5796210757,7999,-16.957763300004146,-1.40625,-0.13993151485919952,6,3,0.15939192559898052,False
main_node105,0.0,2461641.4452136424,7243,-10.806922874860348,30.9375,-0.17939987778663635,14,7,0.6244034552612123,False
main_node105,0.0,2461641.5189619847,3530,24.62431835216408,29.53125,-0.5736293792724609,16,7,0.6165563247900303,False
main_node105,0.0,2461641.5320098936,9418,-32.79716829582364,29.53125,-0.366080105304718,18,7,0.6151252997859169,False
main_node105,0.0,2461642.4265308077,7110,-9.594068226860458,18.28125,0.08954150974750519,11,5,0.5207695821701085,False
main_node105,0.0,2461642.5020125327,4166,18.209956864283,16.875,-0.3159894645214081,12,7,0.5124628672342414,False
main_node105,0.0,2461642.5152909616,10054,-40.22818472806108,16.875,-0.0991860032081604,13,7,0.5109493033829223,False
main_node105,0.0,2461642.594148454,8901,-27.27961273597809,15.46875,-0.44873738288879395,11,3,0.5018576231555085,False
main_node105,0.0,2461643.4861116703,5313,7.180755781458274,4.21875,-0.017934968695044518,13,7,0.4040414605990246,False
main_node105,0.0,2461643.5610969504,2369,37.16889965599944,2.8125,-0.3602438271045685,12,7,0.3956336068710106,False
main_node105,0.0,2461643.574255897,8257,-20.74237995448715,2.8125,-0.23419564962387085,12,6,0.3941058322786778,False
main_node105,0.0,2461644.5500497534,5692,4.780191847199163,-9.84375,-0.06142571568489075,12,7,0.2890956427630559,False
main_node105,0.0,2461646.5953075388,5811,3.5833216984719627,-36.5625,0.16676567494869232,4,2,0.10135223424229013,False
main_node105,0.0,2461686.2356669973,2745,34.228866327812575,-19.6875,0.5732297897338867,10,6,0.5246718632291183,False
main_node105,0.0,2461687.202027609,9524,-32.79716829582364,-32.34375000000006,0.44865483045578003,12,7,0.6151827887990482,False
main_node105,0.0,2461687.283170925,9780,-35.68533471265205,-32.34375000000006,-0.4386400878429413,11,6,0.622824406058463,False
main_node105,0.0,2461687.2997253337,2484,37.16889965599944,-33.75000000000006,0.5892382860183716,11,4,0.6240947324151268,False
main_node105,0.0,2461714.2051623333,5302,8.385538647081319,-28.125,0.5580307245254517,6,3,0.34994983843359373,False
main_node105,0.0,2461715.175347689,10289,-41.81031489577862,-40.78125,0.25586631894111633,11,7,0.4392823433377475,False
main_node105,0.0,2461715.1887012045,4401,16.957763300004146,-40.78125,0.2621430456638336,12,7,0.4405841651199527,False
main_node105,0.0,2461716.166167881,6317,-1.1937484371410818,-53.43750000000006,0.02102498710155487,11,5,0.5326685732902918,False
main_node105,0.0,2461716.242642942,8748,-24.62431835216408,-54.84375,0.34624236822128296,12,7,0.5398409197193453,False
main_node105,0.0,2461716.25505502,3116,29.999999999999993,-54.84375,0.2674795091152191,14,7,0.5411442391033898,False
main_node105,0.0,2461742.170847314,9651,-34.22886632781257,-36.5625,0.34529268741607666,5,3,0.1902864370106275,False
main_node105,0.0,2461743.1629484226,4910,12.024699180565818,-49.21875000000006,0.10118134319782257,9,5,0.2686134171042158,False
main_node105,0.0,2461762.6352788825,3027,29.999999999999993,54.84375,-0.42503249645233154,7,3,0.21812245922395665,False
main_node105,0.0,2461789.623053592,5717,3.5833216984719627,59.0625,-0.3819274306297302,12,7,0.4671337594336248,False
main_node105,0.0,2461790.5963785956,9424,-32.79716829582364,46.40625,-0.5502098202705383,7,3,0.3651189056424397,False
main_node105,0.0,2461791.6650417154,7115,-9.594068226860458,32.34375,-0.5967363119125366,3,3,0.2622711573426043,False
main_node105,0.0,2461817.507362722,9810,-37.168899655999454,50.625,0.393535315990448,11,4,0.6419077388005425,False
main_node105,0.0,2461817.5891626836,9810,-37.168899655999454,50.625,-0.46561169624328613,14,7,0.633147602422617,False
main_node105,0.0,2461817.6000641827,4946,10.806922874860334,50.625,-0.5603049993515015,15,7,0.632416542687484,False
main_node105,0.0,2461818.570753522,9805,-37.168899655999454,36.5625,0.43043678998947144,8,4,0.529654717834597,False
main_node105,0.0,2461818.5833372627,4173,18.209956864283,36.5625,0.5325777530670166,13,7,0.5281909303612079,False
main_node105,0.0,2461819.639019358,7752,-15.713861048008212,22.5,0.5838831663131714,7,4,0.41901373706433265,False
main_node105,0.0,2461861.23311157,4037,19.47122063449069,15.46875,0.43166637420654297,11,7,0.19576728656243997,False
main_node105,0.0,2461861.246325511,9925,-38.68218745348943,15.46875,0.32507526874542236,12,7,0.1963365832001352,False
main_node105,0.0,2461862.297638447,4544,14.477512185929925,1.40625,0.3899351954460144,11,7,0.29073671698013215,False
main_node105,0.0,2461862.310791217,10304,-43.40685848593699,1.4516129032257936,0.2932586967945099,9,6,0.2920739249668972,False
main_node105,0.0,2461863.3575039706,3131,29.999999999999993,-12.65625,0.3121711015701294,13,6,0.39789067603584527,False
main_node105,0.0,2461864.2599762823,4279,18.209956864283,-25.3125,-0.42685258388519287,15,7,0.4961610119691762,False
main_node105,0.0,2461864.273255092,10167,-40.22818472806108,-25.3125,-0.3659060299396515,14,7,0.49770141998650896,False
main_node105,0.0,2461864.355055393,10167,-40.22818472806108,-25.3125,0.45702317357063293,17,7,0.5069531689983193,False
main_node105,0.0,2461865.2478878195,7218,-9.594068226860458,-37.96875000000006,-0.1734069138765335,15,7,0.6067890586685291,False
main_node105,0.0,2461865.3233691873,4274,18.209956864283,-39.375,-0.47589635848999023,17,7,0.6152573638178425,False
main_node105,0.0,2461865.3366481033,10162,-40.22818472806108,-39.375,-0.40493419766426086,16,7,0.6160267181675694,False
main_node105,0.0,2461865.410665962,6834,-5.979156796301311,-39.375,0.570634663105011,15,6,0.6244735992304462,False
main_node105,0.0,2461890.2694807933,3133,29.999999999999993,-7.03125,0.5174814462661743,6,5,0.1637427321355722,False
main_node105,0.0,2461891.2497812645,2616,35.68533471265204,-21.09375,-0.4247005581855774,8,4,0.24977758379969062,False
main_node105,0.0,2461891.262894791,8504,-22.02431283704216,-21.09375,-0.5294057130813599,11,7,0.2511034123396303,False
main_node105,0.0,2461892.248624675,10164,-40.22818472806108,-33.75000000000006,-0.24826687574386597,9,4,0.3510578523565518,False
main_node105,0.0,2461892.3287356854,9523,-32.79716829582364,-35.15625,-0.5350790023803711,9,6,0.3592292182877238,False
main_node105,0.0,2461893.303148028,6319,-1.1937484371410818,-47.81250000000006,-0.3326541483402252,13,7,0.467603518379522,False
main_node105,0.0,2461920.2864295784,1845,44.993880150457116,-43.5,-0.19073627889156342,6,5,0.22612190994349549,False
main_node105,0.0,2461921.2729485175,3756,23.31795706533424,-56.25,-0.13213716447353363,9,4,0.3268792404478902,False
main_node105,0.0,2461921.286024472,9644,-34.22886632781257,-56.25,-0.17536500096321106,11,7,0.328376421321766,False
main_node105,0.0,2461967.495401516,6355,-2.388015463268786,54.84375,-0.1305568665266037,12,7,0.4896304383312982,False
main_node105,0.0,2461967.5707625425,3411,25.944479772370002,53.4375,-0.34944984316825867,10,3,0.4821768594538656,False
main_node105,0.0,2461968.54874917,1998,41.81031489577859,40.78125,-0.03330247476696968,9,6,0.38642986100739435,False
main_node105,0.0,2461968.5621024277,7886,-16.957763300004146,40.78125,-0.20388203859329224,7,4,0.3850773096574919,False
main_node105,0.0,2461969.536831016,4682,13.24801490567694,28.125,0.12383668124675751,9,6,0.2919028275622101,False
main_node105,0.0,2461969.550065288,10437,-44.99388015045713,28.5,0.23419839143753052,9,6,0.2906025554404951,False
main_node105,0.0,2461995.474081222,7888,-16.957763300004146,46.40625,-0.002923104679211974,13,7,0.6488631215432796,False
main_node105,0.0,2461995.54957136,4944,10.806922874860334,45.0,-0.25572121143341064,16,7,0.6417626959114513,False
main_node105,0.0,2461996.4426788925,2124,40.228184728061095,33.75,0.34782958030700684,14,7,0.5556952158003259,False
main_node105,0.0,2461996.4559574015,8012,-18.209956864283015,33.75,0.25973883271217346,14,7,0.5543269795307215,False
main_node105,0.0,2461996.5314386454,5067,9.594068226860458,32.34375,0.012818899936974049,15,7,0.5467805330509032,False
main_node105,0.0,2461997.4429121213,10183,-41.81031489577862,21.09375,0.34052810072898865,10,5,0.4553581171476491,False
main_node105,0.0,2461997.517666381,7239,-10.806922874860348,19.6875,0.2396641969680786,12,7,0.44759612018059575,False
main_node105,0.0,2461997.5925855255,4038,19.47122063449069,18.28125,-0.013642908073961735,12,3,0.4405348562554152,False
main_node105,0.0,2461998.4984351303,6850,-7.180755781458288,7.03125,0.5264390110969543,12,7,0.34822655492947274,False
main_node105,0.0,2461998.5738893542,3906,20.742379954487134,5.625,0.2465423047542572,9,5,0.3405497610988058,False
main_node105,0.0,2461998.58704804,9794,-37.168899655999454,5.625,0.08797938376665115,8,3,0.33915610895142045,False
main_node105,0.0,2461999.561827283,6973,-7.180755781458288,-7.03125,0.47635871171951294,9,6,0.2441343198680942,False
main_node105,0.0,2462025.404066564,3908,20.742379954487134,11.25,-0.5451635122299194,14,7,0.6163443886372231,True
main_node105,0.0,2462025.488124946,4932,10.806922874860334,11.25,0.4578089416027069,14,7,0.6081204355425347,True
main_node105,0.0,2462025.562516706,1863,43.406858485936986,10.16129032258064,0.4296107888221741,18,7,0.6005378751613997,True
main_node105,0.0,2462025.575669054,7619,-14.477512185929939,9.84375,0.0717991515994072,16,7,0.5991555350119194,True
main_node105,0.0,2462026.478372164,9023,-27.27961273597809,-1.40625,0.5708080530166626,14,7,0.5068284904941259,True
main_node105,0.0,2462026.5537011935,6079,1.1937484371410676,-2.8125,0.3909633159637451,15,7,0.49884122401522657,True
main_node105,0.0,2462027.529058279,3258,28.630989836924343,-16.875,-0.5833421945571899,12,7,0.3961493985389446,True
main_node105,0.0,2462028.511562549,3637,24.62431835216408,-29.53125,-0.36689111590385437,9,5,0.29321395188940896,True
main_node105,0.0,2462039.2007717737,2243,38.68218745348943,9.84375,0.46203625202178955,3,1,0.4133269223336463,False
main_node105,0.0,2462040.2531929687,7230,-9.594068226860458,-4.21875,0.4601908326148987,7,3,0.5218830367115487,False
main_node105,0.0,2462041.231666478,8634,-23.31795706533424,-16.875,0.12722823023796082,13,7,0.6193743725660288,False
main_node105,0.0,2462041.2440969455,3002,31.38816646434855,-16.875,0.2844741940498352,12,7,0.6207150094789314,False
main_node105,0.0,2462069.209324365,7607,-13.248014905676953,-25.3125,-0.007432522717863321,11,7,0.4523251089206807,False
main_node105,0.0,2462070.1928396095,6706,-4.780191847199163,-37.96875000000006,-0.2556498646736145,13,7,0.5491880734482704,False
main_node105,0.0,2462070.2041501324,1847,44.993880150457116,-37.5,-0.3346439599990845,13,7,0.5498599915947162,False
main_node105,0.0,2462070.2715869346,8114,-18.209956864283015,-39.375,0.020006399601697922,12,7,0.5565649887761259,False
main_node105,0.0,2462071.179087271,4526,15.713861048008212,-50.625,-0.4423833191394806,13,7,0.6421859117847738,False
main_node105,0.0,2462071.2470912947,10530,-44.99388015045713,-52.5,0.02652854286134243,14,7,0.6485228569443713,False
main_node105,0.0,2462071.2578580948,5933,2.388015463268772,-52.03125,-0.18119096755981445,13,7,0.6491538234567357,False
main_node105,0.0,2462097.1811987865,9140,-28.630989836924357,-33.75000000000006,-0.2346930354833603,9,6,0.2817059676224151,False
main_node105,0.0,2462098.164871025,8239,-19.47122063449069,-46.40625,-0.4732968807220459,11,7,0.37315539335280246,False
main_node105,0.0,2462098.1787954615,2095,41.81031489577859,-46.40625,-0.15043726563453674,12,7,0.3744698042165857,False
main_node105,0.0,2462098.243316677,9647,-34.22886632781257,-47.81250000000006,-0.21198095381259918,9,6,0.3803882226341459,False
main_node105,0.0,2462099.157391894,3243,28.630989836924343,-59.0625,-0.5030598044395447,11,5,0.46784786149778074,False
main_node105,0.0,2462117.6440400397,3156,28.630989836924343,56.25,0.4342852830886841,7,4,0.19039404628830742,False
main_node105,0.0,2462125.1644327496,5553,5.979156796301311,-42.18750000000006,-0.30584874749183655,5,3,0.13594158163618553,False
main_node105,0.0,2462145.603764606,10065,-40.22818472806108,47.8125,0.015643727034330368,9,4,0.32950719092254904,False
main_node105,0.0,2462145.612634098,6225,-1.1937484371410818,47.8125,0.2020551711320877,9,5,0.3287710409729892,False
main_node105,0.0,2462172.517752019,9299,-31.388166464348544,53.4375,-0.139726921916008,12,5,0.601420880976809,False
main_node105,0.0,2462172.530779171,3411,25.944479772370002,53.4375,0.06479237228631973,15,7,0.6006439671748987,False
main_node105,0.0,2462172.609415274,4818,12.024699180565818,52.03125,0.3331775367259979,16,7,0.5913094385532242,False
main_node105,0.0,2462173.580498929,9550,-34.22886632781257,39.375,-0.11057266592979431,12,6,0.4820498637355331,False
main_node105,0.0,2462173.592989523,3918,20.742379954487134,39.375,0.09428178519010544,13,7,0.48127458447232563,False
main_node105,0.0,2462174.650854323,6473,-3.583321698471977,25.3125,0.05774931237101555,7,5,0.36550135392614996,False
main_node105,0.0,2462174.660114173,2377,37.16889965599944,25.3125,0.1997075378894806,6,5,0.36476968955192923,False
main_node110,0.0,2461535.257019906,1858,44.993880150457116,-4.5,0.07683754712343216,4,3,0.14285837338495022,False
main_node110,0.0,2461536.2504684757,6969,-7.180755781458288,-18.28125,-0.43836045265197754,8,4,0.23308273523356504,False
main_node110,0.0,2461537.3066336885,3636,24.62431835216408,-32.34375000000006,-0.5983978509902954,12,7,0.3439616768629246,False
main_node110,0.0,2461537.3210185603,10036,-38.68218745348943,-32.34375000000006,-0.25088977813720703,9,6,0.3454910167871925,False
main_node110,0.0,2461538.2968318476,7600,-13.248014905676953,-45.0,-0.1836715191602707,13,7,0.4557474898541735,False
main_node110,0.0,2461539.2704093996,3883,22.02431283704216,-57.65625000000006,-0.07931551337242126,13,7,0.5660140029130516,False
main_node110,0.0,2461539.2849138663,10283,-41.81031489577862,-57.65625000000006,0.1786859929561615,14,7,0.5675678864553303,False
main_node110,0.0,2461539.360783764,7851,-15.713861048008212,-59.0625,-0.22176499664783478,15,7,0.576093001555172,False
main_node110,0.0,2461566.2716451087,7341,-10.806922874860348,-53.43750000000006,-0.04142541065812111,8,3,0.3139529776811302,False
main_node110,0.0,2461586.5507000485,3918,20.742379954487134,39.375,-0.06481204181909561,6,4,0.21853151371390206,False
main_node110,0.0,2461586.5652760635,10317,-43.40685848593699,39.19354838709677,0.027789128944277763,6,3,0.21725901311194043,False
main_node110,0.0,2461612.489650097,7892,-16.957763300004146,57.65625,0.023152878507971764,12,7,0.5750648786320329,False
main_node110,0.0,2461612.5667821434,5716,3.5833216984719627,56.25,-0.3799996078014374,13,4,0.5672746399452114,False
main_node110,0.0,2461613.4614942116,3408,25.944479772370002,45.0,0.12527161836624146,12,7,0.47455429440548275,False
main_node110,0.0,2461613.4758349424,9808,-37.168899655999454,45.0,0.30496710538864136,12,7,0.4723470239119195,False
main_node110,0.0,2461613.551921011,7375,-12.024699180565818,43.59375,-0.0438612625002861,11,6,0.46498450766623617,False
main_node110,0.0,2461614.5277711675,4683,13.24801490567694,30.9375,0.1325475424528122,12,7,0.3609118162204667,False
main_node110,0.0,2461615.5118316105,5830,2.388015463268772,18.28125,0.4539566934108734,9,5,0.2590819718675586,False
main_node110,0.0,2461616.5689501353,3009,29.999999999999993,4.21875,0.25415438413619995,7,4,0.15999413357104267,False
main_node110,0.0,2461641.4362520636,3149,28.630989836924343,36.5625,0.27294057607650757,14,7,0.62511423905308,False
main_node110,0.0,2461641.4505353235,9549,-34.22886632781257,36.5625,0.4299600124359131,14,7,0.6236926714693447,False
main_node110,0.0,2461641.526737026,7116,-9.594068226860458,35.15625,0.10762035846710205,16,7,0.6158408122639842,False
main_node110,0.0,2461642.4308563475,9032,-28.630989836924357,22.5,-0.5499918460845947,13,7,0.5200150576886298,False
main_node110,0.0,2461642.506964015,6472,-3.583321698471977,22.5,0.36589816212654114,12,7,0.5117060853085819,False
main_node110,0.0,2461642.582944843,3783,22.02431283704216,21.09375,-0.04442569613456726,14,5,0.5033752351903036,False
main_node110,0.0,2461642.597449409,10183,-41.81031489577862,21.09375,0.12624043226242065,11,3,0.5018576231555085,False
main_node110,0.0,2461643.5617647157,2627,34.228866327812575,8.4375,0.153589129447937,12,7,0.3956336068710106,False
main_node110,0.0,2461643.576047846,9027,-28.630989836924357,8.4375,0.35166218876838684,12,6,0.3941058322786778,False
main_node110,0.0,2461644.5511353933,6206,0.0,-4.21875,0.579717218875885,12,7,0.2890956427630559,False
main_node110,0.0,2461686.2207582053,9403,-31.388166464348544,-14.0625,0.15831750631332397,9,6,0.523348980473106,False
main_node110,0.0,2461686.2314608376,4539,15.713861048008212,-14.0625,0.09503187984228134,9,6,0.5240104218511121,False
main_node110,0.0,2461687.213905705,4150,19.47122063449069,-26.71875,-0.17561860382556915,12,7,0.6164586887464812,False
main_node110,0.0,2461687.2910093595,6326,-1.1937484371410818,-28.125,0.18106777966022491,12,6,0.6234602810935198,False
main_node110,0.0,2461687.301143848,1974,43.406858485936986,-27.580645161290363,-0.31801581382751465,11,4,0.6240947324151268,False
main_node110,0.0,2461714.2046173965,5560,5.979156796301311,-22.5,-0.05761174485087395,7,4,0.34931885551526604,False
main_node110,0.0,2461715.1864815643,5427,7.180755781458274,-35.15625,-0.3353852331638336,12,7,0.4405841651199527,False
main_node110,0.0,2461715.2636388373,7603,-13.248014905676953,-36.5625,0.020005011931061745,8,3,0.4477483018115204,False
main_node110,0.0,2461715.2731546443,3251,28.630989836924343,-36.5625,-0.033305779099464417,8,2,0.44840001681519265,False
main_node110,0.0,2461716.239450784,10030,-38.68218745348943,-49.21875000000006,-0.17938373982906342,12,7,0.539189074000779,False
main_node110,0.0,2461716.250972522,4910,12.024699180565818,-49.21875000000006,-0.28872716426849365,12,7,0.5404927654379116,False
main_node110,0.0,2461743.159676012,6448,-2.388015463268786,-43.59375,-0.5070907473564148,9,5,0.2686134171042158,False
main_node110,0.0,2461744.214819315,10027,-38.68218745348943,-57.65625000000006,-0.33699238300323486,12,7,0.36071914344665884,False
main_node110,0.0,2461744.223066238,6443,-2.388015463268786,-57.65625000000006,-0.4574076235294342,11,7,0.3613472575649884,False
main_node110,0.0,2461762.632601761,4181,18.209956864283,59.0625,0.2777208983898163,7,3,0.21812245922395665,False
main_node110,0.0,2461790.607971147,4178,18.209956864283,50.625,0.10614514350891113,10,5,0.3637115784883403,False
main_node110,0.0,2461791.661329057,8781,-25.944479772370016,36.5625,0.16492043435573578,4,3,0.2629002306337727,False
main_node110,0.0,2461817.5193825313,4436,15.713861048008212,56.25,-0.11747600883245468,13,6,0.640448813579489,False
main_node110,0.0,2461817.5970685026,6355,-2.388015463268786,54.84375,0.21216747164726257,15,7,0.632416542687484,False
main_node110,0.0,2461817.607111403,2003,41.81031489577859,54.84375,0.16414496302604675,15,7,0.6316854829033296,False
main_node110,0.0,2461818.5783888246,6479,-3.583321698471977,42.1875,-0.06511387228965759,10,5,0.5289228240979025,False
main_node110,0.0,2461819.6372954743,8522,-23.31795706533424,28.125,-0.013932122848927975,7,4,0.41901373706433265,False
main_node110,0.0,2461819.650371342,2634,34.228866327812575,28.125,-0.0075448136776685715,5,4,0.41761418999357586,False
main_node110,0.0,2461847.611457806,9031,-28.630989836924357,19.6875,-0.18841800093650818,10,6,0.5884115666446325,True
main_node110,0.0,2461861.2383531844,6471,-3.583321698471977,19.6875,-0.3304043412208557,11,7,0.19576728656243997,False
main_node110,0.0,2461862.224136243,8386,-22.02431283704216,7.03125,-0.05011819675564766,9,4,0.2834290378315618,False
main_node110,0.0,2461862.3006597813,5954,1.1937484371410676,5.625,-0.38190388679504395,11,7,0.29073671698013215,False
main_node110,0.0,2461863.27692906,3645,24.62431835216408,-7.03125,-0.09541448205709457,12,7,0.3898018548745484,False
main_node110,0.0,2461863.291313723,10045,-38.68218745348943,-7.03125,-0.09077944606542587,12,7,0.3912677649110812,False
main_node110,0.0,2461864.2563402466,2745,34.228866327812575,-19.6875,0.14622284471988678,15,7,0.4961610119691762,False
main_node110,0.0,2461864.270623375,9145,-28.630989836924357,-19.6875,0.15196892619132996,14,7,0.49770141998650896,False
main_node110,0.0,2461864.347003213,6712,-4.780191847199163,-21.09375,-0.1538459211587906,16,7,0.5061814473910388,False
main_node110,0.0,2461865.2418582304,4404,16.957763300004146,-32.34375000000006,0.4270300269126892,14,7,0.6060179774351013,False
main_node110,0.0,2461865.3172862623,1848,44.993880150457116,-34.50000000000006,-0.4300324618816376,15,7,0.6144880094681157,False
main_node110,0.0,2461865.3316484424,8116,-18.209956864283015,-33.75000000000006,0.11856114119291306,16,7,0.6160267181675694,False
main_node110,0.0,2461865.4076783643,5427,7.180755781458274,-35.15625,-0.20741529762744904,15,6,0.6244735992304462,False
main_node110,0.0,2461890.269795209,3263,28.630989836924343,-2.8125,-0.17256858944892883,6,5,0.1637427321355722,False
main_node110,0.0,2461891.2504421235,2874,32.79716829582364,-15.46875,0.06993390619754791,8,4,0.24977758379969062,False
main_node110,0.0,2461891.264710998,9274,-30.000000000000014,-15.46875,0.048151519149541855,11,7,0.2511034123396303,False
main_node110,0.0,2461892.313178747,2613,35.68533471265204,-29.53125,0.02784106135368347,12,7,0.3577407239277878,False
main_node110,0.0,2461892.3274857397,9013,-27.27961273597809,-29.53125,0.007114956621080637,9,6,0.3592292182877238,False
main_node110,0.0,2461893.3042394975,6833,-5.979156796301311,-42.18750000000006,0.2909553050994873,13,7,0.467603518379522,False
main_node110,0.0,2461894.2770221056,2860,32.79716829582364,-54.84375,0.4910908639431,14,7,0.5782444813634369,False
main_node110,0.0,2461894.2912913933,9260,-30.000000000000014,-54.84375,0.48329290747642517,14,7,0.5798204265465955,False
main_node110,0.0,2461894.3676323765,6828,-5.979156796301311,-56.25,0.2391575425863266,17,7,0.5884744950036563,False
main_node110,0.0,2461920.2928045103,4402,16.957763300004146,-37.96875000000006,0.18043231964111328,5,4,0.22678474226723122,False
main_node110,0.0,2461921.2801568434,7086,-8.385538647081319,-50.625,0.44978976249694824,10,5,0.32762783090992653,False
main_node110,0.0,2461967.571950922,3925,20.742379954487134,59.0625,0.1962651014328003,10,3,0.4821768594538656,False
main_node110,0.0,2461968.5560753588,5072,9.594068226860458,46.40625,0.45739370584487915,8,5,0.38575358533244314,False
main_node110,0.0,2461969.531736854,2507,35.68533471265204,32.34375,-0.4920143187046051,9,6,0.2919028275622101,False
main_node110,0.0,2461995.479024158,9938,-38.68218745348943,52.03125,0.43501952290534973,13,7,0.6482191542161113,False
main_node110,0.0,2461995.554489044,7250,-10.806922874860348,50.625,0.31105852127075195,15,6,0.6411145553867235,False
main_node110,0.0,2461996.449092183,4813,12.024699180565818,37.96875,-0.430355966091156,14,7,0.5550110976655237,False
main_node110,0.0,2461996.524482311,2125,40.228184728061095,36.5625,-0.5193677544593811,15,7,0.5474672807358253,False
main_node110,0.0,2461997.4425573135,10057,-40.22818472806108,25.3125,-0.22052530944347382,10,5,0.4553581171476491,False
main_node110,0.0,2461997.5185052766,7624,-14.477512185929939,23.90625,-0.5210819840431213,12,7,0.44759612018059575,False
main_node110,0.0,2461997.5937262517,4552,14.477512185929925,23.90625,0.5708710551261902,12,3,0.4405348562554152,False
main_node110,0.0,2461998.501521231,8260,-20.74237995448715,11.25,-0.2534679174423218,12,7,0.34822655492947274,False
main_node110,0.0,2461998.57806447,5827,2.388015463268772,9.84375,-0.5601953268051147,9,5,0.3405497610988058,False
main_node110,0.0,2461999.5536944335,3263,28.630989836924343,-2.8125,-0.20769569277763367,10,7,0.24478929390760962,False
main_node110,0.0,2461999.567977761,9663,-34.22886632781257,-2.8125,-0.2929953634738922,9,6,0.24347934582857877,False
main_node110,0.0,2462025.411242067,7238,-10.806922874860348,16.875,-0.03350719437003136,14,7,0.6156615396238954,False
main_node110,0.0,2462025.487295852,4549,14.477512185929925,15.46875,-0.303861141204834,14,7,0.6081204355425347,False
main_node110,0.0,2462025.5632435144,2117,40.228184728061095,14.0625,-0.4254136085510254,18,7,0.6005378751613997,False
main_node110,0.0,2462026.469722632,4929,10.806922874860334,2.8125,-0.044563986361026764,14,7,0.5075536799048886,False
main_node110,0.0,2462026.5458686682,2496,35.68533471265204,1.40625,-0.24924372136592865,15,7,0.4995684206901449,False
main_node110,0.0,2462026.5601759497,8896,-27.27961273597809,1.40625,-0.39950159192085266,15,7,0.4981140273403083,False
main_node110,0.0,2462027.5358417598,6332,-1.1937484371410818,-11.25,-0.11733875423669815,12,7,0.3954143865029847,False
main_node110,0.0,2462027.6123650856,3899,22.02431283704216,-12.65625,-0.3747185468673706,10,4,0.38733446508297853,False
main_node110,0.0,2462028.5227592387,8759,-24.62431835216408,-23.90625,0.10703270137310028,11,7,0.29250584763480453,False
main_node110,0.0,2462028.598691941,6071,1.1937484371410676,-25.3125,-0.1651124656200409,9,6,0.28473694782815373,False
main_node110,0.0,2462029.5743584223,3378,27.27961273597809,-37.96875000000006,0.1409798413515091,10,7,0.18993733350940023,False
main_node110,0.0,2462029.588665399,9778,-35.68533471265205,-37.96875000000006,0.028512679040431976,9,6,0.1886729320255803,True
main_node110,0.0,2462040.252090537,7616,-14.477512185929939,1.40625,-0.15806668996810913,7,3,0.5218830367115487,True
main_node110,0.0,2462041.2428671164,3516,25.944479772370002,-11.25,-0.30411839485168457,12,7,0.6207150094789314,True
main_node110,0.0,2462069.2042314135,9784,-35.68533471265205,-21.09375,0.5660824179649353,11,7,0.4516359365908183,False
main_node110,0.0,2462070.187425837,9140,-28.630989836924357,-33.75000000000006,0.3939540982246399,12,7,0.5485161553018245,False
main_node110,0.0,2462070.1969420644,4788,13.24801490567694,-33.75000000000006,0.562896728515625,13,7,0.5491880734482704,False
main_node110,0.0,2462070.27600352,6068,1.1937484371410676,-33.75000000000006,-0.5333704948425293,12,6,0.5572345259294551,False
main_node110,0.0,2462071.1727903136,7471,-12.024699180565818,-46.40625,0.22305473685264587,12,5,0.6415510606230712,False
main_node110,0.0,2462071.181117921,3631,24.62431835216408,-46.40625,0.31032896041870117,13,7,0.6421859117847738,False
main_node110,0.0,2462071.2647759025,2863,32.79716829582364,-46.40625,-0.5874585509300232,14,7,0.6497847899691,False
main_node110,0.0,2462098.165163727,8113,-18.209956864283015,-42.18750000000006,0.2852040231227875,11,7,0.37315539335280246,False
main_node110,0.0,2462098.1770792347,2737,34.228866327812575,-42.18750000000006,0.40258994698524475,11,7,0.3738125987846941,False
main_node110,0.0,2462099.1596817146,2348,38.68218745348943,-54.84375,0.1877596527338028,11,5,0.46784786149778074,False
main_node110,0.0,2462099.232419822,6316,-1.1937484371410818,-56.25,0.40394046902656555,12,7,0.47448703453392244,False
main_node110,0.0,2462125.1592271295,7986,-16.957763300004146,-37.96875000000006,0.3772270381450653,3,2,0.1354644893500143,False
main_node110,0.0,2462125.169897354,3122,29.999999999999993,-37.96875000000006,0.48557376861572266,5,3,0.13594158163618553,False
main_node110,0.0,2462145.617050468,4179,18.209956864283,53.4375,-0.35342109203338623,11,7,0.3280348910234293,False
main_node110,0.0,2462146.66716425,10062,-40.22818472806108,39.375,-0.3922319710254669,3,3,0.22333554854069282,False
main_node110,0.0,2462172.6016861983,8404,-22.02431283704216,57.65625,-0.3613262176513672,15,7,0.5920879717761393,False
main_node110,0.0,2462172.612285913,3540,24.62431835216408,57.65625,-0.23337715864181519,16,7,0.5913094385532242,False
main_node110,0.0,2462173.590739872,4944,10.806922874860334,45.0,-0.5660907626152039,13,7,0.48127458447232563,False
main_node110,0.0,2462174.6486660917,7499,-13.248014905676953,30.9375,-0.5756499767303467,9,6,0.3662330183494326,False
main_node115,0.0,2461535.2581004896,2112,40.228184728061095,0.0,-0.2653050422668457,4,3,0.14285837338495022,False
main_node115,0.0,2461535.2725394964,8512,-23.31795706533424,0.0,-0.010198739357292652,5,5,0.1440003400822294,False
main_node115,0.0,2461536.2590582664,10543,-44.99388015045713,-13.5,-0.31939661502838135,8,4,0.23377098731273924,False
main_node115,0.0,2461537.316650885,8246,-19.47122063449069,-26.71875,0.1790475696325302,9,6,0.3454910167871925,False
main_node115,0.0,2461538.29300504,5810,3.5833216984719627,-39.375,0.3528987169265747,13,7,0.45495569137121333,False
main_node115,0.0,2461538.368802181,3121,29.999999999999993,-40.78125,-0.09113579243421555,9,4,0.4636662896460508,False
main_node115,0.0,2461539.284553112,10157,-40.22818472806108,-53.43750000000006,-0.4274880886077881,14,7,0.5675678864553303,False
main_node115,0.0,2461539.360221283,7597,-13.248014905676953,-53.43750000000006,0.36998119950294495,15,7,0.576093001555172,False
main_node115,0.0,2461566.2716435217,7343,-10.806922874860348,-47.81250000000006,0.570989727973938,8,3,0.3139529776811302,False
main_node115,0.0,2461586.5495162955,3408,25.944479772370002,45.0,0.48261046409606934,6,4,0.21853151371390206,False
main_node115,0.0,2461613.4623839622,3793,22.02431283704216,49.21875,-0.5782843232154846,12,7,0.4738185375578496,False
main_node115,0.0,2461613.476888979,10193,-41.81031489577862,49.21875,-0.2868935465812683,12,7,0.4723470239119195,False
main_node115,0.0,2461613.552477577,7633,-14.477512185929939,49.21875,0.5690261125564575,11,6,0.46424755412855223,False
main_node115,0.0,2461614.532412357,6860,-7.180755781458288,35.15625,-0.5634975433349609,10,7,0.3601778013489631,False
main_node115,0.0,2461615.5159440152,7752,-15.713861048008212,22.5,-0.24916653335094452,9,5,0.2590819718675586,False
main_node115,0.0,2461616.5749517693,5699,3.5833216984719627,8.4375,-0.3824707567691803,6,3,0.15939192559898052,False
main_node115,0.0,2461641.441671213,5582,4.780191847199163,40.78125,-0.3893086314201355,14,7,0.6244034552612123,False
main_node115,0.0,2461641.5177398524,3022,29.999999999999993,40.78125,0.5240954160690308,16,7,0.6165563247900303,False
main_node115,0.0,2461642.42244469,5194,8.385538647081319,28.125,-0.12424476444721222,11,5,0.5207695821701085,False
main_node115,0.0,2461642.498040705,2505,35.68533471265204,26.71875,-0.44268548488616943,12,7,0.5124628672342414,False
main_node115,0.0,2461642.5123481075,8905,-27.27961273597809,26.71875,-0.2991774082183838,13,7,0.5109493033829223,False
main_node115,0.0,2461642.597449593,10185,-41.81031489577862,26.71875,0.5895606279373169,11,3,0.5018576231555085,False
main_node115,0.0,2461643.491880123,8005,-18.209956864283015,14.0625,-0.08468199521303177,13,7,0.40327659748839284,False
main_node115,0.0,2461643.567910187,5316,7.180755781458274,12.65625,-0.4981001019477844,11,6,0.39486971957484424,False
main_node115,0.0,2461644.544002915,2880,31.38816646434855,0.0,-0.2623591125011444,12,7,0.2898242334550215,False
main_node115,0.0,2461644.558267095,9280,-31.388166464348544,0.0,-0.08172792941331863,12,7,0.2883670520710903,False
main_node115,0.0,2461670.5710956324,9542,-34.22886632781257,16.875,-0.4027058780193329,18,7,0.6496483524534122,True
main_node115,0.0,2461671.466121785,7490,-13.248014905676953,5.625,0.05738961324095726,14,7,0.5532246309555541,True
main_node115,0.0,2461671.5427309754,5057,9.594068226860458,4.21875,-0.3313405513763428,15,7,0.5447652377249669,True
main_node115,0.0,2461671.61756904,2113,40.228184728061095,2.8125,-0.5750740766525269,11,4,0.5362777313299368,True
main_node115,0.0,2461672.5278628413,6845,-5.979156796301311,-8.4375,-0.013672633096575737,12,7,0.4340104546549372,True
main_node115,0.0,2461672.6061236598,5180,9.594068226860458,-9.84375,-0.3823263645172119,13,5,0.4254000456593475,True
main_node115,0.0,2461673.5036732988,4152,19.47122063449069,-21.09375,0.1782466173171997,10,5,0.32508862244327,True
main_node115,0.0,2461673.5840018727,3512,25.944479772370002,-22.5,-0.14211729168891907,11,7,0.31680808533261456,True
main_node115,0.0,2461686.2270774213,6589,-3.583321698471977,-8.4375,-0.4884127974510193,9,6,0.5240104218511121,False
main_node115,0.0,2461687.2006930057,10040,-38.68218745348943,-21.09375,-0.5516057014465332,12,7,0.6151827887990482,False
main_node115,0.0,2461687.281058315,10540,-44.99388015045713,-22.5,-0.2625552713871002,11,6,0.622188531066045,False
main_node115,0.0,2461687.2920962,5816,3.5833216984719627,-22.5,-0.4523080885410309,12,6,0.6234602810935198,False
main_node115,0.0,2461715.1777190235,9397,-31.388166464348544,-30.9375,0.42522016167640686,11,7,0.4399332542288501,False
main_node115,0.0,2461715.1895645806,4021,20.742379954487134,-30.9375,0.3953039348125458,12,7,0.4405841651199527,False
main_node115,0.0,2461716.164262471,7216,-9.594068226860458,-43.59375,0.18779891729354858,11,5,0.5326685732902918,False
main_node115,0.0,2461716.239100589,10160,-40.22818472806108,-45.0,0.42404139041900635,12,7,0.539189074000779,False
main_node115,0.0,2461716.250147066,5296,8.385538647081319,-45.0,0.4855296015739441,12,7,0.5404927654379116,False
main_node115,0.0,2461717.2354279524,3627,24.62431835216408,-57.65625000000006,0.17155233025550842,13,7,0.6319829355884439,False
main_node115,0.0,2461717.311903149,6059,1.1937484371410676,-59.0625,0.5518302321434021,18,7,0.6389446006263243,False
main_node115,0.0,2461717.3207728514,2219,40.228184728061095,-59.0625,0.3828999698162079,16,7,0.6395764165351531,False
main_node115,0.0,2461743.164933583,4018,20.742379954487134,-39.375,0.23174157738685608,11,7,0.2691936699943639,False
main_node115,0.0,2461744.2188974097,8365,-20.74237995448715,-53.43750000000006,0.3218879997730255,11,7,0.3613472575649884,False
main_node115,0.0,2461744.230116264,3245,28.630989836924343,-53.43750000000006,0.2553245425224304,10,7,0.3619753717254363,False
main_node115,0.0,2461790.6074068793,4436,15.713861048008212,56.25,-0.496903657913208,9,4,0.36441524206539,False
main_node115,0.0,2461791.660094929,9295,-31.388166464348544,42.1875,-0.3701821565628052,4,3,0.2629002306337727,False
main_node115,0.0,2461818.587314497,2512,35.68533471265204,46.40625,0.5741927623748779,13,7,0.5274596747144763,False
main_node115,0.0,2461819.6520972736,1995,41.81031489577859,32.34375,0.572513997554779,5,4,0.41761418999357586,False
main_node115,0.0,2461847.6117675174,8904,-27.27961273597809,23.90625,0.5142377018928528,10,6,0.5884115666446325,False
main_node115,0.0,2461848.603695694,4164,18.209956864283,11.25,0.2875089943408966,5,2,0.4883861071892128,True
main_node115,0.0,2461861.229096929,2377,37.16889965599944,25.3125,0.23812294006347656,9,5,0.19519798992474474,True
main_node115,0.0,2461861.243437801,8777,-25.944479772370016,25.3125,0.26720020174980164,12,7,0.1963365832001352,True
main_node115,0.0,2461862.2907101396,1743,44.993880150457116,10.5,-0.35013657808303833,12,7,0.2900681129867496,True
main_node115,0.0,2461862.3056476796,8260,-20.74237995448715,11.25,0.23371434211730957,9,6,0.2914053209735147,False
main_node115,0.0,2461863.2814414324,5695,4.780191847199163,-1.40625,0.5163676738739014,12,7,0.3905348098682405,False
main_node115,0.0,2461863.357821285,3263,28.630989836924343,-2.8125,0.16094885766506195,11,5,0.398627990403044,False
main_node115,0.0,2461864.266852745,7482,-12.024699180565818,-15.46875,-0.5884138941764832,14,7,0.49693121597784257,False
main_node115,0.0,2461864.3431880004,4922,12.024699180565818,-15.46875,0.45251214504241943,15,7,0.5054097258355061,False
main_node115,0.0,2461865.23585121,1974,43.406858485936986,-27.580645161290363,0.15346623957157135,13,6,0.6052468962016737,False
main_node115,0.0,2461865.25042715,8374,-20.74237995448715,-28.125,-0.29976508021354675,15,7,0.6067890586685291,False
main_node115,0.0,2461865.336655178,10166,-40.22818472806108,-28.125,0.5743764638900757,16,7,0.6160267181675694,False
main_node115,0.0,2461865.412045605,7477,-12.024699180565818,-29.53125,0.41578730940818787,15,6,0.6244735992304462,False
main_node115,0.0,2461890.2743992503,5185,8.385538647081319,2.8125,0.40958672761917114,5,4,0.16429819193178494,False
main_node115,0.0,2461891.2660068884,9788,-35.68533471265205,-9.84375,0.5591540336608887,11,7,0.2511034123396303,False
main_node115,0.0,2461892.3121485207,2231,40.228184728061095,-25.3125,-0.5781277418136597,12,7,0.3577407239277878,False
main_node115,0.0,2461893.2972882045,3634,24.62431835216408,-37.96875000000006,-0.44817209243774414,13,7,0.4668173776540937,False
main_node115,0.0,2461893.3116733665,10034,-38.68218745348943,-37.96875000000006,-0.3849407136440277,13,7,0.46838965910495034,False
main_node115,0.0,2461894.2842060323,6062,1.1937484371410676,-50.625,-0.21208244562149048,14,7,0.5790324539285974,False
main_node115,0.0,2461894.3606810602,3629,24.62431835216408,-52.03125,-0.49496859312057495,17,7,0.5876882551842298,False
main_node115,0.0,2461894.375066316,10029,-38.68218745348943,-52.03125,-0.4260450601577759,15,6,0.5892607348230827,False
main_node115,0.0,2461921.2732499028,3887,22.02431283704216,-46.40625,-0.29919496178627014,9,4,0.3268792404478902,False
main_node115,0.0,2461921.287754734,10287,-41.81031489577862,-46.40625,-0.2575470805168152,11,7,0.328376421321766,False
main_node115,0.0,2461968.478640445,7122,-9.594068226860458,52.03125,-0.014075945131480694,9,5,0.39319898627783056,False
main_node115,0.0,2461968.555249124,4690,13.24801490567694,50.625,-0.3094376027584076,8,5,0.38575358533244314,False
main_node115,0.0,2461969.5310616675,2253,38.68218745348943,37.96875,0.005979299545288086,10,7,0.2925538109650169,False
main_node115,0.0,2461969.5454462413,8653,-24.62431835216408,37.96875,-0.07584599405527115,9,6,0.2906025554404951,False
main_node115,0.0,2461995.471053197,6484,-3.583321698471977,56.25,-0.11949080973863602,13,7,0.6488631215432796,False
main_node115,0.0,2461995.547613482,4051,19.47122063449069,54.84375,-0.3904362916946411,16,7,0.6417626959114513,False
main_node115,0.0,2461995.5622620606,10446,-44.99388015045713,55.5,0.07091577351093292,15,6,0.6404664148619956,False
main_node115,0.0,2461996.4556834837,7887,-16.957763300004146,43.59375,0.13408097624778748,14,7,0.5543269795307215,False
main_node115,0.0,2461996.5322706783,5455,5.979156796301311,42.1875,-0.1574341058731079,15,7,0.5467805330509032,False
main_node115,0.0,2461997.505720894,1994,41.81031489577859,29.53125,0.14517667889595032,12,7,0.4490079660998463,False
main_node115,0.0,2461997.520225462,8394,-22.02431283704216,29.53125,0.07782331109046936,12,7,0.44759612018059575,False
main_node115,0.0,2461998.4896812234,2886,31.38816646434855,16.875,0.3690742552280426,11,7,0.3489258277923258,False
main_node115,0.0,2461998.5039455374,9286,-31.388166464348544,16.875,0.2957421839237213,12,7,0.34752821450455046,False
main_node115,0.0,2461998.579698643,6597,-4.780191847199163,15.46875,0.05630059167742729,9,5,0.3405497610988058,False
main_node115,0.0,2461999.556634748,4417,15.713861048008212,2.8125,0.338675320148468,10,7,0.24478929390760962,False
main_node115,0.0,2462025.399290162,1991,41.81031489577859,21.09375,-0.524377703666687,12,5,0.6170272376963395,False
main_node115,0.0,2462025.419016011,10435,-44.99388015045713,22.5,0.3569542169570923,15,7,0.6149786905647789,False
main_node115,0.0,2462025.4950155793,8135,-19.47122063449069,21.09375,0.2416439950466156,15,7,0.6074333504383174,False
main_node115,0.0,2462025.5715760877,5703,3.5833216984719627,19.6875,-0.04081527516245842,17,7,0.5998467050866596,False
main_node115,0.0,2462026.465051449,2883,31.38816646434855,8.4375,0.5198714733123779,14,7,0.5082788692670236,False
main_node115,0.0,2462026.479316115,9283,-31.388166464348544,8.4375,0.4376288056373596,14,7,0.5068284904941259,False
main_node115,0.0,2462026.554525439,6338,-2.388015463268786,7.03125,0.2296086549758911,15,7,0.49884122401522657,False
main_node115,0.0,2462027.530862623,4030,20.742379954487134,-5.625,0.49832460284233093,12,7,0.3961493985389446,False
main_node115,0.0,2462027.6071509905,1857,44.993880150457116,-7.5,-0.13972613215446472,10,4,0.3880687058709615,False
main_node115,0.0,2462028.524300566,9401,-31.388166464348544,-19.6875,-0.5628873705863953,11,7,0.29250584763480453,False
main_node115,0.0,2462028.598697218,6073,1.1937484371410676,-19.6875,0.45913729071617126,9,6,0.28473694782815373,False
main_node115,0.0,2462029.574665363,3508,25.944479772370002,-33.75000000000006,-0.5793351531028748,10,7,0.18993733350940023,False
main_node115,0.0,2462069.2123470255,6202,0.0,-15.46875,0.19408316910266876,10,7,0.4530140095806344,False
main_node115,0.0,2462070.1840756633,10418,-43.40685848593699,-27.580645161290363,-0.5542899966239929,12,7,0.5485161553018245,False
main_node115,0.0,2462070.1947527276,5814,3.5833216984719627,-28.125,-0.07713153213262558,13,7,0.5491880734482704,False
main_node115,0.0,2462070.2713131085,8245,-19.47122063449069,-29.53125,0.19188015162944794,12,7,0.5565649887761259,False
main_node115,0.0,2462071.178261821,4913,12.024699180565818,-40.78125,-0.33005356788635254,13,7,0.6421859117847738,False
main_node115,0.0,2462071.2543181553,7601,-13.248014905676953,-42.18750000000006,-0.060202423483133316,13,7,0.6491538234567357,False
main_node115,0.0,2462071.2644604584,2993,31.38816646434855,-42.18750000000006,0.04000571370124817,14,7,0.6497847899691,False
main_node115,0.0,2462097.1898972914,5175,9.594068226860458,-23.90625,0.029573790729045868,9,6,0.28233339371007554,False
main_node115,0.0,2462098.1723187724,4787,13.24801490567694,-36.5625,-0.23234951496124268,11,7,0.3738125987846941,False
main_node115,0.0,2462098.249475757,6962,-7.180755781458288,-37.96875000000006,0.04526808112859726,9,5,0.38104614198096803,False
main_node115,0.0,2462098.260607612,2098,41.81031489577859,-37.96875000000006,0.14637015759944916,8,3,0.38236332941384615,False
main_node115,0.0,2462099.2357084593,4782,13.24801490567694,-50.625,-0.18227778375148773,12,7,0.47515082299975425,False
main_node115,0.0,2462099.3123170626,7213,-9.594068226860458,-52.03125,0.08795080333948135,11,3,0.4824500047910014,False
main_node115,0.0,2462125.165819881,4916,12.024699180565818,-32.34375000000006,-0.14558643102645874,5,3,0.13594158163618553,False
main_node115,0.0,2462126.216253947,10532,-44.99388015045713,-46.49999999999994,-0.1406249701976776,6,3,0.21466767848081608,False
main_node115,0.0,2462127.2110785157,4779,13.24801490567694,-59.0625,-0.36176827549934387,12,7,0.29860172667285845,False
main_node115,0.0,2462145.617922003,3796,22.02431283704216,57.65625,0.3694351613521576,11,7,0.3280348910234293,False
main_node115,0.0,2462146.668201372,9679,-35.68533471265205,43.59375,0.27105844020843506,3,3,0.22333554854069282,False
main_node115,0.0,2462173.5963974996,2513,35.68533471265204,49.21875,0.20866316556930542,13,7,0.4804993052611047,False
main_node115,0.0,2462174.652767507,5580,4.780191847199163,35.15625,0.23392793536186218,7,5,0.36550135392614996,False
main_node115,0.0,2462174.6611817097,1996,41.81031489577859,35.15625,0.25383204221725464,6,5,0.36476968955192923,False
main_node120,0.0,2461535.2580981315,2114,40.228184728061095,5.625,0.22015900909900665,4,3,0.14285837338495022,False
main_node120,0.0,2461535.27313417,8770,-25.944479772370016,5.625,0.5591607689857483,5,5,0.1440003400822294,False
main_node120,0.0,2461537.3077999577,4152,19.47122063449069,-21.09375,0.5914908647537231,12,7,0.3439616768629246,False
main_node120,0.0,2461538.291637636,5171,9.594068226860458,-35.15625,-0.44806280732154846,13,7,0.45495569137121333,False
main_node120,0.0,2461538.3681642963,2867,32.79716829582364,-35.15625,0.4303160607814789,9,4,0.4636662896460508,False
main_node120,0.0,2461539.277315478,7087,-8.385538647081319,-47.81250000000006,-0.09584305435419083,14,7,0.5667909447102399,False
main_node120,0.0,2461539.3539198292,4654,14.477512185929925,-49.21875000000006,-0.5102798342704773,16,7,0.57531912383597,False
main_node120,0.0,2461565.278452925,2229,40.228184728061095,-30.9375,-0.5364064574241638,3,2,0.21177962068346615,False
main_node120,0.0,2461566.2786868433,10288,-41.81031489577862,-43.59375,-0.04735963046550751,8,4,0.3147016697604164,False
main_node120,0.0,2461567.33643164,7979,-16.957763300004146,-57.65625000000006,-0.22016742825508118,7,4,0.43147199020961313,False
main_node120,0.0,2461586.5598348854,8145,-19.47122063449069,49.21875,-0.05495164915919304,6,3,0.21725901311194043,False
main_node120,0.0,2461613.466845288,5843,2.388015463268772,54.84375,0.07355069369077682,12,7,0.4738185375578496,False
main_node120,0.0,2461613.544474132,3923,20.742379954487134,53.4375,-0.2991240322589874,11,7,0.46572146120392016,False
main_node120,0.0,2461614.5205560955,1753,44.993880150457116,40.5,-0.2959398925304413,12,7,0.36164583114118987,False
main_node120,0.0,2461614.535784195,8398,-22.02431283704216,40.78125,0.10181625187397003,10,7,0.3601778013489631,False
main_node120,0.0,2461615.520150202,9546,-34.22886632781257,28.125,0.3588804304599762,11,7,0.2583889042907263,False
main_node120,0.0,2461616.5787753384,7493,-13.248014905676953,14.0625,0.29564258456230164,6,3,0.15939192559898052,False
main_node120,0.0,2461641.446610357,7888,-16.957763300004146,46.40625,0.28985509276390076,14,7,0.6244034552612123,False
main_node120,0.0,2461641.523742344,5712,3.5833216984719627,45.0,-0.08984511345624924,16,7,0.6165563247900303,False
main_node120,0.0,2461642.4202119815,4172,18.209956864283,33.75,0.4449646770954132,11,5,0.5207695821701085,False
main_node120,0.0,2461642.434212766,10315,-43.40685848593699,33.38709677419354,0.22172966599464417,13,7,0.5192605332071509,False
main_node120,0.0,2461642.510573459,8139,-19.47122063449069,32.34375,0.246060311794281,13,7,0.5109493033829223,False
main_node120,0.0,2461642.587134379,5707,3.5833216984719627,30.9375,-0.1413271725177765,13,4,0.5026164291474651,False
main_node120,0.0,2461643.4812364154,3143,28.630989836924343,19.6875,0.33478957414627075,13,7,0.40480632370965647,False
main_node120,0.0,2461643.496187894,9799,-37.168899655999454,19.6875,0.4764343202114105,13,7,0.40327659748839284,False
main_node120,0.0,2461643.571721481,7110,-9.594068226860458,18.28125,0.17557470500469208,11,6,0.39486971957484424,False
main_node120,0.0,2461644.5497760307,5442,5.979156796301311,5.625,0.4016250669956207,12,7,0.2890956427630559,False
main_node120,0.0,2461670.569213157,8776,-25.944479772370016,22.5,0.1024361401796341,18,7,0.6496483524534122,False
main_node120,0.0,2461671.4722529147,10052,-40.22818472806108,11.25,0.5813918709754944,14,7,0.5524563603126955,False
main_node120,0.0,2461671.54709108,7107,-9.594068226860458,9.84375,0.3399740159511566,15,7,0.5439942255821408,False
main_node120,0.0,2461672.5206090612,3519,25.944479772370002,-2.8125,0.4657793343067169,12,7,0.4347935971961095,False
main_node120,0.0,2461672.600851563,2878,32.79716829582364,-4.21875,0.14253811538219452,13,5,0.4254000456593475,False
main_node120,0.0,2461672.6157560474,9534,-32.79716829582364,-4.21875,0.3034515082836151,12,4,0.42383522155867753,False
main_node120,0.0,2461673.508368919,6330,-1.1937484371410818,-16.875,-0.5321575403213501,10,5,0.32508862244327,False
main_node120,0.0,2461673.58518389,4026,20.742379954487134,-16.875,0.4503821134567261,11,7,0.31680808533261456,False
main_node120,0.0,2461673.5993978577,10297,-41.81031489577862,-18.28125,-0.55390465259552,10,6,0.31530911808499973,True
main_node120,0.0,2461674.579268173,9653,-34.22886632781257,-30.9375,-0.40508872270584106,12,7,0.21447571566615087,True
main_node120,0.0,2461686.2353449026,2878,32.79716829582364,-4.21875,0.18800204992294312,10,6,0.5246718632291183,True
main_node120,0.0,2461687.204185441,8634,-23.31795706533424,-16.875,0.04725802317261696,12,7,0.6151827887990482,True
main_node120,0.0,2461687.2831742885,9785,-35.68533471265205,-18.28125,0.32504498958587646,11,6,0.622824406058463,True
main_node120,0.0,2461687.291825573,5945,2.388015463268772,-18.28125,0.3300135135650635,12,6,0.6234602810935198,False
main_node120,0.0,2461714.2043481343,5691,4.780191847199163,-12.65625,0.09896621853113174,7,4,0.34931885551526604,False
main_node120,0.0,2461715.1862116973,5559,5.979156796301311,-25.3125,-0.1799687147140503,12,7,0.4405841651199527,False
main_node120,0.0,2461715.2616478354,8502,-22.02431283704216,-26.71875,0.17804867029190063,8,3,0.4477483018115204,False
main_node120,0.0,2461715.271076556,4150,19.47122063449069,-26.71875,0.11895422637462616,8,2,0.44840001681519265,False
main_node120,0.0,2461716.2417378235,9138,-28.630989836924357,-39.375,-0.06801396608352661,12,7,0.5398409197193453,False
main_node120,0.0,2461716.2518139184,4530,15.713861048008212,-39.375,-0.1410364955663681,12,7,0.5404927654379116,False
main_node120,0.0,2461717.222382203,9517,-32.79716829582364,-52.03125,-0.2947327196598053,14,7,0.6307146675026185,False
main_node120,0.0,2461717.3124478483,5805,3.5833216984719627,-53.43750000000006,-0.07696777582168579,18,7,0.6389446006263243,False
main_node120,0.0,2461717.320774354,2221,40.228184728061095,-53.43750000000006,-0.0969669446349144,16,7,0.6395764165351531,False
main_node120,0.0,2461743.164360361,4276,18.209956864283,-33.75000000000006,-0.3583429753780365,11,7,0.2691936699943639,False
main_node120,0.0,2461744.2177176476,8879,-25.944479772370016,-47.81250000000006,-0.2452283650636673,12,7,0.36071914344665884,False
main_node120,0.0,2461772.19308723,8876,-25.944479772370016,-56.25,-0.42162904143333435,9,6,0.2005439230013795,False
main_node120,0.0,2461772.203695754,4012,20.742379954487134,-56.25,-0.47822102904319763,9,6,0.2010672930107093,False
main_node120,0.0,2461791.6677716984,5840,2.388015463268772,46.40625,0.3261122405529022,3,3,0.2622711573426043,False
main_node120,0.0,2461818.5770284296,7122,-9.594068226860458,52.03125,0.09711025655269623,10,5,0.5289228240979025,False
main_node120,0.0,2461819.635147171,9421,-32.79716829582364,37.96875,0.13310721516609192,7,4,0.41971351059971107,False
main_node120,0.0,2461819.6464526085,4301,16.957763300004146,37.96875,0.12193930894136429,7,5,0.4183139635289542,False
main_node120,0.0,2461847.6212592726,4554,14.477512185929925,29.53125,-0.050341229885816574,9,5,0.5877092018916836,False
main_node120,0.0,2461848.5982028292,6726,-5.979156796301311,16.875,-0.3182402551174164,6,3,0.48907852768789173,False
main_node120,0.0,2461862.2210429553,6982,-8.385538647081319,16.875,-0.20110942423343658,9,4,0.2834290378315618,True
main_node120,0.0,2461862.3025685023,6853,-7.180755781458288,15.46875,-0.5283405184745789,9,6,0.2914053209735147,True
main_node120,0.0,2461863.28062443,5185,8.385538647081319,2.8125,-0.2648264765739441,12,7,0.3898018548745484,True
main_node120,0.0,2461863.3587335744,3520,24.62431835216408,1.40625,-0.5519024729728699,11,5,0.398627990403044,True
main_node120,0.0,2461864.262491532,5436,7.180755781458274,-9.84375,0.009922408498823643,14,7,0.49693121597784257,True
main_node120,0.0,2461864.3394167246,3260,28.630989836924343,-11.25,-0.2927851378917694,15,7,0.5054097258355061,True
main_node120,0.0,2461864.354368147,9916,-37.168899655999454,-11.25,-0.23043090105056763,17,7,0.5069531689983193,True
main_node120,0.0,2461865.248726974,7608,-13.248014905676953,-22.5,0.2982466220855713,15,7,0.6067890586685291,True
main_node120,0.0,2461865.3264299054,5687,4.780191847199163,-23.90625,-0.03934725746512413,17,7,0.6152573638178425,True
main_node120,0.0,2461865.4028096753,3255,28.630989836924343,-25.3125,-0.3392316997051239,16,7,0.6237062756462601,True
main_node120,0.0,2461865.4177610646,9911,-37.168899655999454,-25.3125,-0.26989835500717163,15,6,0.6252409228660852,True
main_node120,0.0,2461890.278487197,7106,-9.594068226860458,7.03125,-0.35498476028442383,5,4,0.16429819193178494,False
main_node120,0.0,2461891.2609106037,7614,-13.248014905676953,-5.625,-0.07771831005811691,11,7,0.2511034123396303,False
main_node120,0.0,2461892.248994038,10297,-41.81031489577862,-18.28125,0.14829286932945251,9,4,0.3510578523565518,False
main_node120,0.0,2461892.3248636606,7865,-15.713861048008212,-19.6875,-0.12416336685419083,9,6,0.3592292182877238,False
main_node120,0.0,2461893.301800596,5684,4.780191847199163,-32.34375000000006,0.13254542648792267,13,7,0.4668173776540937,False
main_node120,0.0,2461894.2753395727,2224,40.228184728061095,-45.0,0.30527761578559875,14,7,0.5782444813634369,False
main_node120,0.0,2461894.290375632,8880,-25.944479772370016,-45.0,0.38626018166542053,14,7,0.5798204265465955,False
main_node120,0.0,2461894.367365836,6703,-4.780191847199163,-46.40625,0.0882858857512474,17,7,0.5884744950036563,False
main_node120,0.0,2461920.292526413,4278,18.209956864283,-28.125,0.015178699977695942,5,4,0.22678474226723122,False
main_node120,0.0,2461921.2804377624,7217,-9.594068226860458,-40.78125,0.30297860503196716,10,5,0.32762783090992653,False
main_node120,0.0,2461922.267629172,9645,-34.22886632781257,-53.43750000000006,0.485300213098526,9,4,0.43842385624392655,False
main_node120,0.0,2461968.480318652,7892,-16.957763300004146,57.65625,0.5844885110855103,9,5,0.39319898627783056,False
main_node120,0.0,2461968.5569056734,5460,5.979156796301311,56.25,0.2940206527709961,8,5,0.38575358533244314,False
main_node120,0.0,2461969.5330387847,3023,29.999999999999993,43.59375,0.5118606686592102,9,6,0.2919028275622101,False
main_node120,0.0,2461969.5479642963,9679,-35.68533471265205,43.59375,0.43797484040260315,9,6,0.2906025554404951,False
main_node120,0.0,2461996.460975294,10065,-40.22818472806108,47.8125,-0.5134257078170776,14,7,0.5543269795307215,False
main_node120,0.0,2461996.5366445826,7505,-13.248014905676953,47.8125,0.4387659728527069,15,7,0.5467805330509032,False
main_node120,0.0,2461997.523002783,9548,-34.22886632781257,33.75,-0.5798872709274292,12,7,0.44759612018059575,False
main_node120,0.0,2461998.4918123265,3783,22.02431283704216,21.09375,-0.35302871465682983,11,7,0.3489258277923258,False
main_node120,0.0,2461998.5066803433,10311,-43.40685848593699,21.774193548387103,0.1736389696598053,12,7,0.34752821450455046,False
main_node120,0.0,2461999.5552040306,3778,22.02431283704216,7.03125,-0.4038045108318329,10,7,0.24478929390760962,False
main_node120,0.0,2461999.5700718733,10306,-43.40685848593699,7.258064516129025,-0.1874585598707199,9,6,0.24347934582857877,False
main_node120,0.0,2462025.412649139,7881,-16.957763300004146,26.71875,-0.17307156324386597,14,7,0.6156615396238954,False
main_node120,0.0,2462025.489780752,5705,3.5833216984719627,25.3125,-0.4949032664299011,15,7,0.6074333504383174,False
main_node120,0.0,2462025.565889362,3145,28.630989836924343,25.3125,0.53098064661026,18,7,0.6005378751613997,False
main_node120,0.0,2462025.5808409564,9801,-37.168899655999454,25.3125,0.42834123969078064,15,6,0.5984643649371792,False
main_node120,0.0,2462026.4743673657,7108,-9.594068226860458,12.65625,-0.22142669558525085,14,7,0.5075536799048886,False
main_node120,0.0,2462026.551530783,4932,10.806922874860334,11.25,-0.5343103408813477,15,7,0.4995684206901449,False
main_node120,0.0,2462027.528127087,2879,32.79716829582364,-1.40625,-0.20937791466712952,12,7,0.3961493985389446,False
main_node120,0.0,2462027.5430316604,9535,-32.79716829582364,-1.40625,-0.24686525762081146,12,7,0.39467937441773837,False
main_node120,0.0,2462028.514717045,5051,10.806922874860334,-14.0625,0.00764119066298008,9,5,0.29321395188940896,False
main_node120,0.0,2462028.5915194917,2874,32.79716829582364,-15.46875,-0.2563011944293976,9,6,0.28544095729290564,False
main_node120,0.0,2462028.6064241435,9530,-32.79716829582364,-15.46875,-0.2863945960998535,7,4,0.28403293831619436,False
main_node120,0.0,2462029.5830208887,7350,-10.806922874860348,-28.125,-0.04634338244795799,9,6,0.18930312353152567,False
main_node120,0.0,2462069.2145325383,5180,9.594068226860458,-9.84375,-0.4161713421344757,10,7,0.4530140095806344,False
main_node120,0.0,2462070.1864901204,9527,-32.79716829582364,-23.90625,0.5432102680206299,12,7,0.5485161553018245,False
main_node120,0.0,2462070.2762856586,5943,2.388015463268772,-23.90625,-0.3781070411205292,12,6,0.5572345259294551,False
main_node120,0.0,2462071.1719632964,7859,-15.713861048008212,-36.5625,0.3838340640068054,12,5,0.6415510606230712,False
main_node120,0.0,2462071.249556279,9651,-34.22886632781257,-36.5625,-0.5944178700447083,14,7,0.6485228569443713,False
main_node120,0.0,2462097.1809060485,9273,-30.000000000000014,-18.28125,-0.5703450441360474,9,6,0.2817059676224151,False
main_node120,0.0,2462098.161204413,9780,-35.68533471265205,-32.34375000000006,0.3643854260444641,9,5,0.37249894165792863,False
main_node120,0.0,2462098.2423235793,10036,-38.68218745348943,-32.34375000000006,-0.49994519352912903,9,6,0.3803882226341459,False
main_node120,0.0,2462098.2505707038,6452,-2.388015463268786,-32.34375000000006,-0.566796600818634,9,5,0.38104614198096803,False
main_node120,0.0,2462099.2224789946,10532,-44.99388015045713,-46.49999999999994,0.3862115442752838,12,7,0.4738232460680906,False
main_node120,0.0,2462099.236556256,4399,16.957763300004146,-46.40625,0.5620419383049011,12,7,0.47515082299975425,False
main_node120,0.0,2462100.2044296395,10407,-43.40685848593699,-59.51612903225811,0.45875459909439087,14,7,0.5667015811006059,False
main_node120,0.0,2462100.21565209,5547,5.979156796301311,-59.0625,0.29161858558654785,14,7,0.5680025695747649,False
main_node120,0.0,2462125.170870165,2742,34.228866327812575,-28.125,0.5503736138343811,5,3,0.13642241440340647,False
main_node120,0.0,2462127.202477709,8748,-24.62431835216408,-54.84375,0.30437102913856506,12,7,0.29799152166532406,False
main_node120,0.0,2462173.5832895795,8403,-22.02431283704216,54.84375,-0.4310416579246521,12,6,0.4820498637355331,False
main_node120,0.0,2462173.593889401,3539,24.62431835216408,54.84375,-0.3920412063598633,13,7,0.4804993052611047,False
main_node120,0.0,2462174.6506004515,6606,-4.780191847199163,40.78125,-0.40018439292907715,7,5,0.36550135392614996,False
main_node125,0.0,2461535.257013501,1743,44.993880150457116,10.5,0.10401831567287445,4,3,0.14285837338495022,False
main_node125,0.0,2461535.270526863,7619,-14.477512185929939,9.84375,-0.21346935629844666,5,5,0.1440003400822294,False
main_node125,0.0,2461536.2566078342,9663,-34.22886632781257,-2.8125,0.12471061199903488,8,4,0.23377098731273924,False
main_node125,0.0,2461537.3141283076,7098,-8.385538647081319,-16.875,-0.024725791066884995,11,7,0.34472634682505854,False
main_node125,0.0,2461538.290526252,4661,14.477512185929925,-29.53125,0.14630670845508575,13,7,0.45495569137121333,False
main_node125,0.0,2461538.3657523002,1973,43.406858485936986,-30.48387096774195,0.0996297150850296,9,4,0.4636662896460508,False
main_node125,0.0,2461539.274049784,5553,5.979156796301311,-42.18750000000006,0.46306338906288147,13,7,0.5660140029130516,False
main_node125,0.0,2461539.3477077414,2096,41.81031489577859,-43.59375,-0.018996162340044975,15,7,0.5745452461167679,False
main_node125,0.0,2461539.3616321343,8240,-19.47122063449069,-43.59375,0.2313927561044693,15,7,0.576093001555172,False
main_node125,0.0,2461566.271365397,7218,-9.594068226860458,-37.96875000000006,0.4110319912433624,8,3,0.3139529776811302,False
main_node125,0.0,2461567.328724119,4397,16.957763300004146,-52.03125,0.24987027049064636,7,4,0.43069307655822564,False
main_node125,0.0,2461586.5509851947,4051,19.47122063449069,54.84375,0.3915828764438629,6,4,0.21853151371390206,False
main_node125,0.0,2461586.5645510294,10067,-40.22818472806108,53.4375,-0.5796356797218323,6,3,0.21725901311194043,False
main_node125,0.0,2461613.5456161755,4437,15.713861048008212,59.0625,0.3130374550819397,11,6,0.46498450766623617,False
main_node125,0.0,2461614.5205553994,1755,44.993880150457116,46.5,0.41626113653182983,12,7,0.36164583114118987,False
main_node125,0.0,2461615.5129146837,6347,-2.388015463268786,32.34375,-0.4652406871318817,9,5,0.2590819718675586,False
main_node125,0.0,2461616.5683118585,2758,32.79716829582364,18.28125,-0.5417847633361816,7,4,0.15999413357104267,False
main_node125,0.0,2461641.4339671666,2258,38.68218745348943,52.03125,0.5899764895439148,14,7,0.6258250228449475,False
main_node125,0.0,2461641.447470322,8274,-20.74237995448715,50.625,-0.4376160502433777,14,7,0.6244034552612123,False
main_node125,0.0,2461641.5231977724,5458,5.979156796301311,50.625,0.5250310301780701,16,7,0.6165563247900303,False
main_node125,0.0,2461641.5975663937,2257,38.68218745348943,49.21875,0.07675836980342865,11,3,0.6086628230602376,False
main_node125,0.0,2461642.4311662354,9165,-30.000000000000014,37.96875,-0.13859915733337402,13,7,0.5200150576886298,False
main_node125,0.0,2461642.5091593633,7501,-13.248014905676953,36.5625,-0.5268815159797668,12,7,0.5117060853085819,False
main_node125,0.0,2461642.584938056,4685,13.24801490567694,36.5625,0.44119206070899963,14,5,0.5033752351903036,False
main_node125,0.0,2461643.477878821,1868,43.406858485936986,24.67741935483872,0.2357698231935501,13,7,0.40480632370965647,False
main_node125,0.0,2461643.4915950526,7880,-16.957763300004146,23.90625,-0.24078531563282013,13,7,0.40327659748839284,False
main_node125,0.0,2461643.575436702,8776,-25.944479772370016,22.5,-0.4955960214138031,12,6,0.3941058322786778,False
main_node125,0.0,2461644.550591776,5827,2.388015463268772,9.84375,-0.365194708108902,12,7,0.2890956427630559,False
main_node125,0.0,2461646.5963917426,6330,-1.1937484371410818,-16.875,-0.12966206669807434,4,2,0.10135223424229013,False
main_node125,0.0,2461671.4575165343,3525,24.62431835216408,15.46875,-0.18819402158260345,14,7,0.5539929016499292,False
main_node125,0.0,2461671.4712202097,9669,-35.68533471265205,15.46875,-0.026797885075211525,14,7,0.5524563603126955,False
main_node125,0.0,2461671.547366821,7237,-10.806922874860348,14.0625,-0.4253207743167877,15,7,0.5439942255821408,False
main_node125,0.0,2461672.517714883,2240,38.68218745348943,1.40625,-0.23447611927986145,12,7,0.4347935971961095,False
main_node125,0.0,2461672.5315087973,8384,-22.02431283704216,1.40625,-0.11402128636837006,12,7,0.43322731216627874,False
main_node125,0.0,2461672.6063983757,5184,8.385538647081319,0.0,-0.534770667552948,13,5,0.4254000456593475,False
main_node125,0.0,2461673.50096571,3004,31.38816646434855,-11.25,-0.0022061378695070744,9,5,0.32584260273516313,False
main_node125,0.0,2461673.5146033294,9148,-28.630989836924357,-11.25,0.15188264846801758,12,7,0.32433464215137686,False
main_node125,0.0,2461673.590983364,6715,-4.780191847199163,-12.65625,-0.22446782886981964,9,6,0.3160586016836788,False
main_node125,0.0,2461674.566192217,3767,23.31795706533424,-25.3125,-0.027713844552636147,11,7,0.21514998530614626,False
main_node125,0.0,2461674.5799360992,9911,-37.168899655999454,-25.3125,0.1151634156703949,11,7,0.21380144602615547,False
main_node125,0.0,2461714.2071168795,4413,16.957763300004146,-7.03125,-0.5231843590736389,6,3,0.34994983843359373,False
main_node125,0.0,2461715.177401705,9528,-32.79716829582364,-21.09375,0.5565775036811829,11,7,0.4399332542288501,False
main_node125,0.0,2461715.262229569,8248,-19.47122063449069,-21.09375,-0.4099627137184143,8,3,0.4477483018115204,False
main_node125,0.0,2461715.2728526155,3384,27.27961273597809,-21.09375,-0.4554450213909149,8,2,0.44840001681519265,False
main_node125,0.0,2461716.1755862557,2228,40.228184728061095,-33.75000000000006,0.20785219967365265,13,7,0.5333207596036138,False
main_node125,0.0,2461716.3212547023,10035,-38.68218745348943,-35.15625,-0.2807770073413849,12,3,0.5470058879141839,False
main_node125,0.0,2461717.2328460403,4783,13.24801490567694,-47.81250000000006,0.34936243295669556,13,7,0.6319829355884439,False
main_node125,0.0,2461717.317833828,3374,27.27961273597809,-49.21875000000006,0.5913302898406982,16,7,0.6395764165351531,False
main_node125,0.0,2461743.165819463,3637,24.62431835216408,-29.53125,0.35748291015625,11,7,0.2691936699943639,False
main_node125,0.0,2461744.219761007,7984,-16.957763300004146,-43.59375,0.4795031249523163,11,7,0.3613472575649884,False
main_node125,0.0,2461744.2310667406,2864,32.79716829582364,-43.59375,0.3654801547527313,10,7,0.3619753717254363,False
main_node125,0.0,2461745.2032999983,7084,-8.385538647081319,-56.25,0.208547905087471,13,7,0.45188173098196815,False
main_node125,0.0,2461745.2808057205,9003,-27.27961273597809,-57.65625000000006,0.5012503266334534,14,7,0.4590775425838223,False
main_node125,0.0,2461745.2932032254,3371,27.27961273597809,-57.65625000000006,0.4351045489311218,13,6,0.46038688588194887,False
main_node125,0.0,2461772.1945599644,8237,-19.47122063449069,-52.03125,0.29402825236320496,9,6,0.2005439230013795,False
main_node125,0.0,2461791.6628070083,8146,-19.47122063449069,52.03125,-0.25488588213920593,4,3,0.2629002306337727,False
main_node125,0.0,2461818.569710407,10196,-41.81031489577862,57.65625,-0.37195977568626404,8,4,0.529654717834597,False
main_node125,0.0,2461818.652564431,9812,-37.168899655999454,56.25,-0.1364877074956894,9,5,0.5208811331706235,False
main_node125,0.0,2461819.6431445843,5839,2.388015463268772,43.59375,-0.48710301518440247,7,5,0.4183139635289542,False
main_node125,0.0,2461847.608471973,10188,-41.81031489577862,35.15625,-0.4839760661125183,10,6,0.5884115666446325,False
main_node125,0.0,2461848.6017437195,5063,9.594068226860458,21.09375,0.44407063722610474,5,2,0.4883861071892128,False
main_node125,0.0,2461890.2701114095,3268,27.27961273597809,12.65625,0.21023398637771606,6,5,0.1637427321355722,False
main_node125,0.0,2461891.251397264,3136,28.630989836924343,0.0,0.4475647807121277,8,4,0.24977758379969062,False
main_node125,0.0,2461891.2650353746,9280,-31.388166464348544,0.0,0.48205795884132385,11,7,0.2511034123396303,False
main_node125,0.0,2461892.313518004,2747,34.228866327812575,-14.0625,0.3745546340942383,12,7,0.3577407239277878,False
main_node125,0.0,2461892.3271910585,8891,-25.944479772370016,-14.0625,0.4607701301574707,9,6,0.3592292182877238,False
main_node125,0.0,2461893.312389925,10294,-41.81031489577862,-26.71875,0.5937695503234863,13,7,0.46838965910495034,False
main_node125,0.0,2461894.2839396615,5937,2.388015463268772,-40.78125,-0.3704286813735962,14,7,0.5790324539285974,False
main_node125,0.0,2461894.3581733494,2609,35.68533471265204,-40.78125,0.5484471321105957,17,7,0.5876882551842298,False
main_node125,0.0,2461921.2704819287,2739,34.228866327812575,-36.5625,-0.4204276502132416,9,4,0.3268792404478902,False
main_node125,0.0,2461921.2841551644,8883,-25.944479772370016,-36.5625,-0.40852200984954834,11,7,0.328376421321766,False
main_node125,0.0,2461922.3317890065,1966,43.406858485936986,-50.806451612903174,-0.5381486415863037,9,5,0.44557110873169237,False
main_node125,0.0,2461969.5320810014,2641,34.228866327812575,47.8125,-0.1695815771818161,9,6,0.2919028275622101,False
main_node125,0.0,2461969.545753776,8785,-25.944479772370016,47.8125,-0.18957531452178955,9,6,0.2906025554404951,False
main_node125,0.0,2461996.4515671562,5971,1.1937484371410676,53.4375,0.006880725733935833,14,7,0.5550110976655237,False
main_node125,0.0,2461996.5274387426,3282,27.27961273597809,52.03125,-0.28040650486946106,15,7,0.5474672807358253,False
main_node125,0.0,2461996.5410897415,9426,-32.79716829582364,52.03125,-0.27979427576065063,16,7,0.5460937853199311,False
main_node125,0.0,2461997.5144146546,5710,3.5833216984719627,39.375,-0.044428374618291855,12,7,0.448302043140221,False
main_node125,0.0,2461997.590211074,3021,29.999999999999993,37.96875,-0.31943807005882263,12,3,0.4405348562554152,False
main_node125,0.0,2461998.4973633494,6345,-2.388015463268786,26.71875,0.23391889035701752,12,7,0.34822655492947274,False
main_node125,0.0,2461998.5733215227,3657,23.31795706533424,25.3125,-0.09065387398004532,9,5,0.3405497610988058,False
main_node125,0.0,2461998.5870654625,9801,-37.168899655999454,25.3125,-0.07973513007164001,8,3,0.33915610895142045,False
main_node125,0.0,2461999.561843924,6852,-7.180755781458288,12.65625,0.1837606132030487,9,6,0.2441343198680942,False
main_node125,0.0,2462025.404375671,4043,19.47122063449069,32.34375,0.42972445487976074,14,7,0.6163443886372231,False
main_node125,0.0,2462025.4183004163,10187,-41.81031489577862,32.34375,0.3229731619358063,15,7,0.6149786905647789,False
main_node125,0.0,2462025.493054673,7243,-10.806922874860348,30.9375,0.12599971890449524,15,7,0.6074333504383174,False
main_node125,0.0,2462025.568545005,4298,16.957763300004146,29.53125,-0.19320425391197205,17,7,0.5998467050866596,False
main_node125,0.0,2462025.582262205,10314,-43.40685848593699,30.48387096774195,0.5279450416564941,15,6,0.5984643649371792,False
main_node125,0.0,2462026.4760444993,7878,-16.957763300004146,18.28125,0.39036133885383606,14,7,0.5068284904941259,False
main_node125,0.0,2462026.5520850397,5190,8.385538647081319,16.875,0.07342848181724548,15,7,0.49884122401522657,False
main_node125,0.0,2462027.5267935456,2241,38.68218745348943,4.21875,0.2778882384300232,12,7,0.3961493985389446,False
main_node125,0.0,2462027.5405874937,8385,-22.02431283704216,4.21875,0.33383244276046753,12,7,0.39467937441773837,False
main_node125,0.0,2462028.51246279,4029,20.742379954487134,-8.4375,0.5816335082054138,9,5,0.29321395188940896,False
main_node125,0.0,2462028.5962430527,4924,12.024699180565818,-9.84375,0.2896694242954254,9,6,0.28473694782815373,False
main_node125,0.0,2462029.570344902,1852,44.993880150457116,-22.5,0.40954306721687317,11,7,0.1905715434872748,False
main_node125,0.0,2462029.584706682,8120,-18.209956864283015,-22.5,0.5598642230033875,9,6,0.18930312353152567,False
main_node125,0.0,2462069.212627126,6078,1.1937484371410676,-5.625,0.3497633635997772,10,7,0.4530140095806344,False
main_node125,0.0,2462070.1844473137,10297,-41.81031489577862,-18.28125,0.026244843378663063,12,7,0.5485161553018245,False
main_node125,0.0,2462070.1950336923,5689,4.780191847199163,-18.28125,0.07220570743083954,13,7,0.5491880734482704,False
main_node125,0.0,2462070.273290915,7353,-10.806922874860348,-19.6875,0.39071181416511536,12,7,0.5565649887761259,False
main_node125,0.0,2462071.170240375,8629,-23.31795706533424,-30.9375,-0.19998855888843536,12,5,0.6415510606230712,False
main_node125,0.0,2462071.249229209,9780,-35.68533471265205,-32.34375000000006,0.07580911368131638,14,7,0.6485228569443713,False
main_node125,0.0,2462071.2589693535,5428,7.180755781458274,-32.34375000000006,0.1229403167963028,13,7,0.6491538234567357,False
main_node125,0.0,2462097.181220836,9147,-28.630989836924357,-14.0625,0.13598638772964478,9,6,0.2817059676224151,False
main_node125,0.0,2462098.1648935415,8246,-19.47122063449069,-26.71875,-0.11230825632810593,11,7,0.37315539335280246,False
main_node125,0.0,2462098.177426285,2614,35.68533471265204,-26.71875,-0.06944327801465988,12,7,0.3744698042165857,False
main_node125,0.0,2462098.2558299834,4022,20.742379954487134,-28.125,0.210282102227211,9,4,0.3817047356974071,False
main_node125,0.0,2462099.1611322123,1846,44.993880150457116,-40.5,0.560160219669342,11,5,0.46784786149778074,False
main_node125,0.0,2462099.2305278685,7217,-9.594068226860458,-40.78125,-0.06481140851974487,12,7,0.47448703453392244,False
main_node125,0.0,2462099.3073746925,9393,-31.388166464348544,-42.18750000000006,0.20715199410915375,13,4,0.48178664838503293,False
main_node125,0.0,2462100.210727894,7853,-15.713861048008212,-53.43750000000006,-0.33598431944847107,14,7,0.5673525435590161,False
main_node125,0.0,2462100.2886451813,9516,-32.79716829582364,-54.84375,-0.034933339804410934,16,7,0.5751470529753439,False
main_node125,0.0,2462100.3011017772,3884,22.02431283704216,-54.84375,0.001991504803299904,18,7,0.575795114170712,False
main_node125,0.0,2462125.1600867636,7608,-13.248014905676953,-22.5,-0.02263212762773037,3,2,0.1354644893500143,False
main_node125,0.0,2462127.207535316,6446,-2.388015463268786,-49.21875000000006,-0.2494320571422577,12,7,0.29860172667285845,False
main_node125,0.0,2462127.217578157,2094,41.81031489577859,-49.21875000000006,-0.1480676531791687,12,7,0.29921365571145836,False
main_node125,0.0,2462155.1861803755,4907,12.024699180565818,-57.65625000000006,-0.42097219824790955,8,6,0.14895587951441472,False
main_node125,0.0,2462173.581164731,9301,-31.388166464348544,59.0625,0.2907790243625641,12,6,0.4820498637355331,False
main_node125,0.0,2462173.5930101625,3925,20.742379954487134,59.0625,0.30074751377105713,13,7,0.48127458447232563,False
main_node125,0.0,2462174.6508753286,6480,-3.583321698471977,45.0,0.3831842541694641,7,5,0.36550135392614996,False
main_node130,0.0,2461535.2573719984,1865,43.406858485936986,15.967741935483872,0.4633830189704895,4,3,0.14285837338495022,False
main_node130,0.0,2461535.270525062,7621,-14.477512185929939,15.46875,0.388100266456604,5,5,0.1440003400822294,False
main_node130,0.0,2461537.306326027,3516,25.944479772370002,-11.25,0.4060424268245697,12,7,0.3439616768629246,False
main_node130,0.0,2461537.3217222504,10299,-41.81031489577862,-12.65625,-0.48938867449760437,9,6,0.3454910167871925,False
main_node130,0.0,2461538.299113082,8631,-23.31795706533424,-25.3125,-0.43106043338775635,13,7,0.4557474898541735,False
main_node130,0.0,2461539.2679549553,2866,32.79716829582364,-37.96875000000006,-0.3583231568336487,13,7,0.5660140029130516,False
main_node130,0.0,2461539.281002494,8754,-24.62431835216408,-37.96875000000006,-0.17258019745349884,14,7,0.5667909447102399,False
main_node130,0.0,2461539.3637125436,9138,-28.630989836924357,-39.375,-0.4402030110359192,15,7,0.576093001555172,False
main_node130,0.0,2461566.2738977023,8372,-20.74237995448715,-33.75000000000006,-0.3020196557044983,8,3,0.3139529776811302,False
main_node130,0.0,2461567.3301208965,5039,10.806922874860334,-47.81250000000006,-0.4856220483779907,7,4,0.43147199020961313,False
main_node130,0.0,2461586.5512711294,4181,18.209956864283,59.0625,-0.3397006392478943,6,4,0.21853151371390206,False
main_node130,0.0,2461586.5645495644,10069,-40.22818472806108,59.0625,-0.10923055559396744,6,3,0.21725901311194043,False
main_node130,0.0,2461614.5326841786,6994,-8.385538647081319,50.625,-0.09684070199728012,10,7,0.3601778013489631,False
main_node130,0.0,2461615.515661075,7629,-14.477512185929939,37.96875,0.1937156468629837,9,5,0.2590819718675586,False
main_node130,0.0,2461616.5724742836,4552,14.477512185929925,23.90625,0.04755027964711189,7,4,0.15999413357104267,False
main_node130,0.0,2461641.438043927,3924,20.742379954487134,56.25,0.029529569670557976,14,7,0.62511423905308,False
main_node130,0.0,2461641.451202562,9812,-37.168899655999454,56.25,0.1628372073173523,14,7,0.6236926714693447,False
main_node130,0.0,2461641.525642547,6611,-4.780191847199163,54.84375,-0.21993474662303925,16,7,0.6158408122639842,False
main_node130,0.0,2461641.599223295,2899,31.38816646434855,53.4375,-0.5612964630126953,11,3,0.6086628230602376,False
main_node130,0.0,2461642.4318018444,9423,-32.79716829582364,43.59375,0.396085649728775,13,7,0.5200150576886298,False
main_node130,0.0,2461642.5069630654,6479,-3.583321698471977,42.1875,0.053006965667009354,12,7,0.5117060853085819,False
main_node130,0.0,2461642.5823529535,3534,24.62431835216408,40.78125,-0.3291343152523041,14,5,0.5033752351903036,False
main_node130,0.0,2461642.595400495,9422,-32.79716829582364,40.78125,-0.15578502416610718,11,3,0.5018576231555085,False
main_node130,0.0,2461643.4888278055,6602,-4.780191847199163,29.53125,0.3328264355659485,13,7,0.4040414605990246,False
main_node130,0.0,2461643.56364593,3402,25.944479772370002,28.125,-0.08183695375919342,12,7,0.3956336068710106,False
main_node130,0.0,2461643.5766730984,9290,-31.388166464348544,28.125,0.07630466669797897,12,6,0.3941058322786778,False
main_node130,0.0,2461644.551134123,6085,0.0,15.46875,0.2672029733657837,12,7,0.2890956427630559,False
main_node130,0.0,2461646.597478874,6844,-5.979156796301311,-11.25,0.5077658295631409,4,2,0.10135223424229013,False
main_node130,0.0,2461671.4562951634,3015,29.999999999999993,21.09375,0.3488122224807739,14,7,0.5539929016499292,False
main_node130,0.0,2461671.4693105896,8903,-27.27961273597809,21.09375,0.5046204328536987,14,7,0.5524563603126955,False
main_node130,0.0,2461671.5446400535,5959,1.1937484371410676,19.6875,0.1571764349937439,15,7,0.5447652377249669,False
main_node130,0.0,2461671.619258452,2758,32.79716829582364,18.28125,-0.22064632177352905,11,4,0.5362777313299368,False
main_node130,0.0,2461672.526504471,6082,0.0,7.03125,0.43753108382225037,12,7,0.4340104546549372,False
main_node130,0.0,2461672.6024087835,3394,25.944479772370002,5.625,0.029618268832564354,13,5,0.4254000456593475,False
main_node130,0.0,2461672.6154359686,9282,-31.388166464348544,5.625,0.171617791056633,12,4,0.42383522155867753,False
main_node130,0.0,2461673.580397045,2109,41.81031489577859,-7.03125,0.19594909250736237,11,7,0.31680808533261456,False
main_node130,0.0,2461673.5937504987,7997,-16.957763300004146,-7.03125,0.41676753759384155,10,6,0.31530911808499973,False
main_node130,0.0,2461674.5776894963,9016,-27.27961273597809,-21.09375,-0.5903000831604004,12,7,0.21447571566615087,False
main_node130,0.0,2461714.2062750002,4799,13.24801490567694,-2.8125,0.23268508911132812,6,3,0.34994983843359373,False
main_node130,0.0,2461715.176066507,10042,-38.68218745348943,-15.46875,0.03759189322590828,11,7,0.4392823433377475,False
main_node130,0.0,2461715.189280178,4154,19.47122063449069,-15.46875,-0.0470338799059391,12,7,0.4405841651199527,False
main_node130,0.0,2461715.2680136897,5562,5.979156796301311,-16.875,0.30083394050598145,8,2,0.44840001681519265,False
main_node130,0.0,2461716.1711601773,4022,20.742379954487134,-28.125,-0.308803528547287,13,7,0.5333207596036138,False
main_node130,0.0,2461716.2482461934,6197,0.0,-29.53125,0.035071536898612976,12,7,0.5404927654379116,False
main_node130,0.0,2461716.322913132,9397,-31.388166464348544,-30.9375,0.35581400990486145,12,3,0.5470058879141839,False
main_node130,0.0,2461717.23455041,4017,20.742379954487134,-42.18750000000006,-0.26210737228393555,13,7,0.6319829355884439,False
main_node130,0.0,2461717.312179051,5936,2.388015463268772,-43.59375,0.08059029281139374,18,7,0.6389446006263243,False
main_node130,0.0,2461717.3127226196,5680,4.780191847199163,-43.59375,0.07601501792669296,18,7,0.6389446006263243,False
main_node130,0.0,2461743.1574937105,7479,-12.024699180565818,-23.90625,-0.17432589828968048,9,5,0.2686134171042158,False
main_node130,0.0,2461744.2133925455,10535,-44.99388015045713,-37.5,-0.3961547613143921,12,7,0.36071914344665884,False
main_node130,0.0,2461744.2230735924,6450,-2.388015463268786,-37.96875000000006,-0.14399710297584534,11,7,0.3613472575649884,False
main_node130,0.0,2461745.206565819,5550,5.979156796301311,-50.625,-0.4339786767959595,12,7,0.45253498506360645,False
main_node130,0.0,2461745.284274078,7469,-12.024699180565818,-52.03125,-0.07709936052560806,13,6,0.459732214210936,False
main_node130,0.0,2461745.284826387,7213,-9.594068226860458,-52.03125,-0.08152813464403152,13,6,0.459732214210936,False
main_node130,0.0,2461772.1989864036,6191,0.0,-46.40625,-0.3356631398200989,9,6,0.2010672930107093,False
main_node130,0.0,2461773.172799579,9643,-34.22886632781257,-59.0625,-0.4732712209224701,11,7,0.2791816825199403,False
main_node130,0.0,2461791.658091664,10068,-40.22818472806108,56.25,0.4136592745780945,4,3,0.2629002306337727,False
main_node130,0.0,2461819.6367082875,8785,-25.944479772370016,47.8125,0.2994098663330078,7,4,0.41901373706433265,False
main_node130,0.0,2461819.650381152,2641,34.228866327812575,47.8125,0.2079809159040451,5,4,0.41761418999357586,False
main_node130,0.0,2461847.6120791095,8782,-25.944479772370016,39.375,0.12914761900901794,10,6,0.5884115666446325,False
main_node130,0.0,2461848.5945617436,8393,-22.02431283704216,26.71875,-0.1301429122686386,6,3,0.48907852768789173,False
main_node130,0.0,2461890.2671706197,2118,40.228184728061095,16.875,-0.4323292672634125,7,6,0.16318727233935945,False
main_node130,0.0,2461890.2804495413,8006,-18.209956864283015,16.875,-0.47173577547073364,5,4,0.16429819193178494,False
main_node130,0.0,2461891.259536263,6849,-7.180755781458288,4.21875,-0.2317163348197937,10,6,0.25044049806966046,False
main_node130,0.0,2461892.243635584,8125,-18.209956864283015,-8.4375,0.058047033846378326,10,4,0.3503187842622861,False
main_node130,0.0,2461892.319665588,5436,7.180755781458274,-9.84375,-0.3053343892097473,11,7,0.3584849711077558,False
main_node130,0.0,2461893.2937499904,2232,40.228184728061095,-22.5,-0.058243293315172195,13,7,0.46603123692866544,False
main_node130,0.0,2461893.3070283993,8120,-18.209956864283015,-22.5,0.009988019242882729,13,7,0.467603518379522,False
main_node130,0.0,2461894.2794798473,3891,22.02431283704216,-35.15625,0.205022394657135,14,7,0.5782444813634369,False
main_node130,0.0,2461894.2925928286,9779,-35.68533471265205,-35.15625,0.2528015673160553,14,7,0.5798204265465955,False
main_node130,0.0,2461894.3676421996,6835,-5.979156796301311,-36.5625,-0.06069231405854225,17,7,0.5884744950036563,False
main_node130,0.0,2461920.291663919,3897,22.02431283704216,-18.28125,-0.15222279727458954,5,4,0.22678474226723122,False
main_node130,0.0,2461921.277447691,5813,3.5833216984719627,-30.9375,0.1395384967327118,10,5,0.32762783090992653,False
main_node130,0.0,2461922.262587784,7472,-12.024699180565818,-43.59375,0.43185940384864807,8,3,0.43763033904303345,False
main_node130,0.0,2461922.3380842926,4528,15.713861048008212,-45.0,0.06577987968921661,7,4,0.44636641545514777,False
main_node130,0.0,2461923.320515996,4907,12.024699180565818,-57.65625000000006,0.3429819941520691,13,7,0.5588675993928444,False
main_node130,0.0,2461969.529637445,1757,44.993880150457116,52.5,-0.376583993434906,10,7,0.2925538109650169,False
main_node130,0.0,2461969.542872079,7507,-13.248014905676953,53.4375,0.4129345715045929,9,6,0.29125184411575145,False
main_node130,0.0,2461996.4471284016,3925,20.742379954487134,59.0625,0.5802696347236633,14,7,0.5556952158003259,False
main_node130,0.0,2461996.529787599,4308,16.957763300004146,57.65625,0.28061771392822266,15,7,0.5474672807358253,False
main_node130,0.0,2461996.5431410647,10196,-41.81031489577862,57.65625,0.23112736642360687,16,7,0.5460937853199311,False
main_node130,0.0,2461997.515503284,6224,-1.1937484371410818,45.0,0.5820463299751282,12,7,0.448302043140221,False
main_node130,0.0,2461997.5908326018,3279,27.27961273597809,43.59375,0.2092023342847824,12,3,0.4405348562554152,False
main_node130,0.0,2461998.497094303,6219,-1.1937484371410818,30.9375,-0.5464414954185486,12,7,0.34822655492947274,False
main_node130,0.0,2461998.572727562,3403,25.944479772370002,30.9375,0.45776647329330444,9,6,0.3412471113643979,False
main_node130,0.0,2461998.585755169,9291,-31.388166464348544,30.9375,0.47215762734413147,9,4,0.3398524108332137,False
main_node130,0.0,2461999.56322489,7494,-13.248014905676953,16.875,-0.5692846179008484,9,6,0.2441343198680942,False
main_node130,0.0,2462025.4057921823,4685,13.24801490567694,36.5625,-0.3267176151275635,14,7,0.6163443886372231,False
main_node130,0.0,2462025.419026845,10440,-44.99388015045713,37.5,0.44003602862358093,15,7,0.6149786905647789,False
main_node130,0.0,2462025.5642928407,2508,35.68533471265204,35.15625,0.3296285569667816,18,7,0.6005378751613997,False
main_node130,0.0,2462025.5774059608,8396,-22.02431283704216,35.15625,0.4080095589160919,16,7,0.5991555350119194,False
main_node130,0.0,2462026.470834895,5448,5.979156796301311,22.5,-0.3799118399620056,14,7,0.5075536799048886,False
main_node130,0.0,2462026.544852283,2120,40.228184728061095,22.5,0.5179151892662048,15,7,0.5002956173650632,False
main_node130,0.0,2462027.530871935,3907,20.742379954487134,8.4375,-0.4199138879776001,12,7,0.3961493985389446,False
main_node130,0.0,2462027.5440309504,9795,-37.168899655999454,8.4375,-0.31618332862854004,12,7,0.39467937441773837,False
main_node130,0.0,2462028.5160919386,5694,4.780191847199163,-4.21875,-0.15569128096103668,9,5,0.29321395188940896,False
main_node130,0.0,2462028.5898363087,2238,40.228184728061095,-5.625,-0.39365628361701965,9,6,0.28544095729290564,False
main_node130,0.0,2462028.60311523,8126,-18.209956864283015,-5.625,-0.4337776005268097,7,4,0.28403293831619436,False
main_node130,0.0,2462029.578939025,5433,7.180755781458274,-18.28125,-0.21004846692085266,10,7,0.18993733350940023,False
main_node130,0.0,2462054.6030545267,2500,35.68533471265204,12.65625,0.42401278018951416,15,6,0.6475545709051361,True
main_node130,0.0,2462069.205853581,9024,-28.630989836924357,0.0,-0.22477224469184875,11,7,0.4523251089206807,False
main_node130,0.0,2462069.217657579,3648,23.31795706533424,0.0,-0.2689805328845978,10,7,0.4530140095806344,False
main_node130,0.0,2462070.1877522063,9019,-27.27961273597809,-12.65625,-0.47859519720077515,12,7,0.5485161553018245,False
main_node130,0.0,2462070.267972486,9659,-34.22886632781257,-14.0625,-0.17441874742507935,12,7,0.5565649887761259,False
main_node130,0.0,2462070.2804631726,4027,20.742379954487134,-14.0625,-0.2228042036294937,12,6,0.5572345259294551,False
main_node130,0.0,2462071.174998863,6454,-2.388015463268786,-26.71875,0.5752578377723694,12,5,0.6415510606230712,False
main_node130,0.0,2462071.2529169167,8246,-19.47122063449069,-26.71875,-0.46543094515800476,14,7,0.6485228569443713,False
main_node130,0.0,2462097.179952077,9661,-34.22886632781257,-8.4375,-0.3638041913509369,9,6,0.2817059676224151,False
main_node130,0.0,2462097.1901853704,5053,10.806922874860334,-8.4375,-0.45955437421798706,9,6,0.28233339371007554,False
main_node130,0.0,2462098.1777665797,2488,37.16889965599944,-22.5,0.523271381855011,12,7,0.3744698042165857,False
main_node130,0.0,2462098.254690944,4536,15.713861048008212,-22.5,-0.40335479378700256,9,4,0.3817047356974071,False
main_node130,0.0,2462099.1604119753,2099,41.81031489577859,-35.15625,0.28945428133010864,11,5,0.46784786149778074,False
main_node130,0.0,2462099.3103727438,8115,-18.209956864283015,-36.5625,-0.33234018087387085,11,3,0.4824500047910014,False
main_node130,0.0,2462100.2143013175,6190,0.0,-49.21875000000006,0.4405064582824707,14,7,0.5680025695747649,False
main_node130,0.0,2462100.2245252985,1843,44.993880150457116,-49.5,0.5166535377502441,13,7,0.568652595546926,False
main_node130,0.0,2462100.3063246547,1843,44.993880150457116,-49.5,-0.24532803893089294,18,7,0.5764431753660803,False
main_node130,0.0,2462127.198217506,10412,-43.40685848593699,-45.0,0.38643038272857666,12,7,0.29799152166532406,False
main_node130,0.0,2462127.20943945,5552,5.979156796301311,-45.0,0.5259167551994324,12,7,0.29860172667285845,False
main_node130,0.0,2462128.192960892,4651,14.477512185929925,-57.65625000000006,0.23932065069675446,13,7,0.38780001656570723,False
main_node130,0.0,2462128.2706559733,6571,-3.583321698471977,-59.0625,0.582633912563324,11,6,0.39487094395831973,False
main_node130,0.0,2462128.2711990145,6315,-1.1937484371410818,-59.0625,0.5824710726737976,11,6,0.39487094395831973,False
main_node130,0.0,2462155.1763187167,9389,-31.388166464348544,-53.43750000000006,0.30244797468185425,6,5,0.14800580977202565,False
main_node130,0.0,2462155.18934613,3501,25.944479772370002,-53.43750000000006,0.2997280955314636,8,6,0.14895587951441472,False
main_node130,0.0,2462174.6594696264,2642,34.228866327812575,50.625,-0.2415643334388733,6,5,0.36476968955192923,False
main_node135,0.0,2461535.257010183,1746,44.993880150457116,19.5,-0.5825318098068237,4,3,0.14285837338495022,False
main_node135,0.0,2461535.270804939,7751,-15.713861048008212,19.6875,-0.36501964926719666,5,5,0.1440003400822294,False
main_node135,0.0,2461536.25693596,9666,-35.68533471265205,7.03125,-0.014503955841064453,8,4,0.23377098731273924,False
main_node135,0.0,2461537.3133064033,6717,-4.780191847199163,-7.03125,-0.19880688190460205,11,7,0.34472634682505854,False
main_node135,0.0,2461538.28791821,3513,25.944479772370002,-19.6875,-0.040129393339157104,13,7,0.45416413175687304,False
main_node135,0.0,2461538.30159082,9657,-34.22886632781257,-19.6875,0.16159102320671082,13,7,0.4557474898541735,False
main_node135,0.0,2461539.272673875,4916,12.024699180565818,-32.34375000000006,0.2825103998184204,13,7,0.5660140029130516,False
main_node135,0.0,2461539.3480649358,2228,40.228184728061095,-33.75000000000006,-0.11665378510951996,15,7,0.5745452461167679,False
main_node135,0.0,2461539.361918692,8372,-20.74237995448715,-33.75000000000006,0.07989092171192169,15,7,0.576093001555172,False
main_node135,0.0,2461566.2721938514,7606,-13.248014905676953,-28.125,0.2635229229927063,8,3,0.3139529776811302,False
main_node135,0.0,2461567.3301202194,5041,10.806922874860334,-42.18750000000006,0.1300313025712967,7,4,0.43147199020961313,False
main_node135,0.0,2461568.3108784864,4652,14.477512185929925,-54.84375,0.3850875198841095,11,7,0.5407522284483348,False
main_node135,0.0,2461614.5205547526,1758,44.993880150457116,55.5,-0.2804797291755676,12,7,0.36164583114118987,False
main_node135,0.0,2461614.5343490965,7764,-15.713861048008212,56.25,0.5289263129234314,10,7,0.3601778013489631,False
main_node135,0.0,2461615.5215120683,10063,-40.22818472806108,42.1875,-0.3794260621070862,11,7,0.2583889042907263,False
main_node135,0.0,2461642.4218937885,4945,10.806922874860334,47.8125,-0.4350489675998688,11,5,0.5207695821701085,False
main_node135,0.0,2461642.4970079116,2129,40.228184728061095,47.8125,0.4174797832965851,12,7,0.5124628672342414,False
main_node135,0.0,2461642.582353021,3536,24.62431835216408,46.40625,0.2407410591840744,14,5,0.5033752351903036,False
main_node135,0.0,2461642.596056765,9680,-35.68533471265205,46.40625,0.36201179027557373,11,3,0.5018576231555085,False
main_node135,0.0,2461643.489646966,6988,-8.385538647081319,33.75,-0.4318549931049347,13,7,0.40327659748839284,False
main_node135,0.0,2461643.5654030857,4172,18.209956864283,33.75,0.5315765738487244,12,7,0.3956336068710106,False
main_node135,0.0,2461644.546996048,4167,18.209956864283,19.6875,-0.5424215793609619,12,7,0.2890956427630559,False
main_node135,0.0,2461644.5613579066,10434,-44.99388015045713,19.5,-0.3955588936805725,10,7,0.28763846137912474,False
main_node135,0.0,2461670.5721083023,9933,-38.68218745348943,37.96875,0.48122283816337585,18,7,0.6496483524534122,False
main_node135,0.0,2461671.465017386,6985,-8.385538647081319,25.3125,-0.2650543451309204,14,7,0.5532246309555541,False
main_node135,0.0,2461671.546543117,6856,-7.180755781458288,23.90625,-0.5951310396194458,15,7,0.5439942255821408,False
main_node135,0.0,2461672.518726782,2628,34.228866327812575,11.25,-0.36717572808265686,12,7,0.4347935971961095,False
main_node135,0.0,2461672.5323997336,8772,-25.944479772370016,11.25,-0.240569069981575,12,7,0.43322731216627874,False
main_node135,0.0,2461672.6178045264,10179,-41.81031489577862,9.84375,-0.40964922308921814,12,4,0.42383522155867753,False
main_node135,0.0,2461673.509729468,6975,-7.180755781458288,-1.40625,-0.04535428434610367,10,5,0.32508862244327,False
main_node135,0.0,2461673.585184047,4031,20.742379954487134,-2.8125,-0.42737913131713867,11,7,0.31680808533261456,False
main_node135,0.0,2461673.5990380626,10175,-40.22818472806108,-2.8125,-0.2110498696565628,10,6,0.31530911808499973,False
main_node135,0.0,2461674.5747802886,7738,-14.477512185929939,-15.46875,-0.07369175553321838,12,7,0.21447571566615087,False
main_node135,0.0,2461714.1948204953,9793,-37.168899655999454,2.8125,-0.23462368547916412,9,6,0.34868787259693834,False
main_node135,0.0,2461715.178040439,9276,-30.000000000000014,-9.84375,-0.50620037317276,11,7,0.4399332542288501,False
main_node135,0.0,2461715.260150888,9148,-28.630989836924357,-11.25,-0.2268243134021759,9,4,0.44709658680784825,False
main_node135,0.0,2461716.165905458,6455,-2.388015463268786,-23.90625,0.49214479327201843,11,5,0.5326685732902918,False
main_node135,0.0,2461716.2407952123,9527,-32.79716829582364,-23.90625,-0.44612231850624084,12,7,0.5398409197193453,False
main_node135,0.0,2461716.2532522306,3895,22.02431283704216,-23.90625,-0.5853416323661804,12,7,0.5404927654379116,False
main_node135,0.0,2461717.226548576,7730,-14.477512185929939,-37.96875000000006,0.5476486086845398,14,7,0.6313488015455312,False
main_node135,0.0,2461717.23794704,2610,35.68533471265204,-37.96875000000006,0.38548144698143005,13,7,0.6319829355884439,False
main_node135,0.0,2461717.3178365706,3378,27.27961273597809,-37.96875000000006,-0.5247421264648438,16,7,0.6395764165351531,False
main_node135,0.0,2461742.175065801,7870,-15.713861048008212,-5.625,-0.49649614095687866,5,3,0.1902864370106275,False
main_node135,0.0,2461743.168673049,2489,37.16889965599944,-19.6875,0.41737276315689087,11,7,0.2691936699943639,False
main_node135,0.0,2461744.229512842,3508,25.944479772370002,-33.75000000000006,0.5296723246574402,10,7,0.3619753717254363,False
main_node135,0.0,2461745.214708738,2095,41.81031489577859,-46.40625,0.2169097363948822,12,7,0.45318896354360927,False
main_node135,0.0,2461745.295453567,2479,37.16889965599944,-47.81250000000006,0.4971160590648651,14,5,0.46104221945174834,False
main_node135,0.0,2461746.180904289,8875,-25.944479772370016,-59.0625,0.10857603698968887,14,7,0.5448217893124226,False
main_node135,0.0,2461772.191855489,9393,-31.388166464348544,-42.18750000000006,0.4206398129463196,9,6,0.2005439230013795,False
main_node135,0.0,2461772.203701035,4017,20.742379954487134,-42.18750000000006,0.38575640320777893,9,6,0.2010672930107093,False
main_node135,0.0,2461773.186173879,3628,24.62431835216408,-54.84375,0.11638788878917694,12,7,0.280361451580766,False
main_node135,0.0,2461773.263192069,5804,3.5833216984719627,-56.25,0.4881482422351837,7,3,0.28687443949279795,False
main_node135,0.0,2461819.6348276422,9555,-34.22886632781257,53.4375,-0.22276023030281067,7,4,0.41971351059971107,False
main_node135,0.0,2461819.648500428,3411,25.944479772370002,53.4375,-0.3374849557876587,7,5,0.4183139635289542,False
main_node135,0.0,2461847.623871346,3408,25.944479772370002,45.0,-0.5016958713531494,7,4,0.5870068371387348,False
main_node135,0.0,2461848.6080135135,2379,37.16889965599944,30.9375,0.445578008890152,6,3,0.487693686690534,False
main_node135,0.0,2461890.2760421755,5960,1.1937484371410676,22.5,0.10116777569055557,5,4,0.16429819193178494,False
main_node135,0.0,2461891.256274544,5315,7.180755781458274,9.84375,0.36347681283950806,10,6,0.25044049806966046,False
main_node135,0.0,2461892.2476079855,9790,-35.68533471265205,-4.21875,-0.5520404577255249,9,4,0.3510578523565518,False
main_node135,0.0,2461892.321298679,6206,0.0,-4.21875,0.328988254070282,11,7,0.3584849711077558,False
main_node135,0.0,2461893.2969967234,3514,25.944479772370002,-16.875,0.4960484802722931,13,7,0.4668173776540937,False
main_node135,0.0,2461893.3778747753,3129,29.999999999999993,-18.28125,0.1864216923713684,10,4,0.4754702643653009,False
main_node135,0.0,2461894.287495641,7605,-13.248014905676953,-30.9375,-0.4819318652153015,14,7,0.5790324539285974,False
main_node135,0.0,2461894.363829289,5045,10.806922874860334,-30.9375,0.5209429860115051,17,7,0.5876882551842298,False
main_node135,0.0,2461920.2868067985,1979,43.406858485936986,-13.064516129032313,0.0030866870656609535,6,5,0.22612190994349549,False
main_node135,0.0,2461921.2815528107,7734,-14.477512185929939,-26.71875,-0.5853394269943237,11,7,0.328376421321766,False
main_node135,0.0,2461922.2676341413,9650,-34.22886632781257,-39.375,-0.23834985494613647,9,4,0.43842385624392655,False
main_node135,0.0,2461923.319111483,4269,18.209956864283,-53.43750000000006,-0.427758127450943,13,7,0.5588675993928444,False
main_node135,0.0,2461923.333112712,10409,-43.40685848593699,-53.709677419354875,-0.4342261552810669,10,6,0.5604552710352713,False
main_node135,0.0,2461969.542595905,7380,-12.024699180565818,57.65625,-0.34265902638435364,9,6,0.29125184411575145,False
main_node135,0.0,2461997.509035223,3281,27.27961273597809,49.21875,-0.21020852029323578,12,7,0.4490079660998463,False
main_node135,0.0,2461997.5226860126,9425,-32.79716829582364,49.21875,-0.13272851705551147,12,7,0.44759612018059575,False
main_node135,0.0,2461998.4921121635,3917,20.742379954487134,36.5625,0.04241713508963585,11,7,0.3489258277923258,False
main_node135,0.0,2461998.505965959,10061,-40.22818472806108,36.5625,0.10003670305013657,12,7,0.34752821450455046,False
main_node135,0.0,2461998.5819141134,7628,-14.477512185929939,35.15625,-0.22065694630146027,9,4,0.3398524108332137,False
main_node135,0.0,2461999.5577609683,4936,10.806922874860334,22.5,0.007000009994953871,10,7,0.24478929390760962,False
main_node135,0.0,2462025.3996640793,2127,40.228184728061095,42.1875,0.19089213013648987,14,7,0.6163443886372231,False
main_node135,0.0,2462025.4135179585,8271,-20.74237995448715,42.1875,0.30894553661346436,15,7,0.6149786905647789,False
main_node135,0.0,2462025.4895178145,5582,4.780191847199163,40.78125,-0.035852689296007156,14,7,0.6081204355425347,False
main_node135,0.0,2462025.564625469,2638,34.228866327812575,39.375,-0.33372214436531067,18,7,0.6005378751613997,False
main_node135,0.0,2462025.578298379,8782,-25.944479772370016,39.375,-0.2870457172393799,16,7,0.5991555350119194,False
main_node135,0.0,2462026.4713814585,5706,3.5833216984719627,28.125,0.24244633316993713,14,7,0.5075536799048886,False
main_node135,0.0,2462026.546542661,2761,32.79716829582364,26.71875,-0.10948023200035095,15,7,0.4995684206901449,False
main_node135,0.0,2462026.5601934115,8905,-27.27961273597809,26.71875,-0.03166636824607849,15,7,0.4981140273403083,False
main_node135,0.0,2462027.536401362,6469,-3.583321698471977,14.0625,0.20414689183235168,12,7,0.3954143865029847,False
main_node135,0.0,2462027.6111879135,3268,27.27961273597809,12.65625,-0.15912209451198578,10,4,0.38733446508297853,False
main_node135,0.0,2462028.521033143,7872,-16.957763300004146,1.40625,0.4861837923526764,11,7,0.29250584763480453,False
main_node135,0.0,2462028.5970737687,5184,8.385538647081319,0.0,0.1283494234085083,9,6,0.28473694782815373,False
main_node135,0.0,2462029.5724636884,2619,35.68533471265204,-12.65625,0.2863520383834839,11,7,0.1905715434872748,False
main_node135,0.0,2462029.5861675525,8763,-24.62431835216408,-12.65625,0.43091341853141785,9,6,0.18930312353152567,False
main_node135,0.0,2462054.61035043,5702,3.5833216984719627,16.875,-0.2380555421113968,15,6,0.6468613852591607,False
main_node135,0.0,2462055.4235631106,3522,24.62431835216408,7.03125,0.5963367223739624,12,5,0.563038768693938,False
main_node135,0.0,2462055.510686581,5954,1.1937484371410676,5.625,0.3716140687465668,14,7,0.5534427473141302,False
main_node135,0.0,2462055.5853049355,2753,32.79716829582364,4.21875,-0.012724809348583221,18,7,0.5460315756719432,True
main_node135,0.0,2462055.598955653,8897,-27.27961273597809,4.21875,0.08653001487255096,17,7,0.5445450477629074,True
main_node135,0.0,2462056.5013405667,10045,-38.68218745348943,-7.03125,0.5667945146560669,13,7,0.446415405729208,True
main_node135,0.0,2462056.576255387,7101,-8.385538647081319,-8.4375,0.33688443899154663,14,7,0.4380312661924387,True
main_node135,0.0,2462057.552653462,4664,14.477512185929925,-21.09375,0.5502134561538696,12,7,0.33129943455965105,True
main_node135,0.0,2462058.6149115628,4147,19.47122063449069,-35.15625,0.4754682779312134,8,5,0.22181819620007145,True
main_node135,0.0,2462069.206765358,8641,-24.62431835216408,4.21875,0.49785909056663513,11,7,0.4523251089206807,False
main_node135,0.0,2462069.2204695153,2497,35.68533471265204,4.21875,0.3639596700668335,9,6,0.4537029101943938,False
main_node135,0.0,2462070.1903820555,7869,-15.713861048008212,-8.4375,0.24344252049922943,12,7,0.5485161553018245,False
main_node135,0.0,2462070.26893479,9276,-30.000000000000014,-9.84375,0.5205737352371216,12,7,0.5565649887761259,False
main_node135,0.0,2462070.2801762726,4156,19.47122063449069,-9.84375,0.4946136176586151,12,6,0.5572345259294551,False
main_node135,0.0,2462071.1744578546,6712,-4.780191847199163,-21.09375,-0.04354264587163925,12,5,0.6415510606230712,False
main_node135,0.0,2462071.251447944,8888,-25.944479772370016,-22.5,0.28239792585372925,14,7,0.6485228569443713,False
main_node135,0.0,2462097.1782309366,10302,-41.81031489577862,-4.21875,0.28883206844329834,9,6,0.2817059676224151,False
main_node135,0.0,2462097.1888175025,5694,4.780191847199163,-4.21875,0.31214895844459534,9,6,0.28233339371007554,False
main_node135,0.0,2462098.1728934315,4538,15.713861048008212,-16.875,0.016939930617809296,11,7,0.3738125987846941,False
main_node135,0.0,2462098.2494904124,6969,-7.180755781458288,-18.28125,0.38113632798194885,9,5,0.38104614198096803,False
main_node135,0.0,2462098.260622399,2105,41.81031489577859,-18.28125,0.23405665159225464,8,3,0.38236332941384615,False
main_node135,0.0,2462099.2228503535,10417,-43.40685848593699,-30.48387096774195,-0.22342024743556976,12,7,0.4738232460680906,False
main_node135,0.0,2462099.2368509197,4277,18.209956864283,-30.9375,0.06285825371742249,12,7,0.47515082299975425,False
main_node135,0.0,2462100.2068517474,9520,-32.79716829582364,-43.59375,-0.12054449319839478,14,7,0.5673525435590161,False
main_node135,0.0,2462100.2175935665,4656,14.477512185929925,-43.59375,-0.19888155162334442,14,7,0.5680025695747649,False
main_node135,0.0,2462100.2952888333,6576,-3.583321698471977,-45.0,0.14841759204864502,18,7,0.575795114170712,False
main_node135,0.0,2462125.156285155,9275,-30.000000000000014,-12.65625,0.16314105689525604,3,2,0.1354644893500143,False
main_node135,0.0,2462125.166955003,4411,16.957763300004146,-12.65625,0.09967933595180511,5,3,0.13594158163618553,False
main_node135,0.0,2462127.213381586,3762,23.31795706533424,-39.375,-0.11841253936290741,12,7,0.29921365571145836,False
main_node135,0.0,2462128.1828570953,9261,-30.000000000000014,-52.03125,-0.2861999571323395,13,7,0.38651632327771684,False
main_node135,0.0,2462128.1946782907,3885,22.02431283704216,-52.03125,-0.3741275370121002,13,7,0.38780001656570723,False
main_node135,0.0,2462128.2733782395,5293,8.385538647081319,-53.43750000000006,-0.05540012940764427,11,6,0.39487094395831973,False
main_node135,0.0,2462155.186463523,4783,13.24801490567694,-47.81250000000006,-0.2951732873916626,8,6,0.14895587951441472,False
main_node135,0.0,2462174.643583994,9683,-35.68533471265205,54.84375,0.5151845812797546,9,6,0.3662330183494326,False
main_node135,0.0,2462174.6549826325,4563,14.477512185929925,54.84375,0.4820241630077362,7,5,0.36550135392614996,False
main_node140,0.0,2461535.2570095845,1748,44.993880150457116,25.5,0.1354837864637375,4,3,0.14285837338495022,False
main_node140,0.0,2461535.2713708677,8009,-18.209956864283015,25.3125,0.2384754866361618,5,5,0.1440003400822294,False
main_node140,0.0,2461536.2583269044,10180,-41.81031489577862,12.65625,0.46404677629470825,8,4,0.23377098731273924,False
main_node140,0.0,2461537.315508833,7743,-14.477512185929939,-1.40625,0.44596949219703674,11,7,0.34472634682505854,False
main_node140,0.0,2461538.3006295026,9274,-30.000000000000014,-15.46875,-0.5295493006706238,13,7,0.4557474898541735,False
main_node140,0.0,2461539.271267662,4278,18.209956864283,-28.125,-0.4863600432872772,13,7,0.5660140029130516,False
main_node140,0.0,2461539.2856294923,10538,-44.99388015045713,-28.5,-0.4624302387237549,14,7,0.5675678864553303,False
main_node140,0.0,2461565.2788002477,2364,38.68218745348943,-9.84375,0.3364943563938141,3,2,0.21177962068346615,False
main_node140,0.0,2461567.323074554,2098,41.81031489577859,-37.96875000000006,-0.5622500777244568,7,4,0.43069307655822564,False
main_node140,0.0,2461568.311157496,4782,13.24801490567694,-50.625,-0.36711153388023376,11,7,0.5407522284483348,False
main_node140,0.0,2461596.280397426,2219,40.228184728061095,-59.0625,-0.22382918000221252,4,1,0.3924637868695827,False
main_node140,0.0,2461615.516508561,8017,-18.209956864283015,47.8125,0.04929126426577568,9,5,0.2590819718675586,False
main_node140,0.0,2461616.5744045465,5452,5.979156796301311,33.75,-0.07604110240936279,6,3,0.15939192559898052,False
main_node140,0.0,2461642.4284871942,8019,-18.209956864283015,53.4375,0.2539703845977783,13,7,0.5200150576886298,False
main_node140,0.0,2461642.5045172344,5330,7.180755781458274,52.03125,-0.13401947915554047,12,7,0.5117060853085819,False
main_node140,0.0,2461642.5808158815,2898,31.38816646434855,50.625,-0.4560230076313019,14,5,0.5033752351903036,False
main_node140,0.0,2461642.5950804134,9298,-31.388166464348544,50.625,-0.2995912730693817,11,3,0.5018576231555085,False
main_node140,0.0,2461643.4896468553,6990,-8.385538647081319,39.375,0.18591776490211487,13,7,0.40327659748839284,False
main_node140,0.0,2461643.566251262,4557,14.477512185929925,37.96875,-0.2025671899318695,11,6,0.39486971957484424,False
main_node140,0.0,2461644.5412703617,1868,43.406858485936986,24.67741935483872,-0.4781074523925781,12,7,0.2898242334550215,False
main_node140,0.0,2461644.5558469533,8265,-20.74237995448715,25.3125,0.1633554995059967,12,7,0.2883670520710903,False
main_node140,0.0,2461670.5674564806,8015,-18.209956864283015,42.1875,-0.21051344275474548,18,7,0.6496483524534122,False
main_node140,0.0,2461671.4617535276,5451,5.979156796301311,30.9375,0.31397226452827454,14,7,0.5539929016499292,False
main_node140,0.0,2461671.538713026,3274,27.27961273597809,29.53125,-0.0657949224114418,15,7,0.5447652377249669,False
main_node140,0.0,2461671.553019977,9674,-35.68533471265205,29.53125,0.08675305545330048,16,7,0.5432232134393148,False
main_node140,0.0,2461672.5245992136,5190,8.385538647081319,16.875,0.25384196639060974,12,7,0.4340104546549372,False
main_node140,0.0,2461672.600195544,2501,35.68533471265204,15.46875,-0.12363777309656143,12,6,0.4261824577096825,False
main_node140,0.0,2461672.614502516,8901,-27.27961273597809,15.46875,0.029472554102540016,12,4,0.42461763360901256,False
main_node140,0.0,2461673.508097878,6081,0.0,4.21875,0.5579978823661804,10,5,0.32508862244327,False
main_node140,0.0,2461673.584002186,3393,25.944479772370002,2.8125,0.1367819458246231,11,7,0.31680808533261456,False
main_node140,0.0,2461673.598342968,9793,-37.168899655999454,2.8125,0.2711849808692932,10,6,0.31530911808499973,False
main_node140,0.0,2461674.5742230676,7484,-12.024699180565818,-9.84375,0.5301092863082886,12,7,0.21447571566615087,False
main_node140,0.0,2461714.1970683313,8898,-27.27961273597809,7.03125,0.4220718443393707,9,6,0.34868787259693834,False
main_node140,0.0,2461714.2094656453,3266,27.27961273597809,7.03125,0.3239476680755615,6,3,0.34994983843359373,False
main_node140,0.0,2461715.192635759,2750,34.228866327812575,-5.625,0.061869245022535324,12,7,0.4412350760110552,False
main_node140,0.0,2461715.268289107,5437,7.180755781458274,-7.03125,0.4512960612773895,8,2,0.44840001681519265,False
main_node140,0.0,2461716.1708736527,4153,19.47122063449069,-18.28125,-0.16622363030910492,13,7,0.5333207596036138,False
main_node140,0.0,2461716.2479773145,6329,-1.1937484371410818,-19.6875,0.19369518756866455,12,7,0.5404927654379116,False
main_node140,0.0,2461716.3219389427,9784,-35.68533471265205,-21.09375,0.47733864188194275,12,3,0.5470058879141839,False
main_node140,0.0,2461717.232019618,5172,9.594068226860458,-32.34375000000006,-0.10515358299016953,14,7,0.6313488015455312,False
main_node140,0.0,2461717.308068263,7860,-15.713861048008212,-33.75000000000006,0.2628141939640045,18,7,0.6383127847174955,False
main_node140,0.0,2461742.16984795,10047,-38.68218745348943,-1.40625,0.24038313329219818,5,3,0.18976625990645024,False
main_node140,0.0,2461743.16158722,5563,5.979156796301311,-14.0625,-0.05306446552276611,9,5,0.2686134171042158,False
main_node140,0.0,2461744.2289171917,3766,23.31795706533424,-28.125,-0.03322131186723709,10,7,0.3619753717254363,False
main_node140,0.0,2461745.199011355,9009,-27.27961273597809,-40.78125,-0.19491328299045563,13,7,0.45188173098196815,False
main_node140,0.0,2461745.2108050883,3633,24.62431835216408,-40.78125,-0.2881276309490204,12,7,0.45253498506360645,False
main_node140,0.0,2461745.287823242,5809,3.5833216984719627,-42.18750000000006,0.050831813365221024,13,6,0.459732214210936,False
main_node140,0.0,2461746.1848953874,7085,-8.385538647081319,-53.43750000000006,-0.5267598032951355,14,7,0.5454835985450405,False
main_node140,0.0,2461746.263595593,8492,-22.02431283704216,-54.84375,-0.16528482735157013,14,7,0.5527628644751428,False
main_node140,0.0,2461746.2754166434,3116,29.999999999999993,-54.84375,-0.23953287303447723,16,7,0.5540861873909232,False
main_node140,0.0,2461746.3523045206,5292,8.385538647081319,-56.25,0.09033139795064926,12,4,0.5613628502680859,False
main_node140,0.0,2461772.1887648962,10535,-44.99388015045713,-37.5,0.5864511728286743,9,6,0.2000205529920497,False
main_node140,0.0,2461772.20921317,1847,44.993880150457116,-37.5,0.48566576838493347,8,5,0.20159066302003908,False
main_node140,0.0,2461773.18386994,4654,14.477512185929925,-49.21875000000006,-0.4698439836502075,11,7,0.2797715670503531,False
main_node140,0.0,2461773.2604740355,7086,-8.385538647081319,-50.625,-0.11301659047603607,7,3,0.28687443949279795,False
main_node140,0.0,2461819.6447861507,5076,9.594068226860458,57.65625,0.424960732460022,7,5,0.4183139635289542,False
main_node140,0.0,2461847.60918741,9937,-38.68218745348943,49.21875,0.27178534865379333,10,6,0.5884115666446325,False
main_node140,0.0,2461847.6196086197,5329,7.180755781458274,49.21875,0.2494775801897049,9,5,0.5877092018916836,False
main_node140,0.0,2461848.5976636442,6989,-8.385538647081319,36.5625,0.007356598507612944,6,3,0.48907852768789173,False
main_node140,0.0,2461877.5576177165,5573,4.780191847199163,15.46875,-0.4744983911514282,7,3,0.563091736716074,True
main_node140,0.0,2461891.2560015093,5189,8.385538647081319,14.0625,-0.4164857864379883,10,6,0.25044049806966046,False
main_node140,0.0,2461892.242789543,7616,-14.477512185929939,1.40625,-0.08436459302902222,10,4,0.3503187842622861,False
main_node140,0.0,2461892.3193938658,5184,8.385538647081319,0.0,-0.46841755509376526,11,7,0.3584849711077558,False
main_node140,0.0,2461893.296075901,3131,29.999999999999993,-12.65625,-0.21896451711654663,13,7,0.4668173776540937,False
main_node140,0.0,2461893.3103448343,9531,-32.79716829582364,-12.65625,-0.07650768011808395,13,7,0.46838965910495034,False
main_node140,0.0,2461894.2814758103,4791,13.24801490567694,-25.3125,0.064205102622509,14,7,0.5790324539285974,False
main_node140,0.0,2461894.358176879,2614,35.68533471265204,-26.71875,-0.2605747878551483,17,7,0.5876882551842298,False
main_node140,0.0,2461894.3724839985,9014,-27.27961273597809,-26.71875,-0.13791079819202423,15,6,0.5892607348230827,False
main_node140,0.0,2461921.270811538,2872,32.79716829582364,-21.09375,-0.08191444724798203,9,4,0.3268792404478902,False
main_node140,0.0,2461921.28508042,9272,-30.000000000000014,-21.09375,0.06014624238014221,11,7,0.328376421321766,False
main_node140,0.0,2461922.332867178,2355,38.68218745348943,-35.15625,-0.12972213327884674,9,5,0.44557110873169237,False
main_node140,0.0,2461923.3173549236,3503,25.944479772370002,-47.81250000000006,0.12895701825618744,13,7,0.5588675993928444,False
main_node140,0.0,2461923.33169566,9903,-37.168899655999454,-47.81250000000006,0.250235378742218,10,6,0.5604552710352713,False
main_node140,0.0,2461951.3016315973,7596,-13.248014905676953,-56.25,0.40203845500946045,7,4,0.41996105711453147,False
main_node140,0.0,2461997.515777903,6355,-2.388015463268786,54.84375,0.43003249168395996,12,7,0.448302043140221,False
main_node140,0.0,2461997.5923213754,3923,20.742379954487134,53.4375,0.049502432346343994,12,3,0.4405348562554152,False
main_node140,0.0,2461998.571809119,3022,29.999999999999993,40.78125,0.2662401795387268,9,6,0.3412471113643979,False
main_node140,0.0,2461998.5860781507,9422,-32.79716829582364,40.78125,0.3754832148551941,9,4,0.3398524108332137,False
main_node140,0.0,2462025.399305336,2000,41.81031489577859,46.40625,-0.4242725968360901,12,5,0.6170272376963395,False
main_node140,0.0,2462025.4138104133,8400,-22.02431283704216,46.40625,-0.4005230963230133,15,7,0.6149786905647789,False
main_node140,0.0,2462025.490062684,5840,2.388015463268772,46.40625,0.5906438231468201,15,7,0.6074333504383174,False
main_node140,0.0,2462025.5693942923,4688,13.24801490567694,45.0,0.23163732886314392,17,7,0.5998467050866596,False
main_node140,0.0,2462026.463055601,2124,40.228184728061095,33.75,0.5963809490203857,14,7,0.5082788692670236,False
main_node140,0.0,2462026.4772011824,8395,-22.02431283704216,32.34375,-0.4442042410373688,14,7,0.5068284904941259,False
main_node140,0.0,2462026.553453421,5835,2.388015463268772,32.34375,0.5394482016563416,15,7,0.49884122401522657,False
main_node140,0.0,2462027.5271421038,2375,37.16889965599944,19.6875,0.5811152458190918,12,7,0.3961493985389446,False
main_node140,0.0,2462027.542404776,9158,-30.000000000000014,18.28125,-0.4387120008468628,12,7,0.39467937441773837,False
main_node140,0.0,2462028.5147248283,4930,10.806922874860334,5.625,-0.3296548128128052,9,5,0.29321395188940896,False
main_node140,0.0,2462028.590189732,2241,38.68218745348943,4.21875,-0.5768345594406128,9,6,0.28544095729290564,False
main_node140,0.0,2462029.5734404614,3005,31.38816646434855,-8.4375,-0.38183051347732544,10,7,0.18993733350940023,False
main_node140,0.0,2462029.5877048573,9405,-31.388166464348544,-8.4375,-0.22893716394901276,9,6,0.1886729320255803,False
main_node140,0.0,2462054.6125242496,6728,-5.979156796301311,22.5,0.40675610303878784,15,6,0.6468613852591607,False
main_node140,0.0,2462055.4261488635,4676,13.24801490567694,11.25,-0.11187982559204102,12,5,0.563038768693938,False
main_node140,0.0,2462055.5014579953,1987,41.81031489577859,9.84375,-0.38780370354652405,13,7,0.5549230959739945,False
main_node140,0.0,2462055.5159629215,8387,-22.02431283704216,9.84375,-0.3210945725440979,14,7,0.5534427473141302,False
main_node140,0.0,2462055.6018989338,10051,-40.22818472806108,8.4375,-0.47756054997444153,15,6,0.5438017837834696,False
main_node140,0.0,2462056.496688788,8127,-18.209956864283015,-2.8125,-0.07307519018650055,13,7,0.446415405729208,False
main_node140,0.0,2462056.573807868,5950,2.388015463268772,-4.21875,-0.4646628201007843,14,7,0.4380312661924387,False
main_node140,0.0,2462057.548811419,3002,31.38816646434855,-16.875,-0.23556159436702728,12,7,0.33204410023103037,False
main_node140,0.0,2462057.563075572,9402,-31.388166464348544,-16.875,-0.073483407497406,12,7,0.33055476888827173,False
main_node140,0.0,2462058.620694825,6837,-5.979156796301311,-30.9375,-0.21287618577480316,8,5,0.22181819620007145,False
main_node140,0.0,2462069.2118192003,6339,-2.388015463268786,9.84375,-0.1132306456565857,10,7,0.4530140095806344,True
main_node140,0.0,2462070.190383152,7871,-15.713861048008212,-2.8125,-0.34405189752578735,12,7,0.5485161553018245,True
main_node140,0.0,2462070.2676445446,9790,-35.68533471265205,-4.21875,0.01646798849105835,12,7,0.5565649887761259,True
main_node140,0.0,2462070.285976514,1858,44.993880150457116,-4.5,0.0712059810757637,13,6,0.5579040630378882,True
main_node140,0.0,2462071.2526313015,8378,-20.74237995448715,-16.875,-0.2783164978027344,14,7,0.6485228569443713,True
main_node140,0.0,2462097.178232011,10176,-41.81031489577862,1.40625,-0.13951635360717773,9,6,0.2817059676224151,False
main_node140,0.0,2462097.188274802,5824,2.388015463268772,1.40625,-0.30982035398483276,9,6,0.28233339371007554,False
main_node140,0.0,2462098.169595152,6076,1.1937484371410676,-11.25,-0.584686815738678,11,7,0.37315539335280246,False
main_node140,0.0,2462098.2478335607,7739,-14.477512185929939,-12.65625,-0.20781317353248596,9,5,0.38104614198096803,False
main_node140,0.0,2462098.259231692,2619,35.68533471265204,-12.65625,-0.2817242741584778,9,4,0.3817047356974071,False
main_node140,0.0,2462099.2346198186,5303,8.385538647081319,-25.3125,-0.5470529198646545,12,7,0.47515082299975425,False
main_node140,0.0,2462099.311781339,7478,-12.024699180565818,-26.71875,-0.16907235980033875,11,3,0.4824500047910014,False
main_node140,0.0,2462100.2044418147,10414,-43.40685848593699,-39.19354838709677,0.373630553483963,14,7,0.5667015811006059,False
main_node140,0.0,2462100.2889722283,9394,-31.388166464348544,-39.375,-0.3480205833911896,16,7,0.5751470529753439,False
main_node140,0.0,2462100.301402865,3762,23.31795706533424,-39.375,-0.49364739656448364,18,7,0.575795114170712,False
main_node140,0.0,2462125.1598128746,7741,-14.477512185929939,-7.03125,-0.4333593547344208,3,2,0.1354644893500143,False
main_node140,0.0,2462127.2149011893,3123,29.999999999999993,-35.15625,0.5274509787559509,12,7,0.29921365571145836,False
main_node140,0.0,2462128.1938125077,4271,18.209956864283,-47.81250000000006,0.3447248935699463,13,7,0.38780001656570723,False
main_node140,0.0,2462128.2667607144,8367,-20.74237995448715,-47.81250000000006,-0.5762968063354492,13,7,0.3942273446994673,False
main_node140,0.0,2462155.17395353,10288,-41.81031489577862,-43.59375,0.45747849345207214,6,5,0.14800580977202565,False
main_node140,0.0,2462156.1728219185,2732,34.228866327812575,-56.25,0.10767870396375656,8,5,0.221778013667497,False
main_node140,0.0,2462156.246843544,6187,0.0,-57.65625000000006,0.5491791367530823,6,4,0.22782731507028642,False
main_node145,0.0,2461535.2573694945,1870,43.406858485936986,30.48387096774195,0.14338307082653046,4,3,0.14285837338495022,False
main_node145,0.0,2461536.2501844093,6726,-5.979156796301311,16.875,-0.30007678270339966,8,4,0.23308273523356504,False
main_node145,0.0,2461537.3103131633,5185,8.385538647081319,2.8125,-0.39946702122688293,11,7,0.34472634682505854,False
main_node145,0.0,2461538.288216645,3644,24.62431835216408,-9.84375,-0.16639581322669983,13,7,0.45495569137121333,False
main_node145,0.0,2461538.303674889,10424,-43.40685848593699,-10.161290322580612,-0.190956249833107,13,7,0.45653928833713375,False
main_node145,0.0,2461539.2734995205,5304,8.385538647081319,-22.5,0.1487577259540558,13,7,0.5660140029130516,False
main_node145,0.0,2461539.351609117,3639,24.62431835216408,-23.90625,-0.2115943729877472,16,7,0.57531912383597,False
main_node145,0.0,2461539.367068024,10419,-43.40685848593699,-24.677419354838776,-0.5615290403366089,14,6,0.576866879274374,False
main_node145,0.0,2461566.279045708,10421,-43.40685848593699,-18.870967741935488,-0.27480682730674744,8,4,0.3147016697604164,False
main_node145,0.0,2461568.3050269135,2224,40.228184728061095,-45.0,0.12690655887126923,13,7,0.5399873824343888,False
main_node145,0.0,2461568.320673243,9136,-28.630989836924357,-45.0,0.33288705348968506,10,6,0.5415170744622809,False
main_node145,0.0,2461569.297939881,7211,-9.594068226860458,-57.65625000000006,0.5878751873970032,13,7,0.646279124763413,False
main_node145,0.0,2461596.286527894,4781,13.24801490567694,-53.43750000000006,0.40514475107192993,4,2,0.39321948744386553,False
main_node145,0.0,2461616.573857517,5198,8.385538647081319,39.375,0.5360283851623535,6,3,0.15939192559898052,False
main_node145,0.0,2461642.42935421,8404,-22.02431283704216,57.65625,-0.46766507625579834,13,7,0.5200150576886298,False
main_node145,0.0,2461642.506691621,6356,-2.388015463268786,57.65625,0.5172392725944519,12,7,0.5117060853085819,False
main_node145,0.0,2461642.5832352573,3924,20.742379954487134,56.25,0.11532691866159439,14,5,0.5033752351903036,False
main_node145,0.0,2461643.47751714,1754,44.993880150457116,43.5,-0.5964248776435852,13,7,0.40480632370965647,False
main_node145,0.0,2461643.561432395,2511,35.68533471265204,43.59375,0.28810274600982666,12,7,0.3956336068710106,False
main_node145,0.0,2461643.576993378,9423,-32.79716829582364,43.59375,0.4669502079486847,12,6,0.3941058322786778,False
main_node145,0.0,2461646.595848493,5953,1.1937484371410676,2.8125,-0.4496389925479889,4,2,0.10135223424229013,False
main_node145,0.0,2461671.4562953133,3020,29.999999999999993,35.15625,-0.4626445174217224,14,7,0.5539929016499292,False
main_node145,0.0,2461671.471901804,9932,-38.68218745348943,35.15625,-0.2638128995895386,14,7,0.5524563603126955,False
main_node145,0.0,2461671.618265497,2380,37.16889965599944,33.75,0.15480972826480865,11,4,0.5362777313299368,False
main_node145,0.0,2461672.5275908452,6599,-4.780191847199163,21.09375,-0.4841674268245697,12,7,0.4340104546549372,False
main_node145,0.0,2461672.605571708,4807,12.024699180565818,21.09375,0.53034508228302,13,5,0.4254000456593475,False
main_node145,0.0,2461673.5022026724,3395,25.944479772370002,8.4375,-0.27070581912994385,9,5,0.32584260273516313,False
main_node145,0.0,2461673.579673714,1742,44.993880150457116,7.5,-0.15424199402332306,12,7,0.3175598579495726,False
main_node145,0.0,2461673.593750642,7874,-16.957763300004146,7.03125,-0.47908473014831543,10,6,0.31530911808499973,False
main_node145,0.0,2461674.570676496,5822,3.5833216984719627,-5.625,-0.28542208671569824,11,7,0.21514998530614626,False
main_node145,0.0,2461700.418717499,5445,5.979156796301311,14.0625,-0.015561936423182487,12,5,0.592911894783184,True
main_node145,0.0,2461700.495676866,3268,27.27961273597809,12.65625,-0.3609234392642975,14,7,0.5844089379411286,True
main_node145,0.0,2461700.51137575,10180,-41.81031489577862,12.65625,-0.15317298471927643,14,7,0.5820841185223771,True
main_node145,0.0,2461701.4787556957,3904,20.742379954487134,0.0,-0.10381843894720078,13,7,0.47272119116411,True
main_node145,0.0,2461701.555767856,2111,41.81031489577859,-1.40625,-0.3737644851207733,13,7,0.4640124004127407,True
main_node145,0.0,2461701.571466851,9023,-27.27961273597809,-1.40625,-0.26464518904685974,14,7,0.4624294757733117,True
main_node145,0.0,2461702.5482202484,6843,-5.979156796301311,-14.0625,-0.08327289670705795,12,7,0.3523132763012736,True
main_node145,0.0,2461702.627574911,5690,4.780191847199163,-15.46875,-0.44251441955566406,10,5,0.34393533099777673,True
main_node145,0.0,2461703.607798851,5046,10.806922874860334,-28.125,-0.18146711587905884,9,6,0.2408135077527435,True
main_node145,0.0,2461714.207692375,4036,19.47122063449069,12.65625,-0.23387914896011353,6,3,0.34994983843359373,False
main_node145,0.0,2461715.175718527,10048,-40.22818472806108,0.0,-0.30687084794044495,11,7,0.4392823433377475,True
main_node145,0.0,2461715.263368941,7743,-14.477512185929939,-1.40625,-0.11989587545394897,8,3,0.4477483018115204,False
main_node145,0.0,2461715.272253721,3647,24.62431835216408,-1.40625,-0.18910926580429077,8,2,0.44840001681519265,False
main_node145,0.0,2461716.2474354673,6587,-3.583321698471977,-14.0625,-0.4251154661178589,12,7,0.5404927654379116,False
main_node145,0.0,2461717.221051078,10038,-38.68218745348943,-26.71875,-0.49527624249458313,14,7,0.6307146675026185,False
main_node145,0.0,2461717.309734565,7094,-8.385538647081319,-28.125,-0.3617706596851349,18,7,0.6389446006263243,False
main_node145,0.0,2461742.1705300855,9665,-35.68533471265205,4.21875,-0.25481489300727844,5,3,0.1902864370106275,False
main_node145,0.0,2461744.2189067896,8376,-20.74237995448715,-22.5,-0.5360386967658997,11,7,0.3613472575649884,False
main_node145,0.0,2461745.207116242,5299,8.385538647081319,-36.5625,0.4877152144908905,12,7,0.45253498506360645,False
main_node145,0.0,2461745.282872433,8115,-18.209956864283015,-36.5625,-0.5022875070571899,13,6,0.459732214210936,False
main_node145,0.0,2461745.2941425946,2995,31.38816646434855,-36.5625,-0.5386367440223694,13,6,0.46038688588194887,False
main_node145,0.0,2461746.192396913,3630,24.62431835216408,-49.21875000000006,0.16454698145389557,14,7,0.5461454077776583,False
main_node145,0.0,2461746.2688721507,6062,1.1937484371410676,-50.625,0.5579956769943237,15,7,0.553424525933033,False
main_node145,0.0,2461746.344505089,8878,-25.944479772370016,-50.625,-0.4165768325328827,13,4,0.5607014750603744,False
main_node145,0.0,2461772.1927914172,9012,-27.27961273597809,-32.34375000000006,0.5846042037010193,9,6,0.2005439230013795,False
main_node145,0.0,2461773.1728034937,9648,-34.22886632781257,-45.0,0.32349327206611633,11,7,0.2791816825199403,False
main_node145,0.0,2461773.180852461,6064,1.1937484371410676,-45.0,0.32030901312828064,11,7,0.2797715670503531,False
main_node145,0.0,2461774.1702804635,2603,35.68533471265204,-57.65625000000006,-0.022050868719816208,12,7,0.3678620076923334,False
main_node145,0.0,2461774.2464267984,5035,10.806922874860334,-59.0625,0.343383252620697,12,7,0.3742753575336239,False
main_node145,0.0,2461847.6129732477,8403,-22.02431283704216,54.84375,-0.2773596942424774,10,6,0.5884115666446325,False
main_node145,0.0,2461848.609433036,1874,43.406858485936986,42.096774193548384,-0.47434043884277344,6,3,0.487693686690534,False
main_node145,0.0,2461877.566755906,1746,44.993880150457116,19.5,0.2781532406806946,6,3,0.5617435569004017,True
main_node145,0.0,2461890.2694983087,3019,29.999999999999993,32.34375,-0.11656419932842255,6,5,0.1637427321355722,True
main_node145,0.0,2461891.2514018416,3143,28.630989836924343,19.6875,0.12477614730596542,8,4,0.24977758379969062,True
main_node145,0.0,2461891.267048161,10055,-40.22818472806108,19.6875,0.25930169224739075,11,7,0.2511034123396303,True
main_node145,0.0,2461892.316586538,3906,20.742379954487134,5.625,0.1033732146024704,11,7,0.3584849711077558,True
main_node145,0.0,2461893.293029851,1981,43.406858485936986,-7.258064516129025,0.06359650939702988,13,7,0.46603123692866544,True
main_node145,0.0,2461893.3084881115,8765,-24.62431835216408,-7.03125,0.4781765937805176,13,7,0.467603518379522,False
main_node145,0.0,2461894.2913031545,9272,-30.000000000000014,-21.09375,-0.5064905881881714,14,7,0.5798204265465955,False
main_node145,0.0,2461894.369017899,7480,-12.024699180565818,-21.09375,0.4262164235115051,17,7,0.5884744950036563,False
main_node145,0.0,2461921.268400882,1978,43.406858485936986,-15.9677419354839,-0.019623322412371635,9,4,0.3268792404478902,False
main_node145,0.0,2461922.2620372945,7221,-9.594068226860458,-29.53125,-0.47687670588493347,8,3,0.43763033904303345,False
main_node145,0.0,2461922.3394765705,5173,9.594068226860458,-29.53125,0.5236855149269104,7,4,0.44636641545514777,False
main_node145,0.0,2461923.3221638445,5680,4.780191847199163,-43.59375,-0.5809729695320129,13,7,0.5588675993928444,False
main_node145,0.0,2461951.293025856,3629,24.62431835216408,-52.03125,-0.44595807790756226,6,3,0.41916824505851075,False
main_node145,0.0,2461997.511097974,4181,18.209956864283,59.0625,-0.38676339387893677,12,7,0.448302043140221,False
main_node145,0.0,2461997.5875341278,2004,41.81031489577859,57.65625,-0.597261905670166,12,3,0.4405348562554152,False
main_node145,0.0,2461998.4984584954,6864,-7.180755781458288,46.40625,-0.056735385209321976,12,7,0.34822655492947274,False
main_node145,0.0,2461998.576170503,4944,10.806922874860334,45.0,-0.43128448724746704,9,5,0.3405497610988058,False
main_node145,0.0,2461999.553401102,3019,29.999999999999993,32.34375,-0.1939125806093216,10,7,0.24478929390760962,False
main_node145,0.0,2461999.5690071653,9931,-38.68218745348943,32.34375,-0.006242562085390091,9,6,0.24347934582857877,False
main_node145,0.0,2462025.412659523,7890,-16.957763300004146,52.03125,0.1864914894104004,14,7,0.6156615396238954,False
main_node145,0.0,2462025.4903343725,5970,1.1937484371410676,50.625,-0.18802569806575775,15,7,0.6074333504383174,False
main_node145,0.0,2462025.567400224,3793,22.02431283704216,49.21875,-0.5373568534851074,17,7,0.5998467050866596,False
main_node145,0.0,2462026.4619730804,1752,44.993880150457116,37.5,-0.36778098344802856,14,7,0.5082788692670236,False
main_node145,0.0,2462026.4777920474,8653,-24.62431835216408,37.96875,0.15578168630599976,14,7,0.5068284904941259,False
main_node145,0.0,2462026.5548104234,6477,-3.583321698471977,36.5625,-0.2234944999217987,15,7,0.49884122401522657,False
main_node145,0.0,2462027.531734869,4296,16.957763300004146,23.90625,-0.01399157103151083,12,7,0.3954143865029847,False
main_node145,0.0,2462027.6096096886,2632,34.228866327812575,22.5,-0.33277395367622375,10,4,0.38733446508297853,False
main_node145,0.0,2462028.520750837,7748,-15.713861048008212,11.25,0.3599463105201721,11,7,0.29250584763480453,False
main_node145,0.0,2462028.5973480884,5315,7.180755781458274,9.84375,-0.034192439168691635,9,6,0.28473694782815373,False
main_node145,0.0,2462029.5746773067,3519,25.944479772370002,-2.8125,0.1549902856349945,10,7,0.18993733350940023,False
main_node145,0.0,2462054.601302546,1869,43.406858485936986,27.580645161290306,0.2332746833562851,15,6,0.6475545709051361,False
main_node145,0.0,2462054.6167608537,8649,-24.62431835216408,26.71875,-0.27526602149009705,13,5,0.6461681996131853,False
main_node145,0.0,2462055.4316145275,7238,-10.806922874860348,16.875,0.5746932625770569,14,7,0.5623018945095277,False
main_node145,0.0,2462055.5071050962,4293,16.957763300004146,15.46875,0.1507176160812378,13,7,0.5541829216440624,False
main_node145,0.0,2462055.58498011,2629,34.228866327812575,14.0625,-0.19445990025997162,18,7,0.5460315756719432,False
main_node145,0.0,2462055.60053514,9541,-34.22886632781257,14.0625,0.012263540178537369,17,7,0.5445450477629074,False
main_node145,0.0,2462056.496688508,8001,-18.209956864283015,2.8125,0.5351871252059937,13,7,0.446415405729208,False
main_node145,0.0,2462056.572170161,5056,9.594068226860458,1.40625,0.1295737624168396,14,7,0.4387935404308668,False
main_node145,0.0,2462057.5494373306,3260,28.630989836924343,-11.25,0.29160040616989136,12,7,0.33204410023103037,False
main_node145,0.0,2462057.5650839154,10172,-40.22818472806108,-11.25,0.4621609151363373,12,7,0.33055476888827173,False
main_node145,0.0,2462058.622906119,7863,-15.713861048008212,-25.3125,0.43781778216362,6,4,0.22113974844459672,False
main_node145,0.0,2462097.182433355,8514,-23.31795706533424,5.625,0.521124005317688,9,6,0.2817059676224151,False
main_node145,0.0,2462098.163728465,8765,-24.62431835216408,-7.03125,0.2644895613193512,11,7,0.37315539335280246,False
main_node145,0.0,2462098.1749188234,3645,24.62431835216408,-7.03125,0.09793844819068909,11,7,0.3738125987846941,False
main_node145,0.0,2462098.2530284743,5309,8.385538647081319,-8.4375,0.49161410331726074,9,5,0.38104614198096803,False
main_node145,0.0,2462099.2252620067,9528,-32.79716829582364,-21.09375,0.30888333916664124,12,7,0.4738232460680906,False
main_node145,0.0,2462099.2365674754,4408,16.957763300004146,-21.09375,0.180869460105896,12,7,0.47515082299975425,False
main_node145,0.0,2462100.213490982,6580,-3.583321698471977,-33.75000000000006,-0.016940925270318985,14,7,0.5680025695747649,False
main_node145,0.0,2462100.2905091476,8755,-24.62431835216408,-35.15625,0.3488250970840454,16,7,0.5751470529753439,False
main_node145,0.0,2462100.3011088353,3891,22.02431283704216,-35.15625,0.20731236040592194,18,7,0.575795114170712,False
main_node145,0.0,2462125.1708796136,2751,34.228866327812575,-2.8125,0.12434281408786774,5,3,0.13642241440340647,False
main_node145,0.0,2462127.2036597636,8245,-19.47122063449069,-29.53125,0.12735043466091156,12,7,0.29799152166532406,False
main_node145,0.0,2462128.1843763487,8625,-23.31795706533424,-42.18750000000006,-0.12079139053821564,13,7,0.38715816992171204,False
main_node145,0.0,2462128.263365399,9776,-35.68533471265205,-43.59375,0.1976897418498993,13,7,0.3942273446994673,False
main_node145,0.0,2462128.271473889,6192,0.0,-43.59375,0.11217765510082245,11,6,0.39487094395831973,False
main_node145,0.0,2462129.167975249,7724,-14.477512185929939,-54.84375,-0.42969974875450134,13,7,0.47874380351622425,False
main_node145,0.0,2462129.243923495,10156,-40.22818472806108,-56.25,-0.01617785543203354,12,7,0.4859426680474337,False
main_node145,0.0,2462129.324999927,10408,-43.40685848593699,-56.61290322580646,-0.5259864926338196,15,6,0.49379818227882477,False
main_node145,0.0,2462129.3423155053,2859,32.79716829582364,-57.65625000000006,0.037853751331567764,12,4,0.4951075592968538,False
main_node145,0.0,2462155.1812737156,7218,-9.594068226860458,-37.96875000000006,-0.08730344474315643,8,6,0.14848084464322017,False
main_node145,0.0,2462156.2387349033,9773,-35.68533471265205,-52.03125,0.05093640461564064,9,6,0.2267250276257081,False
main_node150,0.0,2461535.2570079924,1751,44.993880150457116,34.5,-0.5493928790092468,4,3,0.14285837338495022,False
main_node150,0.0,2461535.272236471,8396,-22.02431283704216,35.15625,0.08973311632871628,5,5,0.1440003400822294,False
main_node150,0.0,2461537.3019938883,1742,44.993880150457116,7.5,-0.590131938457489,12,7,0.3431970069007907,False
main_node150,0.0,2461537.317516506,8515,-23.31795706533424,8.4375,0.29898303747177124,9,6,0.3454910167871925,False
main_node150,0.0,2461538.2932688277,5950,2.388015463268772,-4.21875,0.5187939405441284,13,7,0.45495569137121333,False
main_node150,0.0,2461538.3697157805,3518,25.944479772370002,-5.625,0.10403533279895782,9,4,0.4636662896460508,False
main_node150,0.0,2461539.2849050406,10297,-41.81031489577862,-18.28125,-0.3516564667224884,14,7,0.5675678864553303,False
main_node150,0.0,2461539.361628484,8249,-19.47122063449069,-18.28125,0.5047730803489685,15,7,0.576093001555172,False
main_node150,0.0,2461567.323074476,2102,41.81031489577859,-26.71875,0.38238999247550964,7,4,0.43069307655822564,False
main_node150,0.0,2461568.3125359006,5425,7.180755781458274,-40.78125,-0.5072982907295227,11,7,0.5407522284483348,False
main_node150,0.0,2461569.288627787,2989,31.38816646434855,-53.43750000000006,-0.25703102350234985,12,7,0.6455637485264789,False
main_node150,0.0,2461569.3035374633,9645,-34.22886632781257,-53.43750000000006,-0.09774066507816315,13,7,0.6469945010003469,False
main_node150,0.0,2461615.514002474,6868,-7.180755781458288,57.65625,-0.1397128850221634,9,5,0.2590819718675586,False
main_node150,0.0,2461616.5724732927,4559,14.477512185929925,43.59375,-0.24834957718849182,7,4,0.15999413357104267,False
main_node150,0.0,2461643.4850093536,4817,12.024699180565818,49.21875,-0.027312783524394035,13,7,0.4040414605990246,False
main_node150,0.0,2461643.5617632563,2641,34.228866327812575,47.8125,-0.34708523750305176,12,7,0.3956336068710106,False
main_node150,0.0,2461643.5766730867,9297,-31.388166464348544,47.8125,-0.19813942909240723,12,6,0.3941058322786778,False
main_node150,0.0,2461644.5533137633,7116,-9.594068226860458,35.15625,-0.016700072214007378,12,7,0.2883670520710903,False
main_node150,0.0,2461670.566051535,7378,-12.024699180565818,52.03125,-0.3867042660713196,18,7,0.6496483524534122,False
main_node150,0.0,2461671.460932424,5070,9.594068226860458,40.78125,0.1470307856798172,14,7,0.5539929016499292,False
main_node150,0.0,2461671.5371342064,2638,34.228866327812575,39.375,-0.206536665558815,15,7,0.5455349110352733,False
main_node150,0.0,2461671.552043831,9294,-31.388166464348544,39.375,-0.05279604345560074,15,7,0.5439942255821408,False
main_node150,0.0,2461672.5248730714,5321,7.180755781458274,26.71875,0.1029837504029274,12,7,0.4340104546549372,False
main_node150,0.0,2461672.602408889,3401,25.944479772370002,25.3125,-0.25203076004981995,13,5,0.4254000456593475,False
main_node150,0.0,2461672.617444805,10057,-40.22818472806108,25.3125,-0.06449341028928757,12,4,0.42383522155867753,False
main_node150,0.0,2461673.5111081484,7493,-13.248014905676953,14.0625,0.429943323135376,12,7,0.32433464215137686,False
main_node150,0.0,2461673.5871650423,4804,12.024699180565818,12.65625,0.03612779453396797,9,6,0.3160586016836788,False
main_node150,0.0,2461674.564358576,2880,31.38816646434855,0.0,0.21685460209846497,11,7,0.21582425494614166,False
main_node150,0.0,2461674.5792683265,9536,-34.22886632781257,0.0,0.37565621733665466,12,7,0.21447571566615087,False
main_node150,0.0,2461700.495058925,3014,29.999999999999993,18.28125,0.18080948293209076,14,7,0.5844089379411286,False
main_node150,0.0,2461700.5099841408,9670,-35.68533471265205,18.28125,0.3287620544433594,14,7,0.5828595824666092,False
main_node150,0.0,2461700.587245514,7750,-15.713861048008212,16.875,0.0161532424390316,18,7,0.5735420621843895,False
main_node150,0.0,2461701.4821101804,5442,5.979156796301311,5.625,0.5540370941162109,13,7,0.47272119116411,False
main_node150,0.0,2461701.5557680954,1985,41.81031489577859,4.21875,0.08901037275791168,13,7,0.4640124004127407,False
main_node150,0.0,2461701.5708634965,8641,-24.62431835216408,4.21875,0.2922945022583008,14,7,0.4624294757733117,False
main_node150,0.0,2461702.5476758676,6589,-3.583321698471977,-8.4375,0.5334704518318176,12,7,0.3523132763012736,False
main_node150,0.0,2461702.62365671,3900,22.02431283704216,-9.84375,0.11847522109746933,10,5,0.34393533099777673,False
main_node150,0.0,2461703.6037488063,3256,28.630989836924343,-22.5,0.3378194272518158,11,7,0.2415001717869884,False
main_node150,0.0,2461703.6187003,9912,-37.168899655999454,-22.5,0.46620213985443115,9,6,0.24012684371849854,True
main_node150,0.0,2461714.2019101237,6726,-5.979156796301311,16.875,0.586784839630127,7,4,0.34931885551526604,True
main_node150,0.0,2461715.182127732,7361,-12.024699180565818,4.21875,0.3182547688484192,11,7,0.4399332542288501,True
main_node150,0.0,2461715.2737916,2881,31.38816646434855,2.8125,0.47408658266067505,8,2,0.44840001681519265,True
main_node150,0.0,2461716.1742287213,2749,34.228866327812575,-8.4375,-0.04656800627708435,13,7,0.5333207596036138,True
main_node150,0.0,2461716.253845657,3644,24.62431835216408,-9.84375,0.2654659152030945,14,7,0.5411442391033898,True
main_node150,0.0,2461717.226831271,7608,-13.248014905676953,-22.5,0.09657496958971024,14,7,0.6313488015455312,True
main_node150,0.0,2461717.2363470597,3256,28.630989836924343,-22.5,0.004887869581580162,13,7,0.6319829355884439,True
main_node150,0.0,2461717.314930368,4663,14.477512185929925,-23.90625,0.35305148363113403,18,7,0.6389446006263243,False
main_node150,0.0,2461743.1569408723,7742,-14.477512185929939,-4.21875,0.1438988447189331,9,5,0.2686134171042158,False
main_node150,0.0,2461744.2203311636,7737,-14.477512185929939,-18.28125,0.1916191130876541,11,7,0.3613472575649884,False
main_node150,0.0,2461744.2304374175,3129,29.999999999999993,-18.28125,0.08364751935005188,10,7,0.3619753717254363,False
main_node150,0.0,2461745.2016412704,7861,-15.713861048008212,-30.9375,-0.07517529278993607,13,7,0.45188173098196815,False
main_node150,0.0,2461745.2914352706,4148,19.47122063449069,-32.34375000000006,0.15992434322834015,13,6,0.46038688588194887,False
main_node150,0.0,2461746.177302472,10288,-41.81031489577862,-43.59375,-0.2252928465604782,14,7,0.5448217893124226,False
main_node150,0.0,2461746.187888884,5680,4.780191847199163,-43.59375,-0.4023674428462982,14,7,0.5454835985450405,False
main_node150,0.0,2461746.2777425502,2224,40.228184728061095,-45.0,-0.1160430982708931,16,7,0.5540861873909232,False
main_node150,0.0,2461746.353133364,4911,12.024699180565818,-46.40625,0.2310718446969986,12,4,0.5613628502680859,False
main_node150,0.0,2461747.1599477124,9900,-37.168899655999454,-56.25,-0.46888110041618347,13,5,0.6376222748670441,False
main_node150,0.0,2461747.2563913255,3371,27.27961273597809,-57.65625000000006,-0.35999590158462524,16,7,0.6467229114220947,False
main_node150,0.0,2461772.2011712766,5174,9.594068226860458,-26.71875,-0.04533671960234642,9,6,0.2010672930107093,False
main_node150,0.0,2461773.173450121,9394,-31.388166464348544,-39.375,-0.19664202630519867,11,7,0.2791816825199403,False
main_node150,0.0,2461773.1819407833,5554,5.979156796301311,-39.375,-0.3144921362400055,11,7,0.2797715670503531,False
main_node150,0.0,2461773.258528207,7985,-16.957763300004146,-40.78125,0.06301356106996536,8,4,0.28627971990575707,False
main_node150,0.0,2461774.1671776106,3885,22.02431283704216,-52.03125,-0.5860815048217773,10,5,0.367221545641814,False
main_node150,0.0,2461774.2442433927,6061,1.1937484371410676,-53.43750000000006,-0.2552776634693146,12,7,0.3742753575336239,False
main_node150,0.0,2461847.6244834685,3157,28.630989836924343,59.0625,0.2931966781616211,7,4,0.5870068371387348,False
main_node150,0.0,2461848.602859528,4560,14.477512185929925,46.40625,0.09837202727794647,5,2,0.4883861071892128,False
main_node150,0.0,2461877.5624276265,3401,25.944479772370002,25.3125,-0.3504283130168915,6,3,0.5624176468082378,False
main_node150,0.0,2461879.5934063173,9791,-35.68533471265205,-1.40625,-0.3543717861175537,4,1,0.3693722906550531,False
main_node150,0.0,2461892.322931142,6851,-7.180755781458288,9.84375,-0.5787864327430725,9,6,0.3592292182877238,True
main_node150,0.0,2461893.3026212063,6079,1.1937484371410676,-2.8125,-0.3357017934322357,13,7,0.467603518379522,True
main_node150,0.0,2461894.281196092,4666,14.477512185929925,-15.46875,-0.1043149009346962,14,7,0.5782444813634369,True
main_node150,0.0,2461894.3585073925,2746,34.228866327812575,-16.875,-0.4225870370864868,17,7,0.5876882551842298,True
main_node150,0.0,2461894.3734173053,9402,-31.388166464348544,-16.875,-0.227713942527771,15,6,0.5892607348230827,True
main_node150,0.0,2461921.270485667,2748,34.228866327812575,-11.25,-0.2472188025712967,9,4,0.3268792404478902,False
main_node150,0.0,2461921.285395309,9404,-31.388166464348544,-11.25,-0.03884565457701683,11,7,0.328376421321766,False
main_node150,0.0,2461922.3345239204,2999,31.38816646434855,-25.3125,-0.291675329208374,9,5,0.44557110873169237,False
main_node150,0.0,2461923.3188250996,4146,19.47122063449069,-37.96875000000006,-0.016917036846280098,13,7,0.5588675993928444,False
main_node150,0.0,2461951.2883967613,1844,44.993880150457116,-46.49999999999994,-0.049197569489479065,6,3,0.41916824505851075,False
main_node150,0.0,2461952.2755003036,4011,20.742379954487134,-59.0625,0.3843953013420105,7,4,0.5320513446135005,False
main_node150,0.0,2461970.5313199186,10324,-43.40685848593699,59.51612903225805,-0.30609574913978577,7,5,0.20191240886019501,False
main_node150,0.0,2461998.5012509194,8146,-19.47122063449069,52.03125,0.582759439945221,12,7,0.34822655492947274,False
main_node150,0.0,2461998.5772671727,5458,5.979156796301311,50.625,0.19529686868190765,9,5,0.3405497610988058,False
main_node150,0.0,2461999.5534004876,3021,29.999999999999993,37.96875,0.3280700743198395,10,7,0.24478929390760962,False
main_node150,0.0,2461999.5683258683,9677,-35.68533471265205,37.96875,0.5161105990409851,9,6,0.24347934582857877,False
main_node150,0.0,2462025.480381486,1758,44.993880150457116,55.5,-0.3447893261909485,14,7,0.6088075206467519,False
main_node150,0.0,2462025.4953183294,8276,-20.74237995448715,56.25,0.48569026589393616,15,7,0.6074333504383174,False
main_node150,0.0,2462025.5718617933,5843,2.388015463268772,54.84375,0.10320001095533371,17,7,0.5998467050866596,False
main_node150,0.0,2462026.4671915383,3791,22.02431283704216,43.59375,0.5852996110916138,14,7,0.5082788692670236,False
main_node150,0.0,2462026.5526368986,5455,5.979156796301311,42.1875,0.36444342136383057,15,7,0.49884122401522657,False
main_node150,0.0,2462027.529388372,3274,27.27961273597809,29.53125,0.4922780990600586,12,7,0.3961493985389446,False
main_node150,0.0,2462027.6143762376,4682,13.24801490567694,28.125,0.2768634855747223,10,4,0.38733446508297853,False
main_node150,0.0,2462028.5252880193,9669,-35.68533471265205,15.46875,-0.2476138025522232,11,7,0.29179774338020015,False
main_node150,0.0,2462029.5703475643,1740,44.993880150457116,1.5,-0.4476747214794159,11,7,0.1905715434872748,False
main_node150,0.0,2462029.5838611573,7616,-14.477512185929939,1.40625,-0.4357507526874542,9,6,0.18930312353152567,False
main_node150,0.0,2462054.6089846194,5067,9.594068226860458,32.34375,0.1941579282283783,15,6,0.6468613852591607,False
main_node150,0.0,2462055.4229593333,3271,27.27961273597809,21.09375,-0.31622132658958435,12,5,0.563038768693938,False
main_node150,0.0,2462055.437947261,9927,-38.68218745348943,21.09375,-0.04436013475060463,13,7,0.5615650203251175,False
main_node150,0.0,2462055.517463079,9031,-28.630989836924357,19.6875,-0.38147613406181335,14,7,0.5527025729841981,False
main_node150,0.0,2462055.594115013,6727,-5.979156796301311,19.6875,0.5381421446800232,17,7,0.5445450477629074,False
main_node150,0.0,2462056.4863510127,3266,27.27961273597809,7.03125,-0.36581873893737793,14,7,0.44793923806750485,False
main_node150,0.0,2462056.501338955,9922,-38.68218745348943,7.03125,-0.07857128232717514,13,7,0.446415405729208,False
main_node150,0.0,2462057.546078281,1981,43.406858485936986,-7.258064516129025,-0.5686445832252502,12,7,0.33204410023103037,False
main_node150,0.0,2462057.5609461754,8509,-22.02431283704216,-7.03125,-0.21582373976707458,12,7,0.33055476888827173,False
main_node150,0.0,2462058.6177025903,5432,7.180755781458274,-21.09375,-0.4193967580795288,8,5,0.22181819620007145,False
main_node150,0.0,2462097.179284816,9796,-37.168899655999454,11.25,0.03317181393504143,9,6,0.2817059676224151,False
main_node150,0.0,2462097.188544479,5700,3.5833216984719627,11.25,-0.16457092761993408,9,6,0.28233339371007554,False
main_node150,0.0,2462098.1709538153,5439,7.180755781458274,-1.40625,-0.4558931589126587,11,7,0.3738125987846941,False
main_node150,0.0,2462098.2475511227,7871,-15.713861048008212,-2.8125,-0.022980844601988792,9,5,0.38104614198096803,False
main_node150,0.0,2462099.1597037953,2362,38.68218745348943,-15.46875,0.40258097648620605,11,5,0.46784786149778074,False
main_node150,0.0,2462099.2316268263,6714,-4.780191847199163,-15.46875,-0.35316136479377747,12,7,0.47448703453392244,False
main_node150,0.0,2462099.3086172943,8890,-25.944479772370016,-16.875,0.06494555622339249,13,4,0.48178664838503293,False
main_node150,0.0,2462100.2211213866,3125,29.999999999999993,-29.53125,0.5331043601036072,13,7,0.568652595546926,False
main_node150,0.0,2462100.292250114,7989,-16.957763300004146,-29.53125,-0.24015437066555023,16,7,0.5751470529753439,False
main_node150,0.0,2462125.1633714396,5953,1.1937484371410676,2.8125,-0.3402428925037384,5,3,0.13594158163618553,False
main_node150,0.0,2462127.1992930174,10039,-38.68218745348943,-23.90625,-0.28644871711730957,12,7,0.29799152166532406,False
main_node150,0.0,2462128.180532242,10163,-40.22818472806108,-36.5625,-0.4901047646999359,13,7,0.38651632327771684,False
main_node150,0.0,2462128.195268876,3634,24.62431835216408,-37.96875000000006,0.4074435830116272,13,7,0.38780001656570723,False
main_node150,0.0,2462128.273104105,5426,7.180755781458274,-37.96875000000006,-0.5420735478401184,11,6,0.39487094395831973,False
main_node150,0.0,2462129.1715351716,6062,1.1937484371410676,-50.625,0.2806597650051117,13,7,0.47939818802477496,False
main_node150,0.0,2462129.2439217824,10158,-40.22818472806108,-50.625,-0.4557618796825409,12,7,0.4859426680474337,False
main_node150,0.0,2462129.3304377375,8237,-19.47122063449069,-52.03125,-0.352778822183609,14,5,0.49445285410704437,False
main_node150,0.0,2462155.1784472154,8500,-22.02431283704216,-32.34375000000006,-0.592792809009552,8,6,0.14848084464322017,False
main_node150,0.0,2462156.175266321,1844,44.993880150457116,-46.49999999999994,0.16148659586906433,8,5,0.221778013667497,False
main_node155,0.0,2461535.257008424,1753,44.993880150457116,40.5,0.16908176243305206,4,3,0.14285837338495022,True
main_node155,0.0,2461536.2521149344,7625,-14.477512185929939,26.71875,-0.42217886447906494,8,4,0.23308273523356504,False
main_node155,0.0,2461537.307793541,4036,19.47122063449069,12.65625,-0.5548276305198669,12,7,0.3439616768629246,False
main_node155,0.0,2461537.321007624,9924,-38.68218745348943,12.65625,-0.3252800405025482,9,6,0.3454910167871925,False
main_node155,0.0,2461538.2957167896,6976,-8.385538647081319,0.0,-0.22736585140228271,13,7,0.4557474898541735,False
main_node155,0.0,2461538.369411974,3391,27.27961273597809,-1.40625,-0.5889604091644287,9,4,0.4636662896460508,False
main_node155,0.0,2461539.2775846026,7227,-9.594068226860458,-12.65625,0.04906849563121796,14,7,0.5667909447102399,False
main_node155,0.0,2461539.351905593,3771,23.31795706533424,-14.0625,-0.3426111340522766,16,7,0.57531912383597,False
main_node155,0.0,2461539.3649816234,9659,-34.22886632781257,-14.0625,-0.17254959046840668,14,6,0.576866879274374,False
main_node155,0.0,2461566.2738954597,8381,-20.74237995448715,-8.4375,-0.027667373418807983,8,3,0.3139529776811302,False
main_node155,0.0,2461567.3312163227,5560,5.979156796301311,-22.5,-0.1581421047449112,7,4,0.43147199020961313,False
main_node155,0.0,2461568.3114355053,4915,12.024699180565818,-35.15625,0.09933782368898392,11,7,0.5407522284483348,False
main_node155,0.0,2461569.2866195193,2223,40.228184728061095,-47.81250000000006,0.23479463160037994,10,5,0.6448456964117499,False
main_node155,0.0,2461569.2998980666,8111,-18.209956864283015,-47.81250000000006,0.4365759491920471,13,7,0.646279124763413,False
main_node155,0.0,2461596.287358526,5168,9.594068226860458,-43.59375,0.2689287066459656,4,2,0.39321948744386553,False
main_node155,0.0,2461597.279239768,9771,-35.68533471265205,-57.65625000000006,-0.5990930199623108,6,3,0.5012787436847866,False
main_node155,0.0,2461616.575763029,6097,0.0,49.21875,0.4114650785923004,6,3,0.15939192559898052,False
main_node155,0.0,2461643.4955197386,9555,-34.22886632781257,53.4375,-0.5618780851364136,13,7,0.40327659748839284,False
main_node155,0.0,2461643.568726973,5715,3.5833216984719627,53.4375,0.2923952341079712,11,6,0.39486971957484424,False
main_node155,0.0,2461644.5430252412,2510,35.68533471265204,40.78125,0.387224942445755,12,7,0.2898242334550215,False
main_node155,0.0,2461644.5579508464,9166,-30.000000000000014,40.78125,0.5771582126617432,12,7,0.2883670520710903,False
main_node155,0.0,2461670.57013615,9172,-30.000000000000014,57.65625,0.2415226846933365,18,7,0.6496483524534122,False
main_node155,0.0,2461671.4678258323,8272,-20.74237995448715,45.0,-0.5098418593406677,14,7,0.5532246309555541,False
main_node155,0.0,2461671.5435533067,5456,5.979156796301311,45.0,0.4534926116466522,15,7,0.5447652377249669,False
main_node155,0.0,2461671.618602869,2511,35.68533471265204,43.59375,0.03440640866756439,11,4,0.5362777313299368,False
main_node155,0.0,2461672.536728264,10438,-44.99388015045713,31.5,0.027815379202365875,12,7,0.43322731216627874,False
main_node155,0.0,2461672.611314462,7499,-13.248014905676953,30.9375,0.4486236870288849,12,4,0.42461763360901256,False
main_node155,0.0,2461673.504244547,4294,16.957763300004146,18.28125,-0.41219043731689453,10,5,0.32508862244327,False
main_node155,0.0,2461673.517598088,10182,-41.81031489577862,18.28125,-0.18810421228408813,11,7,0.32358066185948375,False
main_node155,0.0,2461674.564673717,3009,29.999999999999993,4.21875,-0.45372849702835083,11,7,0.21582425494614166,False
main_node155,0.0,2461674.577689198,8897,-27.27961273597809,4.21875,-0.3087119162082672,12,7,0.21447571566615087,False
main_node155,0.0,2461700.4217077442,6856,-7.180755781458288,23.90625,-0.1315605789422989,14,7,0.5921396449094319,False
main_node155,0.0,2461700.4965769686,3656,23.31795706533424,22.5,-0.5089718699455261,13,7,0.5836350464108412,False
main_node155,0.0,2461700.5096532106,9544,-34.22886632781257,22.5,-0.31265056133270264,14,7,0.5828595824666092,False
main_node155,0.0,2461700.5901807966,9032,-28.630989836924357,22.5,0.5991132855415344,18,7,0.5735420621843895,False
main_node155,0.0,2461701.480179126,4547,14.477512185929925,9.84375,-0.24316315352916718,13,7,0.47272119116411,False
main_node155,0.0,2461701.4933317313,10307,-43.40685848593699,10.16129032258064,0.1800851970911026,14,7,0.4711374399205259,False
main_node155,0.0,2461701.5671736537,6979,-8.385538647081319,8.4375,-0.5029626488685608,14,7,0.4624294757733117,False
main_node155,0.0,2461702.5424372135,4158,19.47122063449069,-4.21875,-0.30075809359550476,12,7,0.3530760792833628,False
main_node155,0.0,2461702.555650951,10046,-38.68218745348943,-4.21875,-0.10536378622055054,12,7,0.3515504733191845,False
main_node155,0.0,2461702.632798851,8126,-18.209956864283015,-5.625,-0.5023102760314941,8,4,0.3431768998778377,False
main_node155,0.0,2461703.611340522,6713,-4.780191847199163,-18.28125,-0.2932732105255127,9,6,0.2408135077527435,False
main_node155,0.0,2461742.17213436,9029,-28.630989836924357,14.0625,-0.13917909562587738,5,3,0.1902864370106275,False
main_node155,0.0,2461743.1640844503,4288,16.957763300004146,1.40625,-0.529322624206543,11,7,0.2691936699943639,False
main_node155,0.0,2461744.2197682895,7995,-16.957763300004146,-12.65625,-0.39995619654655457,11,7,0.3613472575649884,False
main_node155,0.0,2461744.232411149,2363,38.68218745348943,-12.65625,-0.432984322309494,10,7,0.3619753717254363,False
main_node155,0.0,2461745.2090657316,4406,16.957763300004146,-26.71875,0.5977023243904114,12,7,0.45253498506360645,False
main_node155,0.0,2461745.287011721,6198,0.0,-26.71875,-0.4108647406101227,13,6,0.459732214210936,False
main_node155,0.0,2461746.1854446293,6834,-5.979156796301311,-39.375,0.4012536406517029,14,7,0.5454835985450405,False
main_node155,0.0,2461746.195248887,2482,37.16889965599944,-39.375,0.2381070852279663,14,7,0.5461454077776583,False
main_node155,0.0,2461746.3465486355,7985,-16.957763300004146,-40.78125,-0.30502739548683167,13,4,0.5607014750603744,False
main_node155,0.0,2461746.35660043,3377,27.27961273597809,-40.78125,-0.3804391622543335,12,4,0.5613628502680859,False
main_node155,0.0,2461747.1711263736,4909,12.024699180565818,-52.03125,0.07825778424739838,15,7,0.6389242234726653,False
main_node155,0.0,2461747.249379067,6573,-3.583321698471977,-53.43750000000006,0.4466308057308197,15,7,0.6460743147879477,False
main_node155,0.0,2461747.2504645614,6061,1.1937484371410676,-53.43750000000006,0.4354044497013092,15,7,0.6460743147879477,False
main_node155,0.0,2461772.2061243234,3000,31.38816646434855,-22.5,0.5779039263725281,8,5,0.20159066302003908,False
main_node155,0.0,2461773.186178001,3635,24.62431835216408,-35.15625,0.3778241276741028,12,7,0.280361451580766,False
main_node155,0.0,2461773.252518528,10415,-43.40685848593699,-36.290322580645125,0.46788525581359863,8,5,0.28568500031871613,False
main_node155,0.0,2461774.168068576,3503,25.944479772370002,-47.81250000000006,0.12009991705417633,10,5,0.367221545641814,False
main_node155,0.0,2461774.2478259555,4398,16.957763300004146,-49.21875000000006,0.4636583626270294,12,7,0.37491756545997523,False
main_node155,0.0,2461802.2105532982,10027,-38.68218745348943,-57.65625000000006,0.34495556354522705,12,7,0.2147746404525317,False
main_node155,0.0,2461802.2243473222,3883,22.02431283704216,-57.65625000000006,0.25874611735343933,10,7,0.21587131404608367,False
main_node155,0.0,2461848.597389541,7122,-9.594068226860458,52.03125,-0.4397367537021637,6,3,0.48907852768789173,False
main_node155,0.0,2461877.5592644997,4810,12.024699180565818,29.53125,0.41846850514411926,6,3,0.5624176468082378,False
main_node155,0.0,2461879.599609369,6977,-8.385538647081319,2.8125,0.26855140924453735,3,1,0.36873786506526984,False
main_node155,0.0,2461921.2704844456,2750,34.228866327812575,-5.625,0.2525157332420349,9,4,0.3268792404478902,False
main_node155,0.0,2461921.28356042,8638,-23.31795706533424,-5.625,0.5147811770439148,11,7,0.328376421321766,False
main_node155,0.0,2461922.3332091253,2489,37.16889965599944,-19.6875,0.1876506507396698,9,5,0.44557110873169237,False
main_node155,0.0,2461923.315795483,2868,32.79716829582364,-32.34375000000006,0.44753679633140564,13,7,0.5580737635716309,False
main_node155,0.0,2461951.2911659693,2865,32.79716829582364,-40.78125,0.5755936503410339,6,3,0.41916824505851075,False
main_node155,0.0,2461952.281298297,6700,-4.780191847199163,-54.84375,-0.26154467463493347,6,3,0.5328419352930466,False
main_node155,0.0,2461998.4915270996,3668,23.31795706533424,56.25,-0.3093356490135193,11,7,0.3489258277923258,False
main_node155,0.0,2461998.5046029673,9556,-34.22886632781257,56.25,-0.06649612635374069,12,7,0.34752821450455046,False
main_node155,0.0,2461998.581357228,7379,-12.024699180565818,54.84375,-0.49941977858543396,9,4,0.3398524108332137,False
main_node155,0.0,2461999.5560783106,4175,18.209956864283,42.1875,-0.34974417090415955,10,7,0.24478929390760962,False
main_node155,0.0,2461999.5693567097,10063,-40.22818472806108,42.1875,-0.07149316370487213,9,6,0.24347934582857877,False
main_node155,0.0,2462026.4674817985,3921,20.742379954487134,47.8125,-0.14992769062519073,14,7,0.5082788692670236,False
main_node155,0.0,2462026.480640355,9809,-37.168899655999454,47.8125,0.09517590701580048,14,7,0.5068284904941259,False
main_node155,0.0,2462026.5556258936,6864,-7.180755781458288,46.40625,-0.3550702631473541,15,7,0.49884122401522657,False
main_node155,0.0,2462027.5302873226,3660,23.31795706533424,33.75,-0.20947672426700592,12,7,0.3961493985389446,False
main_node155,0.0,2462027.5433630818,9548,-34.22886632781257,33.75,0.048490993678569794,12,7,0.39467937441773837,False
main_node155,0.0,2462028.5144452406,4807,12.024699180565818,21.09375,0.10107715427875519,9,5,0.29321395188940896,False
main_node155,0.0,2462028.589836206,2119,40.228184728061095,19.6875,-0.29076817631721497,9,6,0.28544095729290564,False
main_node155,0.0,2462028.603114661,8007,-18.209956864283015,19.6875,-0.07011217623949051,7,4,0.28403293831619436,False
main_node155,0.0,2462029.5772797395,4546,14.477512185929925,7.03125,0.03581235185265541,10,7,0.18993733350940023,False
main_node155,0.0,2462029.59043236,10306,-43.40685848593699,7.258064516129025,0.42314136028289795,9,6,0.1886729320255803,False
main_node155,0.0,2462054.6147336867,7757,-15.713861048008212,36.5625,-0.44704046845436096,13,5,0.6461681996131853,False
main_node155,0.0,2462055.426975729,5065,9.594068226860458,26.71875,0.336668461561203,12,5,0.563038768693938,False
main_node155,0.0,2462055.5010919673,1868,43.406858485936986,24.67741935483872,-0.5946846008300781,13,7,0.5549230959739945,False
main_node155,0.0,2462055.5145256603,7753,-15.713861048008212,25.3125,0.13848373293876648,14,7,0.5534427473141302,False
main_node155,0.0,2462055.5894650538,4552,14.477512185929925,23.90625,-0.33045676350593567,18,7,0.5452883116925054,False
main_node155,0.0,2462055.602617603,10312,-43.40685848593699,24.67741935483872,0.5461178421974182,15,6,0.5438017837834696,False
main_node155,0.0,2462056.4952794737,7364,-12.024699180565818,12.65625,0.3947419822216034,14,7,0.4471773218983564,False
main_node155,0.0,2462056.57189119,4932,10.806922874860334,11.25,-0.045510366559028625,14,7,0.4387935404308668,False
main_node155,0.0,2462057.545715779,1859,44.993880150457116,-1.5,-0.05638861656188965,12,7,0.33204410023103037,False
main_node155,0.0,2462057.5586714298,7487,-12.024699180565818,-1.40625,0.346261203289032,12,7,0.33129943455965105,False
main_node155,0.0,2462058.6149072903,4154,19.47122063449069,-15.46875,0.11922112852334976,8,5,0.22181819620007145,False
main_node155,0.0,2462058.62812097,10042,-38.68218745348943,-15.46875,0.36695408821105957,6,4,0.22113974844459672,False
main_node155,0.0,2462097.1915814644,4293,16.957763300004146,15.46875,0.5109459757804871,9,6,0.28296081979773596,False
main_node155,0.0,2462098.159818583,10177,-41.81031489577862,4.21875,-0.5893808007240295,9,5,0.37249894165792863,False
main_node155,0.0,2462098.2419780963,10049,-40.22818472806108,2.8125,-0.3626563251018524,9,6,0.3803882226341459,False
main_node155,0.0,2462099.158363728,2876,32.79716829582364,-9.84375,-0.09590711444616318,11,5,0.46784786149778074,False
main_node155,0.0,2462099.2340697045,5564,5.979156796301311,-11.25,0.37006309628486633,12,7,0.47515082299975425,False
main_node155,0.0,2462099.3103719875,8124,-18.209956864283015,-11.25,-0.5429172515869141,11,3,0.4824500047910014,False
main_node155,0.0,2462100.209877827,8247,-19.47122063449069,-23.90625,0.21946024894714355,14,7,0.5673525435590161,False
main_node155,0.0,2462100.28896915,9399,-31.388166464348544,-25.3125,0.5389224290847778,16,7,0.5751470529753439,False
main_node155,0.0,2462100.3032335714,2999,31.38816646434855,-25.3125,0.23763474822044373,18,7,0.5764431753660803,False
main_node155,0.0,2462125.162555163,6338,-2.388015463268786,7.03125,0.46064403653144836,3,2,0.1354644893500143,False
main_node155,0.0,2462126.2169883577,10301,-41.81031489577862,-7.03125,0.5743018388748169,6,3,0.21466767848081608,False
main_node155,0.0,2462127.212793266,4025,20.742379954487134,-19.6875,0.08962567895650864,12,7,0.29921365571145836,False
main_node155,0.0,2462128.1828544107,9268,-30.000000000000014,-32.34375000000006,0.10129787027835846,13,7,0.38651632327771684,False
main_node155,0.0,2462128.19526604,3636,24.62431835216408,-32.34375000000006,-0.18531063199043274,13,7,0.38780001656570723,False
main_node155,0.0,2462128.2744805897,4788,13.24801490567694,-33.75000000000006,0.18738973140716553,12,6,0.3955145432171722,False
main_node155,0.0,2462129.1731666992,5296,8.385538647081319,-45.0,-0.38168230652809143,13,7,0.47939818802477496,False
main_node155,0.0,2462129.173716855,5040,10.806922874860334,-45.0,-0.3923260569572449,13,7,0.47939818802477496,False
main_node155,0.0,2462129.2519745305,6703,-4.780191847199163,-46.40625,0.0156312994658947,13,7,0.4865971795521924,False
main_node155,0.0,2462129.3295616424,8623,-23.31795706533424,-47.81250000000006,0.4132545292377472,15,6,0.49379818227882477,False
main_node155,0.0,2462129.340755102,3503,25.944479772370002,-47.81250000000006,0.15209120512008667,12,4,0.4951075592968538,False
main_node155,0.0,2462130.2321951357,7339,-10.806922874860348,-59.0625,-0.2258995771408081,14,7,0.57864379986778,False
main_node155,0.0,2462155.180439115,7606,-13.248014905676953,-28.125,0.10761643946170807,8,6,0.14848084464322017,False
main_node155,0.0,2462155.193672952,1850,44.993880150457116,-28.5,0.06742291152477264,9,6,0.14943091438560926,False
main_node155,0.0,2462156.2409440936,8881,-25.944479772370016,-42.18750000000006,0.2146843522787094,8,5,0.22727617134799727,False
main_node155,0.0,2462156.25155218,4017,20.742379954487134,-42.18750000000006,-0.043322596698999405,6,4,0.22782731507028642,False
main_node155,0.0,2462157.235245868,3116,29.999999999999993,-54.84375,-0.33199429512023926,12,7,0.3102725027553048,False
main_node160,0.0,2461537.321007669,9926,-38.68218745348943,18.28125,0.1535089910030365,9,6,0.3454910167871925,True
main_node160,0.0,2461539.270980472,4157,19.47122063449069,-7.03125,0.5619126558303833,13,7,0.5660140029130516,True
main_node160,0.0,2461539.3569331123,6077,1.1937484371410676,-8.4375,0.3154808580875397,16,7,0.57531912383597,True
main_node160,0.0,2461565.2807725444,3011,29.999999999999993,9.84375,0.15297918021678925,3,2,0.21177962068346615,False
main_node160,0.0,2461567.323434443,2234,40.228184728061095,-16.875,0.28863251209259033,7,4,0.43069307655822564,False
main_node160,0.0,2461567.3367130505,8122,-18.209956864283015,-16.875,0.5048597455024719,7,4,0.43147199020961313,False
main_node160,0.0,2461569.286971041,2352,38.68218745348943,-43.59375,-0.3613184094429016,10,5,0.6448456964117499,False
main_node160,0.0,2461569.300185012,8240,-19.47122063449069,-43.59375,-0.3030952215194702,13,7,0.646279124763413,False
main_node160,0.0,2461596.28763334,5298,8.385538647081319,-39.375,-0.4989524185657501,4,2,0.39321948744386553,False
main_node160,0.0,2461597.2799206837,10029,-38.68218745348943,-52.03125,-0.08552967756986618,6,3,0.5012787436847866,False
main_node160,0.0,2461616.5776686375,6995,-8.385538647081319,53.4375,-0.3431703448295593,6,3,0.15939192559898052,False
main_node160,0.0,2461643.488556251,6485,-3.583321698471977,59.0625,-0.13960708677768707,13,7,0.4040414605990246,False
main_node160,0.0,2461643.563342646,3284,27.27961273597809,57.65625,-0.4911871552467346,12,7,0.3956336068710106,False
main_node160,0.0,2461643.5763582075,9172,-30.000000000000014,57.65625,-0.3433152437210083,12,6,0.3941058322786778,False
main_node160,0.0,2461644.551405246,6224,-1.1937484371410818,45.0,-0.1981034129858017,12,7,0.2890956427630559,False
main_node160,0.0,2461646.5972057246,6598,-4.780191847199163,18.28125,0.036877360194921494,4,2,0.10135223424229013,False
main_node160,0.0,2461671.4628414297,5970,1.1937484371410676,50.625,0.016981838271021843,14,7,0.5532246309555541,False
main_node160,0.0,2461671.538095261,3025,29.999999999999993,49.21875,-0.34119999408721924,15,7,0.5455349110352733,False
main_node160,0.0,2461671.551110589,8913,-27.27961273597809,49.21875,-0.20428912341594696,15,7,0.5439942255821408,False
main_node160,0.0,2461672.520609601,3405,25.944479772370002,36.5625,-0.09732325375080109,12,7,0.4347935971961095,False
main_node160,0.0,2461672.5336367902,9293,-31.388166464348544,36.5625,0.05290207266807556,12,7,0.43322731216627874,False
main_node160,0.0,2461672.6088467804,6348,-2.388015463268786,35.15625,-0.3522952198982239,12,4,0.42461763360901256,False
main_node160,0.0,2461673.5030933847,3784,22.02431283704216,23.90625,0.16530482470989227,9,5,0.32584260273516313,False
main_node160,0.0,2461673.516206318,9672,-35.68533471265205,23.90625,0.28799742460250854,12,7,0.32433464215137686,False
main_node160,0.0,2461673.5918025807,6984,-8.385538647081319,22.5,-0.0567912682890892,9,6,0.3160586016836788,False
main_node160,0.0,2461674.565895319,3523,24.62431835216408,9.84375,0.10634655505418777,11,7,0.21582425494614166,False
main_node160,0.0,2461674.578942731,9411,-32.79716829582364,9.84375,0.24866518378257751,12,7,0.21447571566615087,False
main_node160,0.0,2461700.42336568,7626,-14.477512185929939,29.53125,0.4992769658565521,14,7,0.5921396449094319,False
main_node160,0.0,2461700.498304919,4426,15.713861048008212,28.125,0.08945982903242111,13,7,0.5836350464108412,False
main_node160,0.0,2461700.5117384824,10313,-43.40685848593699,27.580645161290306,-0.1928120255470276,14,7,0.5820841185223771,False
main_node160,0.0,2461700.585854842,7113,-9.594068226860458,26.71875,-0.15423645079135895,18,7,0.5743204619822887,False
main_node160,0.0,2461701.479044234,4037,19.47122063449069,15.46875,0.33627942204475403,13,7,0.47272119116411,False
main_node160,0.0,2461701.4922581334,9925,-38.68218745348943,15.46875,0.4245105981826782,14,7,0.4711374399205259,False
main_node160,0.0,2461701.5677235476,7237,-10.806922874860348,14.0625,0.12280444800853729,14,7,0.4624294757733117,False
main_node160,0.0,2461702.541856858,3776,22.02431283704216,1.40625,0.27422696352005005,12,7,0.3530760792833628,False
main_node160,0.0,2461702.554969877,9664,-35.68533471265205,1.40625,0.3931865990161896,12,7,0.3515504733191845,False
main_node160,0.0,2461702.6300193393,6720,-5.979156796301311,0.0,0.05787866935133934,8,4,0.3431768998778377,False
main_node160,0.0,2461703.6075218124,4923,12.024699180565818,-12.65625,0.2705649733543396,11,7,0.2415001717869884,False
main_node160,0.0,2461703.620477841,10543,-44.99388015045713,-13.5,-0.2680421769618988,9,6,0.24012684371849854,False
main_node160,0.0,2461743.1583260857,6978,-8.385538647081319,5.625,0.2908098101615906,9,5,0.2686134171042158,False
main_node160,0.0,2461744.2137585785,10425,-43.40685848593699,-7.258064516129025,-0.5405165553092957,12,7,0.36071914344665884,False
main_node160,0.0,2461744.2233506246,6333,-1.1937484371410818,-8.4375,0.3237796127796173,11,7,0.3613472575649884,False
main_node160,0.0,2461745.206299041,5688,4.780191847199163,-21.09375,0.029055718332529068,12,7,0.45253498506360645,False
main_node160,0.0,2461745.284556464,7352,-10.806922874860348,-22.5,0.39231768250465393,13,6,0.459732214210936,False
main_node160,0.0,2461745.285106695,7096,-8.385538647081319,-22.5,0.38870769739151,13,6,0.459732214210936,False
main_node160,0.0,2461746.184348222,7348,-10.806922874860348,-33.75000000000006,-0.20386163890361786,14,7,0.5454835985450405,False
main_node160,0.0,2461746.1945813745,2740,34.228866327812575,-33.75000000000006,-0.270222932100296,14,7,0.5461454077776583,False
main_node160,0.0,2461746.2773923795,2355,38.68218745348943,-35.15625,-0.0075399624183773994,16,7,0.5540861873909232,False
main_node160,0.0,2461746.3405392393,10415,-43.40685848593699,-36.290322580645125,0.18971070647239685,14,5,0.5600400998970114,False
main_node160,0.0,2461747.1662145853,7215,-9.594068226860458,-46.40625,-0.4822533130645752,15,7,0.638273700799229,False
main_node160,0.0,2461747.1667629317,6959,-7.180755781458288,-46.40625,-0.4916856586933136,15,7,0.638273700799229,False
main_node160,0.0,2461747.244895494,8623,-23.31795706533424,-47.81250000000006,-0.11400461941957474,14,7,0.6454247351226714,False
main_node160,0.0,2461772.1930969832,8890,-25.944479772370016,-16.875,0.18638600409030914,9,6,0.2005439230013795,False
main_node160,0.0,2461772.2061241902,3002,31.38816646434855,-16.875,0.03679609298706055,8,5,0.20159066302003908,False
main_node160,0.0,2461773.1749878824,8757,-24.62431835216408,-29.53125,-0.06902189552783966,11,7,0.2791816825199403,False
main_node160,0.0,2461773.255250124,9397,-31.388166464348544,-30.9375,0.23166586458683014,8,4,0.28627971990575707,False
main_node160,0.0,2461773.2642876203,5301,8.385538647081319,-30.9375,0.15681703388690948,7,3,0.28687443949279795,False
main_node160,0.0,2461774.2417930346,7216,-9.594068226860458,-43.59375,-0.06804195791482925,12,7,0.3742753575336239,False
main_node160,0.0,2461774.253473174,2096,41.81031489577859,-43.59375,-0.15946584939956665,13,7,0.375561489335911,False
main_node160,0.0,2461775.225834935,6060,1.1937484371410676,-56.25,-0.37821057438850403,13,7,0.4680325747544873,False
main_node160,0.0,2461775.302938644,8235,-19.47122063449069,-57.65625000000006,0.008674964308738708,17,7,0.47546420968727726,False
main_node160,0.0,2461775.3154713376,2603,35.68533471265204,-57.65625000000006,-0.12032140046358109,16,7,0.4761408154013963,False
main_node160,0.0,2461802.2177114277,6957,-7.180755781458288,-52.03125,-0.2625880539417267,12,7,0.21532297726769212,False
main_node160,0.0,2461848.6037066095,4180,18.209956864283,56.25,0.21808980405330658,5,2,0.4883861071892128,False
main_node160,0.0,2461877.554351174,7116,-9.594068226860458,35.15625,-0.1135045513510704,7,3,0.563091736716074,False
main_node160,0.0,2461877.562729635,3276,27.27961273597809,35.15625,-0.2379128485918045,6,3,0.5624176468082378,False
main_node160,0.0,2461921.268397187,1983,43.406858485936986,-1.4516129032258505,-0.4334031045436859,9,4,0.3268792404478902,False
main_node160,0.0,2461921.28155006,7743,-14.477512185929939,-1.40625,-0.24428042769432068,11,7,0.328376421321766,False
main_node160,0.0,2461922.2663589884,9147,-28.630989836924357,-14.0625,0.08696579933166504,8,3,0.43763033904303345,False
main_node160,0.0,2461922.3421956724,6458,-2.388015463268786,-15.46875,-0.362637460231781,7,4,0.44636641545514777,False
main_node160,0.0,2461923.3246047916,6838,-5.979156796301311,-28.125,-0.06820312142372131,11,7,0.5596614352140578,False
main_node160,0.0,2461951.2933181883,3763,23.31795706533424,-36.5625,-0.057276610285043716,6,3,0.41916824505851075,False
main_node160,0.0,2461952.2785779415,5422,7.180755781458274,-49.21875000000006,0.29969698190689087,7,4,0.5320513446135005,False
main_node160,0.0,2461999.551073159,2129,40.228184728061095,47.8125,0.08801331371068954,12,7,0.24544426794712504,False
main_node160,0.0,2461999.564351468,8017,-18.209956864283015,47.8125,0.41239264607429504,9,6,0.2441343198680942,False
main_node160,0.0,2462026.469182041,4691,13.24801490567694,53.4375,0.47792333364486694,14,7,0.5075536799048886,False
main_node160,0.0,2462026.548987388,3794,22.02431283704216,52.03125,0.10500488430261612,15,7,0.4995684206901449,False
main_node160,0.0,2462026.5621002214,9682,-35.68533471265205,52.03125,0.35562750697135925,15,7,0.4981140273403083,False
main_node160,0.0,2462027.5369414906,6734,-5.979156796301311,39.375,0.5411902666091919,12,7,0.3954143865029847,False
main_node160,0.0,2462027.609930271,2765,32.79716829582364,37.96875,-0.007201136089861393,10,4,0.38733446508297853,False
main_node160,0.0,2462028.5256209625,9801,-37.168899655999454,25.3125,-0.3114720284938812,11,7,0.29179774338020015,False
main_node160,0.0,2462028.60033262,6729,-5.979156796301311,25.3125,0.4910600483417511,9,6,0.28473694782815373,False
main_node160,0.0,2462029.574367495,3268,27.27961273597809,12.65625,0.5078962445259094,10,7,0.18993733350940023,False
main_node160,0.0,2462054.605861811,3663,23.31795706533424,42.1875,-0.05192716419696808,15,6,0.6475545709051361,False
main_node160,0.0,2462054.6189375184,9551,-34.22886632781257,42.1875,0.24118256568908691,13,5,0.6461681996131853,False
main_node160,0.0,2462055.431058658,6987,-8.385538647081319,30.9375,-0.3371696174144745,14,7,0.5623018945095277,False
main_node160,0.0,2462055.506238753,3915,20.742379954487134,30.9375,0.525887131690979,13,7,0.5541829216440624,False
main_node160,0.0,2462055.5883272337,4042,19.47122063449069,29.53125,0.22781257331371307,18,7,0.5452883116925054,False
main_node160,0.0,2462055.601540998,9930,-38.68218745348943,29.53125,0.4751851558685303,15,6,0.5438017837834696,False
main_node160,0.0,2462056.492815925,6214,-1.1937484371410818,16.875,-0.4341362714767456,14,7,0.4471773218983564,False
main_node160,0.0,2462056.5678376867,3142,28.630989836924343,16.875,0.39901086688041687,14,7,0.4387935404308668,False
main_node160,0.0,2462057.5471458985,2241,38.68218745348943,4.21875,0.5076265335083008,12,7,0.33204410023103037,False
main_node160,0.0,2462057.5589467455,7489,-13.248014905676953,2.8125,-0.39892643690109253,12,7,0.33129943455965105,False
main_node160,0.0,2462058.620142924,6588,-3.583321698471977,-11.25,-0.5206947326660156,8,5,0.22181819620007145,False
main_node160,0.0,2462084.460136302,2627,34.228866327812575,8.4375,-0.41283831000328064,14,7,0.6043114975893393,True
main_node160,0.0,2462084.6270878045,4034,19.47122063449069,7.03125,0.3383251428604126,14,6,0.5862964446707007,True
main_node160,0.0,2462097.186637987,6599,-4.780191847199163,21.09375,0.04001406952738762,9,6,0.28233339371007554,False
main_node160,0.0,2462097.1972241392,1991,41.81031489577859,21.09375,-0.22913798689842224,9,6,0.28296081979773596,False
main_node160,0.0,2462098.1695873765,5955,1.1937484371410676,8.4375,-0.2780146896839142,11,7,0.37315539335280246,False
main_node160,0.0,2462098.248383537,7362,-12.024699180565818,7.03125,0.13482245802879333,9,5,0.38104614198096803,False
main_node160,0.0,2462098.2609784952,1862,43.406858485936986,7.258064516129025,-0.3578552007675171,8,3,0.38236332941384615,False
main_node160,0.0,2462099.223566783,10174,-40.22818472806108,-5.625,0.05145898461341858,12,7,0.4738232460680906,False
main_node160,0.0,2462099.3050066694,10301,-41.81031489577862,-7.03125,0.30524110794067383,13,4,0.48178664838503293,False
main_node160,0.0,2462100.2061901065,9785,-35.68533471265205,-18.28125,-0.2073291540145874,14,7,0.5673525435590161,False
main_node160,0.0,2462100.2170307394,4921,12.024699180565818,-18.28125,-0.5626599788665771,14,7,0.5680025695747649,False
main_node160,0.0,2462100.2969121365,5817,3.5833216984719627,-19.6875,-0.19264425337314606,18,7,0.575795114170712,False
main_node160,0.0,2462125.1586691523,8132,-19.47122063449069,12.65625,-0.03613908961415291,3,2,0.1354644893500143,False
main_node160,0.0,2462125.169291735,3268,27.27961273597809,12.65625,-0.3375956416130066,5,3,0.13594158163618553,False
main_node160,0.0,2462127.2033629627,8379,-20.74237995448715,-14.0625,-0.24614666402339935,12,7,0.29799152166532406,False
main_node160,0.0,2462128.1801668513,10294,-41.81031489577862,-26.71875,-0.2784178555011749,13,7,0.38651632327771684,False
main_node160,0.0,2462128.195563239,3510,25.944479772370002,-28.125,0.4865188002586365,13,7,0.38780001656570723,False
main_node160,0.0,2462128.2750369026,4534,15.713861048008212,-28.125,-0.4458487927913666,12,6,0.3955145432171722,False
main_node160,0.0,2462129.162811487,9906,-37.168899655999454,-39.375,-0.557127058506012,10,5,0.4780895772566221,False
main_node160,0.0,2462129.1774568497,3377,27.27961273597809,-40.78125,0.22707758843898773,14,7,0.48005257253332567,False
main_node160,0.0,2462129.2503243713,7473,-12.024699180565818,-40.78125,-0.544687032699585,13,7,0.4865971795521924,False
main_node160,0.0,2462129.326410791,9905,-37.168899655999454,-42.18750000000006,-0.03440022096037865,15,6,0.49379818227882477,False
main_node160,0.0,2462130.15698604,4269,18.209956864283,-53.43750000000006,0.041253674775362015,12,5,0.5721570003871382,False
main_node160,0.0,2462130.2313581393,7724,-14.477512185929939,-54.84375,0.5674659013748169,14,7,0.57864379986778,False
main_node160,0.0,2462130.309629619,9260,-30.000000000000014,-54.84375,-0.33103981614112854,18,7,0.5864140073649216,False
main_node160,0.0,2462155.179874164,7864,-15.713861048008212,-22.5,-0.46428972482681274,8,6,0.14848084464322017,False
main_node160,0.0,2462156.1728139496,2739,34.228866327812575,-36.5625,0.2266729474067688,8,5,0.221778013667497,False
main_node160,0.0,2462156.246020494,6579,-3.583321698471977,-36.5625,-0.5198914408683777,8,5,0.22727617134799727,False
main_node160,0.0,2462157.231996639,4526,15.713861048008212,-50.625,0.4542969763278961,12,7,0.309666986778914,False
main_node160,0.0,2462185.195348265,9899,-37.168899655999454,-59.0625,0.5494044423103333,8,4,0.15978195397721282,False
main_node160,0.0,2462185.2090922743,3755,23.31795706533424,-59.0625,0.20125259459018707,10,7,0.1607377547736813,False
main_node165,0.0,2461565.278088863,1989,41.81031489577859,15.46875,0.581575334072113,3,2,0.21177962068346615,False
main_node165,0.0,2461566.277972355,9920,-38.68218745348943,1.40625,-0.11745726317167282,8,4,0.3147016697604164,False
main_node165,0.0,2461567.3342072647,6971,-7.180755781458288,-12.65625,-0.27805429697036743,7,4,0.43147199020961313,False
main_node165,0.0,2461568.314982873,6583,-3.583321698471977,-25.3125,-0.012824955396354198,11,7,0.5407522284483348,False
main_node165,0.0,2461569.290166218,3634,24.62431835216408,-37.96875000000006,0.18046623468399048,12,7,0.6455637485264789,False
main_node165,0.0,2461569.3038699096,9778,-35.68533471265205,-37.96875000000006,0.272500604391098,13,7,0.6469945010003469,False
main_node165,0.0,2461597.2700457037,5679,4.780191847199163,-46.40625,0.40651819109916687,5,2,0.5005290718849129,False
main_node165,0.0,2461616.567986112,2645,34.228866327812575,59.0625,0.13845625519752502,7,4,0.15999413357104267,False
main_node165,0.0,2461644.542688596,2386,37.16889965599944,50.625,0.2558164596557617,12,7,0.2898242334550215,False
main_node165,0.0,2461644.5564327138,8530,-23.31795706533424,50.625,0.44839346408843994,12,7,0.2883670520710903,False
main_node165,0.0,2461671.471558798,9812,-37.168899655999454,56.25,0.5986334681510925,14,7,0.5524563603126955,False
main_node165,0.0,2461671.5459983624,6611,-4.780191847199163,54.84375,0.3295266926288605,15,7,0.5439942255821408,False
main_node165,0.0,2461672.5166417374,1874,43.406858485936986,42.096774193548384,0.2717343866825104,13,7,0.4355767397372817,False
main_node165,0.0,2461672.535645935,10063,-40.22818472806108,42.1875,0.5447232127189636,12,7,0.43322731216627874,False
main_node165,0.0,2461672.610484158,7118,-9.594068226860458,40.78125,0.2898198664188385,12,4,0.42461763360901256,False
main_node165,0.0,2461673.5033843485,3914,20.742379954487134,28.125,-0.560511589050293,9,5,0.32584260273516313,False
main_node165,0.0,2461673.517238591,10058,-40.22818472806108,28.125,-0.31447523832321167,12,7,0.32433464215137686,False
main_node165,0.0,2461673.592352789,7242,-10.806922874860348,28.125,0.5649742484092712,9,6,0.3160586016836788,False
main_node165,0.0,2461674.571219101,5957,1.1937484371410676,14.0625,-0.5912832021713257,11,7,0.21514998530614626,False
main_node165,0.0,2461700.417620261,4940,10.806922874860334,33.75,-0.339016854763031,12,5,0.592911894783184,False
main_node165,0.0,2461700.4923743987,1995,41.81031489577859,32.34375,-0.5771573185920715,14,7,0.5844089379411286,False
main_node165,0.0,2461700.5762224006,2763,32.79716829582364,32.34375,0.279842346906662,18,7,0.5750974287848152,False
main_node165,0.0,2461700.5898732836,8907,-27.27961273597809,32.34375,0.46768927574157715,18,7,0.5735420621843895,False
main_node165,0.0,2461701.483739568,6215,-1.1937484371410818,19.6875,-0.35831978917121887,14,7,0.471929315542318,False
main_node165,0.0,2461701.5593723017,3399,25.944479772370002,19.6875,0.5665183067321777,13,7,0.4632209380930262,False
main_node165,0.0,2461702.544405378,4930,10.806922874860334,5.625,-0.4419025778770447,12,7,0.3530760792833628,False
main_node165,0.0,2461702.620214599,2370,37.16889965599944,5.625,0.42880257964134216,13,6,0.3446959860717862,False
main_node165,0.0,2461703.607243453,4797,13.24801490567694,-8.4375,-0.4963955879211426,11,7,0.2415001717869884,False
main_node165,0.0,2461704.601710648,10420,-43.40685848593699,-21.774193548387075,-0.5235356092453003,7,4,0.1503967202169889,False
main_node165,0.0,2461743.164944841,3908,20.742379954487134,11.25,-0.3883551359176636,11,7,0.2691936699943639,False
main_node165,0.0,2461744.218908994,8383,-20.74237995448715,-2.8125,-0.22828519344329834,11,7,0.3613472575649884,False
main_node165,0.0,2461744.2295173267,3519,25.944479772370002,-2.8125,-0.34148311614990234,10,7,0.3619753717254363,False
main_node165,0.0,2461745.2147136633,2106,41.81031489577859,-15.46875,-0.5236192941665649,12,7,0.45318896354360927,False
main_node165,0.0,2461745.2778716986,10170,-40.22818472806108,-16.875,-0.1066000834107399,14,7,0.4590775425838223,False
main_node165,0.0,2461746.1786950952,9781,-35.68533471265205,-29.53125,0.5250931978225708,14,7,0.5448217893124226,False
main_node165,0.0,2461746.190657307,4405,16.957763300004146,-29.53125,0.4745665490627289,14,7,0.5454835985450405,False
main_node165,0.0,2461746.268060644,6453,-2.388015463268786,-29.53125,-0.5258389711380005,15,7,0.553424525933033,False
main_node165,0.0,2461746.346264822,8117,-18.209956864283015,-30.9375,-0.1449785977602005,13,4,0.5607014750603744,False
main_node165,0.0,2461746.356908085,3253,28.630989836924343,-30.9375,-0.2515591084957123,12,4,0.5613628502680859,False
main_node165,0.0,2461747.170300193,5297,8.385538647081319,-42.18750000000006,0.23967567086219788,15,7,0.6389242234726653,False
main_node165,0.0,2461747.243995168,9008,-27.27961273597809,-43.59375,0.5980162024497986,14,7,0.6454247351226714,False
main_node165,0.0,2461772.1918600174,9404,-31.388166464348544,-11.25,-0.33582791686058044,9,6,0.2005439230013795,False
main_node165,0.0,2461772.203129965,4284,18.209956864283,-11.25,-0.5216732621192932,9,6,0.2010672930107093,False
main_node165,0.0,2461773.1890288554,2487,37.16889965599944,-25.3125,0.41386669874191284,12,7,0.280361451580766,False
main_node165,0.0,2461773.266520063,4279,18.209956864283,-25.3125,-0.4741230309009552,7,3,0.28687443949279795,False
main_node165,0.0,2461774.234109644,10414,-43.40685848593699,-39.19354838709677,0.46394458413124084,12,7,0.37363314960727256,False
main_node165,0.0,2461775.2160632634,10285,-41.81031489577862,-52.03125,0.400247722864151,13,7,0.46668307414529225,False
main_node165,0.0,2461775.2299880274,4141,19.47122063449069,-52.03125,0.3261165916919708,13,7,0.4680325747544873,False
main_node165,0.0,2461802.2134474725,8879,-25.944479772370016,-47.81250000000006,0.5229639410972595,12,7,0.21532297726769212,False
main_node165,0.0,2461802.226475087,2991,31.38816646434855,-47.81250000000006,0.33258527517318726,9,6,0.2164196508612441,False
main_node165,0.0,2461877.561243203,3918,20.742379954487134,39.375,0.49631768465042114,6,3,0.5624176468082378,False
main_node165,0.0,2461879.5912890583,10432,-44.99388015045713,13.5,-0.16269202530384064,4,1,0.3693722906550531,False
main_node165,0.0,2461921.2694685147,2241,38.68218745348943,4.21875,0.06238369643688202,9,4,0.3268792404478902,False
main_node165,0.0,2461921.283262227,8385,-22.02431283704216,4.21875,0.3915257155895233,11,7,0.328376421321766,False
main_node165,0.0,2461922.3360552033,3644,24.62431835216408,-9.84375,0.10273148119449615,9,5,0.44557110873169237,False
main_node165,0.0,2461923.3196727457,4536,15.713861048008212,-22.5,0.4232231676578522,13,7,0.5588675993928444,False
main_node165,0.0,2461951.290167584,2485,37.16889965599944,-30.9375,0.3610083758831024,6,3,0.41916824505851075,False
main_node165,0.0,2461952.2821124992,7088,-8.385538647081319,-45.0,-0.3871888518333435,6,3,0.5328419352930466,False
main_node165,0.0,2461999.5507108294,2002,41.81031489577859,52.03125,-0.5288656949996948,12,7,0.24544426794712504,False
main_node165,0.0,2461999.563500987,7634,-14.477512185929939,52.03125,-0.34600400924682617,9,6,0.2441343198680942,False
main_node165,0.0,2462026.4694574466,4820,12.024699180565818,57.65625,-0.2855693995952606,14,7,0.5075536799048886,False
main_node165,0.0,2462026.5451986557,2260,38.68218745348943,57.65625,0.47073379158973694,15,7,0.4995684206901449,False
main_node165,0.0,2462026.5638516727,10323,-43.40685848593699,56.61290322580646,0.08082960546016693,15,7,0.4981140273403083,False
main_node165,0.0,2462027.53886969,7631,-14.477512185929939,43.59375,-0.1735249012708664,12,7,0.39467937441773837,False
main_node165,0.0,2462028.513033929,4171,18.209956864283,30.9375,-0.10516614466905594,9,5,0.29321395188940896,False
main_node165,0.0,2462028.5270347027,10314,-43.40685848593699,30.48387096774195,-0.09767261147499084,11,7,0.29179774338020015,False
main_node165,0.0,2462028.6022606953,7626,-14.477512185929939,29.53125,-0.2208964228630066,7,4,0.28403293831619436,False
main_node165,0.0,2462029.578657656,5190,8.385538647081319,16.875,-0.09836464375257492,10,7,0.18993733350940023,False
main_node165,0.0,2462054.602710526,2385,37.16889965599944,47.8125,0.3530000150203705,15,6,0.6475545709051361,False
main_node165,0.0,2462055.4226437598,3149,28.630989836924343,36.5625,0.031052477657794952,12,5,0.563038768693938,False
main_node165,0.0,2462055.4362812066,9293,-31.388166464348544,36.5625,0.38912105560302734,13,7,0.5615650203251175,False
main_node165,0.0,2462055.5120348823,6604,-4.780191847199163,35.15625,-0.06167850270867348,14,7,0.5534427473141302,False
main_node165,0.0,2462055.586242504,3148,28.630989836924343,33.75,-0.5462196469306946,18,7,0.5460315756719432,False
main_node165,0.0,2462055.5998802334,9292,-31.388166464348544,33.75,-0.17085319757461548,17,7,0.5445450477629074,False
main_node165,0.0,2462056.493354448,6472,-3.583321698471977,22.5,0.20760080218315125,14,7,0.4471773218983564,False
main_node165,0.0,2462056.5687447805,3527,24.62431835216408,21.09375,-0.2897287607192993,14,7,0.4387935404308668,False
main_node165,0.0,2462056.582448215,9671,-35.68533471265205,21.09375,0.09670355170965195,16,7,0.43726899195401053,False
main_node165,0.0,2462057.5589421047,7491,-13.248014905676953,8.4375,0.21937145292758942,12,7,0.33129943455965105,False
main_node165,0.0,2462058.6146109877,4030,20.742379954487134,-5.625,-0.06592389941215515,8,5,0.22181819620007145,False
main_node165,0.0,2462058.62846458,10174,-40.22818472806108,-5.625,0.30541202425956726,6,4,0.22113974844459672,False
main_node165,0.0,2462084.467094757,5701,3.5833216984719627,14.0625,0.33711981773376465,14,7,0.6035639144791755,False
main_node165,0.0,2462084.540208598,1988,41.81031489577859,12.65625,-0.23061402142047882,17,7,0.5953280899899283,True
main_node165,0.0,2462084.554132838,8132,-19.47122063449069,12.65625,0.17023588716983795,16,7,0.5938247669321108,False
main_node165,0.0,2462084.6301497505,5444,5.979156796301311,11.25,-0.33489954471588135,13,6,0.5855409401302694,False
main_node165,0.0,2462085.5247953846,3136,28.630989836924343,0.0,0.07774656265974045,13,7,0.4861696794473856,False
main_node165,0.0,2462085.5384328687,9280,-31.388166464348544,0.0,0.4792700409889221,13,7,0.48460829015772156,True
main_node165,0.0,2462085.612557865,5951,2.388015463268772,-1.40625,-0.0334719754755497,17,7,0.47679506514937414,True
main_node165,0.0,2462086.5128932116,6203,0.0,-12.65625,0.5898355841636658,9,4,0.37542754988191424,True
main_node165,0.0,2462086.5933343563,5563,5.979156796301311,-14.0625,0.21494293212890625,13,7,0.36694788767039355,True
main_node165,0.0,2462087.569469001,3126,29.999999999999993,-26.71875,0.25497204065322876,8,4,0.26180222525521085,True
main_node165,0.0,2462088.631569918,2609,35.68533471265204,-40.78125,0.14989815652370453,8,6,0.1602731955510256,True
main_node165,0.0,2462097.1789295324,9929,-38.68218745348943,26.71875,-0.22532150149345398,9,6,0.2817059676224151,True
main_node165,0.0,2462098.15908818,10432,-44.99388015045713,13.5,0.04284267500042915,9,5,0.37249894165792863,True
main_node165,0.0,2462098.1767643574,2756,32.79716829582364,12.65625,0.20674210786819458,11,7,0.3738125987846941,False
main_node165,0.0,2462098.250024308,6596,-4.780191847199163,12.65625,-0.5292685031890869,9,5,0.38104614198096803,True
main_node165,0.0,2462099.2332462342,5951,2.388015463268772,-1.40625,0.5427134037017822,12,7,0.47515082299975425,False
main_node165,0.0,2462099.3094975296,8511,-22.02431283704216,-1.40625,-0.32441821694374084,11,3,0.4824500047910014,False
main_node165,0.0,2462100.2134805997,6587,-3.583321698471977,-14.0625,0.3076433539390564,14,7,0.5680025695747649,False
main_node165,0.0,2462100.2227400695,2491,37.16889965599944,-14.0625,-0.010652478784322739,13,7,0.568652595546926,False
main_node165,0.0,2462100.3059580456,1978,43.406858485936986,-15.9677419354839,0.5449984669685364,18,7,0.5764431753660803,False
main_node165,0.0,2462126.2176897214,9921,-38.68218745348943,4.21875,-0.3232523798942566,6,3,0.21466767848081608,False
main_node165,0.0,2462127.21427033,3388,27.27961273597809,-9.84375,0.13498999178409576,12,7,0.29921365571145836,False
main_node165,0.0,2462128.1849498167,8376,-20.74237995448715,-22.5,0.24091631174087524,13,7,0.38715816992171204,False
main_node165,0.0,2462128.1967946757,3000,31.38816646434855,-22.5,-0.1367684304714203,13,7,0.38780001656570723,False
main_node165,0.0,2462128.277057539,3639,24.62431835216408,-23.90625,0.20799285173416138,12,6,0.3955145432171722,False
main_node165,0.0,2462129.1624641106,10035,-38.68218745348943,-35.15625,0.10871509462594986,10,5,0.4780895772566221,False
main_node165,0.0,2462129.1751063643,4403,16.957763300004146,-35.15625,-0.299275666475296,13,7,0.47939818802477496,False
main_node165,0.0,2462129.252238634,6579,-3.583321698471977,-36.5625,0.1715087592601776,13,7,0.4865971795521924,False
main_node165,0.0,2462129.3298478103,8498,-22.02431283704216,-37.96875000000006,0.5964066386222839,15,6,0.49379818227882477,False
main_node165,0.0,2462130.1575565613,4015,20.742379954487134,-47.81250000000006,-0.5797718167304993,12,5,0.5721570003871382,False
main_node165,0.0,2462130.2319106776,7470,-12.024699180565818,-49.21875000000006,-0.04280136525630951,14,7,0.57864379986778,False
main_node165,0.0,2462130.3099368317,9134,-28.630989836924357,-50.625,0.3671607971191406,18,7,0.5864140073649216,False
main_node165,0.0,2462130.322947762,3246,28.630989836924343,-50.625,-0.025323564186692238,18,7,0.5877076791422787,False
main_node165,0.0,2462155.1839827704,5945,2.388015463268772,-18.28125,0.16594290733337402,8,6,0.14848084464322017,False
main_node165,0.0,2462156.174171318,2229,40.228184728061095,-30.9375,-0.3482108414173126,8,5,0.221778013667497,False
main_node165,0.0,2462156.253028681,3380,27.27961273597809,-32.34375000000006,0.00525649031624198,6,4,0.22782731507028642,False
main_node165,0.0,2462157.235552449,2992,31.38816646434855,-45.0,-0.2634409964084625,12,7,0.3102725027553048,False
main_node165,0.0,2462158.204415363,8747,-24.62431835216408,-57.65625000000006,-0.11077722162008286,13,7,0.39715275191606525,False
main_node165,0.0,2462158.2168270014,3115,29.999999999999993,-57.65625000000006,-0.49503007531166077,13,7,0.39843625394150445,False
main_node165,0.0,2462158.295947457,4267,18.209956864283,-59.0625,-0.13228870928287506,15,7,0.4061536211272796,False
main_node165,0.0,2462185.1960107447,9645,-34.22886632781257,-53.43750000000006,0.0640394389629364,8,4,0.15978195397721282,False
main_node165,0.0,2462185.208501009,4013,20.742379954487134,-53.43750000000006,-0.38195616006851196,10,7,0.1607377547736813,False
main_node170,0.0,2461565.2773664743,1746,44.993880150457116,19.5,-0.130630761384964,3,2,0.21177962068346615,False
main_node170,0.0,2461566.277292172,9666,-35.68533471265205,7.03125,0.373996764421463,8,4,0.3147016697604164,False
main_node170,0.0,2461567.3336625327,6717,-4.780191847199163,-7.03125,0.3368040919303894,7,4,0.43147199020961313,False
main_node170,0.0,2461568.3213019106,9401,-31.388166464348544,-19.6875,0.5741119384765625,10,6,0.5415170744622809,False
main_node170,0.0,2461569.295490819,6068,1.1937484371410676,-33.75000000000006,-0.5284645557403564,13,7,0.646279124763413,False
main_node170,0.0,2461596.281762032,2742,34.228866327812575,-28.125,0.5673187375068665,4,2,0.39321948744386553,False
main_node170,0.0,2461597.280273209,10161,-40.22818472806108,-42.18750000000006,-0.20683732628822327,6,3,0.5012787436847866,False
main_node170,0.0,2461644.553866764,7379,-12.024699180565818,54.84375,-0.3177696168422699,12,7,0.2883670520710903,False
main_node170,0.0,2461646.6002573413,8010,-18.209956864283015,28.125,-0.0763382688164711,4,2,0.10135223424229013,False
main_node170,0.0,2461671.548482948,7765,-15.713861048008212,59.0625,-0.40348052978515625,15,7,0.5439942255821408,False
main_node170,0.0,2461672.519688067,3024,29.999999999999993,46.40625,-0.23984524607658386,12,7,0.4347935971961095,False
main_node170,0.0,2461672.533321432,9168,-30.000000000000014,46.40625,-0.08481302112340927,12,7,0.43322731216627874,False
main_node170,0.0,2461672.608575439,6224,-1.1937484371410818,45.0,-0.5122784376144409,12,4,0.42461763360901256,False
main_node170,0.0,2461673.5022025006,3404,25.944479772370002,33.75,0.008286506868898869,9,5,0.32584260273516313,False
main_node170,0.0,2461673.5158751477,9548,-34.22886632781257,33.75,0.16127677261829376,12,7,0.32433464215137686,False
main_node170,0.0,2461673.5915286727,6859,-7.180755781458288,32.34375,-0.21539755165576935,9,6,0.3160586016836788,False
main_node170,0.0,2461674.5679196506,4423,15.713861048008212,19.6875,-0.011889122426509857,11,7,0.21514998530614626,False
main_node170,0.0,2461674.5817137132,10434,-44.99388015045713,19.5,-0.0042991903610527515,11,7,0.21380144602615547,False
main_node170,0.0,2461700.4265812375,9038,-28.630989836924357,39.375,0.35802003741264343,14,7,0.5921396449094319,False
main_node170,0.0,2461700.5024176035,6349,-2.388015463268786,37.96875,-0.006443094927817583,13,7,0.5836350464108412,False
main_node170,0.0,2461700.577779149,3405,25.944479772370002,36.5625,-0.3847354054450989,18,7,0.5750974287848152,False
main_node170,0.0,2461700.59145197,9549,-34.22886632781257,36.5625,-0.18993201851844788,18,7,0.5735420621843895,False
main_node170,0.0,2461701.48428213,6473,-3.583321698471977,25.3125,0.27413973212242126,14,7,0.471929315542318,False
main_node170,0.0,2461701.559672194,3528,24.62431835216408,23.90625,-0.13528519868850708,13,7,0.4632209380930262,False
main_node170,0.0,2461701.5733758067,9672,-35.68533471265205,23.90625,0.04521850124001503,16,7,0.4616380134535973,False
main_node170,0.0,2461702.5493161185,7236,-10.806922874860348,11.25,0.24358190596103668,12,7,0.3523132763012736,False
main_node170,0.0,2461702.6242357115,4035,19.47122063449069,9.84375,-0.17367753386497498,10,5,0.34393533099777673,False
main_node170,0.0,2461703.6037477534,3263,28.630989836924343,-2.8125,0.05234808102250099,11,7,0.2415001717869884,False
main_node170,0.0,2461703.617385358,9407,-31.388166464348544,-2.8125,0.22975730895996094,9,6,0.24012684371849854,False
main_node170,0.0,2461729.4591093194,6214,-1.1937484371410818,16.875,0.4447425305843353,14,7,0.6228881213253256,True
main_node170,0.0,2461743.1585999443,6853,-7.180755781458288,15.46875,0.44623035192489624,9,5,0.2686134171042158,False
main_node170,0.0,2461744.2148322794,9920,-38.68218745348943,1.40625,0.4667244851589203,12,7,0.36071914344665884,False
main_node170,0.0,2461744.224164723,5824,2.388015463268772,1.40625,0.4690019488334656,11,7,0.3613472575649884,False
main_node170,0.0,2461745.208223389,4796,13.24801490567694,-11.25,0.15326815843582153,12,7,0.45253498506360645,False
main_node170,0.0,2461745.2775117126,10299,-41.81031489577862,-12.65625,0.48889780044555664,14,7,0.4590775425838223,False
main_node170,0.0,2461745.285380707,6971,-7.180755781458288,-12.65625,0.5443712472915649,13,6,0.459732214210936,False
main_node170,0.0,2461746.18351447,7735,-14.477512185929939,-23.90625,-0.03483019024133682,14,7,0.5448217893124226,False
main_node170,0.0,2461746.2620976237,9143,-28.630989836924357,-25.3125,0.29473474621772766,14,7,0.5527628644751428,False
main_node170,0.0,2461746.2751088683,3255,28.630989836924343,-25.3125,0.140778049826622,16,7,0.5540861873909232,False
main_node170,0.0,2461746.353134943,4918,12.024699180565818,-26.71875,0.5278394818305969,12,4,0.5613628502680859,False
main_node170,0.0,2461747.1642571427,8115,-18.209956864283015,-36.5625,-0.2878046929836273,15,7,0.638273700799229,False
main_node170,0.0,2461747.176172497,2739,34.228866327812575,-36.5625,-0.3832602798938751,15,7,0.6389242234726653,False
main_node170,0.0,2461747.255198445,3890,22.02431283704216,-37.96875000000006,-0.09054937958717346,16,7,0.6467229114220947,False
main_node170,0.0,2461772.1891285297,10425,-43.40685848593699,-7.258064516129025,0.48454341292381287,9,6,0.2000205529920497,False
main_node170,0.0,2461772.201724153,4925,12.024699180565818,-7.03125,0.24293158948421478,9,6,0.2010672930107093,False
main_node170,0.0,2461773.1858810927,3769,23.31795706533424,-19.6875,-0.0627199187874794,12,7,0.280361451580766,False
main_node170,0.0,2461773.2623820533,6200,0.0,-21.09375,0.3386201560497284,7,3,0.28687443949279795,False
main_node170,0.0,2461774.1716737915,2100,41.81031489577859,-32.34375000000006,-0.306293785572052,12,7,0.3678620076923334,False
main_node170,0.0,2461774.2492710995,3764,23.31795706533424,-33.75000000000006,-0.01675107143819332,12,7,0.37491756545997523,False
main_node170,0.0,2461775.2187468237,9263,-30.000000000000014,-46.40625,-0.10178028792142868,13,7,0.46668307414529225,False
main_node170,0.0,2461775.232380082,3119,29.999999999999993,-46.40625,-0.2769501805305481,13,7,0.4680325747544873,False
main_node170,0.0,2461775.309818221,5039,10.806922874860334,-47.81250000000006,0.07228205353021622,16,7,0.4761408154013963,False
main_node170,0.0,2461776.2074252674,6059,1.1937484371410676,-59.0625,-0.5009486675262451,14,7,0.5642969511474711,False
main_node170,0.0,2461776.2162950234,2219,40.228184728061095,-59.0625,-0.4851529598236084,14,7,0.5649842000098534,False
main_node170,0.0,2461802.228482987,2225,40.228184728061095,-42.18750000000006,-0.2142459750175476,9,6,0.2164196508612441,False
main_node170,0.0,2461803.197643159,7724,-14.477512185929939,-54.84375,-0.3448163568973541,11,7,0.29762417724094614,False
main_node170,0.0,2461803.276836944,8876,-25.944479772370016,-56.25,0.013371425680816174,10,6,0.3050686494694527,False
main_node170,0.0,2461803.2892375723,3244,28.630989836924343,-56.25,-0.16326135396957397,8,4,0.30631380808628134,False
main_node170,0.0,2461877.5535174133,7504,-13.248014905676953,45.0,0.06747165322303772,7,3,0.563091736716074,False
main_node170,0.0,2461879.5959156794,8646,-24.62431835216408,18.28125,-0.09337267279624939,3,1,0.36873786506526984,False
main_node170,0.0,2461906.5107564866,7368,-12.024699180565818,23.90625,-0.3740104138851166,9,4,0.6364781060652464,True
main_node170,0.0,2461907.5687714745,9667,-35.68533471265205,9.84375,-0.16113805770874023,7,3,0.537174598300969,True
main_node170,0.0,2461920.288216394,2376,37.16889965599944,22.5,0.33678364753723145,5,4,0.22678474226723122,True
main_node170,0.0,2461921.274684686,4419,15.713861048008212,8.4375,-0.5498520731925964,10,5,0.32762783090992653,False
main_node170,0.0,2461922.261479739,6974,-7.180755781458288,-4.21875,-0.1585204154253006,8,3,0.43763033904303345,False
main_node170,0.0,2461922.339192093,5054,10.806922874860334,-5.625,-0.5845997929573059,7,4,0.44636641545514777,False
main_node170,0.0,2461923.3226980898,5945,2.388015463268772,-18.28125,-0.2684915065765381,13,7,0.5588675993928444,False
main_node170,0.0,2461951.2917934754,3126,29.999999999999993,-26.71875,-0.2560204565525055,6,3,0.41916824505851075,False
main_node170,0.0,2461952.2771928925,4786,13.24801490567694,-39.375,0.09493095427751541,7,4,0.5320513446135005,False
main_node170,0.0,2461953.3333710046,1842,44.993880150457116,-52.5,0.5192662477493286,7,3,0.649208933813713,False
main_node170,0.0,2461999.5607500863,6356,-2.388015463268786,57.65625,0.19829915463924408,9,6,0.2441343198680942,False
main_node170,0.0,2462027.529980534,3537,24.62431835216408,49.21875,0.16334408521652222,12,7,0.3961493985389446,False
main_node170,0.0,2462027.5436841776,9681,-35.68533471265205,49.21875,0.5046807527542114,12,7,0.39467937441773837,False
main_node170,0.0,2462028.514711125,4941,10.806922874860334,36.5625,0.5458922982215881,9,5,0.29321395188940896,False
main_node170,0.0,2462028.5956768724,4556,14.477512185929925,35.15625,0.1941952109336853,9,6,0.28473694782815373,False
main_node170,0.0,2462029.5703346846,1747,44.993880150457116,22.5,0.14537855982780457,11,7,0.1905715434872748,False
main_node170,0.0,2462029.5893489337,9927,-38.68218745348943,21.09375,-0.40392717719078064,9,6,0.1886729320255803,False
main_node170,0.0,2462054.613332159,7122,-9.594068226860458,52.03125,-0.0048697334714233875,15,6,0.6468613852591607,False
main_node170,0.0,2462055.430231593,6606,-4.780191847199163,40.78125,-0.5094765424728394,14,7,0.5623018945095277,False
main_node170,0.0,2462055.5059392974,3790,22.02431283704216,40.78125,0.3377384543418884,13,7,0.5541829216440624,False
main_node170,0.0,2462055.5849658474,2638,34.228866327812575,39.375,-0.05793331563472748,18,7,0.5460315756719432,False
main_node170,0.0,2462055.598638245,8782,-25.944479772370016,39.375,0.36204469203948975,17,7,0.5445450477629074,False
main_node170,0.0,2462056.496960651,8137,-19.47122063449069,26.71875,-0.42208659648895264,13,7,0.446415405729208,False
main_node170,0.0,2462056.573248402,5577,4.780191847199163,26.71875,0.4426611065864563,14,7,0.4380312661924387,False
main_node170,0.0,2462057.550627925,3653,23.31795706533424,14.0625,0.5251694917678833,12,7,0.33204410023103037,False
main_node170,0.0,2462058.612186189,2880,31.38816646434855,0.0,0.3780690133571625,9,6,0.22249664395554622,False
main_node170,0.0,2462084.4576798747,1746,44.993880150457116,19.5,0.2674368917942047,14,7,0.6043114975893393,False
main_node170,0.0,2462084.4695361443,6854,-7.180755781458288,18.28125,-0.3566277325153351,14,7,0.602816331419141,False
main_node170,0.0,2462084.5458494727,4294,16.957763300004146,18.28125,0.4987831115722656,16,7,0.5945764284610195,False
main_node170,0.0,2462084.626789345,3910,20.742379954487134,16.875,0.1497005969285965,14,6,0.5862964446707007,False
main_node170,0.0,2462084.640293578,9925,-38.68218745348943,15.46875,-0.5667591691017151,11,5,0.584785435589838,False
main_node170,0.0,2462085.5340284808,7361,-12.024699180565818,4.21875,-0.36096861958503723,13,7,0.4853889848287284,False
main_node170,0.0,2462085.608670069,4033,19.47122063449069,4.21875,0.4200844168663025,17,7,0.47679506514937414,False
main_node170,0.0,2462086.5147936954,7101,-8.385538647081319,-8.4375,-0.11997313052415848,9,4,0.37542754988191424,False
main_node170,0.0,2462086.595230848,6460,-2.388015463268786,-9.84375,-0.4994700253009796,13,7,0.3661787548048287,False
main_node170,0.0,2462087.569148607,3000,31.38816646434855,-22.5,-0.44991612434387207,8,4,0.26180222525521085,False
main_node170,0.0,2462087.582786083,9144,-28.630989836924357,-22.5,0.011572872288525105,11,7,0.2603723185826875,False
main_node170,0.0,2462088.6383146276,5555,5.979156796301311,-36.5625,-0.34367483854293823,7,5,0.1596707558474885,False
main_node170,0.0,2462098.2613294437,1745,44.993880150457116,16.5,0.1027579978108406,8,3,0.38236332941384615,True
main_node170,0.0,2462099.2348774346,5057,9.594068226860458,4.21875,-0.14206436276435852,12,7,0.47515082299975425,True
main_node170,0.0,2462099.3114870265,7489,-13.248014905676953,2.8125,0.36465269327163696,11,3,0.4824500047910014,True
main_node170,0.0,2462100.2123834686,7101,-8.385538647081319,-8.4375,-0.2713972330093384,14,7,0.5680025695747649,True
main_node170,0.0,2462100.2916643377,8252,-19.47122063449069,-9.84375,0.13923244178295135,16,7,0.5751470529753439,True
main_node170,0.0,2462100.3035404743,2876,32.79716829582364,-9.84375,-0.2538253962993622,18,7,0.5764431753660803,True
main_node170,0.0,2462125.163353296,5960,1.1937484371410676,22.5,-0.033360060304403305,5,3,0.13594158163618553,False
main_node170,0.0,2462127.1992762154,10046,-38.68218745348943,-4.21875,0.09791019558906555,12,7,0.29799152166532406,False
main_node170,0.0,2462127.2102451846,5182,9.594068226860458,-4.21875,-0.33040809631347656,12,7,0.29860172667285845,False
main_node170,0.0,2462128.1915616915,5306,8.385538647081319,-16.875,-0.5954848527908325,13,7,0.38780001656570723,False
main_node170,0.0,2462128.2676029494,7993,-16.957763300004146,-18.28125,-0.05153559520840645,11,6,0.39487094395831973,False
main_node170,0.0,2462128.279564333,2617,35.68533471265204,-18.28125,-0.435812771320343,12,6,0.3955145432171722,False
main_node170,0.0,2462129.1753862114,4277,18.209956864283,-30.9375,0.4186263084411621,13,7,0.47939818802477496,False
main_node170,0.0,2462129.2533177068,6069,1.1937484371410676,-30.9375,-0.4901064336299896,13,7,0.4865971795521924,False
main_node170,0.0,2462129.3286477798,9012,-27.27961273597809,-32.34375000000006,0.08000830560922623,15,6,0.49379818227882477,False
main_node170,0.0,2462130.1584337032,3632,24.62431835216408,-43.59375,0.09557118266820908,12,5,0.5721570003871382,False
main_node170,0.0,2462130.2405333794,3504,25.944479772370002,-45.0,0.3786373734474182,14,7,0.5799401652948791,False
main_node170,0.0,2462130.3172503635,5808,3.5833216984719627,-45.0,-0.45936164259910583,18,7,0.5870608432536002,False
main_node170,0.0,2462155.1790089016,8251,-19.47122063449069,-12.65625,-0.24286293983459473,8,6,0.14848084464322017,False
main_node170,0.0,2462155.192575613,2235,40.228184728061095,-14.0625,0.41996699571609497,9,6,0.14943091438560926,False
main_node170,0.0,2462156.249003354,5174,9.594068226860458,-26.71875,-0.4699251651763916,6,4,0.22782731507028642,False
main_node170,0.0,2462157.225958034,7346,-10.806922874860348,-39.375,-0.5620859265327454,12,7,0.309666986778914,False
main_node170,0.0,2462158.206995041,7597,-13.248014905676953,-53.43750000000006,0.5611704587936401,13,7,0.39779390907366696,False
main_node170,0.0,2462158.2159001785,3501,25.944479772370002,-53.43750000000006,0.19775202870368958,13,7,0.39843625394150445,False
main_node170,0.0,2462158.300594088,2348,38.68218745348943,-54.84375,0.31713390350341797,15,7,0.4061536211272796,False
main_node170,0.0,2462185.213282287,2094,41.81031489577859,-49.21875000000006,0.07554501295089722,9,6,0.16121911489547494,False
main_node175,0.0,2461565.277366971,1748,44.993880150457116,25.5,0.5839402079582214,3,2,0.21177962068346615,False
main_node175,0.0,2461566.2769619254,9540,-34.22886632781257,11.25,-0.2732061743736267,8,4,0.3147016697604164,False
main_node175,0.0,2461567.3350326815,7359,-10.806922874860348,-2.8125,-0.4232887029647827,7,4,0.43147199020961313,False
main_node175,0.0,2461568.3163502296,7226,-9.594068226860458,-15.46875,-0.1551905870437622,10,6,0.5415170744622809,False
main_node175,0.0,2461569.2921926617,4534,15.713861048008212,-28.125,0.06453884392976761,12,7,0.6455637485264789,False
main_node175,0.0,2461596.280040284,2103,41.81031489577859,-23.90625,-0.07949597388505936,4,1,0.3924637868695827,False
main_node175,0.0,2461597.273588855,7347,-10.806922874860348,-36.5625,0.2831096351146698,5,2,0.5005290718849129,False
main_node175,0.0,2461646.599130105,7500,-13.248014905676953,33.75,0.5156117677688599,4,2,0.10135223424229013,False
main_node175,0.0,2461672.528684839,7122,-9.594068226860458,52.03125,0.4597183167934418,12,7,0.4340104546549372,False
main_node175,0.0,2461672.60529396,4690,13.24801490567694,50.625,0.06744462251663208,13,5,0.4254000456593475,False
main_node175,0.0,2461673.49965171,2382,37.16889965599944,39.375,0.4770492911338806,9,5,0.32584260273516313,False
main_node175,0.0,2461673.5854725996,4045,19.47122063449069,37.96875,0.3066695034503937,11,7,0.31680808533261456,False
main_node175,0.0,2461673.6001204588,10440,-44.99388015045713,37.5,0.04094485566020012,10,6,0.31530911808499973,False
main_node175,0.0,2461700.416221956,4303,16.957763300004146,43.59375,-0.5005170702934265,12,5,0.592911894783184,False
main_node175,0.0,2461700.49165102,1754,44.993880150457116,43.5,0.25727009773254395,14,7,0.5844089379411286,False
main_node175,0.0,2461700.573811122,1874,43.406858485936986,42.096774193548384,0.031685493886470795,18,7,0.5750974287848152,False
main_node175,0.0,2461700.5883871773,8271,-20.74237995448715,42.1875,0.3288399875164032,18,7,0.5735420621843895,False
main_node175,0.0,2461701.4823813443,5578,4.780191847199163,29.53125,-0.5330221652984619,13,7,0.47272119116411,False
main_node175,0.0,2461701.5584501103,3018,29.999999999999993,29.53125,0.39426058530807495,13,7,0.4640124004127407,False
main_node175,0.0,2461701.5727194087,9418,-32.79716829582364,29.53125,0.565899133682251,14,7,0.4624294757733117,False
main_node175,0.0,2461702.5474027474,6341,-2.388015463268786,15.46875,-0.561349093914032,12,7,0.3523132763012736,False
main_node175,0.0,2461702.6236549625,3781,22.02431283704216,15.46875,0.39858606457710266,10,5,0.34393533099777673,False
main_node175,0.0,2461703.601462802,2240,38.68218745348943,1.40625,-0.595333456993103,11,7,0.2415001717869884,False
main_node175,0.0,2461729.450047716,2247,38.68218745348943,21.09375,-0.38399258255958557,14,7,0.623658144035429,True
main_node175,0.0,2461729.464432612,8647,-24.62431835216408,21.09375,-0.22433273494243622,14,7,0.6221163368535385,True
main_node175,0.0,2461729.5508609125,10434,-44.99388015045713,19.5,-0.47907182574272156,17,7,0.6128415013700277,True
main_node175,0.0,2461729.626006719,7751,-15.713861048008212,19.6875,0.45072105526924133,16,7,0.6043063536272234,False
main_node175,0.0,2461730.519497663,4802,12.024699180565818,7.03125,-0.4287753999233246,13,7,0.5027432722020185,True
main_node175,0.0,2461730.5945289023,1986,41.81031489577859,7.03125,0.38557738065719604,16,7,0.49403888420248643,True
main_node175,0.0,2461731.578170238,2877,32.79716829582364,-7.03125,-0.48241373896598816,13,7,0.38390523935539483,True
main_node175,0.0,2461731.5924394387,9277,-30.000000000000014,-7.03125,-0.2813192307949066,13,7,0.3823769261651463,True
main_node175,0.0,2461732.5707864044,7865,-15.713861048008212,-19.6875,-0.1012049987912178,8,4,0.27883263508153183,True
main_node175,0.0,2461732.649015391,6200,0.0,-21.09375,-0.49474647641181946,6,5,0.2711802437046993,True
main_node175,0.0,2461733.6287030135,5300,8.385538647081319,-33.75000000000006,-0.24704313278198242,9,6,0.17966994221447924,True
main_node175,0.0,2461743.159145149,6599,-4.780191847199163,21.09375,-0.18123313784599304,9,5,0.2686134171042158,False
main_node175,0.0,2461744.213758895,10306,-43.40685848593699,7.258064516129025,-0.1657840758562088,12,7,0.36071914344665884,True
main_node175,0.0,2461744.222535675,6594,-4.780191847199163,7.03125,-0.1319183111190796,11,7,0.3613472575649884,False
main_node175,0.0,2461745.2049416625,6334,-1.1937484371410818,-5.625,-0.4227731227874756,12,7,0.45253498506360645,False
main_node175,0.0,2461745.281417046,8765,-24.62431835216408,-7.03125,-0.015924904495477676,13,6,0.459732214210936,False
main_node175,0.0,2461745.2938288036,3133,29.999999999999993,-7.03125,-0.17083631455898285,13,6,0.46038688588194887,False
main_node175,0.0,2461746.2627079557,8889,-25.944479772370016,-19.6875,-0.26279616355895996,14,7,0.5527628644751428,False
main_node175,0.0,2461746.274498328,3513,25.944479772370002,-19.6875,-0.4150646924972534,16,7,0.5540861873909232,False
main_node175,0.0,2461746.3509449526,5944,2.388015463268772,-21.09375,-0.056257251650094986,12,4,0.5613628502680859,False
main_node175,0.0,2461747.1609422583,9524,-32.79716829582364,-32.34375000000006,0.4453293979167938,13,5,0.6376222748670441,False
main_node175,0.0,2461747.241404306,10036,-38.68218745348943,-32.34375000000006,-0.4123939275741577,14,7,0.6454247351226714,False
main_node175,0.0,2461772.189491075,10303,-41.81031489577862,-1.40625,-0.13264623284339905,9,6,0.2000205529920497,False
main_node175,0.0,2461772.202280864,4671,14.477512185929925,-1.40625,-0.37633806467056274,9,6,0.2010672930107093,False
main_node175,0.0,2461773.188034922,2874,32.79716829582364,-15.46875,0.5641542077064514,12,7,0.280361451580766,False
main_node175,0.0,2461773.2645614306,5178,9.594068226860458,-15.46875,-0.31642329692840576,7,3,0.28687443949279795,False
main_node175,0.0,2461774.2404015916,7862,-15.713861048008212,-28.125,-0.4897376000881195,12,7,0.3742753575336239,False
main_node175,0.0,2461774.2524181223,2486,37.16889965599944,-28.125,-0.558951735496521,12,7,0.37491756545997523,False
main_node175,0.0,2461775.225834253,6065,1.1937484371410676,-42.18750000000006,0.5582001805305481,13,7,0.4680325747544873,False
main_node175,0.0,2461775.302063666,8625,-23.31795706533424,-42.18750000000006,-0.3960505723953247,16,7,0.4747876039731583,False
main_node175,0.0,2461775.3144943938,2993,31.38816646434855,-42.18750000000006,-0.5373056530952454,16,7,0.4761408154013963,False
main_node175,0.0,2461776.214605767,2860,32.79716829582364,-54.84375,0.13784128427505493,14,7,0.5649842000098534,False
main_node175,0.0,2461776.289767065,5804,3.5833216984719627,-56.25,0.5985193848609924,16,7,0.5725441071269524,False
main_node175,0.0,2461776.3616111395,10156,-40.22818472806108,-56.25,-0.24101832509040833,14,6,0.5794165104371692,False
main_node175,0.0,2461802.2128355126,9139,-28.630989836924357,-36.5625,-0.5625394582748413,12,7,0.21532297726769212,False
main_node175,0.0,2461803.190708058,10531,-44.99388015045713,-49.5,-0.3998526930809021,10,5,0.29700691105859667,False
main_node175,0.0,2461803.2107951134,1966,43.406858485936986,-50.806451612903174,0.27191582322120667,12,7,0.2988587096056451,False
main_node175,0.0,2461830.1997151086,3887,22.02431283704216,-46.40625,0.34147700667381287,3,2,0.095770155414713,False
main_node175,0.0,2461877.563342306,3025,29.999999999999993,49.21875,0.5280258059501648,6,3,0.5624176468082378,False
main_node175,0.0,2461906.5081878537,8522,-23.31795706533424,28.125,0.43562909960746765,8,3,0.6371223619687126,False
main_node175,0.0,2461907.572164228,8261,-20.74237995448715,14.0625,0.4736919701099396,7,3,0.537174598300969,False
main_node175,0.0,2461908.5584687633,6080,0.0,1.40625,0.107243612408638,8,5,0.4438100356222955,False
main_node175,0.0,2461920.2878696993,2249,38.68218745348943,26.71875,-0.30505913496017456,6,5,0.22612190994349549,True
main_node175,0.0,2461921.27579597,4933,10.806922874860334,14.0625,0.07659135013818741,10,5,0.32762783090992653,True
main_node175,0.0,2461922.262024092,7104,-9.594068226860458,1.40625,0.4774662256240845,8,3,0.43763033904303345,True
main_node175,0.0,2461922.3375061434,4160,18.209956864283,0.0,-0.023188825696706772,7,4,0.44636641545514777,True
main_node175,0.0,2461923.320504288,4923,12.024699180565818,-12.65625,0.2856762409210205,13,7,0.5588675993928444,True
main_node175,0.0,2461951.28874294,1976,43.406858485936986,-21.774193548387075,-0.35794171690940857,6,3,0.41916824505851075,False
main_node175,0.0,2461952.281285674,6707,-4.780191847199163,-35.15625,-0.5616395473480225,6,3,0.5328419352930466,False
main_node175,0.0,2462027.5271256845,2387,37.16889965599944,53.4375,-0.5844008326530457,12,7,0.3961493985389446,False
main_node175,0.0,2462027.540869884,8531,-23.31795706533424,53.4375,-0.22483673691749573,12,7,0.39467937441773837,False
main_node175,0.0,2462028.5133094867,4302,16.957763300004146,40.78125,-0.2690944969654083,9,5,0.29321395188940896,False
main_node175,0.0,2462028.5887377784,1753,44.993880150457116,40.5,0.1731402575969696,9,6,0.28544095729290564,False
main_node175,0.0,2462028.6048571933,8782,-25.944479772370016,39.375,-0.24227367341518402,7,4,0.28403293831619436,False
main_node175,0.0,2462029.581096301,6345,-2.388015463268786,26.71875,-0.18188631534576416,9,6,0.18930312353152567,False
main_node175,0.0,2462054.607293264,4308,16.957763300004146,57.65625,0.395887553691864,15,6,0.6475545709051361,False
main_node175,0.0,2462055.4252863354,4304,16.957763300004146,46.40625,-0.05746879428625107,12,5,0.563038768693938,False
main_node175,0.0,2462055.500713426,1755,44.993880150457116,46.5,0.5844429731369019,13,7,0.5549230959739945,False
main_node175,0.0,2462055.514509418,7760,-15.713861048008212,45.0,-0.11691135913133621,14,7,0.5534427473141302,False
main_node175,0.0,2462055.595471022,7375,-12.024699180565818,43.59375,-0.46998584270477295,17,7,0.5445450477629074,False
main_node175,0.0,2462056.4897979996,4811,12.024699180565818,32.34375,-0.0704047679901123,14,7,0.4471773218983564,False
main_node175,0.0,2462056.5651890016,2123,40.228184728061095,30.9375,-0.5145929455757141,13,7,0.439555814669295,False
main_node175,0.0,2462056.579042828,8267,-20.74237995448715,30.9375,-0.1176024004817009,14,7,0.4380312661924387,False
main_node175,0.0,2462057.554289934,5318,7.180755781458274,18.28125,-0.08348264545202255,12,7,0.33129943455965105,False
main_node175,0.0,2462058.611204842,2497,35.68533471265204,4.21875,-0.3325834572315216,9,6,0.22249664395554622,False
main_node175,0.0,2462058.6255114735,8897,-27.27961273597809,4.21875,0.15042410790920258,6,4,0.22113974844459672,False
main_node175,0.0,2462084.4668114847,5576,4.780191847199163,23.90625,0.16518540680408478,14,7,0.6035639144791755,False
main_node175,0.0,2462084.5431919103,3144,28.630989836924343,22.5,-0.33975571393966675,17,7,0.5953280899899283,False
main_node175,0.0,2462084.557474611,9544,-34.22886632781257,22.5,0.17106091976165771,16,7,0.5938247669321108,False
main_node175,0.0,2462084.634786675,7623,-14.477512185929939,21.09375,-0.3100428283214569,13,6,0.5855409401302694,False
main_node175,0.0,2462085.528556899,4803,12.024699180565818,9.84375,0.04720119386911392,13,7,0.4861696794473856,False
main_node175,0.0,2462085.6059568916,2883,31.38816646434855,8.4375,-0.40403130650520325,17,7,0.47757662677961854,False
main_node175,0.0,2462085.6202206574,9283,-31.388166464348544,8.4375,0.11056866496801376,16,7,0.4760135035191297,False
main_node175,0.0,2462086.5227462016,10426,-43.40685848593699,-4.354838709677324,-0.4724375605583191,10,5,0.3746557077206664,False
main_node175,0.0,2462086.597413082,7486,-12.024699180565818,-4.21875,0.21052563190460205,13,7,0.3661787548048287,False
main_node175,0.0,2462087.572702858,4538,15.713861048008212,-16.875,0.22662821412086487,8,4,0.26180222525521085,False
main_node175,0.0,2462087.649283944,2361,38.68218745348943,-18.28125,-0.270270973443985,5,4,0.2539779315236389,False
main_node175,0.0,2462088.6432360825,7861,-15.713861048008212,-30.9375,0.46120119094848633,6,5,0.15906831614395137,False
main_node175,0.0,2462125.1725758775,1993,41.81031489577859,26.71875,0.21082803606987,5,3,0.13642241440340647,False
main_node175,0.0,2462127.202462098,8640,-24.62431835216408,1.40625,-0.5724731087684631,12,7,0.29799152166532406,False
main_node175,0.0,2462128.184055386,8763,-24.62431835216408,-12.65625,0.449434369802475,13,7,0.38715816992171204,False
main_node175,0.0,2462128.195848694,3387,27.27961273597809,-12.65625,-0.018639013171195984,13,7,0.38780001656570723,False
main_node175,0.0,2462128.281672688,1855,44.993880150457116,-13.5,-0.3439706861972809,13,6,0.396158142432868,False
main_node175,0.0,2462129.16823098,7607,-13.248014905676953,-25.3125,0.09506884962320328,13,7,0.47874380351622425,False
main_node175,0.0,2462129.2449322557,9782,-35.68533471265205,-26.71875,0.5424386858940125,12,7,0.4859426680474337,False
main_node175,0.0,2462129.258635707,3638,24.62431835216408,-26.71875,0.05578417703509331,13,7,0.4872517868237639,False
main_node175,0.0,2462129.3419723134,2998,31.38816646434855,-28.125,0.2687675952911377,12,4,0.4951075592968538,False
main_node175,0.0,2462130.234902234,6066,1.1937484371410676,-39.375,0.011391284875571728,14,7,0.5792919825813295,False
main_node175,0.0,2462130.2430761782,2482,37.16889965599944,-39.375,-0.28596436977386475,14,7,0.5799401652948791,False
main_node175,0.0,2462130.3136983262,7473,-12.024699180565818,-40.78125,0.45234981179237366,18,7,0.5864140073649216,False
main_node175,0.0,2462155.175972163,9533,-32.79716829582364,-7.03125,-0.5937283635139465,6,5,0.14800580977202565,False
main_node175,0.0,2462155.1875640843,4285,18.209956864283,-8.4375,0.14646591246128082,8,6,0.14895587951441472,False
main_node175,0.0,2462156.2460029987,6584,-3.583321698471977,-22.5,0.4257667362689972,8,5,0.22727617134799727,False
main_node175,0.0,2462157.225675309,7475,-12.024699180565818,-35.15625,0.22620342671871185,12,7,0.3090614708025232,False
main_node175,0.0,2462158.2075419687,7343,-10.806922874860348,-47.81250000000006,-0.059523776173591614,13,7,0.39779390907366696,False
main_node175,0.0,2462158.2191378847,2223,40.228184728061095,-47.81250000000006,-0.46681493520736694,13,7,0.39907859876626933,False
main_node175,0.0,2462158.2973919697,3630,24.62431835216408,-49.21875000000006,-0.07949090749025345,15,7,0.4061536211272796,False
main_node175,0.0,2462185.1975756623,9008,-27.27961273597809,-43.59375,0.19639979302883148,8,4,0.15978195397721282,False
main_node175,0.0,2462185.209972103,3376,27.27961273597809,-43.59375,-0.3304811120033264,10,7,0.1607377547736813,False
main_node175,0.0,2462186.2693431415,5163,9.594068226860458,-57.65625000000006,-0.1224345713853836,7,5,0.24044185622476638,False
